s,kudos,title,summary,datePublished,words,rating,romanticCategory,publicationStatus,keyword,relationship,member
https://golemlab.eu/graph/11852538,1045,Close to Normal,"Kim Taehyung finds himself staying in a hotel alone without the other members. There, he is drawn to a troubled girl who reminds him that he is just a man.",2017-08-20,73944.0,Mature,F/M,Completed,Adorable Kim Taehyung | V | Angst | Canon Compliant | Eventual Smut | Falling In Love | Fame | Fluff | Googles how to tag | Help | I Blame Tumblr | Idol Kim Taehyung | V | Implied Sexual Content | Kim Taehyung | V & Park Jimin are Best Friends | Kim Taehyung | V is a Sweetheart | Language Barrier | My First AO3 Post | My First Fanfic | Other Additional Tags to Be Added | Park Jimin Is a Sweetheart | Sexual Tension | Some humour if you squint,Kim Taehyung | V/Reader Series: Close to Normal [1],taehyung
https://golemlab.eu/graph/29358348,1031,Too Good To Be True,"Kim Taehyung is a world famous idol in the hit K-pop group, BTS, and you are his personal stylist. Per your contract with Big Hit, he is absolutely, 100% off-limits, and yet, you are completely and hopelessly in love with him. You’ve spent years trying to shove your feelings down, but it’s getting harder and harder to ignore and hide them, especially considering the way Tae always treats you. He’s affectionate and protective and sometimes outright flirtatious, but that’s how he is with everyone, right? Confused, frustrated, and lovesick, you find yourself wondering if it might finally be worth risking your career and your heart to find out.",2021-02-11,182705.0,Mature,F/M,In-Progress,Adorable Kim Taehyung | V | Angst | Angst with a Happy Ending | Big Hit Entertainment | Depression | Dom Kim Taehyung | V | Eventual Smut | Flirting | Fluff | Fluff and Angst | Friends to Lovers | Happy Ending | Kim Taehyung | V is Bad at Feelings | Kim Taehyung | V is a Tease | Kim Taehyung | V-centric | Kissing | Mutual Pining | Romance | Sex | Slow Burn | Smut | Sweet Kim Taehyung | V,"Kim Taehyung | V/Reader, Kim Taehyung | V/You",taehyung
https://golemlab.eu/graph/10745400,896,Please Let Me,"Your past relationships have made you cold, and your friend Taehyung wants to help make you warm again.",2017-04-27,23927.0,Explicit,F/M,Completed,Alcohol | Angst | Angst and Fluff and Smut | Best Friends | Body Worship | Cheating | Cunnilingus | Dirty Talk | Drunk Sex | Drunkenness | Fluff | Fluff and Angst | Fluff and Smut | Jealousy | Kim Taehyung | V is a Sweetheart | Kim Taehyung | V-centric | Male-Female Friendship | Multiple Orgasms | Oral Sex | Penis In Vagina Sex | Porn With Plot | Porn with Feelings | Reader-Insert | Reader-Interactive | Riding | Smut | Vaginal Sex,Kim Taehyung | V/Reader,taehyung
https://golemlab.eu/graph/11997834,715,one good purr (deserves another),"Maybe it wasn't the best idea to visit Taehyung just before your heat. [Shifter au / fox!Taehyung, cat!Reader]",2017-09-04,31148.0,Mature,F/M,Completed,Alternate Universe | Fluff and Smut | Hybrids | Shifters,Kim Taehyung | V/Reader,taehyung
https://golemlab.eu/graph/23259202,686,Snapped (Yandere Taehyung x Reader),"Your relationship with your boyfriend hasn't been going well lately. His twin, Kim Taehyung, decides to take advantage of this.",2020-03-22,21811.0,Explicit,F/M,In-Progress,Abortion mention | Daddy Kink | Dom Kim Taehyung | V | Dom/sub | Drunk Sex | Emotional Infidelity | Emotional Manipulation | Established Relationship | Infidelity | Love Triangles | Missionary Position | Non-Consensual Oral Sex | Non-Consensual Spanking | Obsession | Obsessive Behavior | Oral Sex | Photography | Reader-Insert | Smut | Somnophilia | Spanking | Stalker Taehyung | Stalking | Taehyung smut | Twins | Victim Blaming | Woman on Top | Yandere | Yandere BTS | Yandere Bangtan Boys | Yandere Bangtan Boys | BTS | Yandere Smut | bts smut | kim taehyung smut | kpopyandere | obsessive taehyung | pregnancy mention | unhealthy relationship | yn has low self-esteem,Kim Taehyung | V/Reader,taehyung
https://golemlab.eu/graph/7869967,594,Candyman,"Taehyung owns a candy store, and is not very shy when it comes to pretty girls as his customers.",2016-08-25,10076.0,Mature,F/M,Completed,Alternate Universe - Candy Shop | Fluff | Sexual Content | Sexual Tension | Smut,Kim Taehyung | V/Reader,taehyung
https://golemlab.eu/graph/17378081,569,A Natural,"You’re a single mom, and your son is your entire world. When you take him to get his first hybrid, his choice is pretty bewildering, until you realize that he was picking out a dad.",2019-01-11,29372.0,Teen And Up Audiences,F/M,Completed,Cross-Posted on Tumblr | Dog Hybrid Kim Taehyung | V | Hybrid Kim Taehyung | V | Hybrids | Kim Taehyung | V is a Sweetheart | Mentioned Jung Hoseok | J-Hope | Single Mom story,Kim Taehyung | V/Reader,taehyung
https://golemlab.eu/graph/18066299,556,Singularity,"You and your friend were sure you will get tickets to see BTS in this summer in London. However, things didn’t work out quite how you’ve imagined it. ~ Or rather a story about how the guys stumbled into your life and unimaginable twists and turns follow. Bear with me, first timer here.",2019-03-10,424890.0,Teen And Up Audiences,F/M,In-Progress,BTS live | Budapest | Canon Compliant | Comedy | Concerts | Dancing | Eventual Smut | Fluff | Fluff and Smut | Fluffy Smut | Hong Kong | Idol Life | Idols | London | Mentions of verbal abuse | Paris (City) | Realistic | Romance | Seoul | Sexual Tension | Slow Build | Some angst | Tagging stresses me | TxT Shows up later | angst has entered the chat | live performance,Kim Taehyung | V/Reader,taehyung
https://golemlab.eu/graph/15280485,546,,,,,,,,,,taehyung
https://golemlab.eu/graph/18811945,545,Plunge,"Little do you know, white furry ears twitch in your direction, hearing you cry out a few rooms down the cabin hallway, his blood running cold, thinking you - his chosen mate - was hurt, or something much worse. He races to the bathroom with a speed gifted from his hybrid genes.",2019-05-13,8431.0,Mature,F/M,Completed,Begging | Biting | Cunnilingus | Deadly Predator Hybrid Series | Dirty Talk | Fingering | Fluff and Smut | Hybrid - Freeform | Hybrid Kim Taehyung | Hybrid Taehyung | Hybrid V | Orgasms | Smut | Spanking | Taehyung smut | V smut | hybrid tae | polar bear hybrid | polar bear taehyung | predator hybrid series | pussy slapping | slight angst | spitting | tae smut | taehyung - Freeform | talk of breeding,"Kim Taehyung | V/Reader, Tae X Reader - Relationship, Taehyung x Reader, V x Reader Series: Deadly Predator Hybrid Series [8]",taehyung
https://golemlab.eu/graph/15196280,527,4 o'clock,"↼prompt: “Why are you crying, It’s only you and me here, Me and you, Oh you” Even if it weren’t for the two twins that had endeared you so, you were sure you would have eventually been drawn to the beautiful soul of Kim Taehyung, like a planet to its star.",2018-07-07,21924.0,Teen And Up Audiences,F/M,In-Progress,Alternate Universe - Coffee Shops & Cafés | Alternate Universe - Hybrids | Fluff | Hybrid AU | Hybrids | Light Angst | Lion Hybrid Kim Taehyung | V | Single Dad AU | Single Dad Kim Taehyung | V | Single Parent Kim Taehyung | V | Single Parents | Taehyung has twins and I would die for them | ugh im weeping,Kim Taehyung | V/Reader,taehyung
https://golemlab.eu/graph/22043335,437,"Don't Ask, Don't Tell","When you were ten, Taehyung adopted you and gave you a home. Now that you’re eighteen, the sudden change in your scent perplexes and confounds him.",2019-12-31,62895.0,Explicit,F/M,Completed,Attempted Suicide | Forbidden Love | Hybrid Kim Taehyung | V | Hybrids | Kinda | Mating Cycles/In Heat | Ownership | Smut | all of them are hybrids | humans are the pets,Kim Taehyung | V/Reader,taehyung
https://golemlab.eu/graph/19807957,435,Carnal cupidity,"Things are a little tense in your relationship with your boyfriend, an alpha wolf and leader of his own pack. After another fight, you’ve had just about enough and decide to take matters into your own hands when his heat approaches. Your methods, however, prove to be more effective than intended…",2019-07-14,8992.0,Mature,F/M,Completed,Alpha/Beta/Omega Dynamics | Alternate Universe - Werewolf | Breeding | Impregnation | Knotting | Mating Cycles/In Heat | Rutting | Werewolf Mates | Wolf Pack,Kim Taehyung | V/Reader,taehyung
https://golemlab.eu/graph/15880911,411,pretty kitty,Never in his life would Taehyung have expected the shy girl from his history class to be the sex kitten on his computer screen.,2018-09-03,18816.0,Explicit,F/M,In-Progress,Alternate Universe - College/University | Angst with a Happy Ending | Daddy Kink | Drunk Sex | Fluff | Fluff and Angst | Hybrid AU | Impregnation Kink | Light Angst | Oral Sex | Penis In Vagina Sex | Porn with Feelings | Rough Sex | Sex Toys | Shameless Smut | Squirting | Tiger!Taehyung | Voyeurism | camgirl au | kind of | lowkey inaccurate portrayal of camming | shy!reader | taehyung also doesnt know when to shut his mouth | the boys don't know when to stop teasing taehyung,Kim Taehyung | V/Reader,taehyung
https://golemlab.eu/graph/17389478,399,warm,you return home to find your roommate jerking off on the couch,2019-01-12,3040.0,Explicit,F/M,Completed,Dirty Talk | Forced Orgasm | Here u go | Humiliation | Light Voyeurism | Masturbation | PWP | Pet Names | Plot What Plot/Porn Without Plot | Praise Kink | Squirting | Unprotected Sex | degrading names | he also calls his own cock fat | ig??? - Freeform | lightly tho | like a lot lmao | male and fem but not mutual | mutiple orgasms | roommate!AU | so if you like fat cock being used then,Kim Taehyung | V/Reader,taehyung
https://golemlab.eu/graph/6940870,397,Disturbed,Dogboy Tae can’t get enough of the taste of you. No matter if it’s in the middle of the night.,2016-05-23,1974.0,Explicit,F/M,Completed,Dogboys & Doggirls | Oral | Rough Sex | dogboy taehyung | graphic hybrid smut,Kim Taehyung | V/Reader Series: Dogboys [1],taehyung
https://golemlab.eu/graph/25298710,387,Freaks Forever || Taehyung x Reader,"""So tell me, Mister Kim, what's your ideal evening?"" ""Ah..full moon, sex and drugs all night."" You are the psychologist to the world's most dangerous criminal, Kim Taehyung. Kim Taehyung is the man solely responsible for some of the most horrific crimes that the world has ever seen, from burglary, drug possession, sexual assaults, to brutal homicides of a total of 37 victims, though there are suspicions that there are more, that range from children to the elderly; both male and female. The two of you form an odd bond between your weekly sessions, causing you to somehow completely miss his blatant manipulation that soon controlled you in every aspect; resulting in his escape from prison and his bloodthirsty ways and eyes to be immediately turned onto you..but will he spare you in the end of the torturous time he keeps you or will your fate be the same as any other past victim of his?",2020-07-16,26102.0,Mature,F/M,In-Progress,Alternate Universe - Criminals | Alternate Universe - Prison | Alternate Universe - Serial Killers | Angst and Hurt/Comfort | Angst and Tragedy | Brutal Murder | Criminal Kim Taehyung | V | Degradation | Dom Kim Taehyung | V | Eventual Fluff | Eventual Sex | Eventual Smut | Fanfiction | Forced Orgasm | Gaslighting | Handcuffs | Heavy Angst | Hostage Situations | Humiliation | Implied/Referenced Child Abuse | Implied/Referenced Drug Use | Implied/Referenced Rape/Non-con | Implied/Referenced Torture | Intimidation | Kidnapping | Kim Taehyung | V & Park Jimin are Best Friends | Knifeplay | Light Bondage | Manipulation | Masturbation | Mentioned Park Jimin (BTS) | Mild Gore | Mind Manipulation | Obedience | Possessive Behavior | Psychologists & Psychiatrists | Psychopath Kim Taehyung | V | Psychopathology & Sociopathy | Rape Fantasy | Reader-Insert | Rough Oral Sex | Rough Sex | Sadism | Serial Killer Kim Taehyung | V | Serial Killers | Sexual Assault | Thriller | Top Kim Taehyung | V | Violence | Virginity Kink | Voice Kink | Yandere Kim Taehyung | V,"Kim Taehyung | V/Reader, Kim Taehyung | V/You",taehyung
https://golemlab.eu/graph/6619108,381,Dog Park,Everyone on Earth has a soulmate. You'll know your soulmate by the tattoo that appears on your forearm after they speak to you the first time. That tattoo will forever memorialize the first sentence they ever spoke to you.,2016-04-22,652.0,General Audiences,F/M,Completed,Alternate Universe - Soulmates | Dogs Love Taehyung | Soulmate-Identifying Marks | Taehyung Loves Dogs | dog park | new city | of course,Kim Taehyung | V/Reader Series: First Words-Soulmates [6],taehyung
https://golemlab.eu/graph/17760014,379,pinky promise,"You’d thought your embarrassing cliché of having a crush on your best friend’s older brother had died out along with your other embarrassing high school memories. But when her wanderlust-enslaved brother suddenly moves into her apartment with her, you realize your solemn preteen promise to never fall in love with him might be harder to keep than ever before. Especially when it seems that he doesn’t just see you as his little sister’s best friend anymore.",2019-02-13,13618.0,Explicit,F/M,Completed,Alternate Universe - Childhood Friends | Alternate Universe- Best Friend's Brother | Dirty Talk | Fluff | Hand Jobs | Humor | Light Angst | Smut | Vaginal Fingering,Kim Taehyung | V/Reader,taehyung
https://golemlab.eu/graph/5781892,367,Halloween Hookups-Cat Burglar Edition,"""So…Tell me. Do you still masturbate to the thought of me?”",2016-01-21,3955.0,Explicit,F/M,Completed,Finally! | Halloween | He's also into the rough stuff | Hookups | Questions | Smut | Tae stole a cat because he's a total sweetheart | ex-boyfriend | i'm strangely ok with the fact that i'm going to hell because of this | kim taehyung - Freeform | park jimin - Freeform | washing machine sex,Kim Taehyung | V/Reader Series: Halloween Hookups [6],taehyung
https://golemlab.eu/graph/5733871,350,Territory,Dogboy Tae gets extremely possessive when “that time of the month” rolls around for you and find’s it hard to control his natural instincts and his dominating nature during the monthly occurrence.,2016-01-16,2934.0,Explicit,F/M,Completed,Dogboys & Doggirls | basically for tae you go into heat | but ur really just ovulating but it still triggers his natural instincts to mate | dubcon | graphic hybrid smut | omg okay byeeeeeee,Kim Taehyung | V/Reader Series: Dogboys [2],taehyung
https://golemlab.eu/graph/9304586,345,i do,“Are you guys going on a date?” “We’re headed to the bridal show.” You and Taehyung go to a bridal show for the food and end up with more than you bargained for.  In the best way possible.,2017-01-13,4555.0,Teen And Up Audiences,F/M,Completed,Alternate Universe - Non-Famous | Cute | Fluff | Kissing | Wedding Fluff | Weddings,Kim Taehyung | V/Reader,taehyung
https://golemlab.eu/graph/18101774,344,Fill You Up,Your husband’s been very horny since you got pregnant.,2019-03-13,1242.0,Explicit,F/M,Completed,Creampie | Dirty Talk | Established Relationship | Impregnation Kink | Lactating | Married Couple | PWP | Pregnancy Kink (seems redundant but you’ll see) | fluff omg,Kim Taehyung | V/Reader,taehyung
https://golemlab.eu/graph/18596623,344,Roar,"He got so incredibly lucky that she decided to keep him, legally adopt the ex-circus star known as Brutus and changed his name to one he liked.",2019-04-25,2446.0,Mature,F/M,Completed,Deadly Predator Hybrid Series | Deadly Predator Series | Hybrid Lion | Hybrid Taehyung | Hybrid V | Lion Taehyung | Lion V | Lion tae | Morning Sex | Nipple Play | Orgasm | Smut | Taehyung smut | fluffy-ish sex | hybrid tae | lion,"Kim Taehyung | V/Reader, Tae X Reader - Relationship, V x Reader Series: Deadly Predator Hybrid Series [6]",taehyung
https://golemlab.eu/graph/19139251,334,Delay of Services,"“Tell me,” you say, wetting your bottom lip, “exactly how you’d kill me. If you could.” The beat of silence that follows is unsurprising. You can hear the ticking of the kitchen clock, and the creaking of the walls, and the distant hum of crickets and cicadas. Taehyung hardly budges a muscle. He seems to restart, though. A hand comes up to brush your hair out of your face, ensuring the tendrils do not stick to the tear-tracks. “In great detail?” He asks politely.",2019-06-08,3425.0,Explicit,F/M,Completed,Alternate Universe - Vampire | Angst and Crack and Fluff and Smut | Angst with a Happy Ending | Edging | Emotional Hurt/Comfort | Falling In Love | Grinding | Human/Vampire Relationship | Introspection | Non-Penetrative Sex | Outercourse | Questionable Coping Mechanisms | Suicidal Thoughts,Kim Taehyung | V/Reader Series: Vampire!Taehyung [8],taehyung
https://golemlab.eu/graph/17220839,334,la la land,"Taehyung Kim is one of the hottest up-and-coming stars in Hollywood, breaking barriers and snagging top titles in the film industry. After watching interviews featuring his charming personality and seeing his stunning face on modeling campaigns, you have to admit he intrigues you. When he’s casted as the romantic lead in your movie, you can’t deny your excitement at the chance of getting to work with him. That is until you have a mishap on day one of shooting and realize that pretty face and charming personality is really all an act.",2018-12-30,36238.0,Explicit,F/M,Completed,Alternate Universe - Actors | Alternate Universe - Hollywood | Angst | Banter | Creampie | Dirty Talk | Dry Humping | Enemies to Lovers | Explicit Language | Fake/Pretend Relationship | Fluff | Grinding | Humor | Innuendo | Kim Taehyung | V is a Little Shit | Oral Sex | Overstimulation | Rough Sex | Smut | Vaginal Fingering | degrading names,Kim Taehyung | V/Reader,taehyung
https://golemlab.eu/graph/21168581,332,Blue Moon,"You never felt like you had a place in this world. You figured that the reason you couldn't get a boyfriend was because you were chubbier than most of the pretty girls in town. Or maybe because you were human yet both of your parents were hybrids. What you didn't know was that night, when you got a call about a hybrid in need of your help, your life would change forever.",2019-10-25,48700.0,Explicit,F/M,In-Progress,Blood | Blood and Gore | Body Worship | Claiming | Domestic Fluff | Dominance | Eating Disorders | Falling In Love | Fat Shaming | First Time Shifting | Full Shift Werewolves | Gore | Hunters & Hunting | Hybrids | Impregnation | Imprinting | Knotting | Love Confessions | Making Love | Mates | Mating | Mating Bites | Mating Bond | Mating Cycles/In Heat | Mating Moon | Mating Rituals | Oral Sex | Pack Bonding | Pack Family | Pain | Pancakes | Pregnancy Kink | Public Display of Affection | Public Nudity | Rough Sex | Rutting | True Mates | Werebabies | Werewolf Courting | Werewolf Culture | Werewolf Mates | Werewolves,Kim Taehyung | V/Reader,taehyung
https://golemlab.eu/graph/21529573,331,Humiliation (Yandere Taehyung x Reader),"Taehyung wants, no, needs to punish you. And he'll find any excuse for it.",2019-11-23,1343.0,Explicit,F/M,Completed,Cum Play | Deep throat | Degradation | Dubious Consent | Oral Sex | Smut | Yandere Bangtan Boys | BTS | face fucking | kpopyandere,"Kim Taehyung | V/Reader, yandere!kim taehyung/reader, yandere!taehyung/reader",taehyung
https://golemlab.eu/graph/22014916,323,mystery gang; unsolved,"ever since you met taehyung in one of your first year classes at university, you seemed to click and you hadn’t parted from each other’s side since. you’ve been his friend for a few years now, and your mutual interest in the supernatural and taehyung’s propensity for finding the spotlight wherever he goes led to the two of you starting up your very own supernatural investigation vlog series. friends isnt the only thing you want to be, and one night close to hallow’s eve when the two of you get a little in over your heads in a way you never have been before, you find out that maybe it’s not only you that feels that way.",2019-12-29,26027.0,Explicit,F/M,Completed,Alternate Universe - Demons | Based On Buzzfeed Unsolved | Creampie | Cunnilingus | Demon Kim Taehyung | V | Demons | Dirty Talk | Friends to Lovers | Haunted Houses | Multiple Orgasms | Near Death Experiences | Smut | Supernatural Elements | True Mates | Vaginal Fingering | dark backstory | dark themes | demon mates | fated mates | human reader,Kim Taehyung | V/Reader,taehyung
https://golemlab.eu/graph/19018864,321,Pounce,"Tiger!Taehyung x human!reader. You’ve been searching for the perfect hybrid companion for weeks, and when Taehyung enters your life, everything is better than you imagined.",2019-05-29,4536.0,Not Rated,F/M,Completed,Cross-Posted on Tumblr | Hybrid Jeon Jungkook | Hybrid Jung Hoseok | J-Hope | Hybrid Min Yoongi | Suga | Hybrids | Tiger Hybrid Kim Taehyung | V | human reader,Kim Taehyung | V/Reader,taehyung
https://golemlab.eu/graph/16696750,321,Hot Bot: Gift,Your parents get you a Help Bot; except there’s been a misunderstanding. or sex bot!au,2018-11-22,3862.0,Explicit,F/M,Completed,Cum Eating | Dirty Talk | Multiple Orgasms | Overstimulation | Size Kink | Squirting | like....rlly filthy | robot!taehyung,Kim Taehyung | V/Reader,taehyung
https://golemlab.eu/graph/13768839,318,Ageplay? What's that?,"""I was wondering if you could do a story where the reader has just found out that she's a little. Her best friend Tae finds her internet history about littles and wants to be her caretaker""",2018-02-22,1449.0,Not Rated,Other,Completed,Age Play Caregiver Kim Taehyung | V | Age Regression/De-Aging | But slight hurt | Crying | Cuddles | Cuddling | Cute | Emotional Hurt/Comfort | Fluff | Gender-Neutral Pronouns | Gentle taehyung | Headspace | Hurt/Comfort | Kim Taehyung | V is a Sweetheart | Little Reader | Little Space | Non-Sexual Age Play | Non-Sexual Intimacy | Reader-Insert | Secrets | Worried Reader,Kim Taehyung | V/Reader Series: BTS Little Space [44],taehyung
https://golemlab.eu/graph/12861162,317,desserts,"You raised an arm to wipe at your skin and effectively got flour across your nose and cheek, and you sighed – well, whatever, that was bound to happen. At least you had the tray full and ready to go once the gingerbread was done. And then something lifted up the back of your skirt.",2015-12-10,2428.0,Explicit,F/M,Completed,Christmas Smut | Creampie | Dirty Talk | Established Relationship | Kitchen Sex | Oral Sex,Kim Taehyung | V/Reader Series: Annual Christmas Drabbles!!! [1],taehyung
https://golemlab.eu/graph/9660797,312,Taehyung and the witch,When you cast a spell to find your one true love you never imagined they'd turn out to be human. The language barrier really doesn't help either.,2017-02-11,4559.0,General Audiences,F/M,Completed,First Meetings | Oneshot | Reader-Insert | Soulmates | reader is a witch,"Kim Taehyung | V/Reader, Kim Taehyung | V/You",taehyung
https://golemlab.eu/graph/20668478,307,By Chance,"on an adventure, you stumble upon a jackalope. the creature ends up  saving your life, leading to an unexpected turn in events.",2019-09-16,11801.0,Explicit,F/M,Completed,Angry Taehyung | Blood | Crying | Dirty Talk | Doggy Style | Fingering | Light Voyeurism | Multiple Orgasms | Overstimulation | Size Kink | Spooning | Squirting | blowjob | jackalope shifter tae | light Violence | loss of a loved one | messy sex | wanderer reader - Freeform,Kim Taehyung | V/Reader Series: Book of Beasts [4],taehyung
https://golemlab.eu/graph/13147896,305,Princess,"You’ve always hated appearing on variety shows, but today takes the cake.",2017-12-25,8603.0,Explicit,F/M,Completed,Cumplay | Daddy Kink | Fingerfucking | Hair-pulling | Jealousy | Originally Posted on Tumblr | Spanking,Kim Taehyung | V/Reader,taehyung
https://golemlab.eu/graph/18934006,304,Beastly Gods,"‘Don’t leave the forest,’ a rule that you've been forced to follow since birth, but you are tired of living in this wooden cage. Out of desperation you cut a deal with Taehyung, who claims to be the only one who can get you out safely, even though he might be just as dangerous as the god you’re trying to escape.",2019-05-23,8072.0,Explicit,F/M,Completed,Captivity | Cum Play | Drama | Exhibitionism | Hybrid AU | Hybrid Kim Taehyung | V | Obsession | Secondary Love Interest is a Mystery | Smut | Thriller | Vaginal Fingering | Voyeurism | Yandere,Kim Taehyung | V/Reader,taehyung
https://golemlab.eu/graph/30542835,296,Scent,"You take time off of work to go backpacking like you always used to growing up. While on the trail you meet an unlikely friend, and are even more surprised when you end up taking him home with you.",2021-04-08,17158.0,Explicit,F/M,Completed,Bear Hybrid Kim Taehyung | V | Breeding Kink | Cute Kim Taehyung | V | Explicit Sexual Content | Hybrid Kim Taehyung | V | Kim Taehyung | V Has a Big Dick | Kim Taehyung | V Smut | Kim Taehyung | V is Whipped | Kim Taehyung | V-centric | Mating | Mountains | Taehyung REALLY wants to get you pregnant | Taehyung is a Blackbear | You go hiking and end up taking a cute fluffy haired Taehyung back home with you,Kim Taehyung | V/Reader,taehyung
https://golemlab.eu/graph/8952073,292,snaffle,"You hate hybrids. They are free running criminals above all. They lure and cheat, they rob and steal. Come along Kim Taehyung, a stealing cat hybrid who snatches away your snacks and stationery.",2016-12-26,10133.0,Mature,F/M,Completed,Catboy Kim Taehyung | V | Catboy!AU | Catboys & Catgirls | Dirty Talk | Doggy Style | Fluff | Hand Jobs | Hybrid Taehyung | Hybrid!AU | I'm Bad At Tagging | Mirror Sex | Multiple Orgasms | Name-Calling | Orgasm Delay/Denial | Orgasm Denial | Pet Names | Porn With Plot | Reader-Insert | Rough Sex | Sex | Smut | catboy | catboy!taehyung | cursing | heatsex | lots of dirty talk,Kim Taehyung | V/Reader,taehyung
https://golemlab.eu/graph/27218971,279,After Midnight,"Taehyung is the elemental Alpha, the next pack leader, and as the strongest fire user, you are tasked to train him for his confirmation ceremony. But when recurrent dreams start to plague you nightly, you wonder if there’s another reason Taehyung has been brought into your life.",2020-10-27,7749.0,Explicit,F/M,Completed,Alpha/Beta/Omega Dynamics | Alternate Universe - Werewolf | Biting | Cock Warming | Dirty Talk | Doggy Style | Elemental Magic | Face-Fucking | Knotting | Magic-Users | Marking | Masturbation | Mentions of Blood | Oral Sex | Power Dynamics | Rough Oral Sex | Slight Possessiveness | Squirting | Vaginal Sex | Werewolf Culture | Werewolf Kim Taehyung | V | Werewolf Mates | Werewolf Sex | Wolf Jungkook is your BFF,"Kim Taehyung | V/Reader, Kim Taehyung | V/You",taehyung
https://golemlab.eu/graph/6841603,276,library,"“No, not help you with your paper, help you as in why are you sitting here?” He raises an eyebrow, “Why? Am I not allowed to sit here? Last I checked the library didn’t have assigned seats.”",2016-05-13,2688.0,General Audiences,F/M,Completed,i dont really have tags for this | otherwise its just a bunch of cheesy pick up lines in cheesy notes | sorry jungkook jimin seokjin and namjoon are only very briefly mentioned | there's a really small conversation about aliens if that interests you,Kim Taehyung | V/Reader,taehyung
https://golemlab.eu/graph/23723251,263,Interruptions,"Taehyung doesn't appreciate you snapping at him and proceeds to give you something to really whine about, or, Taehyung fucks the coherence out of you with his fat, throbbing cock.",2020-04-18,4091.0,Mature,F/M,Completed,Anal Play | And I mean PHAT cock syndrome | Crying | Cum Play | Daddy Kink | Degradation | Forced Orgasm | Hair-pulling | Humiliation | Impregnation Kink | Kim Taehyung | V Has a Big Dick | Light Sadism | Overstimulation | Punishment | Punishment Sex | Pussy Spanking | Rough Sex | Size Kink | Wordcount: 1.000-5.000,Kim Taehyung | V/Reader,taehyung
https://golemlab.eu/graph/11110323,257,attention,"Taehyung's babygirl just want her daddy's attention, that's all.",2017-06-06,773.0,Not Rated,F/M,Completed,Age Play | Angst? | CEO Taehyung | CG/L | DDLG | Daddy Kink | Daddy V | Daddy!Taehyung | Established Relationship | Little Reader | Little!Reader | Non-Sexual Age Play | Non-Sexual Kink | Whoop Whoop | blanket | cgl | charlie puth is not here if you're wondering | daddy Taehyung | dd/lg | i know nothing abt ceo | is ceo is the one who pays them lmao | so tht makes him a sugar daddy ;) | sugar daddy!taehyung,Kim Taehyung | V/Reader,taehyung
https://golemlab.eu/graph/7102147,256,Not A Little Difference,"He was the little voice in your head, soothing you when you were stressed or anxious, guiding you when you were conflicted, leading you deep into temptation and release, freedom from your life and responsibilities. Love was too underwhelming a word to describe your feelings. But that was Kim Taehyung’s little secret as well.",2016-06-05,2066.0,Explicit,F/M,Completed,BDSM Scene | Dirty Talk | Dom/sub | Dom/sub Play | First Time | Forbidden Love | Orgasm Delay/Denial | Riding Crops | Songfic | Verbal Humiliation | secretly in love,Kim Taehyung | V/Reader,taehyung
https://golemlab.eu/graph/15127814,253,Don't Go,"Your hybrid, Taehyung, doesn't want you to go to work.",2018-07-01,726.0,Not Rated,F/M,Completed,Fluff | Hybrid AU | Hybrid Kim Taehyung | V | Tiger Hybrid Kim Taehyung | V,Kim Taehyung | V/Reader Series: BTS Hybrid One-Shots [1],taehyung
https://golemlab.eu/graph/15300729,246,petting,You love it whenever Taehyung pets your head (along with a praise and a few rewards).,2018-07-15,480.0,Not Rated,F/M,Completed,Age Play | Age Play Caregiver Kim Taehyung | V | Daddy Kink | Daddy!Taehyung | Headspace | Kim Taehyung | V is Whipped | Kim Taehyung | V is a Sweetheart | Little Reader | Little Space | Little!Reader | Non-Sexual Kink | Pet Names | daddy Taehyung | i guess | oh and the little doesn't talk that much | shy i guess,Kim Taehyung | V/Reader,taehyung
https://golemlab.eu/graph/12749043,245,Laundry Day,You were doing your laundry in the middle aisle of a completely empty laundromat when a stranger comes up to use the washing machine right next to yours.,2017-11-17,2371.0,Not Rated,F/M,Completed,Comedy | Fluff | Laundry | Romantic Comedy,Kim Taehyung | V/Reader,taehyung
https://golemlab.eu/graph/15558675,244,tempting,"Y/N is an angel and a good one at that. She steers clear of the seven deadly sins, especially lust. She is out performing her duties when she runs into a demon. Luckily for her, that demon, Taehyung, doesn’t seem to buy into that whole “Angels and Demons are sworn enemies” idea. But unluckily for her, Taehyung just so happens to be the very embodiment of sin. Especially lust. Or, “For someone who is meant to be so pure, you sure are dirty, angel.”",2018-08-04,67528.0,Not Rated,F/M,Completed,Alcohol | Alternate Universe - Angels & Demons | Alternate Universe - Fantasy | Angel Jung Hoseok | J-Hope | Angel Kim Namjoon | RM | Angel Park Jimin | Angel/Demon Relationship | Angel/Demon Sex | Demon Jeon Jungkook | Demon Kim Seokjin | Jin | Demon Kim Taehyung | V | Dirty Talk | Fluff and Angst | Fluff and Smut | Forbidden Love | Implied/Referenced Character Death | Implied/Referenced Suicide | Kim Taehyung | V is Whipped | My First Smut | Semi-Public Sex | Smut | Vampire Min Yoongi | Suga,Kim Taehyung | V/Reader Series: Tempting [1],taehyung
https://golemlab.eu/graph/18566914,244,Much Better,"On a night out with your girlfriends to let loose and forget about your ex, you meet a man that you are instantly attracted to, like magnets on the dance floor. But he reminds you way too much of the one that broke you heart… Can Kim Taehyung prove to you that he is not like your ex at all?",2019-04-23,27668.0,Explicit,F/M,Completed,Alternate Universe - College/University | Comedy | Creampie | Dom Kim Taehyung | V | Dom/sub Play | Fluff | Light Angst | Menstrual Sex | Oral Sex | Sex Toys | Size Difference | Size Kink | Smut | Vaginal Fingering | sex bench,Kim Taehyung | V/Reader,taehyung
https://golemlab.eu/graph/21922831,244,Right time,"You and your boyfriend try it without protection for the first time, allowing him to finally indulge in his hidden fetish…",2019-12-23,2183.0,Explicit,F/M,Completed,Body Worship | Breeding | Cock Rings | Creampie | Cum Fetish | Dirty Talk | Impregnation | Large Cock | Smut | Top Kim Taehyung | V,Kim Taehyung | V/Reader,taehyung
https://golemlab.eu/graph/15201863,241,Natural Family Planning,"“We’re gonna be late.” Despite the urgency in his voice, there’s a tinge of desperation that isn’t lost on you in the slightest. Taehyung’s dark eyes roam over your figure, huge hands gripping your waist, as you press your hands against the rough brick of the wall. or the fic where you and your husband, Taehyung, dabble in barebacking",2018-07-07,5626.0,Explicit,F/M,Completed,Barebacking | Breeding | Breeding Kink | Cum Play | Dirty Talk,Kim Taehyung | V/Reader,taehyung
https://golemlab.eu/graph/14441262,240,Soothsayer,"Taehyung can be very convincing when he needs to be, it seems.",2018-04-26,1331.0,Teen And Up Audiences,F/M,Completed,Alternate Universe - Vampire | Emotional Hurt/Comfort | Human/Vampire Relationship | Hypnotism | Panic Attacks | Vampire Kim Taehyung | V,Kim Taehyung | V/Reader Series: Vampire!Taehyung [7],taehyung
https://golemlab.eu/graph/16319417,240,Retracted Claws,"He found a poor, stray kitten shivering on the streets, and he was determined to make sure she was kept safe.",2018-10-16,38970.0,Teen And Up Audiences,F/M,Completed,Angst | Fluff | Hybrid AU | Mafia AU | Tae is soft as hell for reader | Violence | mentions of dark themes | past abuse (sexually/mentally/physically),Kim Taehyung | V/Reader,taehyung
https://golemlab.eu/graph/7806019,234,"You Flew Right By, Love","Jimin cheats on you. You are tied between the decision turning a blind eye to his infidelity, or leaving him, but however you choose, Taehyung is by your side every step of the way.",2016-08-18,7245.0,Mature,F/M,In-Progress,Angst | Break Up | Cheating | Cheating Jimin | Don't Examine This Too Closely | Drama | Drinking | Eventual Smut | Heartbreak | Hook-Up | I Don't Even Know | I Wrote This Instead of Sleeping | I'm Sorry | Reader-Insert | Shameless Smut | Smut | Taehyung Is a Good Friend | Taehyung Is a Little Shit | Teen Romance | frienemies,"Kim Taehyung | V/Reader, Park Jimin (BTS)/Reader",taehyung
https://golemlab.eu/graph/15046211,231,Schemes and tricks to win her heart,"In which rich company heir Kim Seokjin has a plan to win the heart of the girl of his dreams, and you, his little brother's best friend, are dragged along for the ride. His younger brother objects, of course. Bestfriend!Taehyung and Chaebol!Jin Taehyung/reader.",2018-06-25,22513.0,General Audiences,F/M,Completed,Best Friends | Fake/Pretend Relationship | Fluff | I'm trying to be funny | Misunderstandings | Romance | please pretend I succeed,Kim Taehyung | V/Reader,taehyung
https://golemlab.eu/graph/7271983,226,best friends,"no harm in a blow job between best friends, right?",2016-06-22,1956.0,Explicit,F/M,Completed,Best Friends | Blow Jobs | Oral Sex | Who Have Sex,Kim Taehyung | V/Reader Series: Personal Favourites From The Past [6],taehyung
https://golemlab.eu/graph/10225055,226,Sink or Swim,"""Play along and you'll live.""",2017-03-11,1272.0,Mature,F/M,Completed,Aftermath of Violence | Alternate universe - Mafia | Secret Identity | Shit Hits The Fan,Kim Taehyung | V/Reader,taehyung
https://golemlab.eu/graph/22637773,224,Leather & Velvet,"Curious as you are, you decide to check out the demon brothel that people have been whispering about. You get a bit more than you bargained for when the owner of the place decides he wants to play with you.",2020-02-09,2989.0,Explicit,F/M,Completed,Biting | Bloodplay | Brothels | Demon Kim Taehyung | V | Dom Kim Taehyung | V | Dom/sub | Exhibitionism | Explicit Sexual Content | Kim Taehyung | V Has a Big Dick | Light Bondage | Multiple Orgasms | Oral Sex | Overstimulation | Plot What Plot/Porn Without Plot | Riding Crops | Sensory Deprivation | Smut | Voyeurism | and it's ridged rip | author is going to hell | but it's very minor | taehyung has a forked tongue,Kim Taehyung | V/Reader,taehyung
https://golemlab.eu/graph/7102015,222,I Need A Fix,"A strange evening, a club, alone. (written for hitting 666 followers hehehe)",2016-06-05,4351.0,Teen And Up Audiences,F/M,Completed,Alternate Universe - Demons | Alternate Universe - Succubi & Incubi | Ambiguous/Open Ending | Clubbing | Contracts | Incubus Taehyung | Romantic Gestures,Kim Taehyung | V/Reader Series: six six six [1],taehyung
https://golemlab.eu/graph/16057733,216,Papillon,Kim Taehyung has been a constant presence in your life for the last 25 years. The bestest friend a girl could ever want; he’s been there for you through all the good times and the bad. What happens though when you find yourself pregnant and abandoned? What happens when your best friend steps up in ways you never imagined?,2018-09-21,17125.0,Teen And Up Audiences,F/M,Completed,Childhood Friends | Friends to Lovers | Pregnancy | best friend au,Kim Taehyung | V/Reader,taehyung
https://golemlab.eu/graph/9080029,216,"Caffeine, Crimson Cheeks, and Cashiers","It's 10pm and all you want is to buy your energy drinks and leave, but you can't help but want to stay for the cute cashier making you blush like there is no tomorrow.",2016-12-27,1411.0,General Audiences,F/M,Completed,Alternate Universe - College/University | First Meetings | Flirting | One Shot | V is a part-time cashier at a supermarket | You are a tired student powering your way through finals,Kim Taehyung | V/Reader,taehyung
https://golemlab.eu/graph/21184736,212,Endymion,"“A thing of beauty is a joy for ever…” Despite what many think, the opposite of love is not hate, it is indifference, and Taehyung hates the witch that repeatedly trespasses into his forest to defile it with her demonic ways. Hates the way his heart races, as he watches her repeated transgressions. He tells himself it’s nothing but the urge to take revenge for the forest she is soiling with her presence…so why hasn’t he ended her yet? A day of reckoning is coming, and he will have her begging for mercy on her knees by the time he is finished with her, he swears it.",2019-10-26,17533.0,Explicit,F/M,Completed,Age Difference | Blood | Blow Jobs | Bondage | Danger Kink | DnD Version of a Druid | Druid!Taehyung | Edgeplay | Electricity Play | Fantasy | Fantasy Creatures | Fluff | Light Angst | Magic as sexplay | Multiple Orgasms | Oral Sex | Orgasm Delay/Denial | Penetration | Plants | Porn With Plot | Puns & Word Play | Self-Insert | Shapeshifting | Squirting | Temperature Play | Vaginal Fingering | Witch!Reader | cum tasting | looks like dubcon but not,Kim Taehyung | V/Reader,taehyung
https://golemlab.eu/graph/8746831,212,MAMA's 2016,"You are a foreign singer attending MAMA's for the first time ever, and an eager idol from a group knows you! He wants to get close and even invites you for their event they were holding for their fans to spread the word that you are good.",2016-12-04,7549.0,General Audiences,F/M,Completed,Awards | Here we go | POV Second Person | a great request from an anon | i love this request | like this is so cool | thank you!!! | where you are a foreign singer,Kim Taehyung | V/Reader,taehyung
https://golemlab.eu/graph/6210970,210,Colors,"Sometimes coming home to your apartment you find him waiting for you. Not with rose peddles or a glass champagne, but tied up. Just begging for your touch.",2016-03-10,3457.0,Explicit,F/M,Completed,BDSM | Dom/sub | Fanfiction | Pain | Pain Kink | Praise Kink | Smut | Sub Taehyung | a lot of stuff happens i can't warn u abt all of it ok | dom reader,Kim Taehyung | V/Reader,taehyung
https://golemlab.eu/graph/24109861,209,Picking Flowers,"In the seven years you’ve been away, love had caused flowers to bloom in Taehyung’s chest only for them to wilt when she’d left him. When you meet Taehyung again, he doesn’t know what love is and more importantly, doesn’t know how to love or if he can ever love again. Can you teach him? Or will a garden of unrequited love blossom within the confines of your own chest? Cross-Posted from my Tumblr Further Story Details Inside.",2020-05-10,40540.0,Explicit,F/M,Completed,Alternate Universe - Flower Shop | Body Worship | Childhood Friends | Cock Warming | Creampie | Cum Eating | Cunnilingus | Dirty Talk | Dom Kim Taehyung | V | Florist Kim Taehyung | V | Friends to Lovers | Hair-pulling | Hanahaki Disease | Impregnation Kink | Marking | Mentions of Death | Neighbors | Park Sex | Praise | Public Sex | Pussy Worship | Reunions | Riding | Soft Dom Kim Taehyung | V | Soft sex | Unprotected Sex | Vaginal Fingering | cum sharing | face riding | handjob | mutual orgasms | sub Reader,"Kim Taehyung | V/Reader, Kim Taehyung | V/You",taehyung
https://golemlab.eu/graph/8301622,207,Sunflower Girl,"Taehyung: killer of flowers and wrecker of hearts. With a high school history you can’t get over and a problematic roommate you can’t avoid, life is great until you live under Kim Taehyung’s roof. [07/05/17: I will be re-writing this and reposting it on my new tumblr under the name The Sunflower Girl]",2016-10-17,20848.0,General Audiences,F/M,Completed,Alternate Universe - College/University | Alternate Universe - Roommates/Housemates,Kim Taehyung | V/Reader,taehyung
https://golemlab.eu/graph/14595204,206,New Tricks,"When your newly adopted puppy turns out to be a lot more work than you expected, a cute dog trainer comes to the rescue. You soon become friends, but you begin to realize friendship might not be all you want.",2018-05-09,10083.0,Explicit,F/M,Completed,Dirty Talk | Doggy Style | Dogs | Dom Kim Taehyung | V | Explicit Language | Explicit Sexual Content | Fluff | Fluff and Smut | Friends to Lovers | Kim Taehyung | V is a Sweetheart | Oral Sex | Smut | Vaginal Sex | dog trainer au,Kim Taehyung | V/Reader,taehyung
https://golemlab.eu/graph/10680639,205,The Fire and the Hunger,"I am the name and the number; the fire and the hunger: six six six. Or, how you never knew a kiss could taste like ash in your mouth. (sequel to I Need A Fix + written for hitting 6666 followers hehehehe)",2017-04-20,3944.0,Explicit,F/M,In-Progress,Alternate Universe - Demons | Alternate Universe - Succubi & Incubi | Demon Sex | Dirty Talk | Dream Sex | Masturbation | Mildly Dubious Consent | Voyeurism | but def consensual,Kim Taehyung | V/Reader Series: six six six [2],taehyung
https://golemlab.eu/graph/11450277,205,beautiful morning,A beautiful morning with Taehyung and his babygirl.,2017-07-09,595.0,Not Rated,F/M,Completed,CG/L | DDLG | Daddy!Taehyung | Established Relationship | Kisses | Little Reader | Little!Reader | Morning | Morning Kisses | a nice morning actually | cgl | daddy Taehyung | dd/lg | hIS HANDS | pacifier but aint gonna use it | taehyung's finger,Kim Taehyung | V/Reader,taehyung
https://golemlab.eu/graph/13254879,205,Parasitic,"""We passed under the mistletoe."" ""No, we didn't."" ""Yeah. We did.""",2018-01-03,490.0,Teen And Up Audiences,F/M,Completed,Alternate Universe - Vampire | Developing Relationship | Grocery Shopping | Human/Vampire Relationship | Mistletoe | Twisted and Fluffy Feelings | Vampire Kim Taehyung | V,Kim Taehyung | V/Reader Series: Vampire!Taehyung [6],taehyung
https://golemlab.eu/graph/8529148,201,Favourites and Servants,Your hybrid boyfriend tries to distract you from the mischief he committed. Will he succeed? Part of cathybrid!BTS miniseries,2016-11-11,2866.0,Mature,F/M,Completed,Catboy!AU | Hybrid!AU | Smut | catboy!taehyung | cathybrid | hybrid!taehyung,Kim Taehyung | V/Reader,taehyung
https://golemlab.eu/graph/20992517,195,Practical Magic,"The wizarding world of Harry Potter with the boys of Bangtan worked into one slow burner! Set in the year of Goblet of Fire, will try to keep it as close to the book as possible.",2019-10-11,145253.0,Teen And Up Audiences,F/M,In-Progress,Alternate Universe - Harry Potter Setting | Animagus Reader | Canon Compliant | Fandom crossover | Gryffindor Jeon Jungkook | Gryffindor Kim Seokjin | Jin | Gryffindor Reader | Hogwarts | Hufflepuff Jung Hoseok | J-Hope | Ravenclaw Kim Namjoon | RM | Ravenclaw Kim Taehyung | V | Slow Build | Slytherin Min Yoongi | Suga | Slytherin Park Jimin (BTS) | Tagging still stresses me | alternative universe | bts in hogwarts,Kim Taehyung | V/Reader,taehyung
https://golemlab.eu/graph/16487108,194,Sepia,"Taehyung decided to create a secret Instagram account and in the process, meets someone who catches his interest.  Maybe creating a secret account is not such a bad idea after all. //Basically you befriending (and eventually falling for) V online without you knowing it is him.",2018-11-01,38569.0,Teen And Up Audiences,F/M,Completed,Online Friendship | Online Relationship | Reader-Insert,Kim Taehyung | V/Reader,taehyung
https://golemlab.eu/graph/18101762,188,Access Denied,"Your boyfriend, Yoongi, no longer pays attention to you. So you decide to spend time with someone who will.",2019-03-13,4854.0,Explicit,F/M,Completed,Angst | Cheating | Dirty Talk | Grinding | Hair Pulling | Multiple Orgasms | Oral | Overstimulation | Reckless Driving | Smut | Toxic Relationships | blowjob | degrading names | face riding | handjob | intercourse | slight cumplay,"Kim Taehyung | V/Reader, Min Yoongi | Suga/Reader",taehyung
https://golemlab.eu/graph/17848085,186,The Point of No Return,"Just when your evening out has gone to complete shit, you stumble - literally - into the cutest man with the cutest dog, who manage to turn it all around. Or, alternatively - how drunkenly losing your debit card in your quest for nachos lands you the best lay of your life.",2019-02-19,10896.0,Explicit,F/M,Completed,Brief use of the word 'sir' | Creampie | Dick Shenanigans | Dirty Talk | Fluff | Kinda | Like smaller than Bangtan Musician AU | Multiple Orgasms | Oral Sex | Overstimulation | Porn With Plot | Porn with Feelings | Relatively vanilla considering I wrote it | Sex | Smut | Spanking | Unprotected Sex | Vaginal Fingering | mild alcohol use | musician au,Kim Taehyung | V/Reader,taehyung
https://golemlab.eu/graph/13255011,184,Escort,A gentleman always walks a lady home.,2018-01-03,1070.0,Teen And Up Audiences,F/M,Completed,Alternate Universe - Vampire | Angst and Hurt/Comfort | Anxiety | Dark | Human/Vampire Relationship | Rescue | Twisted and Fluffy Feelings | Vampire Kim Taehyung | V,Kim Taehyung | V/Reader Series: Vampire!Taehyung [5],taehyung
https://golemlab.eu/graph/27788284,183,Discreet Packaging,You just wanted a new toy that wasn’t too big. Tae just wanted to show you how much fun something ‘too big’ can be.,2020-11-30,1208.0,Explicit,F/M,Completed,Condoms | Cunnilingus | Dirty Talk | Friends to Lovers | Kim Taehyung | V Has a Big Dick | Praise Kink | Short One Shot | Size Kink | Smut | Vaginal Fingering | Vaginal Sex | sex toy shopping,Kim Taehyung | V/Reader,taehyung
https://golemlab.eu/graph/17986742,181,comfortable,"you initially go over to polish the balcony of your neighbour, who then invites you to stay for lunch - and a nap afterwards",2019-03-03,2406.0,General Audiences,F/M,Completed,Afternoon | Cat Hybrid Kim Taehyung | V | Cuddling | Fluff | Hybrid - Freeform | Napping | a bit of a grumbly tae at the end but like in a good sense | cat hybrid!taehyung | gender neutral reader | naps | nothing but fluff | sleeping | so soft | soft,Kim Taehyung | V/Reader,taehyung
https://golemlab.eu/graph/30988067,177,Beauty,"Who defines what beauty is or where it comes from, and what does it even mean? Working in an industry that is hardly about anything else, and being the father of a gorgeous little girl, Taehyung always thought he must have a clear view on that issue. You, on the other hand, lost sight of the sheer concept of beauty a long time ago. But maybe you both have no idea after all. And perhaps the beauty of life itself will teach you the true meaning behind it.",2021-05-02,183167.0,Explicit,F/M,Completed,Adorable Kim Taehyung | V | Angst and Fluff and Smut | Angsty Kim Taehyung | V | Cute Kim Taehyung | V | Eventual Smut | Fluff | Fluff and Angst | Fluff and Smut | Hurt Kim Taehyung | V | Jeon Jungkook & Kim Taehyung | V are Best Friends | Kim Taehyung | V Smut | Kim Taehyung | V is Whipped | Kim Taehyung | V is a Little Shit | Kim Taehyung | V/Park Jimin Angst | Mutual Pining | Sex | Single Parent Kim Taehyung | V | Slow Burn | Smut | Strangers to Lovers | Sweet Kim Taehyung | V,"Kim Taehyung | V/Reader, Park Jimin (BTS)/Reader (slightly)",taehyung
https://golemlab.eu/graph/22296868,176,Leaving (Yandere Taehyung x Reader),Taehyung won't let you leave,2020-01-18,1049.0,Mature,F/M,Completed,Abusive Relationship | Misogyny | Pet Play | Profanity | Sexism | Stockholm Syndrome | Toxic Relationship | Yandere Bangtan Boys | BTS | kpopyandere | sexist slurs,"Kim Taehyung | V/Reader, yandere!taehyung/reader",taehyung
https://golemlab.eu/graph/11051451,176,With Help from My Boyfriend,You've been feeling gross all day and Taehyung notices. He tries to help the best ways that he can.,2017-05-31,1034.0,General Audiences,M/M,Completed,Domestic Fluff | FTM | FTM Reader | Fluff | Gender Dysphoria | Tae's just being a good boyfriend | Transgender | Transgender Reader - Freeform | slight angst,Kim Taehyung | V/Reader,taehyung
https://golemlab.eu/graph/18214982,176,Seven Seas,"Atlantis is a myth; a hidden city, a sunken island, a missing continent. Only…it’s not a myth. Just hidden out of choice. As the daughter of an Atlantean and a human, you are a halfling that is unwanted by the underwater continent and misunderstood by the surface. But what happens when you finally go to Atlantis and meet an Atlantean who is oddly kind to you?",2019-03-23,25543.0,Mature,F/M,Completed,Anxiety | Atlantis AU | Depression | Oral Sex | Penetrative Sex | Sci-Fi AU | Unprotected Sex | atlantean taehyung | atlantis taehyung | half-atlantean reader | half-human reader,Kim Taehyung | V/Reader,taehyung
https://golemlab.eu/graph/4894402,173,All Of You,"""Let. Me. See."" -Taehyung",2015-09-29,4000.0,Mature,F/M,Completed,Body Image | Comfort | Confidence | Eventual Smut | Oral Sex | Relationship(s) | Slow Build | Smut | Tags Are Hard | Tags May Change | yall know I hate tags,Kim Taehyung | V/Reader,taehyung
https://golemlab.eu/graph/16868191,173,Rooftop Recitation,He only wants to help.,2018-12-05,3796.0,Explicit,F/M,Completed,Alternate Universe - Actors | Smut,Kim Taehyung | V/Reader,taehyung
https://golemlab.eu/graph/10961133,172,Slow Burn,He was just supposed to be one of those clients. But then he gives you a night you’ll never forget.,2017-05-21,30563.0,Explicit,F/M,Completed,Angst | Drama | Fluff | Orgasm Denial | Romance | Smut | dom!taehyung | dom!v | mention of sexual abuse in chapter 2,Kim Taehyung | V/Reader,taehyung
https://golemlab.eu/graph/23522380,170,,,,,,,,,,taehyung
https://golemlab.eu/graph/12058209,169,Wet Dreams and Stuttered Confessions,"You start having... Interesting dreams about your best friend and you don't know how to deal with it, so you start ignoring him. And Kim Taehyung can only stand not talking to you for so long.",2017-09-11,6310.0,Mature,F/M,Completed,Dirty Talk | First Time | Light Angst | Loss of Virginity | Oral Sex | Wet Dream,Kim Taehyung | V/Reader,taehyung
https://golemlab.eu/graph/13254897,169,All In Good Fun,Love at first bite. (Just kidding.),2018-01-03,249.0,Teen And Up Audiences,F/M,Completed,Alternate Universe - Vampire | Drabble | Human/Vampire Relationship | Pre-Relationship | Teasing | Vampire Kim Taehyung | V,Kim Taehyung | V/Reader Series: Vampire!Taehyung [1],taehyung
https://golemlab.eu/graph/24990049,169,The Key to My Drawer,"A key, a drawer, and a secret Taehyung planned to take to the grave.",2020-06-30,25286.0,Explicit,F/M,Completed,Angsty Kim Taehyung | V | Best Friends | Childhood Friends | Love Letters | Unprotected Sex,Kim Taehyung | V/Reader,taehyung
https://golemlab.eu/graph/11618142,168,Pillowtalk,You crash at Bangtan’s dorm after your apartment has a gas leak. The thing is Taehyung’s the only member there to keep you company. In more ways than one.,2017-07-26,7544.0,Explicit,F/M,Completed,PWP | Smut,Kim Taehyung | V/Reader,taehyung
https://golemlab.eu/graph/23477485,167,"Falling, Falling, Gone",Taehyung. Captain of the soccer team. Master of your heart. You'll never tell him for fear of rejection. So why the fuck are you about to do it in front of dozens of his peers?,2020-04-04,5822.0,Teen And Up Audiences,F/M,Completed,Bachelor Auction | Basically a condensed romcom | Cliche | Comedy | Explicit Language | Fluff | Pining,"Kim Taehyung | V/Reader, Kim Taehyung | V/You",taehyung
https://golemlab.eu/graph/27306238,166,Have Faith In Me,"Taehyung, your best friend, has come down with some kind of mysterious illness and you’re determined to figure out a way to help him. Will you be okay with the treatment that he needs?",2020-10-31,6380.0,Mature,F/M,Completed,Alternate Universe - Werewolf | Fluff and Smut | Shameless Smut | Werewolf Mates,Kim Taehyung | V/Reader,taehyung
https://golemlab.eu/graph/13405530,166,Control,"Hybrids are the result of the greatest sin, a love between a dragon and dragon tamer. They’re born into a life of hate and disgust, but more powerful and stronger than anyone else… Hybrid!Taehyung is hopelessly in love with his tamer and ready to take the next step in their forbidden relationship. A dragon and it’s tamer are connected with a special bond, a bond decided by destiny, forcing two people to protect each other for life. Being far away from the person you share your bond with is painful and hard, especially for a hybrid experiencing his first heat… The high court rules and they want the hybrids dead, but new encounters along with jealousy, secrets and new friendships open the doors for change once and for all…",2018-01-18,24356.0,Mature,F/M,Completed,Angst | Breeding | Forbidden Love | Hybrid - Freeform | Smut | dragon - Freeform | heat - Freeform | hybrid!taehyung | jikook - Freeform,Kim Taehyung | V/Reader,taehyung
https://golemlab.eu/graph/13593300,166,hold my hand,"Taehyung and Yoongi always fight, but there's always a solution.",2018-02-11,785.0,Not Rated,F/M,Completed,Age Play Little Kim Taehyung | V | Age Play Little Min Yoongi | Suga | Drabble | Grumpy Min Yoongi | Suga | Kim Taehyung | V is a Sweetheart | MD/LB - Freeform | Mommy Reader | Poly Bangtan | Polyamory | i guess | little taegi | mdlb | poly bts | poly taegi | suckt at endings,"Kim Taehyung | V/Reader, Min Yoongi | Suga/Reader",taehyung
https://golemlab.eu/graph/14732147,164,"little boy, taehyung",Taehyung is a very precious and lovely baby. Keep him.,2018-05-22,574.0,Not Rated,F/M,Completed,Adorable Kim Taehyung | V | Age Play | Age Play Little Kim Taehyung | V | Age Regression/De-Aging | Cute Kim Taehyung | V | Kim Taehyung | V is a Sweetheart | Little Space | Non-Sexual Kink | check out my tumblr yall pls im thirsty n desperate | f o ll o w | incase yall dont know my tumblr is mochiblues too | little taehyung | little!Taehyung | uwu,Kim Taehyung | V/Reader,taehyung
https://golemlab.eu/graph/8528641,164,V-Card,"The moment you've been waiting for for months has finally come. You can't wait until you can have sex with your handsome boyfriend, now you're finally completely alone with him. Although, you come across a little...problem?",2016-11-11,1986.0,Mature,F/M,Completed,First Time | Fluff | Innocent Taehyung | Smut | Sub Taehyung | Virgin Taehyung | Woman on Top,Kim Taehyung | V/Reader,taehyung
https://golemlab.eu/graph/18633853,164,Train Tracks,"Hybrid!Reader x Taehyung: As a hybrid you have no worth and your means of survival is digging through the trash, working odd jobs for those who are more kind-hearted, and–unfortunately–pick-pocketing. When you choose the wrong target, things take a strange turn as this obviously wealthy man enters your life. Two different endings for your enjoyment.",2019-04-28,14559.0,Teen And Up Audiences,F/M,Completed,Cat Hybrid Reader | Human Taehyung | Kim Taehyung | V is a Sweetheart | One route ending reader is pregnant | Other members appear - Freeform | Pregnant Reader | Rich Taehyung,Kim Taehyung | V/Reader,taehyung
https://golemlab.eu/graph/19830655,164,A long journey home,"All you wanted was to confront your flaky coworker, Taehyung, not get dragged across a magical fantasy realm trying to deliver a baby dragon safely back to its home kingdom. Fantasy!au. Taehyung x Reader",2019-07-16,21573.0,Teen And Up Audiences,F/M,Completed,Adventure | Fantasy | Fantasy Violence | Fluff | a baby dragon | my goal is for you to love the baby dragon like your own child | suggestive jokes,Kim Taehyung | V/Reader Series: Finding home [1],taehyung
https://golemlab.eu/graph/25780729,163,Is This Allowed?,How were you supposed to know BTS would be filming at your coffee shop today? How were you supposed to know a certain curly-haired boy would take a liking to you?,2020-08-08,9070.0,Explicit,F/M,Completed,Car Sex | Creampie | Cross-Posted on Tumblr | Cunnilingus | Facials | Kim Taehyung | V Has a Big Dick | Multiple Orgasms | Oppa Kink | Overstimulation | Semi-Public Sex | Sexual Tension | and yes taehyung has an oppa kink i have no idea why he just does i dont make the rules | it might make you cringe | taehyung isnt fluent in english,Kim Taehyung | V/Reader,taehyung
https://golemlab.eu/graph/22468990,163,Rattlesnake Shake,"You, a human in a world full of hybrids, turned a blind eye to most things bump in the night. But when trouble falls upon you and your best friend, and you're left at the mercy of a deadly hybrid, your world seems to turn upside down in an instant. There's also something about this man you just can't seem to shake...",2020-01-29,7090.0,Mature,F/M,Completed,Blood and Injury | Character Death | Choking | Drinking | Hybrid Kim Taehyung | V | Oral Sex | Smut | slight degrading | tae has a big snake wink,Kim Taehyung | V/Reader,taehyung
https://golemlab.eu/graph/12360762,162,daddy's a little insecure,"Taehyung's just felt insecure when you mentioned your male friend. But, you would never leave Taehyung.",2017-10-14,686.0,Not Rated,F/M,Completed,Age Play | Age Play Caregiver Kim Taehyung | V | CG/L | DDLG | Daddy Kink | Daddy!Taehyung | Little Reader | Little!Reader | Non-Sexual Age Play | Non-Sexual Kink | cgl | daddy Taehyung | dd/lg | he precious boi | mention of yugyeom from g7 | requested thanks yo | we made it 666 hits i lof yall,Kim Taehyung | V/Reader,taehyung
https://golemlab.eu/graph/19767100,161,Familiar Connections,"Living on a farm with Taehyung was the best. However, after seeing the other animals have their babies, it made you think you wanted a family of your own.",2019-07-11,2752.0,Explicit,F/M,Completed,Breeding | Cat/Human Hybrids | Dirty Talk | Farmer Kim Taehyung | V | Human Kim Taehyung | V | Hybrids | Penis In Vagina Sex | Vaginal Sex,Kim Taehyung | V/Reader,taehyung
https://golemlab.eu/graph/28622823,160,Tease,"You knew you were hot. You saw how the guys looked at you, how their eyes were drawn to a tight t-shirt or short skirt. And maybe this would fail epically—crash and burn like a failed experiment—but you wanted to get under Kim Taehyung’s skin the only way you knew how. Alternatively: You were gonna blue ball your brother's best friend so hard that he would rue the day he snitched on you.",2021-01-08,13048.0,Explicit,F/M,Completed,Creampie | Enemies to Lovers | and it results in really rough sex | basically taehyung snitches on the reader | be warned | brother's best friend au | hope u thirsty hoes like it | jungkook is reader's oblivious brother | look it's basically pwp but like | reader is promiscuous | some spicy choking | taehyung eats reader out and reader sees god | taehyung get angie | this was supposed to be 5k but look where we are now | with some plot | wrap it b4 u tap it,Kim Taehyung | V/Reader,taehyung
https://golemlab.eu/graph/18614056,157,Stranded,Stranded in the Swiss Alps with your best friend. What could go wrong?,2019-01-31,7936.0,Mature,F/M,Completed,,Kim Taehyung | V/Reader,taehyung
https://golemlab.eu/graph/7272217,157,six christmases,"on the first christmas, she learned that she absolutely, well and truly, entirely fucking hated snow.",2016-06-22,3217.0,Mature,F/M,Completed,Family | Fluff and Humor | Implied Sexual Content | Parenthood,Kim Taehyung | V/Reader Series: Personal Favourites From The Past [8],taehyung
https://golemlab.eu/graph/18159854,156,Safe,"And this would be the first time you would be joining them. The first time the fans would get a good look at you: the girl who had snatched their precious oppa away from them. What if they hated you? What if they shouted insults and obscenities, reached out to pull your hair, extended a foot to trip you or threw things at your cringing figure as you tried desperately to protect yourself from the abuse you knew you were going to receive? And worse, what if they hurt your daughter? ~~~Requested by daniellalundbeerg~~~",2019-03-18,2122.0,Not Rated,F/M,Completed,Airports | Here we go now | I HAVE NEVER DONE THIS BEFORE | Kim Taehyung | V-centric | LET'S GET IT | Panic Attacks | Protective Bangtan Boys | Protective Kim Taehyung | V | Sasaeng Fan(s) | Taehyung Has A Child | please be kind,Kim Taehyung | V/Reader Series: Requests [2],taehyung
https://golemlab.eu/graph/16474964,155,too tempting,"[!] *SEQUEL OF MY FIC “TEMPTING”* Y/N is an angel and a good one at that. She steers clear of the seven deadly sins, especially lust. She is out performing her duties when she runs into a demon. Luckily for her, that demon, Taehyung, doesn’t seem to buy into that whole “Angels and Demons are sworn enemies” idea. But unluckily for her, Taehyung just so happens to be the very embodiment of sin. Especially lust. Or, “For someone who is meant to be so pure, you sure are dirty, angel.”",2018-10-31,14073.0,Not Rated,F/M,In-Progress,Alcohol | Alternate Universe - Angels & Demons | Alternate Universe - College/University | Angel Park Jimin | Bad Boy Kim Taehyung | V | Dirty Talk | Fluff and Angst | Forbidden Love | Implied/Referenced Character Death | Sequel | Smut | Vampire Min Yoongi | Suga,Kim Taehyung | V/Reader Series: Tempting [3],taehyung
https://golemlab.eu/graph/10139297,154,Amortentia,"“Amortentia is the most powerful love potion in the world. It is distinctive for its mother-of-pearl sheen, and steam rises from the potion in spirals. Amortentia smells different to each person, according to what attracts them.” You’re a Ravenclaw. He’s a Slytherin. It’s Hallowe’en. And nothing tastes sweeter than revenge.",2017-03-06,5614.0,Teen And Up Audiences,F/M,Completed,Alternate Universe - Harry Potter Setting | Alternate Universe - Hogwarts | Alternate Universe - Magic | Amortentia | Enemies to Lovers | Fanfiction | Fluff | Magic | Magic-Users | Original Character(s) | Relationship(s) | Romance,Kim Taehyung | V/Reader,taehyung
https://golemlab.eu/graph/12800973,154,Interest,"“Then prove it.” “Prove what?” you questioned, sucking a bit of ice cream out of your spoon. “Prove that you’d dislike me even if you knew me. Be my friend for a month. If you like me at the end, you have to do something for me. If you dislike me, I’ll never bother you again,” he dared and his eyes lit up. or your regular 'bet you can't date her' fics but it's a bet with the girl",2017-11-23,21718.0,Mature,F/M,In-Progress,Alternate Universe - College/University | Frat Boy BTS | Idk what to tag this as | Waiter Kim Taehyung | V | also for just tagging got7 as an ensemble | in characters | kind of | y'all I lowkey feel guilty for tagging namjoon as rapmonster,Kim Taehyung | V/Reader,taehyung
https://golemlab.eu/graph/11559330,154,The B.P.P.,This is the sixth in a BTS OneShot Series based on a prompt list I ran across! TaeHyung's story is based on the prompt: We’ve had this tradition as besties to have a sleepover once a year but this year….it feels different…were your pajamas always this cute??…did I always have butterflies???,2017-07-20,6265.0,Mature,F/M,Completed,Fluff | Romance | Romantic Comedy | Romantic Fluff | Romantic Friendship,Kim Taehyung | V/Reader Series: BTS Bed Sharing Series [6],taehyung
https://golemlab.eu/graph/23125804,153,Silence (Yandere Taehyung x Reader),You've been defiant and Taehyung needs to put you back in your place,2020-03-13,2336.0,Mature,F/M,Completed,Abuse | Abusive Relationship | Black Eye | Domestic Violence | Physical Abuse | Reader-Insert | Stockholm Syndrome | Toxic Relationship | Violence | Yandere Bangtan Boys | BTS | kpopyandere,"Kim Taehyung | V/Reader, yandere!kim taehyung/reader, yandere!taehyung/reader",taehyung
https://golemlab.eu/graph/10993647,153,It's Just... What?,"She fell for him, and it hurt her, he would bring girls home night after night and after they left he would look at her and remark, “What? It was just sex.”",2017-05-25,15982.0,Not Rated,F/M,Completed,Childhood Friends | Friends With Benefits | Friends to Lovers | Love Confessions | Sex | Unrequited Love,"Kim Taehyung | V/Reader, Min Yoongi | Suga/Reader, Min Yoongi | Suga/You",taehyung
https://golemlab.eu/graph/12427155,151,My Hero | Kim Taehyung x Male Reader,"kim taehyung is seoul’s cockiest villain, and [y/n] is seoul’s hero. they both hate each other when they are in their uniforms, but are actually dorm mates that attend seoul’s finest art school.",2017-10-20,1358.0,General Audiences,M/M,Completed,BTS x Reader | Boy x boy | bts imagine | bts oneshot | bts scenario | bts x male reader - Freeform | cr: littlespace | kpop imagine - Freeform | kpop oneshot | kpop scenario | kpop x male reader | kpop x reader | male x male,"Kim Taehyung | V/Reader, kim taehyung | v/male reader",taehyung
https://golemlab.eu/graph/15410484,150,Come Out and Play!!! - Taehyung,Imagine! having a child with Taehyung,2018-07-24,1417.0,General Audiences,F/M,Completed,Established Relationship | Fluff | Pregnancy | Pregnant Reader | Reader Insert | SO MUCH FLUFF | Taehyung is a hyper prick | a daughter | bts v | but also a huge sweetheart and loves you | domestic life | v - Freeform | you have another kid,Kim Taehyung | V/Reader Series: Pregnant!ReaderxBTS [5],taehyung
https://golemlab.eu/graph/15321033,149,Greed,"You're a waitress at a strip club just trying to make a living, but Taehyung sees something more in you. However, he doesn't want anyone else seeing it. Kim Taehyung commits the third sin: greed.",2018-07-17,4779.0,Explicit,F/M,Completed,Drinking | Lap Sex | Pole Dancing | Rich Kim Taehyung | V | Seven Deadly Sins | Sex Club | Smut | Strippers & Strip Clubs,Kim Taehyung | V/Reader Series: Seven Deadly Sins [3],taehyung
https://golemlab.eu/graph/6833296,149,Queen,"A rich man in a suit, you trying so hard not to stare, dancing bodies gliding together, a bathroom you’re sure echoes. Or, Taehyung’s red hair covered his eyes and you’re his queen.",2016-05-12,4559.0,Explicit,F/M,Completed,Age Difference | Dom/sub | Oral Sex | Pet Names | Public Sex | Rough Sex | Smut | Spanking | Strangers | Teasing,Kim Taehyung | V/Reader,taehyung
https://golemlab.eu/graph/11046663,148,Control,You decide to try something different in the bedroom.,2017-05-30,4145.0,Mature,F/M,Completed,Dominant Reader | Handcuffs | Light Bondage | Slight Choking | Smut | Taehyung smut | dom!reader | kim taehyung - Freeform | sub!Tae | submissive Taehyung,Kim Taehyung | V/Reader,taehyung
https://golemlab.eu/graph/27649097,148,Strings,"You've always had the ability to see the strings of fate—all of them—all the colours, from other people's to your own. While getting ready for a BTS concert you notice that your red string has appeared and are surprised to see that it's connected to Kim Taehyung of BTS. Now you have to navigate your new life with your soulmate, BTS, and also work around the fans and the media.",2020-11-20,193447.0,Explicit,M/M,Completed,Alternate Canon | Alternate Universe - Idols | Alternate Universe - Soulmates | Anal | Anal Fingering | Anal Sex | Biting | Canon Compliant | Fluff and Smut | Gay | Gay Male Character | Gay Sex | Gratuitous Smut | No Beta | Not Beta Read | Oc Reader - Freeform | Oral Sex | Original Character(s) | Platonic Soulmates | Platonic Soulmates Kim Taehyung | V & Park Jimin | Reader knows Korean | Romantic Soulmates | Shameless Smut | Slice of Life | Soulmates | biting kink | male reader - Freeform,Kim Taehyung | V/Reader,taehyung
https://golemlab.eu/graph/17207480,147,Table for One,"After being cheated on by your boyfriend, you figure the only thing to cheer you up is some food from your favorite local diner. Only, they hired a new waiter and he's really hot- office sex ensues.",2018-12-29,4794.0,Explicit,F/M,Completed,? kinda | Cheating | Dirty Talk | Implied/Referenced Cheating | Jung Hoseok | J-Hope is a Good Friend | Penis In Vagina Sex | Public Sex | Rough Sex | Waiter Kim Taehyung | V | its mentioned like twice | side jikook - Freeform,"Kim Taehyung | V/Reader, Min Yoongi | Suga/Reader, yoongi cheats on you lol sorry",taehyung
https://golemlab.eu/graph/19103086,144,Source of heat,"You and your boyfriend Taehyung were getting ready for a night of movies and being cozy in bed, but as summer was turning into autumn and the windows had been left open in the room all day it had become too cold for movies and Taehyung had a better idea…",2019-06-05,3656.0,Mature,F/M,Completed,Cock Warming | Dirty Talk | Fingering | Keeping warm | Nipple Play | Pet Names | Rough Kissing | Rough Sex | Scratching | Smut | Squirting | Teasing | Top Kim Taehyung | V | Touching | a lot of dirty talk | big dick | cumming inside | rough | touching each other | under the covers | very dirty talk,Kim Taehyung | V/Reader,taehyung
https://golemlab.eu/graph/17624507,144,paradise 17,"“Welcome to Paradise 17, the immersive virtual reality of your most private fantasies. Please, to begin your pleasurable experience, click ‘proceed’ and pick your partner.”",2019-02-01,15091.0,Mature,F/M,Completed,Cock Worship | Dom/sub | Overstimulation | Smut | Spanking | Vibrators | Virtual Reality | Voyeurism | dom!taehyung | praising | theres also a mirror on the ceiling | this is a lot ok,Kim Taehyung | V/Reader,taehyung
https://golemlab.eu/graph/27166366,143,Table Talks,"After a string of bad dates and even worse hook-ups, your friend encourages you to visit Heavenly Massage for some well-deserved stress relief.",2020-10-23,7821.0,Explicit,F/M,Completed,Detailed massage | Explicit Language | Fingerfucking | Mildly Dubious Consent | Oral Sex | Talk of Sex Toys | Vaginal Fingering,Kim Taehyung | V/Reader,taehyung
https://golemlab.eu/graph/13254963,143,Lead,"If he leads, you will follow.",2018-01-03,524.0,Teen And Up Audiences,F/M,Completed,Alternate Universe - Vampire | Anxiety | Ball | Complicated Relationships | Dancing | Developing Relationship | Drabble | Human/Vampire Relationship | Vampire Kim Taehyung | V,Kim Taehyung | V/Reader Series: Vampire!Taehyung [2],taehyung
https://golemlab.eu/graph/23965888,143,Your Heart and Soul were Never Yours to Own,A demon named Taehyung is accidentally summoned during a séance and haunts you. WARNING ► non-con ► anal sex ► demonic possession,2020-05-02,5511.0,Explicit,F/M,Completed,Anal Fingering | Anal Sex | Demons | Dom/sub | Dominance | Edgeplay | Fingerfucking | Implied/Referenced Rape/Non-con | Incubus Kim Taehyung | V | Possession | Rough Sex | Shameless Smut | Smut | Supernatural Elements | Vaginal Fingering | Yoongi is an asshole | forgive me Father for I have sinned,Kim Taehyung | V/Reader,taehyung
https://golemlab.eu/graph/16322735,142,Only You...,"Idol Taehyung may know how to rack up the sex appeal on stage, but in real life, things couldn’t be any more different. As someone who has never been in a serious relationship before being with you -- and certainly has never had any sexual experiences, otherwise -- it’s really only a matter of time before things heat up between the two of you. OR The fic where Tae is a shy virgin and you're more than happy to enlighten him.",2018-10-17,19961.0,Explicit,F/M,In-Progress,"""small"" space | Aftercare | Angst with a Happy Ending | Birth Control | Cock Warming | Come Swallowing | Deepthroating | Dirty Talk | Dom/sub Undertones | Established Relationship | Explicit Consent | Finger Sucking | First Time Blow Jobs | Fluff and Humor | Hand & Finger Kink | Hand Jobs | Heavy Petting | Kim Taehyung | V is Whipped | Kim Taehyung | V is a Sweetheart | Kinda Protected Sex? | Long-Distance Relationship | Lube Is Everyone's Friend | Marking | Mentioned Jeon Jungkook | Mentioned Jung Hoseok | J-Hope | Mentioned Kim Namjoon | RM | Multiple Orgasms | My First Smut | Non-Virgin Reader | Oral Sex | Orgasm Delay | Other Additional Tags to Be Added | Paparazzi | Phone Sex | Pillow Talk | Praise Kink | Rough Body Play | Sex Education | Sexual Tension | Shameless Smut | Shy Kim Taehyung | V | Slow Build | Stan Twitter Is Practically A Whole Character | Subspace | Switch Kim Taehyung | V | Switch Reader | Tae makes jokes when he's nervous | Teasing | The Perfectly Knotted Bath Towel Also Deserves To Be Its Own Character | Touch-Starved | Vaginal Fingering | Virgin Kim Taehyung | V | because i really needed that in my life okay | but like slight | for a little bit - Freeform | hello yes it is i | is it obvious that I'm new around here | let me see now | lol | maybe kinda a little bit of | not even ashamed | quippy lil taekook mentions | she knows wtf she's doing okay | the fluffiest",Kim Taehyung | V/Reader,taehyung
https://golemlab.eu/graph/10601844,142,Penumbra,"Grey walls. Within them, two pairs of eyes face off. Behind the first, a deranged individual haunted by the shadows of insanity. Behind the second? Kim Taehyung.",2017-04-11,11413.0,Explicit,F/M,In-Progress,Additional Tags to Be Added | Also kinks | Angst | Dubious Consent | Eventual Smut | Graphic Violence | If y'all didn't catch on yet this contains murder and rape | Kidnapping | Nondescript mental illness | Ok very dubious consent | Picture Dope-era aesthetics for the boys | Serial Killer | SerialKiller!Taehyung | Smut | Take a shot every time Taetae calls her kitten | There's some swearing kids | Y/N is fucked up | everyone is fucked up | f/m - Freeform,"Kim Taehyung | V/Reader, Park Jimin (BTS)/Reader",taehyung
https://golemlab.eu/graph/18717019,138,between us || k.th,he thought he was sneaky when it came to touching himself while thinking about you or those puppy eyes would be the death of you,2019-05-05,2955.0,Mature,F/M,Completed,Anal Fingering | Femdom | Masturbation | Mommy Kink | Oral Sex | Smut | dom!reader | noona!reader | puppy kink | sub!taehyung | tae likes being called puppy fight me,Kim Taehyung | V/Reader,taehyung
https://golemlab.eu/graph/12280749,137,Stuck On You,"""I want you to take my virginity."" ""What the fuck did you ask me Kim Taehyung?""",2017-10-06,9436.0,Teen And Up Audiences,F/M,In-Progress,Bangtan smut | Kpop smut | Lots of sex jokes | Smut | bangtan boys - Freeform | bangtan sonyeondan - Freeform | bts smut | cringe worthy shit | first time smut | kim taehyung smut | kpop | virginity smut,Kim Taehyung | V/Reader,taehyung
https://golemlab.eu/graph/6801877,135,Crimson Kisses,He always enjoyed a good hunt.,2016-05-09,2213.0,Teen And Up Audiences,F/M,Completed,He's pretty evil | Mentions of Blood | Vamp!Tae,Kim Taehyung | V/Reader,taehyung
https://golemlab.eu/graph/11997300,134,little bunny,"""My beautiful baby bunny.""",2017-09-04,1026.0,Not Rated,F/M,Completed,Age Play Caregiver Kim Taehyung | V | Big sweater | CG/L | DDLG | His sweater | Little Reader | Master/Pet | Pet Play | Tutu | between oneone and threethree | cgl | daddy Taehyung | dd/lg | jk lmao tutu is a skirt | lol | lol arent i a genius | soft tae | theres tutu,Kim Taehyung | V/Reader Series: ❝requested fics❞ [3],taehyung
https://golemlab.eu/graph/24221248,134,Picture Perfect,"As a plus size model, you're used to your fair share of ignorance and shaming. By now, it's water off a duck's back; you're a strong woman, hardened to it. But then there were those on the other end of the scale, who simply adored you and your body. Much like photographer, Kim Taehyung...",2020-05-17,7792.0,Explicit,F/M,Completed,BBW Fetish | Body Worship | Consensual Sex | Derogatory Language | Fat Shaming | Manipulation | Oral Sex | Overweight | Size Kink | Spanking | Unprotected Sex | Vaginal Fingering | fatphobia | plus size reader,"Kim Taehyung | V/Reader, Kim Taehyung | V/You",taehyung
https://golemlab.eu/graph/21881608,134,Stray Cats,"Your next-door neighbor, Park Jimin, has had your attention for the past six months. Ever since moving into his building you’d been completely smitten, not that you had at all managed to say anything to him about it. Contact with your crush could be sometimes fleeting and most of your time spent together tended to be when the pair of you met up to feed the stray cats that loitered outside of your homes, particularly a tiny calico who you loved as much as the coming holiday season. When the sweet cat seemed determined to follow you to your apartment one day, you realized that she was near to bursting with kittens and Jimin, who seemed to have been avoiding you after an awkward misunderstanding, quickly becomes keen on being there to help. Was your mutual furry friend playing matchmaker or were you simply getting your hopes up?",2019-12-21,19192.0,Explicit,F/M,Completed,Cats | Christmas | Condoms | Dirty Talk | Face-Sitting | Fluff and Smut | Hand Jobs | Mild Kink | Mutual Pining | Praise Kink | Vaginal Fingering | Vaginal Sex | a very mild reference to the messiness of kittens being born | former friends-with-benefits tae | jimin is the sweetest bean | jimin isn't a sub so much as he's just immensely into pleasing his partner | jimin's got the hugest praise kink | jungkook and hobi are present only in brief mentions | reader is seriously a big fan of christmas,"Kim Taehyung | V/Reader, Park Jimin (BTS)/Reader",taehyung
https://golemlab.eu/graph/8528674,134,Fun and Games,Your boyfriend keeps begging you for a cat without realizing what keeping a pet at an apartment actually means. So you come up with a wonderful alternative!,2016-11-11,2540.0,Mature,F/M,Completed,Collars | Daddy Kink | Pet Play | Smut | kitten play | pet kink,Kim Taehyung | V/Reader,taehyung
https://golemlab.eu/graph/15818646,133,Love on the Line,"She met him online years ago and now they've picked up where they left off- but she never knew he was the famous V from BTS! Now that they're ready to meet in person and carry things to the next level, will his fame and busy schedule tear them apart?",2018-08-27,42377.0,Teen And Up Audiences,F/M,In-Progress,,Kim Taehyung | V/Reader,taehyung
https://golemlab.eu/graph/18860389,132,the new toy || k.th,the new boy looks like he’d be fun to play with or how to stop obsessing over your bully,2019-05-17,4720.0,Mature,F/M,Completed,Cutting | Femdom | Heats | Hybrid!AU | Hybrid!Tae | Masturbation | Role Reversal | Sadomasochism | Semi-Public Sex | Smut | degradation kink | dom!reader | royal!AU | sub!taehyung | there’s some blood | thigh riding,Kim Taehyung | V/Reader,taehyung
https://golemlab.eu/graph/11441739,132,Claustrophobia,"Your initial agenda was simply to reunite and spend quality time with your best friend after a long year of being apart, and it didn't include getting helplessly trapped within the suffocating confines of an elevator with a man you barely even knew - or so you thought.",2017-07-08,7394.0,Explicit,F/M,Completed,Dom Kim Taehyung | V | Drabble | Eventual Smut | Gratuitous Smut | Hotel Sex | Reader-Insert | Reader-Interactive | Romance | Shameless Smut | Smut,Kim Taehyung | V/Reader,taehyung
https://golemlab.eu/graph/19040401,131,Ultimatum,"With her life falling apart due to debt, she must lean on the support of a man who will reap much more than he sows.",2019-05-31,5722.0,Mature,F/M,Completed,BTS AU | Yandere BTS | Yandere Taehyung,Kim Taehyung | V/Reader,taehyung
https://golemlab.eu/graph/14848557,131,Ill Fitting,You and Taehyung had been friends as long as you could remember. But what you don't remember is falling in love with him... Dedicated to my bae QueenRamsia who is Taehyung trash. EXpoSeD.,2018-06-04,10189.0,Explicit,F/M,Completed,Best Friends | Friends to Lovers | Smut,Kim Taehyung | V/Reader,taehyung
https://golemlab.eu/graph/27691961,130,Vegas Baby,"You and Taehyung accidentally marry one drunken night. A slew of problems follow. One of them? Falling in love. I suck at descriptions, but it's a BTS!MafiaAU, hope you guys enjoy!",2020-11-24,54763.0,Not Rated,F/M,In-Progress,BTS Mafia AU | Kim Taehyung / Reader | Kim Taehyung/Reader Smut | Smut | Taehyung Mafia | bts - Freeform | mafia!au,Kim Taehyung | V/Reader,taehyung
https://golemlab.eu/graph/16680397,130,waterloo,"Taehyung is a famous but pessimistic art prodigy who doesn’t believe in love. You are an art student studying in Paris, who sees the world through rose colored lens and is a certified cheesy romance film enthusiast. And this is your love story. Or, “Well, it is the city of love. Maybe you just need to fall in love.“",2018-11-20,12926.0,Not Rated,F/M,Completed,Angst | Art Prodigy Taehyung | College student OC | Falling In Love | Fluff | Fluff and Angst | Kim Taehyung | V is Bad at Feelings | Mild Smut | Paris (City),Kim Taehyung | V/Reader,taehyung
https://golemlab.eu/graph/24775837,130,Tiger's Queen,"It's just another normal year. You are a hard working, 21 year old college student who is also helplessly in love with those Bangtan boys. With the help of your best friend Hannah, you get soundcheck seats for the upcoming BTS concert. Little did you know, this wasn't going to be just any other concert. Thanks to Kim Taehyung, the moment you walked into that stadium, your life would never be the same again.",2020-06-17,98516.0,Mature,F/M,Completed,Admiration | Angst | Awkward Boners | Banter | Behind the Scenes | Celebrations | Confessions | Crying | Drama | Drinking | Emotional Hurt/Comfort | Falling In Love | Fluff and Smut | Friendship | Guilt | Humor | Insecurity | Jealous Jeon Jungkook | Jealousy | Kissing | Love Triangles | Lust | Masks | Passion | Redemption | Romance | Secret Relationship | Secret dating | Slow Build | Stubbornness | Supportive Park Jimin (BTS) | Teasing | Touring | Travel | Trust Issues | Vulnerability | deep talks | scandals,Kim Taehyung | V/Reader,taehyung
https://golemlab.eu/graph/16000178,129,Underwater,"Your bad behaviour led you to stay the whole summer in your town of birth with your grandfather. The very first day, you went for a walk to the beach and had an encounter with a stranger that would change your whole life. ""Life is as inexorable as the sea."" -Thomas Wentworth Higginson",2018-09-15,36674.0,Mature,F/M,In-Progress,Enemies to Friends to Lovers | Eventual Smut | Fluff and Angst | Hate to Love | Merman! Taehyung | Rating: M | Sexual Tension | Slow Build | Slow Burn | Violence,Kim Taehyung | V/Reader,taehyung
https://golemlab.eu/graph/8173657,129,Baritone,"Tumblr request from anon - ""a girl is obsessed over this anime series and she meets the voiceover actor to her favourite character and she's like oh shit he's hot and things get a little steamy from there""",2016-10-01,4523.0,Mature,F/M,Completed,Alternate Universe | Cross-Posted on Tumblr | Dry Humping | Mild Smut | Reworked | Swearing | Tumblr Prompt | but not in detail | drink responsibly kids | jungkook's your best friend and he's a little shit | mentions of vomiting | my attempt at humour | voice actor!Taehyung,Kim Taehyung | V/Reader,taehyung
https://golemlab.eu/graph/32934100,129,By accident,"You just wanted to sleep after a very long night shift in the hospital. But it seems that’s not what fate has for you today. As you walk to the train station, a car accident takes place next to you. And being the dedicated nurse that you are, you decided that you need to help. What happens when one of those involved is none other than Kim Taehyung? And more shocking, when you touch him, you realize that he is your soulmate, and you would need him to keep yourself alive?",2021-07-31,42503.0,Teen And Up Audiences,F/M,In-Progress,Alternate Universe | Awkwardness | Cuddling & Snuggling | Developing Friendships | Platonic Soulmates | Romantic Soulmates | Soulmates | reader is a nurse | soulmates by touch,Kim Taehyung | V/Reader,taehyung
https://golemlab.eu/graph/26575336,128,Courting The Alpha,"You’d believed yourself to be the last of your kind and your future as a mateless Omega seemed unavoidable, until you meet a beautiful Alpha that doesn’t even know what he is.",2020-09-21,3084.0,Explicit,F/M,In-Progress,Alpha Kim Taehyung | V | Alpha/Beta/Omega Dynamics | Kim Taehyung | V is a Sweetheart | Mating Cycles/In Heat | Medical Inaccuracies | Nesting | Non-Traditional Alpha/Beta/Omega Dynamics | Omega Reader | Scenting | True Mates,Kim Taehyung | V/Reader,taehyung
https://golemlab.eu/graph/16934388,128,The Changing of Seasons,"The last thing you thought would enter your boring little carved-out-for-yourself life entered into it like booming of thunder. A small frightened animal turns out to be not so small, and not as much of an animal at that. He is more than you bargained for when you took him in; and he is completely yours.",2018-12-10,81258.0,Mature,F/M,In-Progress,Angst | Fluff | Hybrid AU | Hybrids | Shifter AU | Smut | Suggestive Themes | mentions of injury,Kim Taehyung | V/Reader Series: The Changing of Seasons [1],taehyung
https://golemlab.eu/graph/14745455,127,comeuppance.,"Revenge is so, so sweet. Taehyung x Reader",2018-05-26,3157.0,Explicit,F/M,Completed,Light Dom/sub | Proceed with caution | Smut | and some fluff if you count yeontan | ft. dom!tae | tae may come off as a touch aggressive at times so please,Kim Taehyung | V/Reader,taehyung
https://golemlab.eu/graph/19374664,127,The Fare,You've been stood up by a blind date and decide to take a cab home to lick your wounds in shame. Your driver has other plans.,2019-06-28,6823.0,Mature,F/M,Completed,Bad dates | Casual Tae | Consensual Sex | Driving | Forced Orgasm | Impulsive Sex | Oral Sex | Public Sex | Recreational Drug Use | Rubbing | Semi-Public Sex | Standing Sex | Stranger Sex | Strangers | Streetwise Tae | Taxis | Vaginal Fingering | blind dates | slightly rough sex,Kim Taehyung | V/Reader Series: Stumble Upon [2],taehyung
https://golemlab.eu/graph/10869417,126,Gamechanger,"The wealthy, the magnetizing and good-looking Park Jimin gets distracted by you at your work in the coffee shop. He offers you something you can't resist, and oddly just what you never thought you needed in such a timely manner.",2017-05-10,38240.0,Mature,F/M,In-Progress,Angst | Dom! Jimin | Fluff | Smut,"Kim Taehyung | V/Reader, Park Jimin (BTS)/Reader",taehyung
https://golemlab.eu/graph/22022875,126,Cheap Skate,"Granny Park’s Gossip: Who doesn’t know Taehyung and his lady? Cutest couple in town, I’d say, and have been since they started dating in their college days. Oh, that was a while ago, though. And still, they’re happy as can be in that place they have together. Almost hate seeing one without the other, y’know, it’s like seeing just one testi- oh, right, I’m not supposed to talk like that. Anyhoo, I only say that because I saw Taehyung at a jewelry store the other day while I was buying my sweet Jiminie his presents. Maybe that boy’s finally gonna pop the question, but I do hope he’s got a good plan for it. Something sweet and romantic. Maybe I’ll find out after Jiminie gets back from that cabin he’s visiting.",2019-12-29,25192.0,Explicit,F/M,Completed,Art Puns | Birthday Sex | Cum Eating | Cum Play | Cunnilingus | Dirty Jokes | Edging | FIND THE TURING TEST REFERENCE! | Hard Fucking | IUD talk | Jealousy | Jisoo the wise makes an appearance | Kim Taehyung: still the reigning king of lovemaking. | Light Spanking | Love Kink | Masturbation | Paint Kink | Pseudo Phone Sex | Rough Fingering | Squirting | Tae paints on y/n’s naked body | Tae wants a baby (sorry | Tannie is a cockblock | Tattoos | Unprotected Sex | a little bit of blood (like a very little bit | anxiety attack | cum talk | dirty talking | general hangriness lololol | gratuitous nipple play | impreg kink | just the kind that’s on your bandage after a fresh tattoo) | less soft doggy style | lots of sloppy romantic kissing | maybe a little size kink | mild face/throat fucking | more LOVE LOVE LOVE | more filthy missionary | more impreg kink | my obscene and all consuming Jeongguk thirst jumped out for a sec oops | needles mention | oral (male receiving) | pierced nipples | presyncope feelings described in detail | reader gets toaster strudeled | reader is an exhibitionist | return of the FAT COCK | sad angsty taehyung for a hot minute | saving water- wink wonk | so much fucking cum | soft fingering | soft fucking | soft missionary | sprained ankle :( | they are absolutely WHIPPPED smitten in LOVE with each other its borderline disgusting | they’re so soft at each other i s2g | you’ll see),Kim Taehyung | V/Reader Series: The Snowball Effect [5],taehyung
https://golemlab.eu/graph/21001760,125,spectacles || k.th,you wearing glasses = horny taehyung,2019-10-12,4877.0,Mature,M/M,Completed,Bottom!Taehyung | Deepthroating | Hyung Kink | Oral | Public Sex | Smut | Top!Male!Reader | a little cum eating | lets count how many times i used ‘hyung’ | male!reader | puppy kink | taehyung x male!reader,Kim Taehyung | V/Reader,taehyung
https://golemlab.eu/graph/17674412,125,Power Up,"In all of your time frequenting your town's local arcade. Your high scores have never been beaten, until they're all threatened at once. Enter Kim Taehyung, a video game casanova that even you find yourself falling victim to.",2019-02-09,6849.0,Explicit,F/M,Completed,Degradation | Dirty Talk | Exhibitionism | Hate Sex | Humiliation | Penis In Vagina Sex | Public Sex | Rough Sex | Semi-Public Sex | Verbal Humiliation | kind of? | side yoonkook,Kim Taehyung | V/Reader,taehyung
https://golemlab.eu/graph/22980526,125,Like Real People Do,"After a little over a week of restless nights due to touch starvation, you finally confess your problem to your friend and co worker Kim Taehyung who offers to help.",2020-03-02,3648.0,Mature,F/M,Completed,Alternate Universe - Not K-Pop Idols | Co-workers | Consent | Couch Cuddles | Couch Sex | Dry Humping | Dry Orgasm | Fluff | Fluff and Smut | Friends to Lovers | Kinda | Kissing | Making Out | NSFW | NSFW themes | Netflix and Chill | Praise Kink | Sleep Deprivation | Smutty | Touch-Starved | but not really | kind fluffy | little bit of praising | talking in tags | yeotan shows up to say hi,"Kim Taehyung | V/Reader, Kim Taehyung | V/You",taehyung
https://golemlab.eu/graph/13254978,125,Follow,"Where you lead, he will follow.",2018-01-03,393.0,Teen And Up Audiences,F/M,Completed,Alternate Universe - Vampire | Complicated Relationships | Human/Vampire Relationship | Slow Dancing | Vampire Kim Taehyung | V,Kim Taehyung | V/Reader Series: Vampire!Taehyung [3],taehyung
https://golemlab.eu/graph/10866894,125,Glow,Taehyung is completely enraptured by the way the light makes your skin glow and can’t resist the urge the feel the beauty of it against his fingertips.,2017-05-09,1864.0,Explicit,F/M,Completed,Cross-Posted on Tumblr | Explicit Language | Explicit Sexual Content | Fluff and Smut | Morning Sex | Plot What Plot/Porn Without Plot | boyfriend taehyung | that's all there is to it,Kim Taehyung | V/Reader,taehyung
https://golemlab.eu/graph/13255008,124,Homesick,(But how can he miss something he's destroyed?),2018-01-03,188.0,Teen And Up Audiences,F/M,Completed,Alternate Universe - Vampire | Homesickness | Human/Vampire Relationship | Mild Hurt/Comfort | Vampire Kim Taehyung | V,Kim Taehyung | V/Reader Series: Vampire!Taehyung [4],taehyung
https://golemlab.eu/graph/22863004,124,Purple People Eater,"“Oh, no, no. We don’t want you to feel that way sweets.” You start shaking, dread filling your body with an icy hot feeling that is shooting you and down your spine. Little fangs poke out of his lavender lips as he grins a boxy grin, stroking your face with the back of his clawed, furry hand. “I’m your friend, remember?”",2020-02-23,2612.0,Mature,F/M,Completed,Aliens | Cannibalism | Implied/Referenced Sexual Assault | Kidnapping | Naked Men | Potential Murder | Yandere | Yandere Taehyung | adult-napping | alien mind and spacial manipulation | being groped | non consensually | potential torture | purple aliens | set in the 1950's | unwanted and noncompliant medical procedures,"Kim Taehyung | V/Reader, Kim taehyung x reader - Relationship, Taehyung x Reader, V x Reader",taehyung
https://golemlab.eu/graph/21276263,123,Like I Can,"Through a chance encounter of circumstance, Taehyung came into your life like a mantra. His mind was entranced with you, wanting to give you nothing more than his mind, his heart and soul. And even though another lover has hold of your hand, Taehyung was going to show you, that your other lover could never love you like he can.",2019-11-02,10159.0,Mature,F/M,Completed,Alternate Universe - College/University | Based on a Sam Smith Song | College AU | Come Kink | Derogatory Names | Dirty Talk | Non-Consensual Voyeurism | Obsession | Oral Sex | Original Character(s) | Original Female Character(s) - Freeform | Originally Posted on Tumblr | Possessive Behavior | Possessiveness | Rape/Non-con Elements | Reader-Insert | Sex | Sexual Content | Sexual Harassment | Slut Shaming | Smut | Stalking | Unprotected Sex | Vaginial Sex | Voyeurism | Yandere | Yandere Themes | bashing economics | cum kink,"Kim Taehyung | V/Reader, Park Jimin (BTS)/Reader",taehyung
https://golemlab.eu/graph/21674179,123,A crow without wings,"❧ AU: [Demon!Taehyung] The road construction forced you to walk through the graveyard near you place in order to get home. At first it was uncomfortable and you’d hurry along the path, but eventually you noticed a lonely crow that lived in the graveyard and walking home became less uncomfortable knowing you had a friend watching you… But turns out this crow wasn’t really what you had expected….",2019-12-04,5847.0,Mature,F/M,Completed,Angst | Dark | Demon Kim Taehyung | V | Demon Sex | Smut | Top Kim Taehyung | V,Kim Taehyung | V/Reader,taehyung
https://golemlab.eu/graph/27423751,123,infamous,"You would rather die than to have someone figure out about your sexual escapades with Local Fuckboy, Kim Taehyung. It was an ego thing.",2020-11-06,12468.0,Explicit,F/M,Completed,Alternate Universe - College/University | Bathroom Sex | Blow Jobs | Breast Play | Deepthroating | Dirty Talk | Party | Secret Relationship | Smut | Switch Kim Taehyung | V | Unprotected Sex | Use protection | Vaginal Fingering | fuckboy taehyung | fuckboy!au,Kim Taehyung | V/Reader,taehyung
https://golemlab.eu/graph/10946688,121,In Your Arms Tonight {Kim Taehyung x Reader},"After not seeing your boyfriend since he left on tour, he finally came back and slept over at your house. Many cuddles and late night conversations. Much Fluff as well.",2017-05-19,1045.0,Not Rated,F/M,Completed,Reader-Insert | Reader-Interactive | Touring | XReader,Kim Taehyung | V/Reader,taehyung
https://golemlab.eu/graph/29358483,121,His Princess,He was obsessed with you and you were curious about him. He only saw you and he was determined to have His Princess in his arms. !!!*I would like to preface that this story is fiction and while I don't believe that any of the boys would act like this in real life it is how they are portrayed in this story. If you don't like the way I have portrayed the boys then please don't read.*!!!,2021-02-11,18187.0,Explicit,F/M,In-Progress,Alternate Universe | BDSM | Blindfolds | Blood and Gore | Blood and Violence | Bondage | Consensual Sex | Daddy Kink | Dom/sub | Exhibitionism | Explicit Sexual Content | Gun Kink | Gun Violence | Kidnapping | Knifeplay | Murder | Protective Kim Taehyung | V | Psychotic Kim Taehyung | V | Rough Oral Sex | Shower Sex | Stalking | Stockholm Syndrome | Temperature Play | Vaginal Fingering | Vaginal Sex | Wax Play | Yandere Kim Taehyung | V,Kim Taehyung | V/Reader,taehyung
https://golemlab.eu/graph/20994467,121,Painting Idyll,"When life gets in between Taehyung and picking his little girl up from school on time, there's nothing like having her favourite teacher show him his daughter's drawings to reassure him about both the good parenting he has been doing and just how much the infant loves him.",2019-10-12,3111.0,Not Rated,F/M,Completed,Fluff | Fluff and Angst | Single parent Taehyung | Teacher Reader | non-idol!au,"Kim Taehyung | V/Reader, Kim Taehyung | V/You",taehyung
https://golemlab.eu/graph/29616696,120,play date,"There was no one else in the world that you’d proudly call your partner in crime other than Kim Taehyung, and you could always trust him to come to your rescue and save the day. So what happens when you’re in dire need of a sweet release from the same man you call your best friend?",2021-02-21,9976.0,Explicit,F/M,Completed,69 (Sex Position) | Cockwarming | College AU | Dirty Talk | Dom Taehyung | Literally Just Pure Smut | Marking | Oral Sex | Orgasm Denial | PWP with feelings | Penetrative Sex | Praise Kink | Switch OC | Teasing | Vaginal Fingering | dom/sub themes | friends to lovers au | handjob | heavy pet names | mostly sub oc | pure filth | thigh riding,"Kim Taehyung | V/Reader, Kim Taehyung | V/You",taehyung
https://golemlab.eu/graph/12707796,120,Beautiful,"You don't quite know how you got here or what's going on, but there's a man on his knees in front of you, and as you frown and try to figure out where you are, you notice that the chair you're sitting in is really nice. The man says something that you don't understand, and you say, ""What?"" He makes a face, and you reflect that he's incredibly beautiful. His hair is messy in a way that's really just pretty, and his lips are, frankly, distracting. ""V,"" he says, pointing at himself, and you tell him, ""You're beautiful."" He ducks his head in embarrassment and laughs. "" You're beautiful,"" he counters, and asks, ""Name?"" --- basically what happens is you're in a place and there's a fancy chair and v calls you beautiful? also dick sucking. first x reader fic",2017-11-13,710.0,Explicit,M/M,Completed,Blow Jobs | Language Barrier | Praise Kink,Kim Taehyung | V/Reader,taehyung
https://golemlab.eu/graph/9606137,119,Thursdays,It's thursday ;),2017-02-06,2216.0,Mature,F/M,Completed,Clit teasing | Eating out | Oral | Smut | Spanking | Stripping | Taehyung smut | a lot of touching grabbing and kissing | lowkey animalistic | top tae,Kim Taehyung | V/Reader,taehyung
https://golemlab.eu/graph/20373223,119,Promise,"[Art History Professor!Taehyung] You’re a university student, a good student too. But especially good when it comes to your favorite class… The class Taehyung teaches. Taehyung is the young genius professor, looks good, is good and who everyone thinks good of… desirable to say the least. But there’s a secret. A secret you know and he knows. But it’s only your secret. A secret that only brings trouble, jealousy and heart ache. Taehyung hates it and he’s had enough…",2019-08-24,20177.0,Mature,F/M,Completed,Angry Sex | Angst and Fluff and Smut | Angst and Smut | Declarations Of Love | Fighting | Jealous Kim Taehyung | V | Paris (City) | Power Bottom Kim Taehyung | V | Secret Relationship | Secrets | Teacher Kim Taehyung | V | Teacher-Student Relationship | Top Kim Taehyung | V | multiple smut | professor taehyung,Kim Taehyung | V/Reader,taehyung
https://golemlab.eu/graph/23812852,119,FOUR,in which the reader lives next door to taehyung… and his three brothers. she doesn’t realize they’re quadruplets until it’s just a little too late. . . . The Kim Quadruplets: Mic Drop!Tae as “V” Boy With Luv!Tae as “Vante” Pied Piper!Tae as “Hansung” ON!Tae as “Taehyung”,2020-04-24,7389.0,Mature,F/M,Completed,Alternate Universe - Coffee Shops & Cafés | Alternate Universe - Neighbors | Bondage | Brothers | Eventual Smut | Fluff and Smut | Four Taehyungs | Polyamory | Smut | quadruplets,Kim Taehyung | V/Reader,taehyung
https://golemlab.eu/graph/17274062,118,third time's the charm,"The first time you run into your ex-boyfriend, Kim Taehyung, it's 10 a.m., and you're at the cafe down the road. The second time, it’s after three months, and you bump into him because you're laughing at something your friend says. Unfortunately, they say these things happen in three’s.",2019-01-02,4630.0,Explicit,F/M,Completed,Angst | Deepthroating | Dirty Talk | Oral Sex | Size Kink | Smut,Kim Taehyung | V/Reader,taehyung
https://golemlab.eu/graph/14409429,117,Watch me,"You and Taehyung had finally become a couple after a significant time as friends. The two of you set off for a weekend get-away, but during the night you caught him in the act and from there things took a turn…",2018-04-23,3896.0,Mature,F/M,Completed,Biting | Exhibitionism | First Time Together | Fluff | Fluff and Smut | Hair Pulling | Masterbation | Smut | Taehyung smut | bts smut | fight for dominance | rough,Kim Taehyung | V/Reader,taehyung
https://golemlab.eu/graph/7497177,117,Elements,"(Jimin x Reader) + (Taehyung x Reader) AU: In this universe, the people are born in to elements, fire, earth, water or wind. When the elements are combined, extraodrinary things can happen. You were born in to the element of fire, known as extremely confident and passionate. Your best friend is a son of air and you’re friend with benefits with a son of earth, both curious to try the combinations of fire and earth. But as a hurricane pulls in over the country, the best friend manages to get done what he has always wanted to do for so long... Kinks: Knife play. Fire play, Temperature play, clothes ripping, wax, spanking, cock rings, female dom, female sub. Sub-Tae, Dom-Jimin, Oral, walls, grinding, riding, ‘Power’ play, Daddy kink, rewards, hickeys.",2016-07-15,4355.0,Explicit,F/M,Completed,Angst | Cock Rings | Daddy Kink | Dom Jimin | Elements | Fire | Fire play | Grinding | Hickeys | Knife Play | Knives | Oral | Power Play | Praise | Rewards | Riding | Smut | Spanking | Sub Taehyung | Temperature Play | Wax | female dom | female sub | male dom | male sub | walls,"Kim Taehyung | V/Reader, Park Jimin (BTS)/Reader",taehyung
https://golemlab.eu/graph/9606257,117,Departure,"On your way to the airport your boyfriend has been beyond distant, distracted in his own thoughts and mind ever since the taxi picked you up at home. But what exactly was he thinking about? Worried, you asked him about it only to be dragged in to the nearest toilet at the airport right before your flights due time…",2017-02-06,1891.0,Mature,F/M,Completed,"""sssh"" | Against the Wall - Freeform | Biting | Fingering | Fluff | Fluffy Ending | In Public | Orgasm Denial | Taehyung smut | airport | neck kisses | needy tae | quicky | rough | walls",Kim Taehyung | V/Reader,taehyung
https://golemlab.eu/graph/13670229,116,The Devil Inside,"I was not thrilled about transferring colleges in the middle of a semester, but I didn't have much choice. I wound up at a school where everybody worshipped a group of gorgeous guys. They all seemed like womanizers and we're nothing but trouble. But one of them didn't fit in with the group, he had the face of an angel and was as sweet as could be. But what happens when this angel has a dark side? What happens when that dark side comes out to play?",2018-02-13,43608.0,Explicit,F/M,Completed,Alternate Ending | Anger Management | Heartache | Kim Taehyung | V-centric | Kpop fanfic | Kpop smut | Smut,"Kim Taehyung | V/Reader, Min Yoongi | Suga/Reader",taehyung
https://golemlab.eu/graph/19949074,115,Growl,"Clearing his throat, he tries again, gaze intense. His eyes are about to fall out of his skull with the power of his attempt at a telepathic message to his friend. “Come on, Jimin. Ask me. You know what? I’ll help you. I pick dare.” A sly glint of amusement pulls at the edge of Jimin’s mouth, his tongue darting out to wet his lips. You look back and forth between the two of them, not sure what was happening but sure as hell knowing it was going to be nothing be trouble. “I dare you to sing a song that shows off your best growling for our girl here,”",2019-07-24,4605.0,Explicit,F/M,Completed,Alcohol | Blow Jobs | But a soft demon | Come Swallowing | Cussing | Dirty Talk | Heavy Petting | Karaoke | Kim Taehyung is also a Demon | Kim Taehyung | V is a Little Shit | Oral Sex | Park Jimin being an instigator | Public Blow Jobs | Semi-Public Sex | Seokjin being a whole mood | cliche use of truth or dare,"Kim Taehyung | V/Reader, Kim Taehyung | V/You",taehyung
https://golemlab.eu/graph/10967889,115,Like Pieces of Glass That We Can't Turn Back,"Laying on the kitchen floor was the most attractive person that you have ever seen, all tan skin and nice blonde hair. He was talking to himself in a loud, high pitched -feminine?- voice, over the muffled sound of Beyoncé’s 'I Woke Up Like This' coming from the open door of what you assumed to be their bedroom. To make matters worse, he was half naked wearing only bright red boxer shorts, purple Hello Kitty slippers, and a Burgerking crown on top of his bleached head. You can't really hear what he's saying but you assume its quite dramatic by the way he's holding his hand out, reaching for something desperately that he just barely can’t grasp. You think he could be quoting Shakespeare but you’re not too sure. - or you meet jmin's roommate and it's downhill from then on",2017-05-22,8599.0,Teen And Up Audiences,Multi,Completed,Alternate Universe - College/University | Anxiety Attacks | Fluff and Humor | Gender-Neutral Pronouns | Light Angst | Reader-Insert | Social Anxiety | the yoonmin implied its me lowkey ghost thirsting after yoongi thru jimin | youre both art students but its not mentioned more than like twice,"Kim Taehyung | V/Reader, implied yoonmin",taehyung
https://golemlab.eu/graph/6416566,114,Pour Down on Me,"Taehyung is slow to rise in the mornings, but you use your wiles to lead him into the shower with you.  Of course, he'll be seeking justice for your teasing, and you're eagerly anticipating what he has in store.",2016-03-31,2802.0,Mature,F/M,Completed,Shower Sex | Smut,Kim Taehyung | V/Reader,taehyung
https://golemlab.eu/graph/33053092,114,Petal,"In all your years of living, you don’t think you’ve heard Kim Taehyung speak a word to you, yet you can’t remember a time he was absent from your life. It was best for you both to ignore the soulmate bond, the world knew who he was, the leader of the Kim Crime Syndicate. As much as it hurt to pull the red string of fate taunt, the pain was better than the alternative. Mafia + soulmate au",2021-08-05,10794.0,Not Rated,F/M,Completed,Alternate Universe - Soulmates | BTS Mafia AU | BTS Soulmate AU | BTS fluff | Kim Taehyung | V & Park Jimin are Best Friends | Mafia Kim Taehyung | bts angst | kim taehyung au | soulmate kim taehyung,"Kim Taehyung | V/Reader, Kim Taehyung | V/You Series: Petal Universe [1]",taehyung
https://golemlab.eu/graph/12282213,113,Show & Tell,"Virgin!Tae & Virgin!Reader // Both of you are ready to go all the way but the lack of confidence is holding Taehyung back to engage when you’re more than ready. Contains: Dirty talk (!!!), Rough (!), Masturbation (T), subtle strip teasing, grinding, oral (giving+recieving),ear nibbling, nipple action (!!), biting, PROTECTION and of course… cum, a lot of it. This fic switches between dom/top!Tae and dom/top!Reader.",2017-10-06,3546.0,Mature,F/M,Completed,Biting | Dirty Talk | First Time | Masturbation | Nipple Play | Oral | Protected | Protection | Smut | Strip Tease | Taehyung smut | Teasing | Top Kim Taehyung | V | Virgin Kim Taehyung | V | bts smut | cum | ear nibbling | nipple action | rough,Kim Taehyung | V/Reader,taehyung
https://golemlab.eu/graph/25242553,113,Let Love Be Enough,"On the day of your daughter’s wedding, you can’t avoid Taehyung.",2020-07-13,9499.0,Explicit,F/M,Completed,Angst | Angst with a Happy Ending | Cheating | Crying During Sex | Emotional Hurt/Comfort | Emotional Sex | Infidelity | Reunion Sex | Smut | ex-husband!tae,"Kim Taehyung | V/Reader, Kim Taehyung | V/You",taehyung
https://golemlab.eu/graph/24243217,112,Rockabye,"With the sting of your divorce renewed by the winter chill in the air, you certainly weren’t looking for anything like love this Christmas. But even flowers can blossom from deep within the snow.",2020-05-18,8935.0,Explicit,F/M,Completed,Alcohol | Alternate Universe - Flower Shop | Angst | Assault | Fluff | Physical Abuse | Post-Divorce | References to Drugs | Single Parents | Swearing | Verbal Abuse,Kim Taehyung | V/Reader,taehyung
https://golemlab.eu/graph/21431560,112,Tangents,"You’re stuck partnering on a presentation with resident stoner Taehyung. When you go over to his frat house to work on it, you meet his roommate Yoongi – and realize they both have more to them than meets the eye.",2019-11-14,5924.0,Explicit,F/M,Completed,Alternate Universe - College/University | Excessive reference to ballcaps | Exhibitionism | Frat Boy Yoongi | Voyeurism | frat boy taehyung | mild use of weed and alcohol,"Kim Taehyung | V/Reader, Min Yoongi | Suga/Reader",taehyung
https://golemlab.eu/graph/13211697,112,Let Me Love You. | [ Neko! Kim Taehyung x Reader ],"[ Title makes it seem cringe worthy, but believe me, it's not that bad. ] in which you get a pet cat for christmas, but little did you know this cat was actually half human...",2017-12-31,2914.0,Teen And Up Audiences,F/M,In-Progress,Angst | Cute Kim Taehyung | V | Depression | Drama | Eventual Smut | Fluff | Love | References to Depression | Smut | neko | possessive,Kim Taehyung | V/Reader,taehyung
https://golemlab.eu/graph/15390252,111,Colors,"You’d been a fan of BTS for a long time, and you dreamed of someday meeting them- especially Taehyung. Something about him made you feel different. You had assumed it was just a crush... — AU where you and your soulmate’s skin momentarily turn a different color upon your first touch.",2018-07-22,4108.0,Teen And Up Audiences,F/M,Completed,Fan Meet | Fansign | Fluff | Kisses | Namjoon is a good friend | Romance | Soulmate AU | Soulmates | Steamy kisses owo | Tae is soft !! | getting to know eachother,Kim Taehyung | V/Reader,taehyung
https://golemlab.eu/graph/21493558,111,The Magic Touch,"Taehyung is out to prove that he can be just as good as any vibrator, his magic more powerful and more enticing then anything battery operated.",2019-11-19,756.0,Explicit,F/M,Completed,Alternate Universe - Modern with Magic | Dirty Talk | Hair-pulling | He is better then the vibrator | Misuse of powers | Multiple Orgasms | Nipple Licking | Pet Names | Rough Sex | Squirting | Taehyung becomes a human vibrator | Taehyung is a warlock | Vaginal Fingering | Vaginal Sex | Warlocks,Kim Taehyung | V/Reader Series: Bangtan Monster Mash [6],taehyung
https://golemlab.eu/graph/16193780,111,All Hallows,"You’ve left behind civilization to live in a cabin alone in the woods. A friendly fox begins to spend every day with you, providing a comfortable companionship you’d been missing. But what happens when All Hallows comes and what you thought was reality turns out to be something you’d never dreamed of?",2018-10-04,4850.0,Explicit,F/M,Completed,Kitsune | Mating Bites | Smut,Kim Taehyung | V/Reader Series: Myths Come to Life [1],taehyung
https://golemlab.eu/graph/38901243,110,Free Use,What happens when your long term crush Taehyung agrees to be your dom?,2022-05-10,7801.0,Explicit,F/M,Completed,Dirty Talk | Dom Taehyung | Dom/sub relationship | Free Use Kink | Smut | Taehyung smut | bts smut,Kim Taehyung | V/Reader,taehyung
https://golemlab.eu/graph/23133790,110,The Fairy Shirt,"Taehyung has been a massive flirt for as long as you've known him, but what happens when he finally drops the facade? or Reader is mad thirsty for Kim Taehyung and will deny it for the rest of their life.",2020-03-13,9514.0,General Audiences,F/M,Completed,Flirty Kim Taehyung | V | Fluff | Jeon Jungkook is a Little Shit | Kim Taehyung | V is Whipped | Kim Taehyung | V is a Little Shit | Mutual Pining | Reader-Insert | Teacher Kim Taehyung | V,Kim Taehyung | V/Reader,taehyung
https://golemlab.eu/graph/24543397,109,Priestess & Serpent,"When he was born, Prince Taehyung was marked as the Serpent King’s Descendant with the mark of scales on his chest to prove it. As he grew up, he was appointed a playmate who would soon be training in the royal shrine as a maiden because of her unusually large spiritual power. They were pronounced engaged when Taehyung was just shy of his teenage years by royal command and he did nothing to fight the arrangement.  Now, you’re a grown woman and head of the shrine as the Center Priestess and devotee to the shrine and royal family with a heart filled almost too full of love for your future husband-to-be. When the wedding is announced and a ball is held in an advanced celebration you wonder, does your fiancé really want to marry you? Or is he just following his father’s royal orders? You don’t know what your heart can’t take more: the idea of being rejected and unloved, or never knowing the true feelings of Prince Taehyung’s heart.",2020-06-04,16639.0,Teen And Up Audiences,F/M,Completed,Heartache | Insecurity | Prince Taehyung | Slow Burn | arranged married | brief mention of violence/death | obvs religious themes | past kidnap attemps | priestess reader | royal au | serpent prince taehyung | taehyung cries oops | taehyung is also the most devoted boy to ever devote | y/n loves too much it hurts,Kim Taehyung | V/Reader,taehyung
https://golemlab.eu/graph/17231795,109,Dick on the go,"It was all shits and giggles when you and Taehyung were desperate seniors in High School, having no idea what to do with your lives, wondering if you’d ever find a decent job or even graduate in the first place. It is not so funny anymore when you come home from the big city to enjoy your vacation time and you find his sex-shop right in front of the house you grew up in when you were a kid. “If nothing works out I’m just gonna open a sex shop and call it something obnoxious like ‘Dick on the Go’ or something with a stupid zucchini logo flashing on top of the building.” He had said one time. Shit, you had no idea he actually meant it.",2018-12-30,19696.0,Explicit,F/M,Completed,Crack | Smut,Kim Taehyung | V/Reader,taehyung
https://golemlab.eu/graph/8173939,109,Serein,Your best friend Taehyung comes crashing into your life one day and boy is he cute.,2016-10-01,6460.0,General Audiences,F/M,Completed,Alternate Universe | Best Friends | Fluff | Happy Ending | Mild Angst,Kim Taehyung | V/Reader,taehyung
https://golemlab.eu/graph/24051505,108,Jazzy Romance [BTS V - KIM TAEHYUNG - SMUT +18],"One shot inspired by Spotify's playlist ""Jazzy Romance"". Taehyung is reserved and classy, but beneath that persona there is a wild desire for the unknown.",2020-05-07,3383.0,Explicit,F/M,Completed,Denial of Feelings | Noona Kink | Smut | Submissive Character | dominant female,Kim Taehyung | V/Reader,taehyung
https://golemlab.eu/graph/33048325,108,"because of you, blue","Nearly a year out from your breakup with Taehyung, Jin begs you for help saving his failing restaurant. The two of you aren’t exactly friends, but you feel some stupid sense of obligation and, really, what’s the worst that could happen? (or, the one where jin might commit a crime in the name of love.)",2021-08-05,52181.0,Explicit,F/M,Completed,Alternate Universe - Not K-Pop Idols | Artist!Reader | Breakups & Heartbreak | Eventual Smut | Exes to Lovers | Fluff and Humor | Hurt/Comfort | Jeon Jungkook is a Little Shit | Jeon Jungkook is everyone's favorite himbo stoner | Kim Seokjin is a master manipulator (in a good way) | Kim Seokjin | Jin is So Done | Light Angst | Oral Sex | Porn with Feelings | Recreational Drug Use | Swearing | Talks of Being Broke | Vaginal Fingering | Vaginal Sex | idiots to lovers | photographer!taehyung,"Kim Taehyung | V/Reader, Kim Taehyung | V/You",taehyung
https://golemlab.eu/graph/8768062,108,Personalism,"""I'm going to miss you, Noona."" Taehyung mentions again, moving to set the cotton ball aside and rip out some gauze, ""I'm going to miss doing errands for you, having lunch with you, spending time with you..."" He pauses to remove the covering of the gauze to wrap around your finger, ""I'm going to miss walking you to the doors, walking beside you, walking everywhere with you. I'm going to miss you being beside me, Noona.""",2016-12-06,8036.0,General Audiences,F/M,Completed,Alternate Universe - Robots & Androids | Android Taehyung | Angst | Angst with a Happy Ending | Fluff | Fluff and Angst | Futuristic | Reader is a Noona | android!au,Kim Taehyung | V/Reader Series: Android!BTS [3],taehyung
https://golemlab.eu/graph/10659252,108,Helping Hand,You wake up from a dream with an ache between your legs and Taehyung is more than willing to lend a helping hand.,2017-04-18,3694.0,Mature,F/M,Completed,Masturbation | Multiple Orgasms | Oral Sex | PWP without Porn | Smut,Kim Taehyung | V/Reader,taehyung
https://golemlab.eu/graph/4228053,108,Travels,Tourism and traveling is completely different. You find amazing things when you go to the core of a country.,2015-06-28,1128.0,General Audiences,F/M,Completed,Reader-Insert | farmer!v | middle of freaking no where korea,Kim Taehyung | V/Reader,taehyung
https://golemlab.eu/graph/19221022,107,Moonlit: Kim Taehyung,,2019-06-15,5559.0,Teen And Up Audiences,F/M,Completed,Arrange Marriage | Love | Prince x Princess | Taehyung prince | prince AU,Kim Taehyung | V/Reader,taehyung
https://golemlab.eu/graph/21241727,106,Harvest Moon,"Werewolf!Taehyung x Reader: You live a normal life, in a normal little town, but it’s the Wolf-Harvest Festival, and the moon is full.",2019-10-30,3408.0,General Audiences,F/M,Completed,Alternate Universe - Werewolf | Halloween | Werewolf Mates | Werewolves,Kim Taehyung | V/Reader,taehyung
https://golemlab.eu/graph/26425552,105,Devotion,Taehyung gives 100% in everything that he does. Especially when it comes to showing you how much he loves you.,2020-09-12,1545.0,General Audiences,F/M,Completed,Drabble | Fluff | Mafia AU | You save Tae from a knife and he’s forever grateful.,Kim Taehyung | V/Reader,taehyung
https://golemlab.eu/graph/14893991,105,Twelve Years,Best friends make the best lovers.,2018-06-10,1075.0,Mature,F/M,Completed,Fluff | Friends to Lovers | Implied Sexual Content,Kim Taehyung | V/Reader,taehyung
https://golemlab.eu/graph/14210811,105,fireflies,"“There’s no hope for people like us, sweetheart. We’re destined to fall in love a thousand times, and have our hearts broken in each one of them. We might as well be miserable together.”",2018-04-04,21033.0,Mature,F/M,Completed,Alternate Universe - College/University | Angst | College AU | Fluff | Punk AU | Smut | intense talks abt love | punk!taehyung,Kim Taehyung | V/Reader,taehyung
https://golemlab.eu/graph/18101963,105,"Hey There, Roomie",The sexual tension between you and your roommate is finally acted upon.,2019-03-13,2178.0,Explicit,F/M,Completed,Alternate Universe - Roommates/Housemates | Dirty Talk | Humiliation | Masturbation | Sex toy? | Voyeurism | exhibitionsm,Kim Taehyung | V/Reader,taehyung
https://golemlab.eu/graph/24433096,104,Morning Cuddles,A morning spent with needy Tae.,2020-05-29,1938.0,Explicit,F/M,Completed,Dirty Talk | Morning Sex | Smut,Kim Taehyung | V/Reader,taehyung
https://golemlab.eu/graph/13023429,104,Star Crossed,"Growing up, Taehyung keeps dreaming of a woman from the Joseon Era, who he happens to be in the her lover’s role. He almost becomes insomniac because he’s fearful of these dreams since he eventually dies in them. However, it all changes when he meets her, in which is you.",2017-12-15,10829.0,Not Rated,F/M,Completed,Angst | Fluff | bts are worried for taetae | dreaming of the past | historical!AU | kinda minor death? | modern!AU | star-crossed lovers,Kim Taehyung | V/Reader,taehyung
https://golemlab.eu/graph/16145417,104,Freak,"Your crush on your best friend was obvious and so was his. But as you took the next step together things turned out completely different. An accident caused an unbreakable bond and you found out about the secret he had kept from you for so long. A secret that put you in danger, forcing you to run away with him. But the bond brought with it more than you both thought… To put it charmingly, your blood thirsty lover was thirsty for far more than just blood and the world you once knew turned into something completely different. TW: Explicit sexual content, graphic violence, blood.",2018-09-30,25337.0,Explicit,F/M,Completed,Angst | Breeding | Dom Kim Taehyung | V | Mating Cycles/In Heat | Smut | There is A LOT of smut | Top Kim Taehyung | V | Vampire AU | Vampire Kim Taehyung | V | Vampires,Kim Taehyung | V/Reader,taehyung
https://golemlab.eu/graph/21900145,104,Thoughts with actions,"You’ve been keeping yourself busy lately… a little too busy for your boyfriend’s liking and he starts to get worried about you. After all, he is your boyfriend, you share a bed together and know each other well… well enough for him to be able to tell when you’re stressed …and when you need his help to calm down…",2019-12-22,3019.0,Explicit,F/M,Completed,Cute Kim Taehyung | V | Fluff and Smut | Kim Taehyung | V is a Sweetheart | Making Love | Smut | Stress Relief | Top Kim Taehyung | V | cuddle fucking,Kim Taehyung | V/Reader,taehyung
https://golemlab.eu/graph/19351708,104,True Canvas,"While artist Taehyung is busy preparing for a big showcase of his artwork he is unable to spend much time with you, leaving you missing his warm touch, and bright smile. You understand his busy schedule, and do your best to help him with whatever you can. After spending the evening by his side at his showcase he wants to show you just how much he loves, and appreciates you.",2019-06-25,6939.0,Explicit,F/M,Completed,Established Relationship | Romance | Smut | artist,Kim Taehyung | V/Reader,taehyung
https://golemlab.eu/graph/28143033,104,Hardly Professional.,"Taehyung was your boss and as far as you were concerned, your relationship was strictly business. But with Taehyung as best man and you as the maid of honor, you find yourself in a situation that is quite the opposite of professional. ___________________________ “Taehyung, what---,” your breath cut short as his mouth dragged up your thigh towards the expensive piece of lace resting there. “I’m just playing by the rules of tradition sweetheart,” he hummed.",2020-12-18,13144.0,Explicit,F/M,Completed,Boss/Employee Relationship | CEO Kim Taehyung | V | Daddy Kink | Dirty Talk | Dom/sub | Falling In Love | Idiots in Love | Light Bondage | Masturbation | Oral Sex | Slight Spanking | Smut | Switch Kim Taehyung | V | both characters are bad at feelings,"Kim Taehyung | V/Reader, Min Yoonji/Park Jimin",taehyung
https://golemlab.eu/graph/13683951,103,Lipstick,"Tired of feeling submissive, Taehyung plans out a surprise for you when you come home and what’s better than a naked hottie waiting for you in the bathtub with a bowl of strawberries feat soft jazz? Will he be able to find his dominant side despite his soft personality? Smut features: Rough vanilla, dom!tae, hickeys, oral/foreplay, mild bondage, displays of dominance, dirty talk (”good girl”) , a lot of kissing and a sticky mess.",2018-02-14,2775.0,Mature,F/M,Completed,Bathtub | Dom Kim Taehyung | V | Fluff | Smut | Taehyung smut | Vanilla | bts - Freeform | mild bondage | romantic | rough | taehyung - Freeform | valentines day,Kim Taehyung | V/Reader,taehyung
https://golemlab.eu/graph/22972906,103,apartment 512,"after finally finding a decent place to live, you couldn’t believe that you landed next to the loudest neighbour in existance.",2020-03-01,14139.0,Mature,F/M,Completed,Alternate Universe - Neighbors | Kim Taehyung | V is Whipped | Kim Taehyung | V is a Little Shit | Originally Posted on Tumblr | neighbour kim taehyung,Kim Taehyung | V/Reader Series: about the boy [1],taehyung
https://golemlab.eu/graph/12158463,103,taehyung is a good boy,"Just like what the title said, Taehyung is a good boy.",2017-09-22,1074.0,Not Rated,F/M,Completed,Collars | Leashes | Master/Pet | Pet Names | Pet Play | Petplay | Puppy Play | Puppy Taehyung | This was requested | also LMAO dont mind my summary this was pretty rushed | poor reader just wanna be called mistress | sry if it took too long as i said i am vv slow | taehyung on a leash kill me,Kim Taehyung | V/Reader,taehyung
https://golemlab.eu/graph/18002150,103,Auction,"Kim Taehyung is your ASL teacher.  One day you have a lesson on Money signs, and that is followed up with an auction.",2019-03-05,1257.0,Explicit,F/M,Completed,American Sign Language | Non-Consensual Hugging | Non-Consensual Oral Sex | Rape | Sign Language | Smut | Teacher-Student Relationship | Vaginal Sex | Virgin Reader | teacher!taehyung,Kim Taehyung | V/Reader,taehyung
https://golemlab.eu/graph/18121283,103,home,"prompt by @ hybridfanfiction on tumblr: ""Bowerbirds construct fancy houses for the female they’re courting. Your hybrid makes due with home improvement projects. You often come home to them painting or building new furniture."" - i allowed myself the creative freedom of adapting and made the reader genderless.",2019-03-15,1494.0,General Audiences,F/M,Completed,Bird Hybrid | Bird Hybrid Kim Taehyung | V | Bird/Human Hybrids | Fluff | Golden Hour | Hybrid Kim Taehyung | V | Quasiplatonic Relationship | Queerplatonic relationship | Warm | bowerbird hybrid | bowerbird hybrid kim taeyhung | comfortable | flatmate kim taeyhung | genderless reader | hybrid!taeyhung | living with taehyung | prompted on tumblr | qpr | sun flooded flat,Kim Taehyung | V/Reader,taehyung
https://golemlab.eu/graph/21868081,103,Just Say Yes,"One simple rule: Say yes. Whatever anyone asks or offers, you can't say no. Or else.",2019-12-20,15302.0,Mature,F/M,Completed,Anal Sex | BIG OLD JIMIN HOE | Can't think of all the tags | Crushes | Cum Swallowing | Dirty Talk | Drinking | Dubious Consent | Games | Hand & Finger Kink | Jimin is a hoe | Jimin is bi | Kim Taehyung is fucking sexy in this one | Kissing | Masturbation in Bathroom | Mildly Dubious Consent | Mind Games | Oral Fixation | Oral Sex | Rape/Non-con Elements | Raw Anal | Sex | Suga drinks in this one | Suga is anti-social | Unprotected Sex | Vaginal Fingering | cum,Kim Taehyung | V/Reader Series: The College Years [6],taehyung
https://golemlab.eu/graph/16868239,102,it's cliché  but it's not,"That night, you chose him.",2018-12-05,8807.0,Explicit,F/M,Completed,Alternate Universe - College/University | Angst | Smut,Kim Taehyung | V/Reader,taehyung
https://golemlab.eu/graph/17067758,102,Precious,"This is pure smut, nothing else. - based on asks sent to me with kink requests",2018-12-19,2447.0,Explicit,F/M,Completed,69 (Sex Position) | Ben Wa Balls | Creampie | Dirty Talk | Dom Kim Taehyung | V | Oral Sex | Overstimulation | Praise Kink | Rough Sex | Say it | Size Kink | Smut | Teasing | Vaginal Fingering | cum kink | ear nibbling | ear sucking | hold it | mention of impreg fetish | strong hands | use of toys,Kim Taehyung | V/Reader,taehyung
https://golemlab.eu/graph/19080373,102,Riding High,The weed makes you needy and Taehyung knows just how to help you,2019-06-03,1516.0,Explicit,F/M,Completed,Dirty Talk | Drugs | Friends to Lovers | Implied/Referenced Drug Use | PWP | Smut | Stoner Taehyung | no actual penetration | thigh riding,Kim Taehyung | V/Reader,taehyung
https://golemlab.eu/graph/6244699,101,Lessons,As a new student you didn't expect Kim Taehyung to take such a quick interest to you. And leave you wanting more.,2016-03-14,2006.0,Explicit,F/M,Completed,Public Blow Jobs | Smut | Students | fuckboy au,Kim Taehyung | V/Reader,taehyung
https://golemlab.eu/graph/18112856,101,For You,Eleven years ago your best friend died in those woods and eleven years later he returned from the grave to find you.,2019-03-14,5649.0,General Audiences,F/M,Completed,Alternate Universe - Werewolf | Angst | Werewolf Kim Taehyung | V,"Kim Taehyung | V/Reader, Kim Taehyung | V/You",taehyung
https://golemlab.eu/graph/19220857,100,Tamer: Kim Taehyung X Hogwarts AU,"☆ Kim Taehyung is known as a troublemaker, and you, being a good student, want nothing to do with him. So when you get his attention after helping him out... what will you do? ☆",2019-06-15,23087.0,Teen And Up Audiences,F/M,Completed,AU | Alternate Universe - Hogwarts | BTS AU | Fanfiction | Hogwarts | bts fanfiction,Kim Taehyung | V/Reader,taehyung
https://golemlab.eu/graph/8731768,100,Liar Liar,Taehyung has been hiding something crucial from you. It's time you find out what it was.,2016-12-03,2900.0,Mature,F/M,Completed,Angst | Break Up | Cheating | ITS MY SPECIALTY | POV Second Person | Sadly | Trust Issues | lmao hope you like angst | this is another request,Kim Taehyung | V/Reader,taehyung
https://golemlab.eu/graph/11070765,100,The Moon And The Stars,"You and Tae are roommates and it’s great. You two get along well and hang out from time to time. One night he comes home from a night of partying, completely wasted, and tells you he’s in love with you. However, given his reputation, that’s not exactly a good thing…",2017-06-02,5000.0,Teen And Up Audiences,F/M,Completed,Alternate Universe - Roommates/Housemates | Angst | Falling In Love | Fluff | Fluff and Angst | Friends to Lovers | Roommates,Kim Taehyung | V/Reader,taehyung
https://golemlab.eu/graph/7942981,100,Short Embrace,"Taehyung comes home and finds you asleep, as tired as he is, he crawls into bed with you and share a brief intimate moment between the two of you.",2016-09-03,501.0,Teen And Up Audiences,F/M,Completed,Cuddling & Snuggling | Fluff | Sleepy Cuddles,Kim Taehyung | V/Reader,taehyung
https://golemlab.eu/graph/7799818,100,What's Next?,"Kim Taehyung x Reader smut You always knew about the differences between Taehyung and V, and it was a wild experience.",2016-08-17,7677.0,Mature,F/M,In-Progress,Smut | bts - Freeform,Kim Taehyung | V/Reader,taehyung
https://golemlab.eu/graph/27256192,99,I'm Your Paradise,"You and Kim Tae-hyung are teachers at the same school. You've secretly had a crush on him for months now and as it turns out, the feeling is mutual.",2020-10-29,1987.0,Explicit,F/M,Completed,Classroom Sex | Desk Sex | Kim Taehyung | V-centric | Light Angst | Reader-Insert | Smut | Teacher Kim Taehyung | V,Kim Taehyung | V/Reader Series: Blood Sweat & Tears (BTS x Reader Fics) [1],taehyung
https://golemlab.eu/graph/13134189,98,Rain,AU: It’s pure smut & straight to it. You and Taehyung are being cozy in bed and you’re watching tv while he is being needy and trying to get your attention…,2017-12-24,1732.0,Mature,F/M,Completed,A lot of tongue | Bottom Kim Taehyung | V | Choking | Needy Kim Taehyung | V | Oral | Smut | Sub Kim Taehyung | V | Sweet Talk | Vocal | detailed | rough,Kim Taehyung | V/Reader,taehyung
https://golemlab.eu/graph/7582108,98,Confession From a Bully,"Basically, Taehyung(V) is an asshole and bullies the reader because they're close to another guy and he is jealous. The reader plays tough but they're actually really hurt. Emotional confession followed by a happy end.",2016-07-25,3183.0,Teen And Up Audiences,F/M,Completed,AU | Alternate Universe - High School | Angst with a Happy Ending | Confessions | Crying | Happy Ending | High School | I really suck at tagging | Jealous Taehyung | Jealousy | Jimin & Taehyung can't stand each other | Jimin is your best friend | Light Angst | Love Confessions | Taehyung Is An Asshole | Taehyung Is a Bully | Taehyung doesn't like Jimin | chapter 2 | idek | reader is annoyed | they are watching a drama,Kim Taehyung | V/Reader,taehyung
https://golemlab.eu/graph/15169190,98,Milk For The Kitten,Ever wanted to pull on Taehyung's mullet and hear how he moans himself into submission?,2018-07-04,1328.0,Explicit,F/M,Completed,Arachnophobia | BDSM | Bondage | D/s | Face-Sitting | Femdom | Graphic Description | Hair-pulling | Kitten!Tae | Noona Kink | Orgasm Denial | Swearing | biting kink | dom!reader | sub!taehyung,Kim Taehyung | V/Reader Series: Domestic Sub!BTS [5],taehyung
https://golemlab.eu/graph/25884865,97,it's complicated,"Taehyung is your best friend...who you also have sex with. The arrangement was strictly no-strings-attached in the beginning; however, now, the lines have blurred considerably and you might have actual feelings for him.",2020-08-14,14464.0,Explicit,F/M,Completed,Alcohol | Alternate Universe - After College/University | Alternate Universe - College/University | Alternate Universe - High School | Angst | Best Friends | Explicit Language | Friends With Benefits | Friends to Lovers | Loss of Virginity | Smut | Unhealthy Relationships,Kim Taehyung | V/Reader,taehyung
https://golemlab.eu/graph/11939073,97,Impatience,“‘m sorry. Bu-but I haven’t received my cuddles or pets today and you give the best cuddles and you know that one spot behind my ear that makes my tail go- hey can you pet me now?” Part of a series of hybrid drabbles I will be starting.,2017-08-28,485.0,General Audiences,Other,Completed,Fluff | Hybrid AU | Hybrid Kim Taehyung | V | Platonic Relationships,Kim Taehyung | V/Reader Series: BTS Hybrid Drabbles [1],taehyung
https://golemlab.eu/graph/18211733,96,Notes,"A job, a best friend and a relatively calm life had you seemingly settled. But with a lack of romance… not that you craved it nor had a romantic interest in anyone. But one day it was all to change when you were suddenly informed by your commonly disliked boss that you weren’t needed anymore… unless you took a job as his secretary. Hesitant at first you eventually accepted as he managed to talk you into it. With the pay he offered you could at least give it a chance you thought… but it didn’t take long until he made you change your mind and feel like the common opinion towards him might have been true after all. But something still felt off… As you threatened to quit, determined to get another job and get away from him, he refused to let you… begging for you to stay. The odd feeling you had suppressed was getting harder to contain and sooner or later, the true intentions and meanings of his actions were to be revealed along with your own…",2019-03-23,24554.0,Mature,F/M,Completed,Angst | Angst and Smut | Bedroom Sex | CEO Kim Taehyung | V | Confessional Sex | Dirty Talk | Enemies to Friends to Lovers | Fingering | Jealous Kim Taehyung | V | Love Confessions | Office Sex | One-Sided Attraction | Oral Sex | Orgasm Delay/Denial | Partners to Lovers | Semi-Public Sex | Slow Build | Slow Burn | Smut | hints of being in love | kind of,Kim Taehyung | V/Reader,taehyung
https://golemlab.eu/graph/26294863,96,Preg. Kink | KTH Short,"Just a few lines imagining Taehyung with a very *very* strong pregnancy kink - might be used in a future, longer, fic.",2020-09-05,229.0,Explicit,F/M,Completed,Breeding Kink | NSFW | Pregnancy Kink | Reader-Insert | Tae has a really dirty mouth | and short | fem! reader | honestly a snippet I might use for a story later | it's really kinky | maybe I should make him put it to use next time ;),Kim Taehyung | V/Reader Series: Bangtan Shorts [2],taehyung
https://golemlab.eu/graph/16718971,96,1-800-Music-Street,"you’re enchanted by a street performer and then he saves you, resulting in multiple meetings one can only describe as fate. or homeless!tae, saxophonist!tae, street performer!tae",2018-11-23,13244.0,Explicit,F/M,Completed,Cunnilingus | Dirty Talk | Multiple Orgasms | Mutual Masturbation | Overstimulation | Street Performer!Taehyung | homeless!taehyung | mentions of weed and alcohol | mild violence | saxophonist!taehyung,Kim Taehyung | V/Reader,taehyung
https://golemlab.eu/graph/14230335,96,We need a bigger bed,After waking up in Taehyung’s bed the immediate complaint is to buying a bigger bed that can fit 3 people. Yoongi of course disagrees so after some fact proving he agrees that a new bed is indeed needed.,2018-04-06,3896.0,Explicit,F/M,Completed,Blow Jobs | Fluff and Smut | Oral Sex | Polyamory | Smut | Threesome - F/M/M | Vaginal Sex,"Kim Taehyung | V/Reader, Min Yoongi | Suga/Reader",taehyung
https://golemlab.eu/graph/24654508,95,Backstage Passes,"ever since you befriended kim taehyung of bts, he’s practically begged you to go to one of his concerts. having suffer a bit from claustophobia, you always decline until he gets the idea to have you backstage",2020-06-11,5199.0,General Audiences,F/M,Completed,190623 Taehyung | 5th Muster Magic Shop | Alternate Universe - Idols | Claustrophobia | Concerts | Cute | Fluff | Friends to Lovers | Friendship/Love | Idol Kim Taehyung | V | Kissing | Namjoon is dumb | mild tho,Kim Taehyung | V/Reader,taehyung
https://golemlab.eu/graph/21519382,94,Gimme Shelter,"You’ve been acting reckless since your last breakup, and your guardian angel, Taehyung, is not amused.",2019-11-22,4173.0,Explicit,F/M,Completed,Angel Corruption | Angel Kim Namjoon | RM | Angel Kim Taehyung | V | Angst | Drinking | Praise Kink | Vaginal Sex | guardian angel Taehyung | reader is a Mess,Kim Taehyung | V/Reader Series: I have come to lead you to the other shore [4],taehyung
https://golemlab.eu/graph/11605305,93,Scars,"He had been on the verge of insanity, but they’d pulled him back. He'd been to the edge of hell and they'd grabbed hold of him at the precipice. These two were family, his lifeline, his only hope.  He would get through this. For their sakes, he would hold it together. But would he ever forget? Not for a moment.",2017-07-25,44358.0,Mature,F/M,Completed,Angst | Attempted Sexual Assault | Blood and Violence | Eventual Smut | Eventual mild smut | Fluff and Angst | Guilt | Mild Smut | Minor Character Death | Mystery | Romance | Romantic Fluff | Violence,Kim Taehyung | V/Reader,taehyung
https://golemlab.eu/graph/11547321,92,Independent,"Your mom calls you stubborn, your friends call you wild, and the boys you’ve left in your wake call you a frigid bitch.  You’ve built a life of independence and you like it that way. Kim Taehyung, however; might just be able to change your mind.",2017-07-19,94916.0,Teen And Up Audiences,F/M,Completed,Angst | Fluff | Novel | Slow Burn,"Kim Taehyung | V/Reader, Taehyung - Relationship Series: Independent [1]",taehyung
https://golemlab.eu/graph/8738332,90,Envy,Dining out with the group has its perks... But then it has its negative benefits.,2016-12-04,4495.0,Mature,F/M,Completed,Arguing | Face Punching | Fighting | Fun | Hair-pulling | POV Second Person | this was a good request not gonna lie lol,Kim Taehyung | V/Reader,taehyung
https://golemlab.eu/graph/13328811,89,Me & U,a night out with friends leads to some good old fashioned fun,2018-01-10,3537.0,Mature,F/M,Completed,Dirty Talk | Semi-Public Sex | Smut | Vaginal Fingering | Vibrators,Kim Taehyung | V/Reader,taehyung
https://golemlab.eu/graph/15169481,89,Playfight,How to fuck your baby boy Kim Taehyung in a raging blizzard?,2018-07-04,1379.0,Explicit,F/M,Completed,Angst to Smut to Fluff | But Protected | Car Sex | Choking | Femdom | Graphic Description | Riding | Sexy Winter Clothing | deep penetration | dom!reader | lotta cum | sub!taehyung,Kim Taehyung | V/Reader Series: BTS | Nature Setting AUs [3],taehyung
https://golemlab.eu/graph/5919106,89,Story in your Eyes,Formal events were definitely not your forte.,2016-02-05,2075.0,General Audiences,F/M,Completed,,Kim Taehyung | V/Reader Series: Eye Contact [6],taehyung
https://golemlab.eu/graph/25131121,89,Smiles and toothache,"It's Kim Taehee. The girl you know better than your own damn mother, the girl with fire beneath her feet and passion loud in her eyes— On her fucking back in your beat up car with her pussy gushing slick that smells like fucking lychees, looking every bit the cock hungry whore that she is.",2020-07-07,3728.0,Explicit,Other,Completed,Alpha/Beta/Omega Dynamics | Anal Sex | Biting | Blood and Injury | Bottom Kim Taehyung | V | Date Rape Drug/Roofies | Dead Dove: Do Not Eat | Female Kim Taehyung | V | Forced Pregnancy | Hurt No Comfort | Kidnapping | Mating Cycles/In Heat | No Lube | Non-Consensual Drug Use | Non-Consensual Spanking | Omega Kim Taehyung | V | Stalking | Vaginal Sex,Kim Taehyung | V/Reader Series: All you want is honey [1],taehyung
https://golemlab.eu/graph/19084414,88,From Behind the Lens,You are on the set of Taehyung’s latest project. Today they will be filming an erotic scene. Taehyung is definitely trying to get under your skin.,2019-06-04,1422.0,Mature,F/M,Completed,BDSM | Jealousy | Mild Sexual Content | Mild Smut | POV Second Person | Reader Insert | Sexual Content | Yandere | Yandere Kim Taehyung | V,Kim Taehyung | V/Reader,taehyung
https://golemlab.eu/graph/29779344,88,Green with Envy,Taehyung is a little jealous of your friends. He decides everyone needs to know who you belong to.,2021-03-01,2367.0,Explicit,F/M,Completed,Barebacking | Clothed Sex | Dirty Talk | Hair-pulling | Jealous Kim Taehyung | V | Panties | Plot What Plot/Porn Without Plot | Smut | Vaginal Sex,"Kim Taehyung | V/Reader, Kim Taehyung | V/You",taehyung
https://golemlab.eu/graph/29349006,88,Good Boy,"It was Taehyung's birthday but he didn't want dinner and presents by candlelight, he wanted to be owned.",2021-02-11,1524.0,Explicit,F/M,Completed,Animal Play Puppy Kim Taehyung | V | Dom/sub | Dom/sub Play | Knotting Dildos | Omorashi | Pegging | Pet Play | Sub Kim Taehyung | V | Watersports | dominant female reader,Kim Taehyung | V/Reader,taehyung
https://golemlab.eu/graph/14932746,87,Blinded by the lights,The light in his eyes blinds your thoughts and renders inconsequential the fact that you’re standing right at the center of the dance floor; the deepness of his voice as he drags you into a dangerous game makes all your inhibitions fall until it really doesn’t matter if anyone catches a glimpse of the both of you and the unequivocal way his hand moves between your legs.,2018-06-14,2368.0,Explicit,F/M,Completed,Public Sex | Smut,Kim Taehyung | V/Reader,taehyung
https://golemlab.eu/graph/14231001,87,danse macabre,"As a newborn vampire, you still have a lot to learn ― fortunately, someone is very happy to teach. “Step number one: pick your prey.”",2018-04-06,13647.0,Mature,F/M,Completed,Alternate Universe - Vampire | Angst | Blood Kink | Blood Play | Fantasy | Horror | Reader Insert | Smut | Vampires | light gore,Kim Taehyung | V/Reader,taehyung
https://golemlab.eu/graph/18578374,87,Strawberries and Next Time,Taehyung is just the softest soft college boy in the world and just wants a happy date with his crush.,2019-04-24,3441.0,General Audiences,F/M,Completed,College AU | First Date | Fluff,Kim Taehyung | V/Reader,taehyung
https://golemlab.eu/graph/9583520,86,What Goes Up....Will Also Go Down,You don't know BTS personally but you attend a release party with your friends.  By the end you'll know Kim Taehyung better than you imagined.,2017-02-05,5229.0,Explicit,F/M,Completed,Elevator Sex | Flirting | My First Work in This Fandom | One Night Stands | Sex | Smut | Tags Are Hard | What Was I Thinking?,Kim Taehyung | V/Reader,taehyung
https://golemlab.eu/graph/27851682,86,The Sevenfold Path - Taehyung,"Summoner Kim Taehyung is the eldest son of a powerful family, newly ascended and already making a name for himself. He also happens to be your childhood friend and first love. What does your future hold if you give him your heart for a second time? (Begin by reading The Sevenfold Path - Prologue)",2020-12-03,37888.0,Teen And Up Audiences,F/M,Completed,Alternate Universe | Reader-Insert | WITCHES AU | magical au,Kim Taehyung | V/Reader Series: The Sevenfold Path [2],taehyung
https://golemlab.eu/graph/31810894,86,Taming the Beast,"You were the next in line to be the head of your village, when your mother gave you to the enemy to save your people from merciless slaughter. What happens when they try to Tame a Beast?",2021-06-08,34199.0,Explicit,F/M,In-Progress,BTS Royalty | Eventual Smut | Prince Taehyung | Princes & Princesses | Royalty | Smut | Taehyung smut | Taehyung x Reader - Freeform | V smut | bts - Freeform | bts smut | kim taehyung - Freeform | prince v,Kim Taehyung | V/Reader,taehyung
https://golemlab.eu/graph/12406599,85,- αℓℓυяємєит -,"prompts:  ""That sounds illegal. I’m in” |“Don’t you realize, I was born to die” | ""He/She, is alive” wordCount: 1.1k pairing: taehyungxreader genre: angst | smut length: one shot | request- triggers: mature content,police, cussing,  mentions of “daddy” and “babygirl” masterlist",2017-10-18,1167.0,Mature,F/M,Completed,BTS!AU | Badboy!Tae | Drabble | Gang AU | Mafia AU | Smut | Taehyung bad | Taehyung bad boy | Taetae - Freeform | bangtan - Freeform | bonnie and clyde au | bts fanfic | bts smut | gang bangtan | mafia bangtan | request | taehyung - Freeform,Kim Taehyung | V/Reader,taehyung
https://golemlab.eu/graph/35930830,85,Fortis,"fortis (Latin) adj. brave, bold, courageous … Three words to describe something you are not. You avoid confrontation, you're reluctant to speak up to your parents, and you’re scared to confess your feelings to your best friend, Jeon Jungkook. Now, Jungkook is officially unattainable and you’re stuck doing a dead-end job for your father's company. You yearn for something different. So when you get a few months off work, you take the opportunity to also get a break from your routine and try new things. You end up in a small town, sticking out like a sore thumb and looking like a fish out of water. As if things aren’t bad enough, you also seem to have provoked the ire of one of the locals, Kim Taehyung.",2022-01-11,40946.0,Teen And Up Audiences,F/M,In-Progress,Alternate Universe - Not K-Pop Idols | Attempt at Humor | Auto Racing AU but I don't know anything about cars | Class Differences | Drama & Romance | Fluff and Angst | I’m bad at tagging | Love Triangles | Not Beta Read | Science Fiction | Stargazing and mythology references | Swearing | Unrequited Love | cliches | some SKZ references since a couple of Stray Kids somehow wander into this mess | strangers to enemies to eventual lovers,Kim Taehyung | V/Reader,taehyung
https://golemlab.eu/graph/20706674,85,Smiles Are the Windows to Sight,"it should be easy for you to find him, especially since you share your sight with him every day. it’s a good thing your friends are around.",2019-09-20,2047.0,Not Rated,F/M,Completed,Soulmate Series | Soulmate Taehyung | Taehyung x Reader - Freeform | kim taehyung - Freeform | reader x taehyung - Freeform | taehyung - Freeform,Kim Taehyung | V/Reader Series: Soulmate Series [7],taehyung
https://golemlab.eu/graph/36055129,84,Everlast,"""Here's how this is going to work. You're going to listen to me, and maybe, just maybe we'll survive,"" he said. She merely chuckled. ""We're so screwed."" ~~~ Kim Taehyung and Y/n L/n were on that plane for two entirely different reasons. One was a business trip, the other was on his way to see family. Fate has different plans for them when they find themselves the sole survivors of a crash, stranded on the dangerous island of Everlast. Food, shelter, and wildlife are all against them. However, their actual biggest problem is getting along...",2021-12-29,16949.0,Mature,F/M,Completed,Airplane Crashes | Alternate Universe | Banter | Being Lost | Bickering | Enemies to Lovers | Eventual Smut | Everyone Needs A Hug | Falling In Love | Fluff and Angst | Fluff and Crack | Fun | Humor | I'm Bad At Tagging | I'm Sorry | Idiots in Love | Islands | Kim Taehyung | V Has a Nice Ass | Kim Taehyung | V is Bad at Feelings | Kim Taehyung | V is a Little Shit | Love Confessions | Morning Kisses | Reader-Insert | Romance | Romantic Fluff | Sex | Sex Is Fun | Smut | Survival | Survivor Guilt | Thriller | What Have I Done | Wilderness Survival,Kim Taehyung | V/Reader,taehyung
https://golemlab.eu/graph/28161966,84,Finally,Taehyung just wants this event to end so that he can have some actual fun with you instead of celebrating his brother's yearly event for his plants.,2020-12-19,4018.0,Explicit,F/M,Completed,Alternate Universe - Royalty | Cunnilingus | Dirty Talk | Poor Joonie Just Wants Everyone To Love His Plants | Pregnancy | Prince Kim Taehyung | V | Princess reader | Rough Sex | Semi-Public Sex | Vaginal Fingering | Vaginal Sex | commission,Kim Taehyung | V/Reader,taehyung
https://golemlab.eu/graph/24013594,84,girls like you,Girls like you were the ones he desired from afar. Girls like you weren’t the girls you take home to mother. Girls like you knew the power they had over a boy like him and fuck did he love it.,2020-05-05,26162.0,Mature,F/M,Completed,Choking | Cockwarming | Dry Humping | Forced Orgasm | Light Dom/sub | Multiple Orgasms | Overstimulation | Public Hand Jobs | Public Masturbation | Safeword Use | Sex Toys | Sexting,Kim Taehyung | V/Reader,taehyung
https://golemlab.eu/graph/11024310,84,one night in a strange city,inspired by before sunrise an argument between lovers brings two together on one train,2017-05-28,1134.0,Teen And Up Audiences,F/M,Completed,Adorable Kim Taehyung | V | Alternate Universe | Before Sunrise AU | Cute Kim Taehyung | V | Domestic Fluff | Fluff | Fluff and Humor | Fluff without Plot | Kim Taehyung | V is a Sweetheart | Kim Taehyung | V-centric | One Shot | Protective Bangtan Boys | Reader-Insert | Romantic Fluff | Short One Shot | Trains,Kim Taehyung | V/Reader,taehyung
https://golemlab.eu/graph/14905970,83,Hot Water,"“Ah fine Jagiya. I was hoping you’d join me in the shower before practice but...” he trails off, releasing you and sliding out of bed.",2018-06-11,1392.0,Explicit,F/M,Completed,Dirty Talk | Fluff | Fluff and Smut | Shower Sex | Vaginal Fingering | Vaginal Sex,Kim Taehyung | V/Reader,taehyung
https://golemlab.eu/graph/17233895,82,He Decided [M],"There are two things Taehyung is known for: his leadership and his ways with women. So when he approaches a maid like you, there’s no doubt in your mind what he’s after. Would his persistence and your softening feelings for him change your initial decision to deny him what he wants?",2018-12-31,26621.0,Mature,F/M,Completed,Angst | Fluff | Japanese Period | Smut,Kim Taehyung | V/Reader Series: He... [2018 Birthday One-Shot Series] [7],taehyung
https://golemlab.eu/graph/28495479,82,Nation's Sweetheart,"In order to protect both your and Taehyung's careers, you choose to break up with your long-term boyfriend. While dealing with the usual pain that comes after a separation, you find yourself struggling to explain your actions while also maintaining a healthy distance to safeguard your heart, which isn't made easy when Taehyung comes strolling back into the picture. Things take a dangerous turn when your past refuses to stay dead and threatens to take you down with it. ~~~~~ Yandere!Idol!Taehyung x Idol!Reader",2021-01-02,4364.0,Mature,F/M,Completed,Blood and Violence | Cross-Posted on Tumblr | Dark | Explicit Language | Idol Kim Taehyung | V | Idol Reader | POV Second Person | Reader-Insert | Suggestive Themes | Swearing | Tumblr Ask Box Fic | Yandere | Yandere Bangtan Boys | BTS | Yandere Kim Taehyung | V | yandere kpop | yandere kpop idols,Kim Taehyung | V/Reader,taehyung
https://golemlab.eu/graph/17449580,82,Strawberry Milk,"Growing up, your little brother Jimin used to follow you around like a duckling. And wherever he went, so did his best friend, Taehyung. That made two ducklings. Although he was only a couple of years younger than you, you always saw him as a baby, like a second little brother. You didn’t expect that would ever change.",2019-01-17,5762.0,Teen And Up Audiences,F/M,Completed,Alternate Universe - College/University | Childhood Friends | Childhood Memories | Falling In Love | Friends to Lovers | Friendship/Love | Rollerblades & Rollerskates | Sharing a Bed | Sibling Love | Siblings | Stargazing | Strawberries,Kim Taehyung | V/Reader,taehyung
https://golemlab.eu/graph/28104951,81,Anything For You,"It's bad enough you got blindingly drunk at the party and spilled your guts to Hobi and Jimin, but how are you supposed to hold it together now? Your best friend, who you've been stupid enough to fall head over heels for, shows up to nurse you through your hangover. You're already convinced Kim Taehyung will be the death of you, although your own idiocy is a close second, but now Tae wants to know why you've been keeping secrets from him. Telling the truth could wreck your friendship, but lying would hurt him more.",2020-12-16,16415.0,Mature,F/M,Completed,Angst and Fluff and Smut | Best Friends | Cute Kim Taehyung | V | Drunk Kim Taehyung | V | Drunken Confessions | Excessive Drinking | Jealous Kim Taehyung | V | Jealousy | Kim Taehyung | V is Bad at Feelings | Messy | Pining | Smut is in Part 3 | Soft Kim Taehyung | V | his girlfriend hates you | part 1 is over protective kim taehyung | part 2 is a bit angsty | taking care of you while you're hungover | this got longer than i intended | you hate her | you like to flirt with jimin,Kim Taehyung | V/Reader,taehyung
https://golemlab.eu/graph/13037343,81,Alive(Kim Taehyung x Reader),"""You didn't kill her,"" I started, ""it was just an accident."" *** ""I know that this may not make sense and it'll probably freak you out, but you kind of...died."" In which Taehyung is brought back from the dead.",2017-12-17,10088.0,Teen And Up Audiences,F/M,In-Progress,Character Death,Kim Taehyung | V/Reader,taehyung
https://golemlab.eu/graph/9113455,81,Happy Birthday V,"unoriginal title is unoriginal Birthday fic for the ever wonderful Taehyung! First chapter is the cute fluff version, second chapter is the smut version. Same opening writing, just different endings second chapter written for Lolihena since they request Taetae and reader go a ~little~ further ;}",2016-12-30,3493.0,Mature,F/M,Completed,Birthday Party | Birthday Sex | Established Relationship | Fingering | Fluff | Porn With Plot | Sex | Smut | always get consent kids | drunk tae would be hella cute | happy birthday Tae | others mentioned briefly - Freeform,Kim Taehyung | V/Reader,taehyung
https://golemlab.eu/graph/16868467,81,The Red Room in the Back,You didn't mean to snoop... but he doesn't seem to mind.,2018-12-05,4155.0,Explicit,F/M,Completed,Smut,Kim Taehyung | V/Reader Series: Taehyung's Toys [2],taehyung
https://golemlab.eu/graph/28132092,80,All I Want for Christmas,"You’re ready for another Christmas at the shelter, but Taehyung has other ideas, and brings you home with him instead. You never thought you’d receive this many gifts. “For the Christmas request, can I please request a human!Taehyung x Calico cat hybrid!fem!reader where he adopts her and brings her home on Christmas? It’d be so cute because she’d be so happy to have a home and it’d honestly be the best Christmas for both of them🥰🐈💜”",2020-12-17,1771.0,General Audiences,F/M,Completed,Cat Hybrid Reader | Hybrids,Kim Taehyung | V/Reader,taehyung
https://golemlab.eu/graph/39643833,80,Under the pump,"Your new partner is mean, rude and yet somehow has people queueing up to sleep with him. You don't see the appeal at all.",2022-06-14,6797.0,Explicit,F/M,Completed,Blood and Injury | Explicit Language | Explicit Sexual Content | Paramedic Kim Taehyung | V,Kim Taehyung | V/Reader,taehyung
https://golemlab.eu/graph/16996314,80,Caught,"When you decided to help your dad on his fishing boat for the day you never thought you’d end up catching something other than a fish in your net, but when you find yourself looking into the deep brown eyes of a mermaid you don’t know what to think anymore. ___ “You want me to what?” “Oh come on its just a little kiss! If you do this for me I’ll…I- I’ll grant you a wish!” “Mermaids don’t grant wishes.” “How would you know that we don’t? This is your first time meeting one!”",2018-12-15,7400.0,General Audiences,F/M,In-Progress,Cross-Posted on Tumblr | Fluff | Jimin is your roomate | Mermaid!Taehyung | Reader-Insert | like really cute fluff | mermaid au,Kim Taehyung | V/Reader,taehyung
https://golemlab.eu/graph/15749061,78,Winter's Gift,"He thumbs at the tears which stain your cheeks and draws you into his embrace, holding you close beneath the glimmering stars. “Stay?” you whisper, gaze meeting his. He smiles. “Always.”",2018-08-20,3453.0,General Audiences,F/M,Completed,Fae & Fairies | Light Angst | Romance,Kim Taehyung | V/Reader Series: Winter Court Series [8],taehyung
https://golemlab.eu/graph/22047835,78,black irises in the sunshine,"anger is everything. other gods tease you for the short fuse, but it comes with the territory. people have called you stupid, have called you dumb, oafish, useless, incompetent, insolent, rude, arrogant. all of it. insults and mockery flung at you, but even your skin isn't thick enough to deal with the constant abuse. it's the exact reason you keep to the underground, knuckles bloody and bruised, fighting anyone that dared enter the cage. it's the reason you go to the clubs, surround yourself with mortals and their writhing bodies. it's there that you see him the first time, voice husky as it rolls through the room. it's there you finds someone who treats you differently than the rest. you just never expected him to be one of the muses.",2019-12-31,14053.0,Explicit,F/M,Completed,? - Freeform | Angst | Ares is Bisexual | Ares!Reader | Bartender Suho | Bisexual MC | Calliope!Tae | Cunnilingus | Explicit Smut | Family Issues | Fighter!Ares | Just Straight | Kratos - Freeform | Like | Like enough to make my skin go GRRRRR but not enough to make me puke so | Lounge Singer!Tae | Multiple Orgasms | Not Straight Reader | Pansexual Reader - Freeform | Praise | Self-Esteem Issues | Self-Hatred | Soft Smut That's Angsty But Positive? | Tae is Very giving | Taehyung Has A Big Dick | Taehyung Makes Things Better | This is super | Worship | Zeus is a DICK | a lot of it | anger issues | at least one kind of anxiety disorder | bisexual reader | body worhsip | but if you can guess who they are then | hm | idk how to describe this bitch | is a dick | literally like this is very violent because ares is violent | muse!tae | my poor babie | semi-graphic depictions of violence | taeHUNG am i right | there are mentions of other muses too | uh | you get a cookie bc theyre That Vague,Kim Taehyung | V/Reader Series: monsters and gods [3],taehyung
https://golemlab.eu/graph/30052275,78,Take a Bite,"Taehyung’s grip around your waist tightens. His free hand runs up your leg slowly, “Don’t say things like that unless you mean them, baby girl. Your pretty mouth could get you in trouble.” you don’t expect your night with your friend slash crush to end this way.",2021-03-15,7122.0,Mature,F/M,Completed,Alternate Universe - Vampire | Biting | Daddy Kink | Dubious Consent | Facials | Humiliation | Mean Kim Taehyung | V | Oral Sex | Public Sex | Rough Sex | Smut | Yandere | Yandere Kim Taehyung | V | slight degradation,Kim Taehyung | V/Reader,taehyung
https://golemlab.eu/graph/15227793,78,Phantom,"AU: He was always there… in your dreams, in your pointless doodles… everywhere, was he protecting you? haunting you? or simply watching you? Day after day, night after night, his presence always lingering until one day, the one day that changed your life forever… The day you finally meet the phantom in your dreams and fell in love with him. But who… or what… is he and what is he hiding? The fic is dark angst - smut based on and inspired by Singularity, the lyrics, mv aesthetic and choreography",2018-07-09,10532.0,Explicit,F/M,Completed,(yes it includes all 4) | After care | And Much More - Freeform | Angst | Begging | Biting | Bottom Kim Taehyung | V | Bruising | Choking | Creampie | Dom Kim Taehyung | V | Fingering | Name Calling | Oral | Passionate | Punishment | Smut | Sub Kim Taehyung | V | Teasing | Top Kim Taehyung | V | Vanilla | bts - Freeform | dark angst | getting caught | rough | singularity - Freeform | taehyung - Freeform,Kim Taehyung | V/Reader,taehyung
https://golemlab.eu/graph/19286149,78,His Trigger-Happy Lady,Taehyung was protective of you.  You who ran and created his all-female sub-unit of his well maintained Mafia.  You come back to your bar wounded and Taehyung makes damn well that the reason for it is swiftly taken care of.,2019-06-20,2799.0,Teen And Up Audiences,F/M,Completed,Drabble | Friends to Lovers | Mafia AU | Violence,Kim Taehyung | V/Reader,taehyung
https://golemlab.eu/graph/7528330,77,Romeo Robin Hood,"“Hey” You said snapping your fingers in his face “What’s your name?” “Taehyung, Kim Taehyung. Your turn.” He said, now leaning back on his chair and smirking like he wasn’t in jail right now. “Kim Kardashian. Where are you from?” you replied graciously returning the smirk.",2016-07-19,1654.0,General Audiences,F/M,Completed,BTS fluff | bts humour | btsxreader - Freeform,Kim Taehyung | V/Reader Series: BTS x Reader [5],taehyung
https://golemlab.eu/graph/21785620,77,Come In From The Cold,Taehyung threatens to take everything off if you don’t stop. Disagreements over the tree lead to Christmas lights bondage and rough makeup sex,2019-12-14,2369.0,Explicit,F/M,Completed,Bondage | Christmas Lights Bondage | Christmas Smut | Dirty Talk | Dom Kim Taehyung | V | Dom/sub | Facial | Fingerfucking | Makeup Sex | Oral Sex | Rough Sex | Smut,Kim Taehyung | V/Reader,taehyung
https://golemlab.eu/graph/22430338,77,groovy,"Even in the 70s, it goes without saying that you shouldn’t have feelings for your best friend’s little sister. 1970s au.",2020-01-27,19370.0,Explicit,F/M,Completed,1970s | 1970s slang | Based on a Dear Evan Hansen Song | Childhood Friends | Crying | Family Issues | Implied/Referenced Alcohol Abuse/Alcoholism | Inspired by Music | JUNGKOOK IS DEAD | Jeon Jungkook & Kim Taehyung | V are Best Friends | Past Character Death | References to Depression | References to Drugs | Smut | Unhealthy Coping Mechanisms | taehyung is in love with his best friend's little sister,Kim Taehyung | V/Reader Series: Rewind Series [4],taehyung
https://golemlab.eu/graph/15099719,77,No Words,"You’re over the moon when you discover your new tattoo, counting the days until you meet your soulmate, it’s all you can think about. But nothing is perfect and it just so happens to be– –that you’re the anomaly.",2018-06-29,2963.0,Teen And Up Audiences,F/M,Completed,Alternate Universe - Soulmates | Angst | Drabble | Drabble Collection | Light Angst | Short One Shot | Soulmate-Identifying Marks | Soulmates,Kim Taehyung | V/Reader Series: Stigmata [1],taehyung
https://golemlab.eu/graph/23104996,77,Thirsty Bitch,"You’ve been bad all night, and Taehyung’s had enough.",2020-03-11,1502.0,Explicit,F/M,Completed,Cumplay | Degradation | Dirty Talk | FaceFucking | PWP | Public Sex | Watersports | piss drinking,Kim Taehyung | V/Reader,taehyung
https://golemlab.eu/graph/10856415,77,All Hands on Deck,"You go all day with a budding heat between your legs and return home with the idea of taking care of it yourself however, when Taehyung arrives home a few days early from a business trip, you decide to let him join- but only after you make him watch.",2017-05-08,6119.0,Mature,F/M,Completed,Dirty Talk | Edging | Foreplay | Masturbation | Multiple Orgasms | Oral Sex | Smut,Kim Taehyung | V/Reader,taehyung
https://golemlab.eu/graph/9272459,77,Neutral ; Kim TaeHyung x Reader ; Oneshot,"Kim TaeHyung x Reader Genre ; Fluff , maybe a bit philosophical Warnings ; None Watching him from afar was the only thing you did. The only thing you could do. He was beautiful, he was fair, he was intelligent. He was funny, he was kind, he was talented. You were normal. Neutral. Without really having talent, but without being unfit either. You did not do the wrong things neither you did things well.",2017-01-10,833.0,Teen And Up Audiences,F/M,Completed,Fluff | Weird Fluff | idk - Freeform | maybe a bit philosophical,Kim Taehyung | V/Reader,taehyung
https://golemlab.eu/graph/9428579,77,Wings,"While going on a camping trip one weekend with your brother and his friends, you run into a mysterious stranger who catches your attention in all the ways no man has ever done before.",2017-01-22,12989.0,Mature,F/M,Completed,Alternate Universe - Fantasy | Fanfiction | Smut,Kim Taehyung | V/Reader,taehyung
https://golemlab.eu/graph/9110806,77,Closeted Intimacy,You and Taehyung have sex in a closet at the BigHit studio.,2016-12-29,1215.0,Mature,F/M,Completed,Bangtan boys smut | Plot What Plot/Porn Without Plot | bangtan boys - Freeform | sex in a closet,Kim Taehyung | V/Reader,taehyung
https://golemlab.eu/graph/20127586,76,Hard Rock,As long as he came back you were fine with being used,2019-08-05,1291.0,Explicit,F/M,Completed,Angst | Choking | Degradation | Dirty Talk | Dom/sub Undertones | Hair-pulling | Musicians | Rockstar! AU | Rough Sex | Spanking | Squirting | Unprotected Sex | Vaginal Fingering | spitting,Kim Taehyung | V/Reader,taehyung
https://golemlab.eu/graph/19178056,76,A Birthday Full Of Surprises,After discovering Taehyung committing an act of betrayal you tell him a secret that turns his world upside down.,2019-06-11,5209.0,General Audiences,F/M,Completed,Angst | Angst with a Happy Ending | Break Up | Cheating | Family | Fluff | Fluff and Angst | Secrets,Kim Taehyung | V/Reader,taehyung
https://golemlab.eu/graph/23364829,76,about the boy,"the loud boy next door turned out to be way different than you expected him to be, you even ended up dating the guy. but, how is that going to play out for you?",2020-03-28,27296.0,Mature,F/M,Completed,Originally Posted on Tumblr | Taehyung is whipped | but he is also a dumb boy and we stan,Kim Taehyung | V/Reader Series: about the boy [2],taehyung
https://golemlab.eu/graph/26118691,76,the dinner date,"pretending to be on a date with your best friend to get a free meal at the fancy restaurant jeongguk works weekends at doesn’t sound so terrible, all things considered. there’s just one small problem: you’re pretty sure you’re in love with the aforementioned best friend.",2020-08-26,2529.0,Teen And Up Audiences,F/M,Completed,SO MUCH FLUFF | fake dating for free food | friends to lovers au | waiter jungkook that's determined to set the Mood,"Kim Taehyung | V/Reader, Kim Taehyung | V/You",taehyung
https://golemlab.eu/graph/11547759,75,The Disappearance of Kim Taehyung,"To name a hurricane after Kim Taehyung would be offensive to the said boy. He’s so much more than that. He’s a hurricane and an earthquake mixed together into one, he’s the tidal wave that follows. The only thing you look forward to in your life is the natural disaster that comes and goes as he pleases. He takes what he can, until there’s nothing left to give and even then he comes back for more. He’ll come back and you’ll always be waiting. Until he doesn’t. Kim Taehyung disappears.",2017-07-19,31276.0,Teen And Up Audiences,F/M,Completed,Cussing | Implied/Referenced Drug Use | Non-Graphic Violence | Swearing | alcohol use | non-descriptive mentions of blood,Kim Taehyung | V/Reader,taehyung
https://golemlab.eu/graph/35149960,75,Moonlight,"The full moon means one thing and one thing only to your best friend, Kim Taehyung. It’s the the one time a month he turns into a wolf and frolics in the moon light. However, on his 25th Hallows’ Eve, his wolf is calling out for his mate.",2021-11-16,5822.0,Explicit,F/M,Completed,Alternate Universe - Werewolf | Oral Sex | Vaginal Sex | Werewolf Kim Taehyung | V,Kim Taehyung | V/Reader,taehyung
https://golemlab.eu/graph/14151420,75,Movements (M),"You’ve been sneaking around for a year with your boyfriend, who cannot date under the ban set by his agency. When the ban is lifted, you both want to take advantage of the opportunities at hand. What will you and Taehyung do with absolute freedom?",2018-03-30,7850.0,Mature,F/M,Completed,Anal Fingering | Bisexual Male Character | Clit Stimulation | Dildos | Established Relationship | Fingering | Fluff | Hickies | Kitchen Sex | Male!Dom | Male!sub | Marking | Mentions of asphyxiation | Mentions of choking | Oral Sex | Pegging | Possessive Behavior | Sex | Sex Toys | Smut | Swearing | Vaginal Fingering | bisexual!taehyung | female!dom | female!sub | marking kink | mentions of BDSM | mentions of ice play | mentions of threesome | safe sex,Kim Taehyung | V/Reader Series: Bangtan One-shots [6],taehyung
https://golemlab.eu/graph/26124724,75,along the boardwalk,they always said Kim Taehyung had a you-shaped hole in his heart.,2020-08-26,12886.0,Teen And Up Audiences,F/M,Completed,College | Light Smut | Strangers to Lovers | Unprotected Sex | a skater boy au!,Kim Taehyung | V/Reader,taehyung
https://golemlab.eu/graph/24569356,74,Keeping Good Company,"Post-Covid, your boyfriend Yoongi gives you permission to get fucked senseless by Jimin and Tae, your good friends... while he watches.",2020-06-06,6185.0,Explicit,F/M,In-Progress,Anal Play | Breathplay | Cuckolding | Daddy Dom Min Yoongi | Suga | Dom Kim Taehyung | V | Dom Min Yoongi | Suga | Dom/sub Play | Double Penetration | Exhibitionism | Friends to Lovers | Gangbang | Group Sex | Public Sex | Switch Park Jimin (BTS) | Threesome | Voyeurism | boyfriend! yoongi,"Kim Taehyung | V/Reader, Min Yoongi | Suga/Reader, Park Jimin (BTS)/Reader",taehyung
https://golemlab.eu/graph/27158354,74,Sun. Moon. Star.,Each day you grew more frustrated that Taehyung was taking so long to make you his wife. Until the day the truth of your forgotten past was uncovered and threatened to tear you both apart for good.,2020-10-23,13515.0,Explicit,F/M,Completed,Alternate Universe - Fantasy | Alternate Universe - Magic | Alternate Universe - Royalty | Blacksmith Taehyung | Church Sex | Cunnilingus | Explicit Language | Explicit Sexual Content | Fantasy | Incomplete | Knight Jeon Jungkook | Knight Kim Seokjin | Jin | Magic | Minor Violence | Oral Sex | Originally Posted on Tumblr | POV Second Person | Reader-Insert | Romance | Sickening Romantic Drivel | Smut | Unprotected Sex | soap opera level dramatics,Kim Taehyung | V/Reader,taehyung
https://golemlab.eu/graph/22703800,73,hemlock,"It was his own fault for cheating on you. When you decide to teach your boyfriend a lesson, it ends in a shock that not even you, a witch, saw coming.",2020-02-14,2023.0,Explicit,F/M,Completed,A bit more plot | Dirty Talk | Incubus Kim Taehyung | V | Oral Sex | Porn With Plot | Slight corruption (kind of) | Vaginal Sex | Witches | You're still a witch obv | kind of,Kim Taehyung | V/Reader Series: Life's A Witch (And So Am I) [3],taehyung
https://golemlab.eu/graph/17309693,73,The Munificent Tutor,"After a series of unforeseen events, you refuse to believe anything else could take you by surprise - that is, until you meet your new teacher and he proposes you an offer that proves to be more than you would ever dare bargain for, primarily for self-incriminating reasons.",2019-01-05,27038.0,Explicit,F/M,In-Progress,Alcohol | Alternate Universe - High School | Alternate Universe - Student/Teacher | Consensual | Dom Park Jimin (BTS) | Eventual Smut | Explicit Sexual Content | Finger Sucking | Gratuitous Smut | Oral Sex | Orgasm Delay/Denial | Porn With Plot | Reader-Insert | Scandal | Sexual Fantasy | Sexual Tension | Smut | Spanking | Subspace | Teacher-Student Relationship | Unrequited Crush | Vaginal Fingering,"Kim Taehyung | V/Reader, Park Jimin (BTS)/Reader",taehyung
https://golemlab.eu/graph/29932548,73,handsy,"Clearing his throat once more, his shoulder relaxes against the doorframe, his eyes continue to debate where to look. “Wha-whatcha doing there?” He immediately turns away from you after speaking, facing the wall as he aggressively rubs at the nape of his neck. “Oh...you know...just trying to sleep.” There’s a brief silence- minus the light flapping of your curtains. That and the mental beating you’re giving yourself for trying to joke about the situation at hand. There is no hiding it. You’ve been caught red-handed. “Y/n,” Taehyung warns. Shutting your eyes tightly, your brain moves at hyper-speed trying to figure out what to do or say next. A million scenarios flood in and all you want is to pick the option that lets you keep your roommate and not have to live with exploding embarrassment for the rest of your life. You’re about to open your mouth and just say the first thing that comes to mind, perhaps brutal honesty will help you out in the end, but Taehyung beats you to the punch. “Do you...do you need help?”",2021-03-09,3697.0,Explicit,F/M,Completed,Alternate Universe - Roommates/Housemates | Body Worship | Daddy Kink | Dirty Talk | Dom Kim Taehyung | V | Foot Fetish | Friends to Lovers | Kim Taehyung | V Smut | Light Foot Worship | Love Confessions | Masturbation | Mutual Pining | PWP | Plot What Plot/Porn Without Plot | Praise Kink | Smut | Top Kim Taehyung | V | punishment kink | taehyung doesn't get off this is all about y/n | this is so cursed i'm so sorry,Kim Taehyung | V/Reader,taehyung
https://golemlab.eu/graph/35585335,73,White Lies,"Growing up together, you had always thought that he would always be a part of your life forever, until he suddenly chose a different path, leaving you altogether in the shadows of your past. What happens when you finally decide to move on, to walk down your new path in life without him, while completely unaware of how it had been him who had been standing in the shadows, drowning in his own little secrets?",2021-12-08,66712.0,Mature,F/M,Completed,Aftercare | Angst | Angst and Hurt/Comfort | Angst with a Happy Ending | Artist Kim Taehyung | V | Best Friends | Biting | Body Worship | Breast Play | Broken Heart | Broken Promises | Childhood Friends | Clit Play | Clothed Foreplay | Cunnilingus | Dirty Talk | Emotional Manipulation | Eventual Smut | Explicit Sexual Content | Fake/Pretend Relationship | First Love | First Time | Foreplay | Friends to Lovers | Healing | Healing Sex | Kissing | Nipple Play | Oral Sex | Painting | Rough Sex | Sensual Play | Sexual Tension | Unprotected Sex | Unrequited Love | Vaginal Fingering | implied first time sex | minor cum play,Kim Taehyung | V/Reader,taehyung
https://golemlab.eu/graph/6967447,73,,,,,,,,,,taehyung
https://golemlab.eu/graph/25252507,73,Hold Me,,2020-07-14,1937.0,Explicit,F/M,Completed,Husband Taehyung,Kim Taehyung | V/Reader,taehyung
https://golemlab.eu/graph/13056981,73,The Personal Stylist,"You and Taehyung dated briefly before his debut before breaking things off. When you get hired on the styling team for his group, Taehyung grows interested with the woman he used to know again, paid to clothe him. Alternatively, you are Taehyung's personal stylist and he wants to be everything but clothed around you.",2017-12-18,6052.0,Mature,F/M,In-Progress,Alternate Universe - Idols,Kim Taehyung | V/Reader,taehyung
https://golemlab.eu/graph/7612705,72,Because of Dog,"“Someone's gonna come over right now and help you, isn't that great? Now you can start over and be happy again.”",2016-07-28,4242.0,General Audiences,F/M,Completed,Alternate Universe - Veterinarians | Fluff | just some sweet stuff idk | lots of fluff,Kim Taehyung | V/Reader Series: Bangtan as Vets [2],taehyung
https://golemlab.eu/graph/18112754,71,Making Mistakes,"It was a mistake—a stupid, drunk mistake.",2019-03-14,2118.0,Explicit,F/M,Completed,Dirty Talk | Vaginal Fingering | fuckboy!au | he takes pictures and videos yikes,"Kim Taehyung | V/Reader, Kim Taehyung | V/You",taehyung
https://golemlab.eu/graph/27238387,71,Under the Covers,"You and Taehyung are paired up for and undercover mission. You are to pose as a married couple in order to infiltrate the inner workings of the Chinese Mafia, but, what no one accounted for were feelings getting in the way...",2020-10-28,23451.0,Explicit,F/M,Completed,Bangtan smut | Reader Insert | Smut | Spy!AU | bangtan - Freeform | bts - Freeform | bts smut | kim taehyung/reader - Freeform,Kim Taehyung | V/Reader,taehyung
https://golemlab.eu/graph/6621433,71,The Suspect in Room Two,"Sometimes there are perks to being in the wrong place, at the wrong time.",2016-04-22,4595.0,Teen And Up Audiences,F/M,Completed,Fluff | Humor | btslibrary,Kim Taehyung | V/Reader,taehyung
https://golemlab.eu/graph/19008259,70,you and me,"rich parents need more than one babysitter sometimes, but did it really have to be kim taehyung?",2019-05-29,29126.0,Teen And Up Audiences,F/M,Completed,Alternate Universe - Babysitters | Alternate Universe - College/University | Attempt at Humor | Babysitting | Cute Kids | Fluff | Fluff and Humor | bc i find them cute | bff!yoongi | i feel like that's important to include | rich lesbians | side yoonmin | vmin friendship,"Kim Taehyung | V/Reader, Min Yoongi | Suga/Park Jimin",taehyung
https://golemlab.eu/graph/19240687,70,Shadowplay,"this is apart of the bts smut club drabble exchange for the first anniversary! 🐸🎉 request: Can I get a vampire!AU one with vampire!Taehyung (a complete kinky dom)? The reader has a crush on Taehyung and finds out that he’s a vampire and it all goes from there 🙂 Thank you ❤ summary: this a/n: vampire fics ?? not something i write, so i rlly hope i did alright! 💓 i rewrote this five times 😖 the research i put into vampire jizz is embarrassing lol",2019-06-16,3699.0,Mature,F/M,Completed,Alternate Universe - Vampire | Fear Play | Vampire Sex,Kim Taehyung | V/Reader,taehyung
https://golemlab.eu/graph/5342015,70,Best,The best things in life tend to pass us by.,2015-12-03,1901.0,General Audiences,F/M,Completed,Fluff and Angst,"Kim Taehyung | V/Reader, Park Jimin (BTS)/Reader",taehyung
https://golemlab.eu/graph/25603357,70,Heart on Fire,"As a hunter you’ve had many run ins with the demon V, who enjoys playing with you by leaving a trail of bloody bodies, fights, and flirting. You swear to take down the demon, but what happens when there’s more to him than meets the eye?",2020-07-30,19642.0,Explicit,F/M,Completed,Anal Fingering | Blood | Bondage | Demon Sex | Demon!AU | Demons | Dirty Talk | Dream Sex | Hunter - Freeform | Language | Minor Character Death | Oral Sex | Penetrative Sex | Rituals | Smut | Supernatural - Freeform | Torture | Unsafe Sex | Vaginal Fingering | Violence | breath play | dead bodies examined briefly | kinky smut | soft smut | supernatural!AU,Kim Taehyung | V/Reader,taehyung
https://golemlab.eu/graph/29731896,69,Accident,"you and taehyung are college students and while you’re working on an assignment you stumble across his search history, exposing that he might be into things you didn’t know he was into.",2021-02-27,1460.0,Mature,F/M,Completed,Adorable Kim Taehyung | V | College | Dom/sub | Domestic Fluff | Femdom | Fluff | Light Dom/sub | Mild Smut | Mommy Kink | Please be nice | Sub Kim Taehyung | V | The reader is an author how fitting lol | mentions of porn | this is my first femdom fic,Kim Taehyung | V/Reader,taehyung
https://golemlab.eu/graph/24974464,69,Drabble: The Den,Original Drabble Ask: “Taehyung + Cocktail + s2l ~ congratulations on the 2000+ followers!!! 💜💜💜”,2020-06-29,1493.0,Mature,F/M,Completed,Creampie | Ditry talk | Drabble | Mentions of alcohol | S2l | Smut | Strangers to Lovers | Supernatural AU - Freeform | Unprotected Sex | Werewolf AU | Werewolf Taehyung | maybe praise kink? | mentions of seedy establishments | sexy situations | werewolf!taehyung,"Kim Taehyung | V/Reader, Kim taehyung x reader - Relationship, Taehyung x Reader, V x Reader Series: Drabbles [6]",taehyung
https://golemlab.eu/graph/22626586,69,Insomnia,You can't sleep.,2020-02-09,12184.0,Mature,F/M,Completed,Alternate Universe - College/University | Crack | Dirty Talk | Sex Toys | Smut | oc being uptight | taehyung being a horndog | the usual,Kim Taehyung | V/Reader Series: Insomnia [1],taehyung
https://golemlab.eu/graph/26112100,69,across the stars,"kim taehyung has always dreamed of the fated day on which he will finally meet the love of his life, his soulmate. but when the countdown on his wrist freezes without a warning, he finds himself in search of something as elusive as love itself: the truth.",2020-08-25,23138.0,Mature,F/M,Completed,And a dash of smut | Soulmate AU | angst with an optimistic ending | primarily angst | themes of loss & healing | with some fluff in the mix too,"Kim Taehyung | V/Reader, Kim Taehyung | V/You Series: a home for lost souls [1]",taehyung
https://golemlab.eu/graph/16868389,68,The Little Blue Shop on Main Street,Stumbling upon a hidden gem in the middle of an alleyway turns out to be the greatest discovery of your life.,2018-12-05,9531.0,Teen And Up Audiences,F/M,Completed,Alternate Universe - College/University | Fluff | Romance,Kim Taehyung | V/Reader Series: Taehyung's Toys [1],taehyung
https://golemlab.eu/graph/12010443,68,backseat fun,"“Trust me, thirty minutes is enough.”",2017-09-05,1163.0,Mature,F/M,Completed,Dirty Talk | Semi-Public Sex | Smut | Spanking | sex in backseat of a car,Kim Taehyung | V/Reader,taehyung
https://golemlab.eu/graph/25899454,68,Daechwit-ahhh,"Yoongi eating you out on the couch when Taehyung walks in on you, blasting “Daechwita” on his galaxy buds.",2020-08-14,3927.0,Explicit,F/M,Completed,Cuckolding | Dildos | Dominant Reader | Established Min Yoongi | Suga/Reader | Implied Polyamorous Negotiations | Implied Relationships | Implied/Referenced toxic relationship(s) | Kim Taehyung | V is Whipped | Min Yoongi | Suga is a sex god | Min Yoongi | Suga teaches Tae how to please a woman | One Shot | Oral Sex | Pegging | Smut | Strap-Ons | Taehyung is a virgin | Threesome - F/M/M,"Kim Taehyung | V/Reader, Min Yoongi | Suga/Reader",taehyung
https://golemlab.eu/graph/26281921,68,Penetrating The Offense,Your boyfriend wasn't normally the jealous type.. until he saw what you wore that day and how all the other men were devouring you with their eyes. *TW: mild degradation/name-calling/slut-shaming,2020-09-04,2638.0,Explicit,F/M,Completed,Dom/sub | Jealousy | Name-Calling | No Plot/Plotless | Oral Sex | Pet Names | Princess/Sir realtionship | Rough Sex | Smut | Vaginal Sex,Kim Taehyung | V/Reader,taehyung
https://golemlab.eu/graph/19870684,68,Don't Swallow,"Genre: Smut with Taehyung x Female Reader (Y/N) plus surprise member Warnings: Swearing, oral sex (male receiving), Dom vibes, Reader is Sub, restraints, slapping, spitting, degradation, a need for a safe word, cum eating, voyeurism, threesome, Sir kink, anal sex, surprise member. Summary: Admitting your inner thoughts with your partner wasn’t a sensible idea. Reference: 5th Muster killed me. Song most listened to throughout: Get ur freak on by Missy Elliot All rights reserved ©Gotmetalkinginmysleep",2019-07-19,3200.0,Explicit,F/M,Completed,Anal Sex | Come Eating | Daddy Kink | Dom/sub | Face Slapping | Oral Sex | Restraints | Spit Kink | Threesome - F/M/M | Voyeurism | surprise character - Freeform,Kim Taehyung | V/Reader,taehyung
https://golemlab.eu/graph/16680604,67,camellia,Y/N is a strong-willed herbalist who knows exactly what she wants; she also happens to makes some really good tea. Taehyung is a kind but rebellious prince who doesn’t really know what he wants but he knows that the commoner girl who makes fantastic tea can’t be this damn cute.,2018-11-20,19511.0,Not Rated,F/M,In-Progress,Dirty Talk | Edging | Herbalist OC | Kim Taehyung | V is Whipped | Kim Taehyung | V is a Little Shit | OKAY WE'RE DONE U GET IT | Okay bye | Orgasm Delay | Prince Kim Taehyung | V | Prince/Commoner | Romantic Fluff | Smut | Tooth-Rotting Fluff | Vaginal Fingering | also | smut tags make me UNCOMFORTABLE | the word slut is used during sexy time,Kim Taehyung | V/Reader,taehyung
https://golemlab.eu/graph/11539308,67,NSFW,"Taehyung is a bit needy but with cellphones being a thing, you're always in contact, even when you're on at the office. Too bad Taehyung sometimes gets a little NSFW.",2017-07-18,2043.0,Explicit,F/M,Completed,Cross-Posted on Tumblr | Fairly vanilla stuff | Mentions of Sexting - Freeform | Mentions of dick pics | Taehyung is a tease,Kim Taehyung | V/Reader,taehyung
https://golemlab.eu/graph/16593818,67,Purple Rose,"Loans, gambling and drugs, all part of a lavish world unfamiliar to you… Until the day you accepted an offering to deliver a mysterious parcel in exchange for a large amount of money that you very much needed. You ended up being asked to do more jobs for them and got involved with the business more and more… …and the cold hearted leader of it all, who was falling for you, fast. His cold heart melted around you and he showed you a different side of himself, a side that was warm, caring and loving. But with this love came danger far beyond sane…",2018-11-11,17333.0,Explicit,F/M,Completed,Angst | Mafia AU | Rich Kim Taehyung | V | Smut | Teasing | Vanilla | a lot of smut | mafia taehyung | taehyung - Freeform,Kim Taehyung | V/Reader,taehyung
https://golemlab.eu/graph/14875017,67,cuddly reassurance,"you get a late night call and your hand flies to mute the tv before you answer. ""hello?""",2018-06-11,859.0,General Audiences,M/M,Completed,taehyung needs a cuddle buddy and that means you my dude,Kim Taehyung | V/Reader,taehyung
https://golemlab.eu/graph/22288000,67,Taehyung: True Attraction,"...Making you sigh as you press closer, saying that you want him too. ""What if I want to give you attitude.."" You're taken aback. Did he just call you out? Is he challenging you for real? Is this flirting???",2020-01-17,10664.0,Explicit,F/M,Completed,Attraction | Awkward Flirting | Explicit Sexual Content | First Kiss | Flirting | Kissing | Nipple Play | Sex | Vaginal Fingering,"Kim Taehyung | V/Reader, Kim Taehyung | V/You",taehyung
https://golemlab.eu/graph/12442266,67,resentment,"kim taehyung is the best friend you’re in love with. min yoongi is his childhood bully, and, apparently, your new roommate.",2017-10-21,4057.0,Mature,F/M,In-Progress,Childhood Love | Enemies to Lovers | Roommates | Slice of Life | Slow Burn | Unrequited Love | childhood enemies | struggling artists au,"Kim Taehyung | V/Reader, Kim Taehyung | V/You, Min Yoongi | Suga/Reader, Min Yoongi | Suga/You",taehyung
https://golemlab.eu/graph/20395924,67,honeymoon rehearsal,Neither you nor your fiancé can wait to be married - and perhaps there’s something else Taehyung can’t wait for.,2019-08-26,9265.0,Mature,F/M,Completed,Blindfolds | Clothed Sex | Dirty Talk | Missionary Position | Riding | Weddings | wedding smut,Kim Taehyung | V/Reader,taehyung
https://golemlab.eu/graph/11069193,66,"Just Friends, Right?","You have a more than close friendship with Jimin, which keeps you from doing much of anything",2017-06-02,7080.0,Mature,F/M,Completed,Bad Boy Kim Taehyung | V | Friends With Benefits | taehyung is based off a song i know and love,"Kim Taehyung | V/Reader, Park Jimin (BTS)/Reader",taehyung
https://golemlab.eu/graph/17444123,66,Hold Your Breath,"It was illegal to talk to those of the sea.  However, you stopped caring about the law and started caring about him instead.",2019-01-16,1451.0,General Audiences,F/M,In-Progress,AU | Alternate Universe | Drabble | Female Reader | Sea Prince AU,Kim Taehyung | V/Reader Series: Sea Prince AU | kth [1],taehyung
https://golemlab.eu/graph/13772508,66,not a courtesy (i wanna stay in your life),"""i didn't know you had a kid."" well it's not like it's easy to tell someone you've only started dating that you have a kid. and honestly? dating someone for longer than a few weeks doesn't make it any easier.",2018-02-23,1047.0,General Audiences,M/M,Completed,i wanted to give her a tata pillow but thought it was overkill | reader is a single dad | your kid is adorable,Kim Taehyung | V/Reader,taehyung
https://golemlab.eu/graph/19808308,66,Heliotrope,"A drabble series where Taehyung is a successful artistic erotica actor but has to expand his areas of expertise in the rapidly evolving world of adult film. Lost and inexperienced in everything that doesn’t involve classy settings, flattering lighting and romantic scripts, he basically has to start from scratch to make it in the online porn community. As a highly demanded A-lister in that community, you take him under your wings (or better yet, between your legs).",2019-07-14,11679.0,Mature,F/M,In-Progress,Adult Film | Degradation | Jeon Jungkook & Kim Taehyung | V are Rivals | Mutual Pining | Porn | Porn with Feelings | Pornstars | Rival Relationship | Rivalry | Strangers to Lovers | Strong Language | fan behaviour from jjks side really | idek i'm making this up as i go tbh | maybe i'll throw some angst in there too at some point | reader is sweet i love her | taegi - Freeform,Kim Taehyung | V/Reader Series: Heliotrope [1],taehyung
https://golemlab.eu/graph/17940920,66,Daddy's Home,i've been sitting on this for a while,2019-02-27,795.0,Explicit,F/M,Completed,Daddy Kink | Rough Sex | rough tae | well its rough to me,Kim Taehyung | V/Reader,taehyung
https://golemlab.eu/graph/28343154,66,Cozy by the Fire,"“_______…can we?..” Tae trailed off but you had some idea of what he was asking. It was something new you’d both recently discovered about him while laying tired in bed one night after one of his concerts. “Tae, you can ask baby. You don’t have to be shy,” you encouraged. He’d been shy about this new little kink of his, if you could even call it that. When he’d first told you, you thought he would die from embarrassment. You’d assured him it was very sweet. That he had nothing to be ashamed of. “Can I….?” He paused, as if unsure if he should continue. You pulled your head off his shoulder and looked down into lovely, warm brown eyes, placing a soft kiss against his lips. He kissed you back, humming into it pleased. “Can I be inside you?”",2020-12-26,804.0,Not Rated,F/M,Completed,Cock Warming | soft smut,Kim Taehyung | V/Reader,taehyung
https://golemlab.eu/graph/11274222,66,Who is this guy?,"What happens when you meet your stalker? Read and find out. I wrote this, seeing as there is little male reader x BTS. I just want to say... I don't know know what I'm doing! This is a crap plot, story, thing, but I hope you like it anyway. I may or may not continue this story. We'll see what happens.",2017-06-22,5357.0,Explicit,M/M,Completed,Eventual Smut | Gay Sex | Kitten Kink | Sexual Harassment | Smut | Some Plot,Kim Taehyung | V/Reader,taehyung
https://golemlab.eu/graph/41079930,65,Just You,"Daddy Tae fucks a baby (or two) into you !! - AFAB reader, no gendered name-calling or anything like that though !!!,",2022-08-16,162.0,Explicit,F/M,Completed,Ambiguous Age | Forced Pregnancy | Impregnation | Mating Press | Mildly Dubious Consent | Parent/Child Incest | Possessive Kim Taehyung | V | Slut Shaming | Teen Pregnancy | Vaginal Sex,Kim Taehyung | V/Reader,taehyung
https://golemlab.eu/graph/15059099,65,Nightdream,"You’re too busy with work and Taehyung misses you, he starts having dreams about you, intense dreams that change his attitude and he wants to punish you…",2018-06-26,2196.0,Mature,F/M,Completed,Bondage | Clothes Ripping | Dirty Talk | Dom Kim Taehyung | V | Hair Pulling | Spanking | Top Kim Taehyung | V | shameless dirty talk | tease,Kim Taehyung | V/Reader,taehyung
https://golemlab.eu/graph/23229181,65,"Look At You And Your Beautiful, Stupid Face","When it was finally time to make plans for spring break, your bird-brained brother decided to force you to bunk up with his stupid, beautiful best friend, with his beautiful, stupid face, stupid sultry voice and deep stupid eyes. God, you hated to love him.",2020-03-20,1646.0,Explicit,F/M,Completed,Enemies to Lovers | Masturbation | Pining | Sharing a Bed | Tsundere Reader,Kim Taehyung | V/Reader,taehyung
https://golemlab.eu/graph/17592944,65,With You,"As always, cross-posted on my Tumblr Blog!",2019-01-29,2272.0,General Audiences,F/M,Completed,AU | All that is pure and good | Fluffy | Happy | High School AU | Pt. 2 of I Can't Quit,Kim Taehyung | V/Reader Series: High School AU | kth [2],taehyung
https://golemlab.eu/graph/21771733,65,Devilish,"Sex, blood, fashion dripping holy water Holy shit, she worshiping my dick like it’s the Holy Father” - Devilish, Chase Atlantic You break into the office of the devil himself.  You find him terrifying, yet intriguing.  He is fuming with anger at you, yet when he realizes that you are infatuated by him, he decides to see how far he can push your lust, until you lose your wings and become a fallen angel.",2019-12-12,14989.0,Explicit,F/M,In-Progress,Angel Corruption | Biblical Scripture References (Abrahamic Religions) | CEO Kim Taehyung | V | Choking | Daddy Kink | Dom/sub | Explicit Language | Face Slapping | Fallen Angels | Hair-pulling | Hell | King Kim Taehyung | V | Minor Character Death | Rope Bondage | Rough Oral Sex | Rough Sex | Smut | Spanking,Kim Taehyung | V/Reader,taehyung
https://golemlab.eu/graph/24297754,65,the anatomy of a goodbye,"Jimin holds his hands up in the air in defense and whines, “I thought you’d be annoyed! You hate weddings and anything to do with them!”",2020-05-21,7115.0,General Audiences,F/M,Completed,Angst | Old Friends | Pining | Unrequited Love | Weddings,"Kim Taehyung | V/Reader, Min Yoongi | Suga/Reader, Minor or Background Relationship(s)",taehyung
https://golemlab.eu/graph/11299716,65,Hidden Desires,You and Kim Taehyung have been roommates for years. It isn't surprising if you actually have hidden desires for your roommate.,2017-06-25,2754.0,Explicit,F/M,Completed,Butt Plugs | Condoms | Dildos | Fluff and Smut | Kissing | Oral Sex | Rough Kissing | Rough Sex | Sex | Sex Toys | Smut,Kim Taehyung | V/Reader,taehyung
https://golemlab.eu/graph/29586840,65,Our First Night,"""Tonight was supposed to be the night; you’d planned every detail. You’d asked Taehyung to come over around eight, dinner already being dished up and wine already poured. You’d invited him to stay the night, as he often had in the last two months of your relationship. But in those two months, whilst there had been some rather heated make-out sessions… You still hadn’t given yourself to him completely.""",2021-02-20,4410.0,Explicit,F/M,Completed,First Time | Insecurity | Praise Kink | Self-Esteem Issues | Self-Hatred | Squirting | Teasing | Vaginal Fingering | Vaginal Sex | plus size | plus size reader,Kim Taehyung | V/Reader,taehyung
https://golemlab.eu/graph/30160725,65,One Up,"Yoongi and Taehyung have been best friends for years, but they also have a history of one upping each other. And now you find yourself suddenly in the middle of their competition.",2021-03-20,14691.0,Explicit,F/M,Completed,Alley Sex | Angst | Best Friends | Betrayal | Big Dicks | Boob Groping | Casual Sex | Cheating | Childhood Friends | Competition | Doctor Yoongi | Drinking | Everyone Is An Asshole | Infertility | Lawyer Taehyung | Lots of Cum | ONE UP | Rivalry | Roofies | Smut | Unprotected Sex | awkward teen years | backstabbing | pot smoking,"Kim Taehyung | V/Reader, Min Yoongi | Suga/Reader",taehyung
https://golemlab.eu/graph/6215944,64,Drinks,Tae is a bit looser when waisted.,2016-03-11,1264.0,Mature,F/M,Completed,Drinking | Fluff | Fluff and Smut | Kissing | Mild Smut | Underage Drinking,Kim Taehyung | V/Reader,taehyung
https://golemlab.eu/graph/26968753,64,Always the same,"They all warned you against him. And when he proved them right, you were left with a broken heart, mended with food. What happens when your paths cross again? You're definitely not the same woman you were back then.",2020-10-12,5801.0,Mature,F/M,Completed,Fluffy-ish | Heartbreak | How Do I Tag | Insecurity | Miscommunication | Sexual Content | Smut | Vaginal Sex | Weight Gain,Kim Taehyung | V/Reader,taehyung
https://golemlab.eu/graph/26833819,64,Take Out,Taehyung loves listening to your wildest fantasies and then making them reality... No matter who's watching.,2020-10-05,2679.0,Explicit,F/M,Completed,Car Sex | Dirty Talk | Exhibitionism | PWP | Smut | Taehyung wants to make your fantasies come true | This is pure smut actually | Voyeurism,Kim Taehyung | V/Reader,taehyung
https://golemlab.eu/graph/35733109,64,Ten out of Ten,"→ Pairing: Taehyung x Female Reader → Summary: Fratboy Taehyung has been torturing you on campus for the last three years, finding anything that’ll irritate the life out of you, doing anything to drive you absolutely insane during the classes you unfortunately shared. But now that you’re seniors, that energy has somehow shifted and he’s come to learn that he may or may not have secret feelings for you. What happens when you make the same earth-shattering realization? → Genres: Smut | Humor → AU: College | Enemies to Lovers | Fratboy!Bangtan → Word Count: 8.6k → Rating: 18+ → Warnings: Explicit & unprotected sex | consensual drunk sex | ‘revenge’ sex (all fun and games) | mentions of alcohol | alcohol consumption | dirty talk | soft kissing | rough kissing | hard & hard dom!tae | grinding | fingering | sloppy oral sex | cock swallowing | choking on tae’s cock | throat fucking | praising | begging | sense of ownership | size kink | taehyung has a huge dong | belly bulge | reader gets dicked down almost too good (if that’s a thing) | breast play | biting | teasing | cockwarming | cum play | spanking | choking | pussy slapping | overstimulation | multiple orgasms",2021-12-16,8618.0,Explicit,F/M,Completed,Begging | Choking | Cock Swallowing | Drunk Sex | Face-Fucking | Kim Taehyung | V Has a Big Dick | Praise Kink | Rough Oral Sex | Size Kink | pussy slapping,Kim Taehyung | V/Reader,taehyung
https://golemlab.eu/graph/31879171,64,His Flower,"You're name is Ivy. You've just left your abusive ex and his pack along with your young son, Misha. You go to your brother for shelter. You know it's only a matter of time before HE finds you. Then you meet Rose and Namjoon, who take you in. When bringing you back to their home you find something you didn't think you could... YOUR MATE... Taehyung has had a rough go of it from the start. He was raised by psychotic alpha, who saw him only as a chess piece. He was just another thing to further the pack's power. That was until the pack was ripped apart. He found a new pack with Bangtan. They moved to a small town in the middle of no where. He doesn't understand the others need to be here. He doesn't like the way his elder brothers have thrown themselves at their mates. Mates? As if... That's how Tae felt until YOU walked into their home... ⚠️ THIS BOOK WILL CONTAIN SMUT AND MENTIONS OF ABUSE. 18+ MATURE THEMES⚠️",2021-06-11,25821.0,Explicit,F/M,Completed,Abuse | Angst | Btswolfpack | Fluff | Hurt | Mates | ShifterAU | Smut,Kim Taehyung | V/Reader Series: BTS Wolf Pack Series [5],taehyung
https://golemlab.eu/graph/17371277,64,Le début de notre Éternelle Chanson,,2019-01-10,10014.0,Explicit,F/M,Completed,BTS fluff | Honeymoon | Husband Taehyung | Taehyung smut | bts smut | taehyung fluff | virgin bts,Kim Taehyung | V/Reader,taehyung
https://golemlab.eu/graph/27613496,64,The Nutcracker,"waking up one day to a mysterious box your mother gave you, you open it and suddenly a wooden man appears and tells you that you have to save … the Four Kingdoms?",2020-11-18,11922.0,Explicit,F/M,Completed,Be Very Afraid | Dom/sub | Fluff and Smut | Foul Language | Mentions of Self-hatred | Minimal Prep | Orgasm Denial | References to The Nutcracker | Slight dom!Tae | Smut | Tae is a sweetheart | bd tae | dirty words | hard dick | look between and see fluff everywhere | mild violence | oral (female receiving) | slight angst | smut; maple syrup | toy discrimination | unedited | vanilla sex,Kim Taehyung | V/Reader,taehyung
https://golemlab.eu/graph/7480398,64,Peony Candy.,"As a life long friend of Kim Taehyung, you were hired to be a part of BTS' touring crew. Through this, the two of you become closer. Way closer.",2016-07-14,1739.0,Mature,F/M,Completed,Kissing | Oral Sex | Public Sex | Vaginal Fingering,Kim Taehyung | V/Reader,taehyung
https://golemlab.eu/graph/4532331,63,Peek-A-Boo Bangtan,Scenarios I came up with involving Bangtan with kids. Some cute shit I was thinking about that I hope others can enjoy lol,2015-08-09,13943.0,Teen And Up Audiences,F/M,In-Progress,Beautiful | Cute | Family | Fluff | Future | Goals | I hate tags | Kinda fluff? | Love | Perfect | Tags Are Hard | idk - Freeform | lol,"Kim Taehyung | V/Reader, Min Yoongi | Suga/Reader, Park Jimin (BTS)/Reader Series: Peek-A-Boo Bangtan! [1]",taehyung
https://golemlab.eu/graph/17027595,63,Say It Like You Mean It,Taehyung wants to cum inside of you.,2018-12-17,1028.0,Mature,F/M,Completed,Smut,Kim Taehyung | V/Reader,taehyung
https://golemlab.eu/graph/21513370,63,You Got Me Hypnotized,"Taehyung has finally come home from a business trip with other vampires and decides to surprise you with a fantasy you and him had been talking about doing for awhile now, putting some of his powers to use in a way that both of you should enjoy.",2019-11-21,2155.0,Explicit,F/M,Completed,Alternate Universe - Vampire | Blood Drinking | Communication | Consensual Non-Consent | Creative Use Of Powers | Fear Play | Fluff and Humor | In Love | Kim Taehyung Is A Vampire | Mildly Dubious Consent | Rape Fantasy | Rough Sex | Safewords Are In Use | Vaginal Sex | Vampire Sex | Vampires | Yeontan Is Their Baby | inappropriate use of powers,Kim Taehyung | V/Reader,taehyung
https://golemlab.eu/graph/35450860,63,Piano Man,"You get irritated with your ex and confide in your daughters piano instructor, who you also have a crush on. Or, alternatively: You shamelessly bone your kids piano teacher. You little slut.",2021-12-01,3239.0,Explicit,F/M,Completed,Breast Fucking | Oral Sex | Romance | Smut | Teacher Kim Taehyung | V | Vaginal Fingering,Kim Taehyung | V/Reader,taehyung
https://golemlab.eu/graph/17579135,63,Charme et luxure,"Oh yes, the city of Paris. The city of love is it not? But how come it is known as such? The atmosphere has something special about it, something special that changes people… In the air lingers infectionate charm, but at night charm can easily turn into lust… A turn that you had imagined and longed for ever since you stepped off the plane in the city itself for a getaway, hand in hand with your lover…",2019-01-28,4860.0,Mature,F/M,Completed,Fluff and Smut | Hotel Sex | Mirror Sex | Oral Sex | Paris - Freeform | Passionate | Power Bottom Kim Taehyung | V | Rough Kissing | Rough Sex | Smut | Top Kim Taehyung | V | romantic | romantic smut,Kim Taehyung | V/Reader,taehyung
https://golemlab.eu/graph/34113790,62,Gossamer,"Working as a hybrid scientist has been far from the dream job you expected it to be. One day, Experiment 1230, a created hybrid, ends up being put in your care at the facility you work in. How far are you willing to go to keep him safe from the evils of the place you are both in?",2021-09-27,50757.0,Mature,F/M,In-Progress,Adorable Kim Taehyung | V | Angst | Angst and Hurt/Comfort | Eventual Smut | Hybrid Kim Seokjin | Jin | Hybrid Kim Taehyung | V | Hybrid Min Yoongi | Suga | Hybrids | Kim Seokjin | Jin is So Done | Min Yoongi | Suga is Bad at Feelings | Tiger Hybrid Kim Taehyung | V | not entirely sure what kind of hybrid yoongi is | this fic is finished and will be updated weekly as I finish editing,"Kim Taehyung | V/Reader, Min Yoongi | Suga/Reader",taehyung
https://golemlab.eu/graph/16815880,62,Blizzard,"You and Taehyung both work as skiing instructors at a popular ski resort, teaching the very youngest kids how to ski. An interest is sparked in each other but in secrecy from the other. One evening the instructor team decided to get together for a movie night but it took a twist into a game of spin the bottle that resulted in heavy feelings of jealousy. As a heavy snowstorm pulls in over the resort you’re all trapped indoors and meanwhile you and your friend Hoseok try to figure out a plan to make things go back to normal between you and Taehyung again. But things turned out completely unexpected, yet desired instead…",2018-12-03,13242.0,Mature,F/M,Completed,Blizzards & Snowstorms | Detailed smut | Dirty Talk | Fluff and Smut | Friends to Lovers | Jealous Kim Taehyung | V | Jealousy | Oral Sex | Partners to Lovers | Rough Kissing | Rough Sex | Seven Minutes In Heaven Game | Shameless Smut | Size Kink | Ski instructor Taehyung | Smut | Spin the Bottle | big dick lol | rough vanilla | slightly possessive,Kim Taehyung | V/Reader,taehyung
https://golemlab.eu/graph/16241375,62,What's In A Name?,"You’ve always thought that you’d be one of those people without a soulmate. Always preferring to be alone, always lost in your own headspace, but waking up on your 17th birthday seeing a name glowing brightly on your wrist made you want to scream.... If it wasn’t scientifically proven and universally accepted as a sign of fate, you’d think it was utter nonsense.BS.",2018-10-09,2771.0,Teen And Up Audiences,F/M,Completed,Alternate Universe - College/University | Alternate Universe - Soulmates | Angst with a Happy Ending | Eventual Romance | Fluff | Light Angst | Reader-Insert | Romance,"Kim Taehyung | V/Reader, Kim Taehyung | V/You",taehyung
https://golemlab.eu/graph/16668055,61,Friends,"After your bad break up, Taehyung is determined to help you forget your ex. Like a true friend.",2018-11-19,3338.0,Explicit,F/M,Completed,Dirty Talk | Drunk Sex | He's such a good friend | Profanity | Reader has a dirty mouth | Teasing | and an even worse dirty mind | i have a big kink for characters denying their attraction for other characters | sue me | tae shows up like a hot pocket | you need to drink your sorrows away | you take him home cause who wouldn't,Kim Taehyung | V/Reader,taehyung
https://golemlab.eu/graph/21748987,61,Dating... Kim Taehyung,"You never would have thought that the love of your life was just one swipe right away... - Part of the Dating BTS series, written in a bullet point style. Complete series can be found on my tumblr.",2019-12-10,2611.0,Mature,F/M,Completed,Mentions of Smut | Smut,Kim Taehyung | V/Reader Series: Dating BTS [6],taehyung
https://golemlab.eu/graph/26635753,61,Take a Break,,2020-09-24,1538.0,Explicit,F/M,Completed,Blow Jobs | Oral Sex | Riding | Rough Sex,Kim Taehyung | V/Reader,taehyung
https://golemlab.eu/graph/25947214,61,For The First Time,Your boyfriend Taehyung waited until you were ready for your first time and tonight was the night.,2020-08-17,2062.0,Explicit,F/M,Completed,,Kim Taehyung | V/Reader,taehyung
https://golemlab.eu/graph/13434354,61,Workaholic,Taehyung has been busy. Too busy. What happens when his family starts to feel his absence?,2018-01-21,2886.0,General Audiences,F/M,Completed,Angst | Children | Fluff | Reader-Insert | Taehyung is father material,Kim Taehyung | V/Reader,taehyung
https://golemlab.eu/graph/14139414,61,Into the Light,"You only wanted to celebrate your birthday, but being stood up by all your friends and finding out they rather ditch your party for a bachelor auction, you follow them and end up with your very own instant purchase as a birthday gift --- This series consists of seven stand-alone stories. Some of the stories are loosely connected. So if you choose to read all of them… here is the best order to do that RM was first . Suga is following after RM. Jin is followed by Jungkook who is followed by Jimin. V is followed by J-Hope But you can read all them as a standalone. Please note if you read them all, there will be slight repetitions within these three groups.",2018-03-29,3981.0,Teen And Up Audiences,F/M,Completed,Bachelor Auction | Baristas | Fake Friends | new best friends,"Kim Taehyung | V/Reader Series: Going Once, Going Twice, Sold [6]",taehyung
https://golemlab.eu/graph/22178947,61,His Prophet,"The royal Sun God of Navern is a complete recluse; the polar opposite of what one would immediately assume of the God of the Sun should be.  Being the only God in his kingdom, he stayed within his castle walls- or at least it is assumed.  Staff and servants of the palace only see him occasionally in the halls or peering out into the gardens. It was the dreams of one certain townswoman who worked in a small library that he happens to run into one night that changes everything.",2020-01-09,9826.0,General Audiences,F/M,Completed,Fantasy | Protective Taehyung | Romance | arranged marriage vibes (kinda) | god AU | kingdoms and castles lol | medieval aspects | royal au sorta,Kim Taehyung | V/Reader,taehyung
https://golemlab.eu/graph/11235591,61,Whipped,"Best friends forever. Closest companions.  Story of how they get closer than that, journeying from friends to something more.",2017-06-18,2404.0,Mature,F/M,Completed,Alternate Universe - College/University | Alternate Universe - Soulmates | Fluff | Fluff and Smut | Jealous Kim Taehyung | V | One Shot | Smut | bestfriend au,Kim Taehyung | V/Reader,taehyung
https://golemlab.eu/graph/10395738,60,My Love,in which your fiancé hosts a party and your dress is too scandalous,2017-03-21,2014.0,Mature,F/M,Completed,Established Relationship | Sort Of | business man AU | elaborate party | taehyung saying 'my love' in english is my new religion | y'all do it in a bathroom,Kim Taehyung | V/Reader,taehyung
https://golemlab.eu/graph/16860661,60,,,,,,,,,,taehyung
https://golemlab.eu/graph/15723921,60,Silver lining,"Being a modern nymph, you find yourself in all kinds of situations. This time, however, it's a particularly fishy one and there doesn't seem to be any easy way out of it. But you assume fate has thrown you a lifeline when you meet Kim Taehyung, a popular idol with eccentric taste, in a petshop. Could it be more than a coincidence?",2018-08-18,15216.0,Teen And Up Audiences,F/M,In-Progress,Dysfunctional Family | Fish | Idol Kim Taehyung | V | Mentions of Death | Nymphs & Dryads | Slow Burn,Kim Taehyung | V/Reader,taehyung
https://golemlab.eu/graph/10672503,59,banana-tasting lips and confetti in his hair,"HYYH Taehyung AU, full of an angsty and gut-wrenching sweet romance that will leave you breathless. Baby girl./ Don’t slip away. You’re going to disappear. You’re disappearing from me. You’re fading from me. /Baby girl./ Taehyung. What are we doing? This is reckless. It was reckless. He was slipping away. He could disappear. You ran with him. You walked with him. You flew with him. You really loved the boy with confetti in his hair.",2017-04-19,5081.0,Mature,F/M,Completed,Angst | HYYH | Light Smut | Protective Bangtan Boys | The Most Beautiful Moment In Life | YNWA | taehyung is sad | the most beautiful moment in life au | very upsetting | you never walk alone,Kim Taehyung | V/Reader,taehyung
https://golemlab.eu/graph/12185880,59,Red Bandana,"The night before the comeback stage, your boyfriend, Kim Taehyung, finds a new use for the red bandana that serves as your blindfold.",2017-09-25,3409.0,Explicit,F/M,Completed,Daddy Kink | Exhibitionism | Plot What Plot/Porn Without Plot | Remember the red bandana from the comeback stage | Yeah that inspired this,Kim Taehyung | V/Reader,taehyung
https://golemlab.eu/graph/9548633,59,Lonely,Taehyung texts you out of the blue to go on a date.,2017-02-13,5262.0,General Audiences,F/M,Completed,Attempt at Humor | Cute Kim Taehyung | V | Dating | Fluff | Holding Hands | POV Second Person | Sweet | Sweet Kim Taehyung | V | Texting,Kim Taehyung | V/Reader,taehyung
https://golemlab.eu/graph/27937272,59,Always,"To you, summer was just a season. Life was too competitive and cut-throat to slow down. Besides, your corporate job never allowed you to enjoy it. To think, that job took everything from you and still let you go. Defeated, you head home to recharge. One day, you meet up with TAEHYUNG, your dearest friend from home, and he takes it upon himself to teach you how to slow down; even if it means waiting for you all over again. You never realized how much you missed him until now. But he missed you. Terribly. He always has. Kim Taehyung x reader - COMPLETED ONE-SHOT PG13 with soft sexual tension, more pining really Soft, gentle, slightly heart broken, sweetheart Taehyung Female reader of open age, nationality, and looks, but works & lives in South Korea Fluff, drama, slice of life, friendship, comfort, hurt, romance Childhood friends to distant friends to lovers, happy ending OT7 makes an appearance and they have a cute moment as a group w/ reader",2020-12-07,7795.0,Teen And Up Audiences,F/M,Completed,Alternate Universe | Angst with a Happy Ending | Best Friends | Childhood Friends | Childhood Memories | Cute Kim Taehyung | V | Falling In Love | First Love | Fluff | Fluff and Angst | Fluff and Hurt/Comfort | Fluff and Mush | Friends to Lovers | Friendship/Love | Hurt Kim Taehyung | V | Hurt/Comfort | Kim Taehyung | V is Whipped | Light Angst | Male-Female Friendship | Returning Home | Romance | Unrequited Crush | Unrequited Love,Kim Taehyung | V/Reader,taehyung
https://golemlab.eu/graph/17457875,59,I Can't Quit,"He made a promise, but only when you vanished",2019-01-18,4764.0,Teen And Up Audiences,F/M,Completed,Angst | High School AU | Romance | Tae is a dick in the beginning | Violence,Kim Taehyung | V/Reader Series: High School AU | kth [1],taehyung
https://golemlab.eu/graph/18525754,59,to the sun and back,"Your summer job as a receptionist at the Apollo Resort had the promise of being a safe getaway for your accumulated stress, but it all turned upside down when you met the charming surf instructor named Kim Taehyung.",2019-04-19,18593.0,Mature,F/M,Completed,Angst | Fingering | Fluff | Smut | Summer Romance | Surfing | receptionist seokjin | resort au | surfer Taehyung,Kim Taehyung | V/Reader,taehyung
https://golemlab.eu/graph/20041366,58,You Work Too Hard,You've been working all night on your university paper and Taehyung thinks you should take a break.,2019-07-30,1252.0,Explicit,F/M,Completed,Fluff | Fluff and Smut | Kim Taehyung | V is a Little Shit | Oneshot | Oral Sex | Reader-Insert | Smut | but he's also so so soft | he is babie,Kim Taehyung | V/Reader,taehyung
https://golemlab.eu/graph/17561699,58,Noona,"Taehyung, Jungkook, and Jimin lives in same apartment building. One day Taehyung received a mail for another Kim. She turned out to be Jimin's new neighbor.",2019-01-27,41192.0,Explicit,F/M,Completed,Alternate Universe - College/University | Alternate Universe - Neighbors | Angst and Tragedy,Kim Taehyung | V/Reader,taehyung
https://golemlab.eu/graph/15788367,58,Ride Me (Kim Taehyung x Female Reader) *Smut*,Boring smut because for me It’s hard to imagine Tae being a very sexual person and so imagining him in these situations don’t come easily to me sorry to all the Tae stans...,2018-08-25,447.0,Mature,F/M,Completed,Shameless Smut | Smutty | Vaginal Sex,Kim Taehyung | V/Reader,taehyung
https://golemlab.eu/graph/16882446,58,The Fuckening: Taehyung,A series of drunk texts from his best friend send Taehyung spiraling.,2018-12-06,1664.0,Mature,F/M,In-Progress,Eventual Smut | Fluff | Friends to Lovers | Humor | Sexting | Smut,Kim Taehyung | V/Reader Series: The Fuckening: A Collection [2],taehyung
https://golemlab.eu/graph/23225110,58,Sweet Night,"Taehyung lies down and stretches out his left arm, and you know that he’s waiting for you to use it as your pillow. You sink down onto the ground and lie next to him, reaching out to wrap your arms around his middle, almost as if it were out of instinct. Taehyung then takes the other blanket and drapes it over the two of you, and you just lie there for a while, basking in each other’s warmth. “You took me out to cuddle?” “Heck yeah.”",2020-03-20,2386.0,Teen And Up Audiences,F/M,Completed,Alternate Universe | Established Relationship | Fluff | For Anyone Who Needs Some Soft and Fluffy Delulu Material | Inspired by Music | Kim Taehyung | V is Whipped | One Shot | Soft Kim Taehyung | V | Tooth-Rotting Fluff,"Kim Taehyung | V/Reader, Kim Taehyung | V/You Series: With you, anywhere will be my home [1]",taehyung
https://golemlab.eu/graph/17043713,58,Yes?,"Taehyung x reader oneshot (established relationship AU) Fluff, smut (ish) Word Count: 5005 Kim Taehyung asks you the question.",2018-12-17,5011.0,Mature,F/M,Completed,,Kim Taehyung | V/Reader,taehyung
https://golemlab.eu/graph/8912134,57,closer • taehyung | m,The guy across the hall has got you feeling some type of way... ;),2016-12-19,2152.0,Mature,F/M,Completed,,Kim Taehyung | V/Reader,taehyung
https://golemlab.eu/graph/13268637,57,Prince Charming,How was I supposed to know that the sweet guy who showed up at the coffee shop I work at was a world-famous idol?,2018-01-04,2079.0,Teen And Up Audiences,F/M,In-Progress,Chance Meetings | Dating | Flirting | Fluff | Idols | Kim Taehyung | V is Whipped | Kim Taehyung | V is a Sweetheart | Long-Distance Relationship | Romance | Whirlwind Romance,Kim Taehyung | V/Reader,taehyung
https://golemlab.eu/graph/12032142,57,Second Chance,"When Taehyung left to be a trainee, you were left behind, never once did he contact you until he suddenly shows up after seven years.",2017-09-08,16146.0,Teen And Up Audiences,F/M,Completed,Fluff | Romantic Fluff | bts - Freeform | kim taehyung fluff | v fluff,Kim Taehyung | V/Reader Series: Second Chance [1],taehyung
https://golemlab.eu/graph/14166504,57,Sex Tape,you and taehyung decided to have a little fun and post it on tumblr.,2018-04-01,2088.0,Mature,F/M,Completed,Badboy taehyung | Bangtan Scenarios | Friends With Benefits | Sex | Sextape | Taehyung x Reader - Freeform | bangtan smuts | tumblr sex,Kim Taehyung | V/Reader Series: Bangtan/BTS One Shot collections [1],taehyung
https://golemlab.eu/graph/11653914,57,Questionable Methods,"Two days before an important test, your Korean teacher had decided to keep you in after school, simply to revise the material you covered that term – well, that was your explanation in case anyone asked. It wasn’t too far from the truth, Taehyung was very much intent on helping you pass your test. It was his methods that were rather....questionable.",2017-07-30,1091.0,Explicit,F/M,Completed,I Tried | I don't usually write for bts | Sex Toys | Teacher-Student Relationship | Teasing | request,Kim Taehyung | V/Reader,taehyung
https://golemlab.eu/graph/11796243,56,goodnight moon,"“I’ll love you, forever and always. To the moon and back.”",2017-08-14,3671.0,Teen And Up Audiences,F/M,Completed,Alternate Universe - Zombie Apocalypse | Angst | descriptions of blood and death,Kim Taehyung | V/Reader,taehyung
https://golemlab.eu/graph/27228250,56,The Final,"The final chapter of Pillow Talk...plenty of misunderstandings, drunkenness, a little angst, a little smut and maybe...just maybe the end you want 😏",2020-10-27,5491.0,Explicit,F/M,Completed,Alternate Universe | Alternate Universe - Modern Setting | Angst | Drinking | Drunk Texting | Drunkenness | Fluff and Smut | Making Love | Misunderstandings | Online Dating | Oral Sex | Shower Sex,Kim Taehyung | V/Reader Series: Pillow Talk [8],taehyung
https://golemlab.eu/graph/14446155,56,Short & Sweet,just smut tbh,2018-04-26,1482.0,Explicit,F/M,Completed,Dirty Talk | One Night Stands | Smut | Vaginal Fingering | Vaginal Sex,Kim Taehyung | V/Reader,taehyung
https://golemlab.eu/graph/23262361,56,Daffodils,"“Daffodils are an optimistic flower, and foolproof.” (Tasha Tudor) or sometimes denial is the brain’s way of protecting itself.",2020-03-22,4386.0,Teen And Up Audiences,F/M,Completed,Angst | Angst with a Happy Ending | Hanahaki Disease,"Kim Taehyung | V/Reader, Kim Taehyung | V/You Series: Flora & Fauna [6]",taehyung
https://golemlab.eu/graph/5420492,56,late night,"the street lights are flickering amber when you step outside, breeze chilled and biting, sky darkened and dotted with stars above city tower blocks. “i’m bored, let’s go.” and you go.",2015-12-13,1958.0,Teen And Up Audiences,F/M,Completed,Drabble | Fluff | Mild Smut | just somewhat poetic ramblings because i adore kim taehyung,Kim Taehyung | V/Reader,taehyung
https://golemlab.eu/graph/11535474,55,Attractive Stranger,in which you meet an attractive stranger after sketching him in a bookstore cafe.,2017-07-18,1207.0,General Audiences,F/M,Completed,Fluff | That's it | just fluff,Kim Taehyung | V/Reader Series: one shots [2],taehyung
https://golemlab.eu/graph/38744652,55,Until You Break Me,"Taehyung knew the moment you smiled at him at his party that he'd break your heart one day—possibly more than once, depending on how many times you'd forgive him. Written for the April's Spring Day event hosted by @bangtanwritershq",2022-05-02,12170.0,Mature,F/M,Completed,Anal Fingering | Angst | Arguments | Biting | Blow Job | Body Worship | Bondage | Cheating | Clit Slapping | Crying | Cunnilingus | Fingering | Gaslighting | Heavy Angst | Impact Play | Insecurities | Jealousy | Light Choking | Manipulation | Marking | Oral Sex | Praise Kink | Pregnancy | Riding | Rimming | Smut | Strangers to Lovers | Unrequited Love | best friend to lovers | breath play | emotional cheating | mentions of post-partum depression | oc aludes to abortion | oc vomits once,"Kim Taehyung | V/Reader, Park Jimin (BTS)/Reader",taehyung
https://golemlab.eu/graph/15529203,55,Saturday Detention,"Me and Taehyung weren't the best of friends and always were teased about being enemies that were secretly in love, but we didn't care for those rumors and constantly picked on each other.",2018-08-01,7636.0,Not Rated,F/M,Completed,Alternate Universe - High School | Cute Min Yoongi | Suga | Enemies to Lovers | Fluff and Smut | Jeon Jungkook is a Little Shit | Kim Taehyung | V is a Sweetheart | Loss of Virginity | Reader-Insert | Rough Sex | Smut | Top Kim Taehyung | V | Vaginal Sex,Kim Taehyung | V/Reader,taehyung
https://golemlab.eu/graph/18432080,55,Reconciliation in Currency,Sometimes reconciliation comes at a cost. Literally. twitter: kmindset_ tumblr: kmindset,2019-04-11,3652.0,Explicit,F/M,In-Progress,Alternate Universe - Sugar Daddy | Angry Kissing | Angry Sex | Angst | Angst and Fluff and Smut | Best Friends | CEO Kim Taehyung | V | Car Sex | Complicated Relationships | Dom Kim Taehyung | V | Drama | Emotional Sex | Enemies to Friends to Lovers | Face-Fucking | Flashbacks | Friends to Enemies | Friends to Lovers | Friendship/Love | Fucking | Kim Taehyung | V-centric | Love Confessions | Oral Sex | Other Additional Tags to Be Added | Phone Sex | Public Sex | Rich Kim Taehyung | V | Rough Kissing | Rough Sex | Semi-Public Sex | Sex Toys | Shameless Smut | Shower Sex | Smut | Sugar Daddy | Sugar Daddy Kim Taehyung | V | Tags Contain Spoilers | True Love | estranged friends,Kim Taehyung | V/Reader,taehyung
https://golemlab.eu/graph/9382322,54,Bring out the GUCCI baby!,"""HERE"" it says, here WHAT? (Or where you first see your boyfriend's WINGS album photo teaser and go bat shit crazy because boy looks GOOD!)",2017-01-18,4001.0,Explicit,F/M,Completed,Just Sex | Lots of Sex | PWP without Porn | V's Teaser Photo from WINGS | blindfolding | gucci | here | let's see...,"Kim Taehyung | V/Reader, Kim Taehyung | V/You",taehyung
https://golemlab.eu/graph/22974190,54,All of the Above,"His hair is Fanta orange and it suits him. —smut, prostitute taehyung",2020-03-01,2278.0,Explicit,F/M,Completed,Alternate Universe - Not K-Pop Idols | Angst | Dirty Talk | Oral Sex | Prostitute Kim Taehyung | V | Smut,Kim Taehyung | V/Reader,taehyung
https://golemlab.eu/graph/26315266,54,Unforgettable Night | Kim Taehyung x reader,Being Kim Taehyung's chauffeur was the best decision you ever made-not only do you have a job many wished to have but you gained a best friend. But who knew you'd end up falling for him? The question is...is the feeling mutual or is it one-sided?,2020-09-06,8463.0,General Audiences,F/M,Completed,Communication | Emotional Hurt/Comfort | Fluff and Angst | Friends to Lovers | One-sided attraction to mutual attraction | Pining | falling in love with an artist | implied engagement proposal,Kim Taehyung | V/Reader,taehyung
https://golemlab.eu/graph/14271462,54,priceless,"ah, you love him. how could you say no?",2018-04-10,732.0,General Audiences,M/M,Completed,Fluff | huuuuuuuuhhh you're a sugar daddy,Kim Taehyung | V/Reader,taehyung
https://golemlab.eu/graph/19297618,54,,,,,,,,,,taehyung
https://golemlab.eu/graph/38538409,54,Annoying,"You love your husband, but sometimes he makes you want to wring his neck.",2022-04-22,2483.0,Explicit,F/M,Completed,Explicit Language | Explicit Sexual Content | Fluff and Smut | Minor Injuries,Kim Taehyung | V/Reader Series: Marriage Story [7],taehyung
https://golemlab.eu/graph/25924993,53,A Palette of Emotions,"Taehyung dreams of being a professional and famous artist one day, but finds that the sea of creativity can be lurking with blood-hungry sharks, as well as bland, motionless starfish. Swimming through the sea of opportunities somehow washed him up onto the shore of Bright Star Preschool, as an art teacher. This wasn’t where he expected to be 4 years into his career, but anything to get his big break though, right? Feat. BTS, TXT, ITZY, Jisoo (BlackPink), Taeyong (NCT)",2020-08-16,165816.0,General Audiences,F/M,Completed,Adorable Kim Taehyung | V | Alternate Universe | Alternate Universe - Modern Setting | Alternate Universe - Not K-Pop Idols | Alternate Universe - Teachers | K-pop References | Kim Taehyung | V & Park Jimin are Best Friends | Kim Taehyung | V is Whipped,Kim Taehyung | V/Reader,taehyung
https://golemlab.eu/graph/6165887,53,Accidentally,,2016-03-05,1635.0,Mature,Other,Completed,Daddy Kink | Smut,Kim Taehyung | V/Reader,taehyung
https://golemlab.eu/graph/7751071,53,Opposites Attract,"This coffee shop is your place to relax, to get away from your parents, to forget about school and the future. But why does this boy keep coming to steal your favorite spot?!",2016-08-12,2017.0,General Audiences,Gen,Completed,Alternate Universe - Coffee Shops & Cafés | Alternate Universe - High School | Annoyance to Love | Fluff,Kim Taehyung | V/Reader,taehyung
https://golemlab.eu/graph/10746657,52,Totally Extra-Terrestrial (And Completely Out of this World),"“Oh, I’m sorry, did you want me to destroy the barn while I was in the process of nearly dying?  Why don’t you try flying that thing, see how far you get without pissing your pants.”",2017-04-27,3866.0,Teen And Up Audiences,F/M,Completed,Alien!AU | Alien!Taehyung | Inspired by Tumblr | POV Third Person | human!reader | short series,"Kim Taehyung | V/Reader, Others May Appear - Relationship Series: Bangtan Begins: My Weird au's and Stories with More Than One Part [1]",taehyung
https://golemlab.eu/graph/12139527,52,,,,,,,,,,taehyung
https://golemlab.eu/graph/14240124,52,Prelude to Goodbyes,so maybe i’m weak for jacking tae off in semi-public places featuring gender-ambiguous reader,2018-04-07,2343.0,Mature,F/M,Completed,Cute Kim Taehyung | V | Fluff and Smut | Kim Taehyung | V is a Sweetheart | Mild Smut | Non-Graphic Smut | Park Jimin Is a Little Shit | Shameless Smut | Smut,Kim Taehyung | V/Reader,taehyung
https://golemlab.eu/graph/15466581,52,Pearl Necklace,"Friends since childhood, you grew up together by the beach. Years passed and he developed feelings for you. But he’s keeping a part of himself hidden from the world*. You’re suppressing your feelings towards him and he’s dying for his love to be requited to the point that it breaks you. Afraid of being hurt and knowing he’s hiding something from you, you try to protect yourself… but from what? * (*******!Tae)",2018-07-28,13023.0,Teen And Up Audiences,F/M,Completed,Angst | Fluff | Mermaid Taehyung | Mild Smut | Vanilla | angsty fluff | bts - Freeform | mermaid | mermaid au | taehyung - Freeform,Kim Taehyung | V/Reader,taehyung
https://golemlab.eu/graph/39410628,52,Easy,"Taehyung's always been confident about his ability to satisfy you in bed. It's the one thing he's consistently got right throughout your marriage, until now.",2022-06-03,3631.0,Explicit,F/M,Completed,Explicit Language | Explicit Sexual Content | Porn with Feelings,Kim Taehyung | V/Reader Series: Marriage Story [9],taehyung
https://golemlab.eu/graph/31484438,52,songs about you,Both of your touches used to fit your little agreement to fulfill your desires whenever you needed it - when had exactly these touches started to become a quiet whisper in the back of your mind that had you yearn for so much more than just careless nights?,2021-05-23,26547.0,Mature,F/M,Completed,Aftercare | Biting | Breast Play | Explicit Sexual Content | Groping | Making Out | Marking | Multiple Orgasms | Oral Sex | Praise Kink | Rough Sex | Soft Dom Kim Taehyung | V | Soft sex too | Swearing | Unprotected Sex | Vaginal Fingering | handjob | mention of anxiety | multiple sex scenes | this fic hurt me :),Kim Taehyung | V/Reader,taehyung
https://golemlab.eu/graph/18618949,52,BTS OneShots (Taehyung),Very smutty slightly kinky bts oneshot. This was way too much fun to write lmao,2019-04-27,1182.0,Explicit,F/M,Completed,Female Solo | Light Dom/sub | Masterbation | Plot What Plot/Porn Without Plot | Sex Toys | Smut | Top Kim Taehyung | V,Kim Taehyung | V/Reader,taehyung
https://golemlab.eu/graph/29451444,51,definition of love,"“Burn yourself into my memory until I can’t escape you.” When the gorgeous student from your literature class starts showing interest in you, you discover that there's much more to him than his know-it-all facade. But is this realization enough to get through your insecurities and secrets?",2021-02-15,10484.0,Mature,F/M,Completed,Breast Play | Explicit Sexual Content | Flirting | Implied/Referenced Alcohol Abuse/Alcoholism | Kissing | Making Out | Nipple Play | Oral Sex | Past Character Death | Pining | Sexual Tension | Unhealthy Coping Mechanisms | Unprotected Sex | Vaginal Fingering | Vaginal Sex | a lot of flirting | ass grabbing | kinda handjob | minor character tho | taehyung is a book nerd!!,Kim Taehyung | V/Reader,taehyung
https://golemlab.eu/graph/13236669,51,Fight Me (Taehyung x Reader),"“Fight me.” You said, with as much power as possible. He laughed and then sighed. “Maybe some other time.""",2018-01-02,1140.0,General Audiences,Other,Completed,bts - Freeform,Kim Taehyung | V/Reader,taehyung
https://golemlab.eu/graph/21442090,51,taehyung,"prompt: ""That's okay, I bought two.""",2019-11-15,1346.0,Teen And Up Audiences,F/M,Completed,Explicit Language | Fugitives | Mentions of Sex | Partners in Crime | Robbers AU,Kim Taehyung | V/Reader Series: 100 ways to say i love you [6],taehyung
https://golemlab.eu/graph/16837351,51,Stay Over,You and Taehyung have rules. But rules are meant to be broken.,2018-12-04,507.0,Mature,F/M,Completed,Alternate Universe - College/University | Fluff | Friends With Benefits | Implied Sexual Content | fuck buddies,Kim Taehyung | V/Reader,taehyung
https://golemlab.eu/graph/6933613,51,Cuffed.,He felt ignored and he wasn’t gonna let you get away.,2016-05-22,1768.0,Mature,F/M,Completed,Handcuffs | Smut | Submissive,Kim Taehyung | V/Reader,taehyung
https://golemlab.eu/graph/27394795,51,The Man on the Train,"While waiting for your morning train on the west side, a man on the opposite train catches your eye.",2020-11-05,8893.0,General Audiences,F/M,Completed,BTS fluff | Slow Burn | Taehyung x Reader - Freeform | kim taehyung - Freeform | roommate park jimin - Freeform | taehyung fluff,Kim Taehyung | V/Reader Series: Fics | Kim Taehyung [1],taehyung
https://golemlab.eu/graph/14901918,50,Don't Lie to Me,"""Don't lie to me"" and ""I thought you loved me"" In which Taehyung thinks you're cheating on him.",2018-06-11,1495.0,Not Rated,F/M,Completed,Angst with a Happy Ending | Fluff | One Shot,Kim Taehyung | V/Reader,taehyung
https://golemlab.eu/graph/10545304,50,Residue,"'Once you've met someone, you never really forget them. It just takes a while for your memories to return.'",2017-04-04,25469.0,Not Rated,F/M,In-Progress,Slow Build,Kim Taehyung | V/Reader,taehyung
https://golemlab.eu/graph/38639109,50,Kick Up the Fire and Let the Flames Break Loose,"Years after you gave up on him, Kim Taehyung appears back in your life: Are you the same person you were back then? Do you still love him? And why is it, with the supposed love of your life back, that you can’t stop thinking about the taciturn rapper who you has just come into your life?",2022-04-27,93416.0,Explicit,F/M,Completed,Angst | Fluff | Kim Taehyung | V Smut | Kim Taehyung | V-centric | Min Yoongi | Suga Smut | Oral Sex | Sex,"Kim Taehyung | V/Reader, Min Yoongi | Suga/Reader",taehyung
https://golemlab.eu/graph/40944387,50,Rut (Taehyung x Reader),"Two dummies are almost too dumb, but then they aren’t. I’m so good at summarizing things.",2022-08-10,2683.0,Explicit,F/M,Completed,Alpha Kim Taehyung | V | Alpha/Beta | Alpha/Beta/Omega Dynamics | Friends to Lovers | Knotting | Rutting | Size Kink,Kim Taehyung | V/Reader Series: revenge of the kinks [4],taehyung
https://golemlab.eu/graph/18462065,49,Cosmopolitan,in which you learn Kim Taehyung is definitely not gay although his choice of drinks says otherwise,2019-04-14,6183.0,Mature,F/M,Completed,Ass Play | College AU | Dirty Talk | Enemies to Lovers | Oral Sex | Sexual Content | alcohol drinking | cursing | e2l AU | intercourse,Kim Taehyung | V/Reader Series: The Alcohol Series [3],taehyung
https://golemlab.eu/graph/21634918,49,Lavender flowers,[Vampire!AU] It all started when your boyfriend starting showing weird and abnormal behaviour… At first it wasn’t anything beyond the ordinary but as it gradually got worse and worse you were getting really worried… He couldn’t sleep and kept waking up in the middle of the night. But one morning was worse than others… and it would be the start of new encounters and a big change for both of you…,2019-12-01,12288.0,Mature,F/M,Completed,Angst | Bottom Kim Taehyung | V | Mating Cycles/In Heat | Smut | Vampire Kim Taehyung | V | Vampire Sex | Vampires,Kim Taehyung | V/Reader,taehyung
https://golemlab.eu/graph/19276282,49,Three Years to Lose You,"Prompt #17: ""I don't care."" A soulmate au where two people who have the same mark on their arm are destined to be for one another. But is it the only thing important in life? And are you willing to let go of the one person meant to be with you?",2019-06-19,2393.0,General Audiences,F/M,Completed,Alternate Universe - Soulmates | Angst | Fluff | Romantic Soulmates | Slight fluff | Soulmate AU | Soulmate-Identifying Marks | Soulmates | i'm trying the angst,Kim Taehyung | V/Reader,taehyung
https://golemlab.eu/graph/12611108,49,Stigma,A collection of moments with Kim Taehyung.,2017-11-02,791.0,Teen And Up Audiences,F/M,In-Progress,Drabbles | Fluff | Light Angst | Romance | YNWA Spin off | oneshots,Kim Taehyung | V/Reader Series: The Red String of Fate [8],taehyung
https://golemlab.eu/graph/11070909,49,Moving On,There are two things that Taehyung will always be sure of: he loves you and he misses you.,2017-06-02,1250.0,Teen And Up Audiences,Gen,Completed,Brother-Sister Relationships | Implied/Referenced Suicide | Sad | Siblings,Kim Taehyung | V/Reader,taehyung
https://golemlab.eu/graph/23340469,49,The Way He Makes You Feel,"He looks at you so intently and you feel your face start to turn red. “Dress, off.” Is all he says and you find yourself being obedient, pulling your dress up and over your head. You’re left standing in your bra and panties and you instinctively cover your chest with your arms. He walks over to you and circles you like a shark, thumb rubbing over his lips as he looks you up and down.",2020-03-27,1501.0,Explicit,F/M,Completed,Aftercare | Blindfolds | Daddy Kink | Edgeplay | Kim Taehyung | V is a Sweetheart | Light Bondage | Oral Sex | Overstimulation | Rough Sex | Smut,"Kim Taehyung | V/Reader, Kim Taehyung | V/You",taehyung
https://golemlab.eu/graph/7087432,49,... by candlelight,,2016-06-04,2051.0,Explicit,F/M,Completed,Light Bondage | Oral | Smut,Kim Taehyung | V/Reader,taehyung
https://golemlab.eu/graph/10780695,49,You Da One,"When you are nursing a hangover you meet someone you least expect. This is a shitty summary, just ignore this and read it.",2017-05-01,2573.0,Mature,F/M,Completed,Daddy Kink | Dirty Talk | Plot What Plot/Porn Without Plot,Kim Taehyung | V/Reader,taehyung
https://golemlab.eu/graph/5592106,49,Suicide watch,Taehyung is dead. You watched him commit suicide. So who is this guy eveyone is calling Taehyung? Why is everyone ignoring the fact that he died?,2015-12-31,2559.0,Not Rated,F/M,In-Progress,Deep talk | Depression | Emo | First Love | I hope you don't hate me for this | Pain | Suicide | Suicide Attempt | Time Loop | heart to heart convo,Kim Taehyung | V/Reader,taehyung
https://golemlab.eu/graph/40388232,49,Melt,"Taehyung's never been plagued by anxiety, but for some reason, life feels pretty stressful right now.",2022-07-18,2801.0,Explicit,F/M,Completed,Explicit Language | Explicit Sexual Content | Pregnant Sex | Under-Desk Blow Jobs,Kim Taehyung | V/Reader Series: Marriage Story [10],taehyung
https://golemlab.eu/graph/19482754,48,Lucky,,2019-07-05,565.0,Explicit,F/M,Completed,Casual Sex | Fluff | Sexting | Smut,Kim Taehyung | V/Reader,taehyung
https://golemlab.eu/graph/6535579,48,Robin and Starfire,“Starfire?” Your eyes widened at the name. You turned around to find Taehyung staring at you with that rectangle smile you remembered so well.,2016-04-12,1085.0,General Audiences,F/M,Completed,Bangtan Sonyondan | Fluff | bangtan - Freeform | bangtan boys - Freeform | bts - Freeform | bulletproof boys | kim taehyung - Freeform | v - Freeform,Kim Taehyung | V/Reader,taehyung
https://golemlab.eu/graph/22470292,48,perfect fit,"You invite Taehyung over to have a relaxing time in bed with you until a certain box appears, curiosity begins to bother you but when you are forbidden to open it- things go differently for Taehyung in his original hope to make you his.",2020-01-29,4221.0,Mature,F/M,Completed,Biting | Dirty Talk | Intense Sex | Making Love | Marking | Multiple Orgasms | Spanking | mention of Kihyun | monsta x kihyun | thick reader,Kim Taehyung | V/Reader,taehyung
https://golemlab.eu/graph/21376816,48,Screw You ~Oneshot Taehyung|V~,Taehyung x Reader ~Oneshot~ You and Taehyung have been hooking up secretly for months but working as BTS’s stylist also means you could loose your job indefinitely if caught sleeping with him. So what happens when you try to call it quits?,2019-11-10,3883.0,Mature,F/M,Completed,Confession | Jealous | Jealousy | Love Confession | Oneshot | Oral Sex | Secret Hookups | Secret Relationship | Sex | Unprotect sex | Vaginal Sex | a bit of jungkook | in just a scene | mature - Freeform,Kim Taehyung | V/Reader,taehyung
https://golemlab.eu/graph/25185076,48,The Idiot's Guide To Unhook A Bra,Your boyfriend is determined to remove your bra single-handedly and he’ll stop at nothing till he does it. You’re the one suffering the consequences however.,2020-07-10,11353.0,Explicit,F/M,Completed,Blow Jobs | Creampie | Cunnilingus | Dirty Talk | Domestic Fluff | Established Relationship | Fluff and Smut | Hair-pulling | Humor | Lingerie | Praise Kink | Reader-Insert | Vaginal Fingering,Kim Taehyung | V/Reader,taehyung
https://golemlab.eu/graph/19826971,48,here is ok.,reader gets a little Really Wasted and taehyung drives her home and then they literally just want to smooch each other for twenty minutes idk i'm not good at summaries but reader is baby in this fanfic so if that's not your thing then please do not read this,2019-07-16,3172.0,Teen And Up Audiences,F/M,Completed,Emotionally Repressed | Fluff and Humor | Little Space | Reader is baby | Self-Indulgent | some alcohol reference,Kim Taehyung | V/Reader,taehyung
https://golemlab.eu/graph/30221031,48,Diamonds & Liquor,"You work at a diamond jewelry boutique selling anything from large statement necklaces to minimalistic diamond rings with a not-so-minimalistic price tag. The boutique was almost seen as ‘vintage’ but not for the reasons you would think. Your manager was not one for replacing what works and upgrading what still functions… But one day at a closing shift, something traumatic you never expected to be a part of happened and you ended up in the hands of the renowned boutique chain’s CEO, whom you had heard more than enough negative things about… was he really as cold and prude as everyone claimed? ❧ Disclaimer: This is fiction. Actions and events in these stories are often exaggerated and to a certain degree unrealistic.  Please have this in consideration when reading fiction, especially if it includes sexual content. ❧ Rating: EXPLICIT || sexual content, unprotected sex, violence ||  Warnings: mention of fatal fire, robbery, assault (context: robbery, mild), guns, police / crime investigation ‘enviroments’, sweet potato fries. ❧ Smut features: Vanilla, virgin!Tae, sweet & spicy, reassuring(=“is this ok?” “Does it feel good?”)",2021-03-23,27480.0,Explicit,F/M,Completed,Angst | Angst and Smut | Angst with a Happy Ending | CEO Kim Taehyung | V | Crimes & Criminals | Robbery | Smut | Strangers to Lovers | Virgin Kim Taehyung | V,Kim Taehyung | V/Reader,taehyung
https://golemlab.eu/graph/22253872,47,his dandelion,"for a boy who always uses dark color in his painting, he paints you in yellow. free and wild but bright and lovely.",2020-01-14,3714.0,Teen And Up Audiences,F/M,Completed,??? - Freeform | Angst and Hurt/Comfort | Art Student Kim Taehyung | V | Athlete Reader - Freeform | Crying | Friends to Lovers | Friendship | Injury | Soft Kim Taehyung | V,Kim Taehyung | V/Reader,taehyung
https://golemlab.eu/graph/28975935,47,Outro: Duality,"Six months ago, you had a chance meeting in a museum. Tonight, your handsome idol boyfriend surprises you with a fancy dinner to celebrate the important anniversary, and naturally the celebration carries into the bedroom for dessert.",2021-01-25,3754.0,Explicit,F/M,Completed,Committed Relationship | Established Relationship | Explicit Language | Explicit Sexual Content | Fluff and Smut | Gratuitous Smut | Idol Kim Taehyung | V | Kim Taehyung | V Has a Big Dick | Kim Taehyung | V Smut | Kim Taehyung | V in Love | Kim Taehyung | V is Good at Feelings | Shameless Smut | Smut,Kim Taehyung | V/Reader Series: Commissions [3],taehyung
https://golemlab.eu/graph/36650194,47,Creep,Taehyung is your DILF neighbor who becomes very curious about you. What lengths will he take to get to know you better?,2022-01-25,48178.0,Explicit,F/M,In-Progress,Biting | Blowjobs | Divorce | Fingering | Foot Fetish | Insecurities | Kissing | Knives | Lots of Cursing | Outdoor Sex | Panty Kink | Panty Sniffing | Peeping Tom | Protected Sex | Sleepy Sex | Stalking | Watching | alcohol consumption | beautiful dick | being caught is thrilling | big dick | dilf | female receiving | invasion of provacy | jerking off | pentrative sex | spicy honey | toe kissing | voyuerism,Kim Taehyung | V/Reader Series: Creep [1],taehyung
https://golemlab.eu/graph/15963053,47,Milk and Moonshine,"Kim Taehyung was everything this neighbourhood wasn’t: Warm, playful, kind and artsy. And he had your milk.",2018-09-11,2320.0,General Audiences,F/M,Completed,Alternate Universe - Neighbors | Art Student Kim Taehyung | V | Fluff,Kim Taehyung | V/Reader,taehyung
https://golemlab.eu/graph/17130371,47,Sesame Ginger Candy,"You didn't like going out, you liked to stay home and read your books.  What happens when you goes out one night and an alphas scent triggers your heat?",2018-12-24,1776.0,Explicit,F/M,Completed,Alpha/Beta/Omega Dynamics | Attempted Rape/Non-Con | Fluff and Smut | Happy Ending | Omega Verse | Past Rape/Non-con,Kim Taehyung | V/Reader,taehyung
https://golemlab.eu/graph/21758491,47,Hero,"[Strangers to lovers] You were working at a library, not a huge one but a tiny local neighbourhood one. Thus, you often recognized most faces coming in and out. But there was one face in particular that you remembered extra much… be it that he was a piece of eye-candy but something about him drew you in… The day was nothing beyond normal apart from that all the Christmas décor was going to be put up, but an accidental slip caused you to fall right into the arm of him, like a destined meeting planned by fate. But there was one more thing… He had a daughter, but she wasn’t his. [Dad!Tae]",2019-12-11,7819.0,Teen And Up Audiences,F/M,Completed,Fluff and Angst | Strangers to Lovers,Kim Taehyung | V/Reader,taehyung
https://golemlab.eu/graph/19013842,47,Man of the Sea,"Taehyung was a curious type, always fascinated by this or that, and eager to learn new things. And the thing he was most curious about were humans and the kinds of lives they lead. But for all his aching to find out on his own, he’d yet to be able to go through with it. Y/n loves the ocean, the beach; and she’s mostly content with the life she lives. Though it’s not much, she has enough. But one thing has alluded her. Love. And though she’s patient about it, she also wouldn’t mind if love struck her out of no where and swept her off her feet.",2019-05-29,35887.0,Mature,F/M,In-Progress,Fluff | Language | Mild Angst | Smut | merman au,Kim Taehyung | V/Reader,taehyung
https://golemlab.eu/graph/17357735,47,"Steal Some Covers, Share Some Skin",A gentle wake up from your loving boyfriend Tae.,2019-01-09,1522.0,Explicit,F/M,Completed,Come Swallowing | Gucci gang come thru! | Kim Taehyung | V is a Sweetheart | Morning Sex | Oral Sex | Plot What Plot/Porn Without Plot | Tags Are Hard | Tags May Change | Wake-Up Sex,Kim Taehyung | V/Reader,taehyung
https://golemlab.eu/graph/6420052,47,A Trip to Seoul; Kim Taehyung's Unexpected Hello!,"What would you do if you accidentally ran into Kim Taehyung, BTS's treasured V, in some random location in Seoul? Maybe a spontaneous ice cream date ensues.",2016-04-04,1158.0,General Audiences,F/M,Completed,,Kim Taehyung | V/Reader,taehyung
https://golemlab.eu/graph/32047690,47,Surreptitious,"Surreptitious;  adjective 'kept secret, especially because it would not be approved of.'",2021-06-19,20732.0,Explicit,F/M,Completed,Angry Sex | Angst | Betrayal | Car Sex | Daddy Kink | Enemies to Lovers | Hair-pulling | Minor Violence | Oral Sex | Passion | Penetrative Sex | Secret Relationship | Throat Fucking,Kim Taehyung | V/Reader,taehyung
https://golemlab.eu/graph/14923055,46,Wake Up Call,You fall for the beautiful artist you've been seeing around,2018-06-13,7546.0,Explicit,F/M,Completed,Artist Kim Taehyung | V | Fluff | Smut,Kim Taehyung | V/Reader,taehyung
https://golemlab.eu/graph/16920132,46,Limerence,Limerence /ˈlɪmɪrəns/ (n) — the state of being deeply infatuated with another person resulting from romantic attraction and characterized by feelings of euphoria and the desire to have one's feelings reciprocated.,2018-12-09,2164.0,Mature,F/M,Completed,BTS fluff | Husband Taehyung,Kim Taehyung | V/Reader,taehyung
https://golemlab.eu/graph/18141269,46,end of paradise | kth (m),"not all paradise ends in the same way, darling.",2019-03-17,5856.0,Explicit,F/M,Completed,Idol AU | Taehyung smut | Taehyung x Reader - Freeform | bts smut | bts x reader angst | taehyung fanfics | taehyung imagines | taehyung x reader angst | taehyung x reader smut,Kim Taehyung | V/Reader,taehyung
https://golemlab.eu/graph/16885143,46,Golden,"You are left as a sacrifice to the demigod your village worships, and he offers you a choice as to what you actually give up.",2018-12-06,1113.0,Mature,F/M,Completed,Dubious Consent | Smut,Kim Taehyung | V/Reader,taehyung
https://golemlab.eu/graph/13200663,46,Spinebreaker,Kim Taehyung agrees to be your fake boyfriend and finds out more than he signed up for.,2017-12-30,2356.0,Mature,M/M,Completed,Alcohol | Enemies to Lovers | Fake/Pretend Relationship | Romance | Swearing,Kim Taehyung | V/Reader Series: sseudanym [3],taehyung
https://golemlab.eu/graph/21565402,46,Night Showers,"Sometimes you find yourself doubting your relationship with your idol boyfriend. Taehyung tries his best to make you feel loved, and he even tries his best to treat you as his equal. You can’t help it when your mind finds its way back to those thoughts, and it especially doesn’t help when you see pictures surface of him with her",2019-11-26,4450.0,Explicit,F/M,Completed,Angst | Creampie | Dirty Talk | Fluff | Makeup Sex | Smut,Kim Taehyung | V/Reader,taehyung
https://golemlab.eu/graph/17996192,46,Stress Reliever,"Taehyung is stressd out with his work and as your friend, you're supposed to help him. ....right?",2019-03-04,2175.0,Not Rated,F/M,Completed,,Kim Taehyung | V/Reader,taehyung
https://golemlab.eu/graph/27074500,46,i wanna tell you but i don't know how,"Love. It slips off of his tongue so smoothly, so easily, without a second thought, and you wonder if he even realises how much it simultaneously terrifies and exhilarates you, every time he says it.",2020-10-18,1316.0,Teen And Up Audiences,F/M,Completed,Dancing | Dancing in the Rain | Dinner | Drama & Romance | Emotional Constipation | Established Relationship | Fluff | Kissing | Kissing in the Rain | Love Confessions | Poetic | Romance | Sappy | Sappy Ending | Swearing | fancy dinner | tae's preferred term of endearment for you is love and i think that's beautiful,Kim Taehyung | V/Reader Series: BTS [9],taehyung
https://golemlab.eu/graph/21735418,45,too good to be true,"up and coming photography major kim taehyung is unexpectedly enlisted to help on an eccentric designer's fashion shoot, snapping pics of all the most popular models, including newcomer to the scene; you. it seems that even with all the pretty women in the room, taehyung truly can't keep his eyes off of you.",2019-12-09,1458.0,Teen And Up Audiences,F/M,Completed,Alternate Universe - Photographer | Fluff | model reader,Kim Taehyung | V/Reader,taehyung
https://golemlab.eu/graph/23947267,45,Explicit,"You, part of the Big Hit management team, are ordered to discuss some bad news with your celebrity crush, Taehyung. Will he take it well?",2020-05-03,2481.0,Explicit,F/M,Completed,Blow Jobs | Dom/sub | Fingerfucking | My First Fanfic | My First Smut | Office Blow Jobs | Smut | Vaginal Fingering,Kim Taehyung | V/Reader,taehyung
https://golemlab.eu/graph/16724565,45,Regrets for Peony Flowers,"As the handmaiden of the Queen Mother Jisoo, you were loyal to the crown and it's current ruler. As the childhood friend of Prince Sam Maek-Jong, you were loyal to the flower bracelets on your wrists. As the daughter of Park Young-shil, you were loyal to that wretched, wretched blood. Torn between the people you love, you were not expecting another contender for your heart. Especially one who saw the world much brighter and more wonderfully than you could expect to ever see it. Too bad he plans on stealing away all of it.",2018-11-24,5668.0,Not Rated,F/M,In-Progress,Alternate Universe - Historical | Alternate Universe - Hwarang Fusion | Angst | Best Friend! Jimin | Falling In Love | Fluff and Angst | Historical Fantasy | Hwarang | Jeon Jungkook is a Little Shit | Kim Taehyung | V is a Sweetheart | Park Jimin (BTS) is a Little Shit | Reader-Insert | Slow Burn | The Hwarang AU you didn't ask for but got | best friend! Jidwi | loosely follows plot | no beta we die like men,"Kim Taehyung | V/Reader, Park Jimin (BTS)/Reader, Sammaekjong | Kim Jidwi / Reader, Seok Hansung/ Reader",taehyung
https://golemlab.eu/graph/41253549,45,Come back to bed,"(Idol!Tae, Husband!Tae) You moved to Paris with your husband about a year ago. Since then, you’d found a job at a high-end fashion brand that you really enjoyed. While preparing for the upcoming fashion show you have a lot to deal with at work and what could make it worse if it wasn’t for the designer’s assistant who refused to leave you alone or take the hint “I’m married”. Taehyung is of course invited to the fashion show, but at the after party the assistant massively over-steps… right in front of Taehyung, unaware of the fact that Taehyung is your husband.",2022-08-24,8613.0,Mature,F/M,Completed,Cute Kim Taehyung | V | Fashion & Couture | Fluff and Smut | Idol Kim Taehyung | V | Jealous Kim Taehyung | V | Loving Marriage | Paris (City) | Top Kim Taehyung | V,Kim Taehyung | V/Reader,taehyung
https://golemlab.eu/graph/20307667,45,Reminiscence,"At your husband's cafe-restaurant Reminisce, customers wine and dine to recall fond memories of the past. It's always been a happy place for you and your family of three. Until a certain VIP guest scratches memories of a secret rendezvous years back in Miami.",2019-08-19,4198.0,Mature,F/M,Completed,Fluff | Implied Smut | Romance | slight angst,Kim Taehyung | V/Reader Series: Effervescence [1],taehyung
https://golemlab.eu/graph/35689198,45,Whiteout,"You and your brothers best friend attempt to throw Jungkook a fun, weekend-long birthday celebration at a cabin you rented. Unfortunately, things don't go as planned. You find yourself stranded with no power, and all of your feelings, alone with Taehyung.",2021-12-13,9341.0,Explicit,F/M,Completed,69 (Sex Position) | Dirty Talk | Dry Humping | Explicit Language | Explicit Sexual Content | Oral Sex | Unprotected Sex | Vaginal Fingering | alcohol consumption,Kim Taehyung | V/Reader,taehyung
https://golemlab.eu/graph/10099967,44,catboy cuddles,a short ass drabble involving catboy tae & cuddling,2017-03-05,637.0,Not Rated,F/M,Completed,Cat/Human Hybrids | Fluff | Gender-Neutral Pronouns | Hybrids | also some 'humor' but thats debatable,Kim Taehyung | V/Reader,taehyung
https://golemlab.eu/graph/9224897,44,Cross Your Mind,"The reader in this is male. The two of you had a fight, and he just wanted to make it up to you.",2017-01-06,1283.0,General Audiences,F/M,Completed,Angst | BoyxBoy | Fluff | Slash | bxb - Freeform,Kim Taehyung | V/Reader Series: Bangtan One-shots [2],taehyung
https://golemlab.eu/graph/14867354,44,Snapchat fun,,2018-06-07,1668.0,Mature,F/M,Completed,,Kim Taehyung | V/Reader,taehyung
https://golemlab.eu/graph/22136698,44,Boundaries,"Kim Taehyung had always been a little strange, but then again so had you…",2020-01-05,6462.0,Mature,F/M,Completed,,Kim Taehyung | V/Reader,taehyung
https://golemlab.eu/graph/17094635,44,Blood stained diamonds,"Hitman!Taehyung || You worked as an ’assistant’ for Taehyung and had for a long time. Over the course of that time you had slowly developed feelings for him and it was getting harder and harder for you to be around him with the lingering desire for him. Did he feel the same way? Or should you quit your job and move on? But quitting a job as a professional assassinator wasn’t that easy… One day he suddenly stopped the car abruptly as you were talking, unable to handle himself anymore and your life took a twist where desires were endlessly meet… It would’ve been a happy story if it wasn’t for the one kill that changed it all… Smut features: (In no particular order) Top!Tae (mainly), Brat!Tae, Brat tamer!Reader, Quickie, on a desk, Oral; eating out, BJ, cock warming, lowkey sex addicts, begging, teasing, in the shower, grinding, thigh riding, “sit”, bondage, rigger!reader, neck holding (chocking intimidation), cum denial, orgasm denial, neck kissing/sucking, spanking, fingering, “suck”, orders…",2018-12-21,22247.0,Explicit,F/M,Completed,Angst | Hitman Tae | Hurts So Good | Kim Taehyung | V is a Brat | Love Confessions | Oral Sex | Partners to Lovers | Rope Bondage | Rough Kissing | Rough Sex | Smut | Smut and Angst | So much smut | Top Kim Taehyung | V,Kim Taehyung | V/Reader,taehyung
https://golemlab.eu/graph/9631928,43,magician's secret,"This man, no matter what tricks he pulled, has you second guessing and questioning everything you knew about him. Being the magician he is, he hides secrets from you, that leaves you wanting to find out what they were. He performs extravagantly, amazingly, that leaves you wanting for more, wanting to be by his side, and before you know it, you felt like you were drawn in to him, little by little, each time you watched him on that small stage at the town square. That is exactly what you thought when you look into his ice blues.",2017-02-09,13271.0,General Audiences,F/M,Completed,Alternate Universe - Magician | Fluff | Magician Taehyung | One Shot | lots of fluff,Kim Taehyung | V/Reader,taehyung
https://golemlab.eu/graph/16911645,43,Family is My Strength,Kim Taehyung as a father in the return of superman show,2018-12-08,5594.0,Teen And Up Audiences,F/M,Completed,Domestic Fluff | Husband Taehyung | bts as fathers | taehyung as a father | the return of superman,Kim Taehyung | V/Reader Series: TROS [6],taehyung
https://golemlab.eu/graph/6062647,43,Paper Hearts,The steep stairwell felt like it was losing more and more width as you climbed down from the third floor. The chocolate box was feeling slightly dented in your grip as you hold on to its cold touch. Your fingers feel numb against the pelting of winter wind and the possibility that your heart wasn’t even moving.,2016-02-20,883.0,Not Rated,F/M,Completed,BTS fluff | Fluff | taehyung fluff,Kim Taehyung | V/Reader,taehyung
https://golemlab.eu/graph/16920045,43,Your First Time - Taehyung,Your child spends his summer holidays with his grandparents for the first time.,2018-12-09,5954.0,Explicit,F/M,Completed,DOMESTIC BTS | Domestic Fluff | Fluff | Husband Taehyung | Smut,Kim Taehyung | V/Reader Series: YFT [2],taehyung
https://golemlab.eu/graph/14635170,43,Sweetheart,"Tae sends you a message that he's back in Seoul and wants to see you because he missed you. Well, you are not ready to see him just yet.",2018-05-13,610.0,Mature,F/M,In-Progress,Angst | Established Relationship | Fluff and Angst | Fluff and Smut | Smut | Unplanned Pregnancy,Kim Taehyung | V/Reader,taehyung
https://golemlab.eu/graph/25453759,43,Surprise (One Shot),You surprise your boyfriend Tae in Seoul.,2020-07-22,1387.0,Mature,F/M,Completed,Boyfriend Tae | Implied smut sorta kinda | Mostly Fluff | Romance | Tae's a cute bf | Yeontan | kim taehyung - Freeform | park jimin - Freeform,Kim Taehyung | V/Reader,taehyung
https://golemlab.eu/graph/19318090,43,A Stormy Night,"Being utterly terrified at the sound of thunder, you have a hard time going back to sleep. The storm shows no sign of stopping, putting you in panic. That is, until your caring boyfriend cuddles your fears away.",2019-06-22,953.0,General Audiences,F/M,Completed,Cuddling | Fluff | Panic Attack | Some angst | Thunderstorms,Kim Taehyung | V/Reader,taehyung
https://golemlab.eu/graph/18610690,42,Seemingly innocent,"You were practicing your choreography and your boyfriend Taehyung was watching you as he waited for you to finish. But knowing how fond he was of a certain segment in your routine you couldn’t help but give him a teasing finale for your final practice before the two of you could finally head back home… It was all meant to be playful and innocent at first, but things didn’t turn out as planned when the dancing suddenly shifted to your boyfriend’s track pants falling to his ankles as you went down on him with his back pressed against the mirror of the unlocked practice room.",2019-04-26,3707.0,Explicit,F/M,Completed,Dancer Reader | Mirror Sex | Oral | Semi-Public Sex | Smut | Teasing | blowjob | neutral gone dom tae | practice room sex,Kim Taehyung | V/Reader,taehyung
https://golemlab.eu/graph/20160457,42,Won't You Stay Till I Die?,Taehyung is a shell of a man who heart beats for a girl who he couldn't have. WARNING: HEAVY INCEST,2019-08-16,942.0,Mature,F/M,In-Progress,Heavy Angst | Implied/Referenced Sex | Kim Taehyung | V is Whipped | Non-Graphic Smut | Sibling Incest,Kim Taehyung | V/Reader,taehyung
https://golemlab.eu/graph/13728657,42,WONT BE UPDATED ANYMORE Are We Meant To Be | Kim Taehyung x Reader,"I DECIDED TO NOT UPDATE THIS ANYMORE You moved to Seoul with your two friends. You know Korean because you studied it for a year, though there’s still need for some improvements. You love to dance and you have a degree in film making. You practice at a dance studio near your dorm, little did you know it’s the dance studio BTS go to.",2018-02-18,49052.0,Mature,F/M,In-Progress,Drama & Romance | Fluff | Fluff and Smut | Romance | Romantic Fluff,Kim Taehyung | V/Reader,taehyung
https://golemlab.eu/graph/17050574,42,Music to my ears,"A listening party, in the dark, for two.",2018-12-18,1838.0,Explicit,F/M,Completed,Cunnilingus | Multiple Orgasms | Oral Sex | Smut,Kim Taehyung | V/Reader,taehyung
https://golemlab.eu/graph/24328270,41,I'm His and He's Mine,"“God you’re so beautiful…” Tae’s deep voice washed over your already overheated skin.  “Do you have any idea how delicious you look?"" You had to concentrate on what he was saying because your focus was on the way Tae’s fingers trailed over your skin with featherlight touches.",2020-05-22,1343.0,Explicit,F/M,Completed,Aural Kink | Dirty Talk | Oral Sex | Orgasm Delay/Denial | Vaginal Fingering | Vaginal Sex,Kim Taehyung | V/Reader,taehyung
https://golemlab.eu/graph/16455656,41,Little Do You Know,"""Please don't hurt me like this"" and ""I never meant to hurt you."" In which Taehyung has been gone on tour and has barely spoken to you, even after returning home.",2018-10-29,1205.0,Not Rated,F/M,Completed,Fluff and Angst | Hurt/Comfort | I suppose I kinda like it I guess | idk what this is | idol!taehyung,Kim Taehyung | V/Reader,taehyung
https://golemlab.eu/graph/20751659,41,Love,a drabble in which there is nothing he loves more than you,2019-09-23,348.0,Not Rated,F/M,Completed,Taehyung x Reader - Freeform | kim taehyung - Freeform | literally just fluff | reader x taehyung - Freeform | taehyung - Freeform,Kim Taehyung | V/Reader Series: Borrowed Series [6],taehyung
https://golemlab.eu/graph/19290193,41,start anew,"honestly, just read the tags lolllll",2019-06-20,2054.0,General Audiences,F/M,Completed,Angst with a Happy Ending | Fluff | Light Angst | and Fuck do you have some 'splainin to do | and he's a great man | but WAIT AGAIN | but then he's a dick | but wait | in fact ur so In Love | jimin is also ur baby daddy | so in love that whne ur grocery shopping it takes a while to notice tae | so you break up with him | tae doesn't know he's a father | taehyung is ur baby daddy | very minor fluff but it's there,"Kim Taehyung | V/Reader, Park Jimin (BTS)/Reader",taehyung
https://golemlab.eu/graph/6741073,41,Ethereal,"He seized my heart with such little effort that I was stunned. I didn't bother to struggle, however, because the thief was beyond ethereal.",2016-05-03,2546.0,General Audiences,F/M,Completed,,Kim Taehyung | V/Reader,taehyung
https://golemlab.eu/graph/28726995,41,Surprise,"You are watching Taehyung's performance from backstage, but someone has different plans for you",2021-01-13,2234.0,Mature,F/M,In-Progress,Anal Sex | Backstage | Bangtan Boys | BTS Concert(s) | Choking | Concerts | Famous Kim Taehyung | V | Famous Park Jimin (BTS) | Fluff and Smut | Kissing | Love | Oral Sex | Polyamory | Public Sex | Rough Sex | Semi-Public Sex | Sex | Smut | Spanking | Teasing | Threesome - F/M/M | Vaginal Fingering | Vaginal Sex,"Kim Taehyung | V/Reader, Park Jimin (BTS)/Reader",taehyung
https://golemlab.eu/graph/23283043,41,Silhouette,You were working as a dance teacher at a dance academy and one day while dancing for yourself you stumble upon the new dance teacher at the academy watching you. Like a magnetic force you were drawn to each other and quickly became friends… and more than.,2020-03-23,7694.0,Mature,F/M,Completed,Dancer Kim Taehyung | V | Smut | Strangers to Lovers | Top Kim Taehyung | V,Kim Taehyung | V/Reader,taehyung
https://golemlab.eu/graph/21326707,40,By My Side,Y/N Gets a call that her boyfriend Taehyung collapsed after a concert and wouldn't wake up. What happens when everyone finds out he has an autoimmune disorder that's effected his body? - - - I wrote this for a friend who was in a similar situation so I promise it ends happily!,2019-11-05,5435.0,Teen And Up Audiences,F/M,Completed,Angst | Disability | Fluff | Happy Ending | Hurt/Comfort | I wrote this for a friend | bts - Freeform | no one dies | reader - Freeform | relationship | taehyung - Freeform,Kim Taehyung | V/Reader Series: The Bumps In Life [1],taehyung
https://golemlab.eu/graph/16837009,40,The Cult Leader and the Cock Pillow,Your best friend is the university's most eligible guy. You love him. He's too blind to see it or he doesn't care.,2018-12-04,664.0,Mature,F/M,Completed,Alternate Universe - College/University | Best Friends | Explicit Language | Light Angst | Pining | Sexual References,Kim Taehyung | V/Reader,taehyung
https://golemlab.eu/graph/25872841,40,Devil's Garden,,2020-08-13,13934.0,Mature,F/M,In-Progress,Crimes & Criminals | Private Investigators | Smut,"Kim Taehyung | V/Reader, Kim Taehyung | V/You Series: Desperado [3]",taehyung
https://golemlab.eu/graph/22059790,40,The Best Boy,"Tae wants to be the best boy for you, but sometimes he can’t help but be whiny.",2020-01-01,683.0,Explicit,F/M,Completed,Creampie | Established Relationship | Explicit Language | Explicit Sexual Content | Hand Jobs | Light BDSM | Light Dom/sub | Slapping | Smut | Vaginal Sex,"Kim Taehyung | V/Reader, Kim Taehyung | V/You Series: BTS x Reader [28]",taehyung
https://golemlab.eu/graph/19760875,40,Daisy Chain,Tae makes a chain of your underwear to decorate- and provoke you.,2019-07-11,1597.0,Explicit,F/M,Completed,Dom/sub | Oral Sex | Riding | Smut | Vaginal Sex | brat taehyung | gfd,Kim Taehyung | V/Reader,taehyung
https://golemlab.eu/graph/15312324,40,Singularity,"The reader is an English teacher living in Seoul who is suddenly called to an interview at BigHit. What could that mean, especially for her crush on Kim Taehyung? Birthday fic for my best girl and ultimate bias. Dope birthday. Congraz. Happy birthday bro.",2018-07-16,8596.0,Teen And Up Audiences,F/M,In-Progress,Alternate Universe | Birthday Fanfic | English teacher AU | Eventual Romance | Now we also ship the reader with Yoongi | Other Additional Tags to Be Added | Reader teaches BTS English | Reader-Insert | Romance | Seriously who even knows where this is going | Touring | not me,"Kim Taehyung | V/Reader, Min Yoongi | Suga/Reader",taehyung
https://golemlab.eu/graph/24389758,39,The Challenge,"When you meet Taehyung, things start getting a little crazy as he pursues you, but you don’t know whether he’s genuinely interested, or just trying to entertain himself. But you do know one thing, you’re not about to be someone else’s plaything.",2020-05-26,910.0,General Audiences,F/M,In-Progress,Hybrids | capuchin hybrid Tae | uncle taehyung,"Kim Taehyung | V/Reader, Minor or Background Relationship(s) Series: The Sanctuary [8]",taehyung
https://golemlab.eu/graph/18873778,39,Strawberry Farm [K.TH × Reader],"When things get stressful in the city, your best friend invited you to stay a few weeks on her farm with her to cleanse yourself of stressful energy. Little did you know the man she shared a strawberry farm with was incredibly handsome, incredibly sweet, incredibly cute, and absolutely irresistible. You were screwed... Literally.",2019-05-19,6528.0,Mature,F/M,In-Progress,Cute Kim Taehyung | V | Farmer Kim Taehyung | V | Sex | Since Tae said he would be a strawberry farmer uwu | This is for my friend Rai,Kim Taehyung | V/Reader,taehyung
https://golemlab.eu/graph/14224584,39,Back to Reality,"While Y/N was stuck in a 3 year coma, her brain created an alternative reality where she was married to Kim Taehyung. When she awoke, she had no memory of her real life, as the wife of Min Yoongi. She believed that the world her comatose brain had produced was real, while the actual reality was a dream. Min Yoongi desperately tries to get her to accept and remember reality, but having Taehyung realize his true feelings for Y/N makes it difficult.",2018-04-05,10609.0,Teen And Up Audiences,F/M,In-Progress,Amnesia | Angst | Coma | Fluff | Hospital | Jealous!Min Yoongi | Jealous!Taehyung | Love Triangle | Memory Loss | Unrequited Love | possible smut later? | protective!min yoongi | reallyyyy angtsy | tags to be added as story goes on,"Kim Taehyung | V/Reader, Min Yoongi | Suga/Reader",taehyung
https://golemlab.eu/graph/23067649,39,Love For the Small Things,"You find yourself staring in the mirror, once again troubling over your body, in particular your small breasts. Taehyung, your long-time boyfriend, won't stand for your self-depreciation, and decides to show you just how perfect you are in his eyes. And how much he loves your cute little boobs. ;)",2020-03-08,1875.0,Explicit,F/M,Completed,Body Worship | Fluff and Smut | Nipple Play | Self Confidence Issues | Self-Esteem Issues | Small Breasts | Soft Kim Taehyung | V | Vaginal Sex | breast orgasm,Kim Taehyung | V/Reader,taehyung
https://golemlab.eu/graph/20004586,39,Across a Lifetime,"In your world only a few rules exist: don’t reveal your true identity to anyone, kill or be killed and, most importantly, do not get caught. It only takes a few moments for the scale to be tipped to the wrong side, for the fine equilibrium to be easily ruptured by an inexplicable turn of events and for you to lose the only person that ever mattered to you. With the love of your life lost in the distant past, you are left with only one option: get caught.",2019-07-27,28334.0,Explicit,F/M,Completed,Angst | Assassin AU | Criminal AU | Fluff | Sci-Fi | Smut | Taehyung smut | Time Travel AU | bts smut,Kim Taehyung | V/Reader,taehyung
https://golemlab.eu/graph/33665371,39,Back to Life,"A Tae drabble wherein his ex-girlfriend reappears after leaving him to marry someone else. Inspired by this tiktok (https://vm.tiktok.com/ZMRAEcUfC/) sent by @baebae-goodnight on tumblr, ty for derailing all my writing plans, much appreciated 💜",2021-09-04,1413.0,General Audiences,F/M,Completed,Alternate Universe - Coffee Shops & Cafés | Angst | Drabble | Fluff | POV Third Person | Post-Break Up | Romance,Kim Taehyung | V/Reader,taehyung
https://golemlab.eu/graph/18614023,39,Guardian Angels,"You saved his life once, but when he shows up back in your life, should you avoid him like the rules say you’re supposed to?",2018-07-24,15929.0,Mature,F/M,Completed,,Kim Taehyung | V/Reader,taehyung
https://golemlab.eu/graph/24654967,39,Make It Right || Taehyung x Reader,"""This eternal night with no end in sight, it's you who gifted me the morning."" Princess (Y/N) of the Cheongju Han Clan is one of the most powerful women in the country. She stumbled upon Kim Taehyung, who is known by none and witnesses him being treated less than dirt; being brutally beaten until near death daily for punishment he does not deserve. He knows nothing more than harsh violence inflicted onto him, (Y/N) seeks to change that even if it meant being disowned and having her title as crowned princess stripped completely away from her by the king.",2020-06-11,8120.0,Mature,F/M,In-Progress,16th Century | 17th Century | Adorable Kim Taehyung | V | Alternate History | Alternate Reality | Alternate Universe - Royalty | Alternative Universe - Kingdom | Angst and Romance | Angst with a Happy Ending | Brutal Murder | Cute Kim Taehyung | V | Doctors & Physicians | Early Joseon | Eventual Smut | Fanfiction | First Love | Fluff and Angst | Forbidden Love | Historical | Hurt Kim Taehyung | V | Implied/Referenced Abuse | Implied/Referenced Torture | Kim Seokjin | Jin is a Sweetheart | Kim Taehyung | V is Whipped | Kim Taehyung | V is a Sweetheart | Kim Taehyung | V-centric | Loss of Virginity | Mental Anguish | Mentioned Bangtan Boys | BTS Member(s) | Mentioned Kim Namjoon | RM | Mentioned Kim Seokjin | Jin | Mild Smut | Musical References | Physical Abuse | Princes & Princesses | Princess reader | Reader-Insert | Realistic | Scholar Namjoon | Sexual Inexperience | Suicidal Thoughts | Treason,"Kim Taehyung | V/Reader, Kim Taehyung | V/You",taehyung
https://golemlab.eu/graph/19129936,39,Big God,"AU: Tae is a water god??? Never taken seriously by anyone and always cast to the side. You were only seen as a pretty face to be married off to benefit your family name. As the youngest, you accepted your fate as another unimportant branch in your family tree until one night an accident leaves you with a new obsession with water and the God that commands it. * Angst, Fluff- but like a really romanticy, sensual fluff?? idk Note: Sorry if there are any spelling errors/ grammatical errors. I already looked over this a few times but there’s always a few that slip by.",2019-06-07,6218.0,Teen And Up Audiences,F/M,Completed,Alternate Universe - Fantasy | Mythical Beings & Creatures | Taehyung is a god | Taehyung is literally a water god,Kim Taehyung | V/Reader,taehyung
https://golemlab.eu/graph/38565816,39,La Douleur Exquise,"Taehyung is in love with his best friend. The problem? He’s a stallion, a horse hybrid who’s basic instinct is to collect a herd of women to protect and procreate. His best friend is a lovebird hybrid and they mate for life. He knows it’s pretty much impossible to be together and that you’d end up hurt, but what happens when he finds out you love him just as much?",2022-04-23,14880.0,Mature,F/M,Completed,Creampie | Dirty Talk | Filmed Sex | Horse Hybrid!Taehyung | Hybrid AU | Impregnation Kink | Lovebird Hybrid!Reader | Penetrative Sex | Unprotected Sex,Kim Taehyung | V/Reader,taehyung
https://golemlab.eu/graph/20057413,39,Oblivious,"Taehyung. You. Roommates, nothing else. Until he comes home super late and emotions are maybe a little bit frayed and the truth comes out. But not in the way you were expecting.",2019-08-13,1875.0,Teen And Up Audiences,F/M,Completed,(or maybe a lot) | Kisses | Pining (a little) | Roommates,Kim Taehyung | V/Reader,taehyung
https://golemlab.eu/graph/10856646,38,Light,"“I love you,” he whispers, filling the void between you with words of love and pulling you back from the clouded part of your brain that has walls seeping with pained words and doubts.",2017-05-08,938.0,Not Rated,F/M,Completed,Angst | Depression | Fluff,Kim Taehyung | V/Reader Series: The Most Beautiful Moment in Life: Drabbles [4],taehyung
https://golemlab.eu/graph/17578274,38,Two Can Play,"Taehyung couldn’t take it any longer. Waiting for the games to truly begin felt like his whole life was stretching out tortuously slow before his eyes. If she was into him, why did she have to keep it from escalating? He knew as well as she did that she wanted him. It was all a matter of time. But time was taking too long; so Taehyung was going to take matters into his own hands. Literally. Phone in one hand, cock in the other; he was going to do his fucking best to get her to give him a chance to prove he would be worth it.",2019-01-28,9919.0,Mature,F/M,In-Progress,Dirty Talk | Language | Male Solo | Sexting | Smut,Kim Taehyung | V/Reader,taehyung
https://golemlab.eu/graph/28489725,38,angel of music,"it was every performer’s dream to act on center stage of the grand kim theatre, daegu’s famed attraction. countless talent had come in through its doors and passed the critical auditions required, though not many earned approval from the ringmaster of it all. one day, you find yourself distraught after not earning the judges’ liking following your singing audition. but, you peak the curiosity of the theatre owner kim taehyung himself. not only does he want to nudge you past your comfort zone, but he persuades you to explore the lengths of which he could push your pretty little voice.",2021-01-01,10796.0,Mature,F/M,Completed,Angst | Corruption | Demons | Fantasy | Fluff | Loss of Virginity | Smut | Theatre,"Kim Taehyung | V/Reader, Taehyung x Reader, V x Reader, taehyung x female reader, v x female reader",taehyung
https://golemlab.eu/graph/18102179,38,Ready or Not,"As long as he could remember, Taehyung hated you. But his perceptions of you will soon have to change if he hopes to get out of death competition alive.",2019-03-13,50182.0,Explicit,F/M,Completed,Alternate Universe - Battle Royale Fusion | Attempted Rape | Body Shaming | Bullying | Death | Extreme Gore | Fingering | Genital Mutilation | Gore | Hinted Mental Issues | Mental Disorders | Oral | Sexual Assault | Suicide | Violence | extreme violence | implied suicide | intercourse | lots of death | triggering,Kim Taehyung | V/Reader,taehyung
https://golemlab.eu/graph/17200922,38,muse,taehyung makes your last shift at the museum a memorable one,2018-12-28,1872.0,Explicit,F/M,Completed,Friends With Benefits | PWP | Semi-Public Sex | Smut,Kim Taehyung | V/Reader,taehyung
https://golemlab.eu/graph/9572267,38,How I Met Your Mother,Taehyung tells his child how he met his wife.,2017-02-04,2125.0,General Audiences,F/M,Completed,Alternate Universe - Coffee Shops & Cafés | Alternate Universe - College/University | Children | Mentions of Sex | So many cliches | one big fluff | this is lowkey based on my friend's preferences,"Kim Taehyung | V/Reader, Kim Taehyung | V/You",taehyung
https://golemlab.eu/graph/6381133,38,The Cure,"Type: Scenario Pairing: Taehyung, You Genre: Fluff Words: 1049",2016-03-28,1029.0,General Audiences,F/M,Completed,One Shot | Scenario | imagine,Kim Taehyung | V/Reader Series: Scenarios [15],taehyung
https://golemlab.eu/graph/16590986,38,lights out,when your apartment is haunted but not really.,2018-11-11,6789.0,Explicit,F/M,Completed,Crack | Dirty Talk | Fluff and Crack | Fluff and Humor | Fluff and Smut | Friends to Lovers | Horror | Unprotected Sex | bad words,Kim Taehyung | V/Reader,taehyung
https://golemlab.eu/graph/28509822,38,Therapist!Kim Taehyung,"Anxiety is a bitch, Yoongi is concerned and Taehyung is a smexy hypnotherapist who wants to help (for free!) also featuring receptionist Jimin. This is the hypnotherapsit!Kim Taehyung one shot that no one asked for. High chance of me being in my feels when I wrote this.",2021-01-02,10972.0,Not Rated,F/M,Completed,Anxiety | Anxiety Disorder | Depression | Fluff | Hypnosis | Hypnotism | Mental Health Issues | Sick Character | Sickfic | Soft Min Yoongi | Suga | Therapist Kim Taehyung | V | Vomiting | hypnotherapy | min yoongi best friend,Kim Taehyung | V/Reader,taehyung
https://golemlab.eu/graph/16482698,38,the movie can wait,"“what is it? something on my face?"" “nothing... i just love you back, that’s all.”",2018-11-01,500.0,General Audiences,M/M,Completed,Fluff | Movie Night,Kim Taehyung | V/Reader,taehyung
https://golemlab.eu/graph/21497173,37,Blank Canvas Love,"Famous artist Blank Canvas Love has hidden another painting in Seoul and the whole city is on the lookout. Well everyone except Taehyung, who wishes he could go out and find the paintings himself.",2019-11-20,9325.0,Mature,F/M,In-Progress,Angst | Choking | Cock Slapping | Dom Kim Taehyung | V | Light BDSM | Praise Kink | Slow Burn | Smut | Sub Kim Taehyung | V,Kim Taehyung | V/Reader,taehyung
https://golemlab.eu/graph/35101666,37,Control,"༊*·˚ synopsis ⊰ you’ve been testing your husband’s patience for a while now, simply for fun. But you never imagined that he would take revenge this way. ༊*·˚ preview ⊰ “Good girl,” he mumbles, teeth grazing the tender skin of your earlobe. “I want you to change your clothes to something less professional now. And when you’re ready, join me in the living room. Don’t forget your present.”  With that, he steps around you, leaving your flustered self alone in the kitchen.",2021-11-13,4546.0,Explicit,F/M,Completed,Boss/Employee Relationship | CEO Kim Taehyung | V | Dirty Talk | Dom Kim Taehyung | V | Established Relationship | Explicit Sexual Content | I'm Bad At Tagging | Kim Taehyung | V Has a Big Dick | Married Couple | Oral Sex | Orgasm Denial | Penis In Vagina Sex | Pet Names | Praise Kink | Sex Toys,"Kim Taehyung | V/Reader, Kim Taehyung | V/You",taehyung
https://golemlab.eu/graph/16864117,37,Smitten,"Artist!Taehyung | Your boyfriend happens to be the renowned painter and photographer Kim Taehyung. The two of you meet a few years ago at the exhibition center you worked at and he immediately became extremely found of you and tried all in his might and power to have you fall for his charm, which of course was easier done and just as easily said. One day when you were with him at his studio he got the courage to ask you to pose nude for him and for him to paint using your body as his canvas… You accept on one condition… that you get to paint on him too.",2018-12-05,6168.0,Mature,F/M,Completed,"""Do you want me?"" | ""your body is my canvas"" | After care | Artist Kim Taehyung | V | Dirty Talk | Fluffy elements | Intimidation | Nude Modeling | Photographer Kim Taehyung | V | Smut | how you met throwbacks | muse reader | on the table | painting on each other | rough | this gets... sexy",Kim Taehyung | V/Reader,taehyung
https://golemlab.eu/graph/30551412,37,dirty,Your more than eager boyfriend helps you relieve stress after a hard day at work - and what better place is there to do so than the shower?,2021-04-08,2448.0,Mature,F/M,Completed,Biting | Breast Play | Choking | Cockwarming | Dirty Talk | Explicit Sexual Content | Fingerfucking | Light Choking | Marking | Orgasm Delay | Pet Names | Praise Kink | Rough Sex | Shower Sex | Soft Dom Kim Taehyung | V | Teasing | Unprotected Sex | Vaginal Fingering | handjob,Kim Taehyung | V/Reader,taehyung
https://golemlab.eu/graph/16728342,37,Good First Impressions are Hard (unless you’re me),Your attention is completely filled and it’s not just from the two dogs causing chaos in your living room,2018-11-24,865.0,General Audiences,M/M,Completed,Adorable Kim Taehyung | V | BTS has two brain cells and yeontan owns both of them | Fluff | Gay | I Wrote This Instead of Sleeping | Puppies | Tae is basically a puppy | Yeontan makes me happy okay | big dogs are good dogs,"Kim Taehyung | V/Reader, kim taehyung | v/male reader Series: Bts x male reader one shots [2]",taehyung
https://golemlab.eu/graph/23255395,37,30 Seconds,"Taehyung loves to send you thirst trap selfies. You, being the thirsty woman that you are, can’t help but to subtweet about how hot your partner is. Tae wants to know why you get so worked up over a selfie with nothing below his collarbone showing, so he confronts you in true Tae style.",2020-03-22,476.0,Explicit,F/M,Completed,Crack | Established Relationship | Fluff | Grinding | Mild Smut | Nudity | Thirsty Kim Taehyung | V,"Kim Taehyung | V/Reader, Kim Taehyung | V/You Series: BTS x Reader [17]",taehyung
https://golemlab.eu/graph/23600227,37,Dragonflies & Perfect Lies,"Nothing about you was above ordinary. You lived a pretty average life, got average grades, and dated average boys. All of this was about to change as you unknowingly entangled yourself in the lives of two wicked Fae, here to study humans and maybe even get a taste of some too.",2020-04-11,6488.0,Mature,F/M,In-Progress,Alternate Universe - College/University | Angst | Drinking | Eventual Smut | Fae & Fairies | Fluff | Love Triangles | Slow Burn,"Kim Taehyung | V/Reader, Park Jimin (BTS)/Reader",taehyung
https://golemlab.eu/graph/26153998,37,Nothing,'We shared something and you can't make it nothing.',2020-08-28,8685.0,General Audiences,F/M,Completed,BTS fluff | Fluff | Friends to Lovers | Kim Taehyung | V-centric | bts - Freeform | taehyung - Freeform,Kim Taehyung | V/Reader Series: BTS | Series [1],taehyung
https://golemlab.eu/graph/18839563,37,Stalemate,"Taehyung is not happy. You had spent the entirety of your day with your “best friend”–your male best friend, whom he didn’t trust in the least. And in the midst of the heated argument that resulted, he decided to unleash the ultimate punishment: until you admitted your wrongdoing, he refused to hug you. And thus began the war of worlds.",2019-05-15,3329.0,Not Rated,F/M,Completed,,Kim Taehyung | V/Reader,taehyung
https://golemlab.eu/graph/13978953,36,Promise to the moon,She makes a promise to him and spends lifetimes trying to fulfill it.,2018-03-15,2992.0,Mature,F/M,Completed,,Kim Taehyung | V/Reader,taehyung
https://golemlab.eu/graph/13063545,36,Saxophone Star,Because who wouldn't love to be serenaded?,2017-12-19,238.0,General Audiences,Gen,Completed,Saxophone | Serenading | a weird little drabble,Kim Taehyung | V/Reader,taehyung
https://golemlab.eu/graph/19220962,36,Lost My Way: Kim Taehyung,I wrote this a couple of days after I purchased my BTS Anaheim ticket because I just imagined this happening. Only if it did....,2019-06-15,6067.0,Teen And Up Audiences,F/M,Completed,Accident | Anaheim concert | Cute | Fluff | Lost - Freeform | Love | bts fanfic | lost: bts,Kim Taehyung | V/Reader,taehyung
https://golemlab.eu/graph/13567539,36,Living a Cliche,Taehyung is having the best day of his senior year. He receives great news and takes a leap of faith to try and have the good things continue. The best day soon becomes the worst.,2018-02-04,4911.0,General Audiences,F/M,Completed,Angst | Cheesy | Fluff | High School | Lots of Cliches | Prom | obviously,"Kim Taehyung | V/Reader, Reader/Other(s)",taehyung
https://golemlab.eu/graph/11834709,36,Corner of the Universe,"You find yourself hundreds of light-years away from the origin of the human species. Millennia of space travel has given the appearance of being in route to conquer the entire universe, but with weariness and the yearning to push on in the fabric of space that has no end, true discovery does not occur until lifetimes later. Your story begins on a planet called Earth with a boy who always had his head tilted up at the stars.",2017-08-18,6791.0,Not Rated,F/M,Completed,Alternate Universe - Future | Alternate Universe - Space | Light Angst | Reincarnation | Science Fiction,Kim Taehyung | V/Reader,taehyung
https://golemlab.eu/graph/26307244,35,Mr. Ethereal | Kim Taehyung x reader,Hoseok's friend Taehyung isn't like other guys you've met so you can't help but have fun with him at an amusement park. But wait...he has BLUE HAIR?!,2020-09-06,2359.0,General Audiences,F/M,Completed,Fluff | cute fluff | rollercoaster,Kim Taehyung | V/Reader,taehyung
https://golemlab.eu/graph/22838119,35,Bedtime Memories,Going down memory lane with your boyfriend at two in the morning turns out to be exactly what you needed to slow down your racing mind.,2020-02-22,3062.0,Teen And Up Audiences,F/M,Completed,Domestic Fluff | Established Relationship | Fluff | Kim Taehyung | V is a Sweetheart | Literal Sleeping Together | Memories | Romance | Romantic Fluff | Self-Insert | Sleepiness | This might be really sappy | Tooth-Rotting Fluff | brief mentions of sex,Kim Taehyung | V/Reader,taehyung
https://golemlab.eu/graph/20209843,35,I Love You || Kim Taehyung x Reader,"Life was doing well for you until you saw your ex-childhood best friend and crush, Kim Taehyung, on TV. He was becoming more famous by the second with his group known as BTS. It was even hard to avoid him when he was in the same town as you too. You do all your might to not interact with the handsome male, but it soon turns to be no avail in your part. What happens when you cross paths with the charming Kim Taehyung of BTS and he tries to win your heart again?",2019-08-11,1782.0,General Audiences,F/M,In-Progress,Eventual Smut | Kim Taehyung | V & Park Jimin are Best Friends | Taehyung was rude back then | idk - Freeform,Kim Taehyung | V/Reader,taehyung
https://golemlab.eu/graph/28896195,35,A Heck Of A Workout,"""This good enough for you, doll?"" When you don't answer him, too busy whimpering, he leans over you and one of his hands reach out and twist your nipple in warning, hips maintaining their momentum. ""Think I asked a question, darling. Come on, now.""",2021-01-21,1718.0,Not Rated,F/M,Completed,Cunnilingus | Cute Ending | Cute Kim Taehyung | V | Eventual Smut | Fluff | Fluff and Smut | Kim Taehyung | V is Whipped | Oral Sex | Reader calls Tae 'sir' ONCE | Shameless Smut | Size Kink | Smut | Soft Kim Taehyung | V | Vaginal Sex | a lil bit of kinky shit but its not explored | chill its only a sprain tho | injured reader | kind of,"Kim Taehyung | V/Reader, Kim Taehyung | V/You Series: You Lift Me Up [2]",taehyung
https://golemlab.eu/graph/13921062,35,,,,,,,,,,taehyung
https://golemlab.eu/graph/30364596,35,hold me tight,"Taehyung was your best friend, and best friends don't let each other make stupid mistakes. Like taking too many tequila shots, or walking home in the rain without a jacket, or telling your best friend you're in love with them...but maybe some mistakes are worth making.",2021-03-30,4893.0,Teen And Up Audiences,F/M,Completed,Alternate Universe - College/University | Angst and Fluff and Smut | Eventual Smut | Fluff | Fluff and Humor | Fluff and Smut | Friends With Benefits | Friends to Lovers | Idiots in Love | Kim Taehyung | V is Bad at Feelings | Kim Taehyung | V is Trying his Best | Light Angst | Miscommunication | University Student Kim Taehyung | V | all of my fics should be tagged idiots in love tbh | all that good stuff | but there's always gotta be a happy ending so | doesn't really have an impact on either plot but i imagine this as the same tae from past midnight! | mostly due to | my beloved | oc is even WORSE at feelings | which leads to some,Kim Taehyung | V/Reader,taehyung
https://golemlab.eu/graph/14714189,35,If You Wanna Keep me,Short Story | Kim Taehyung,2018-05-20,2777.0,General Audiences,F/M,Completed,AU | Angst | Army | Fanfic | Love | Memories | Romance | bangtan boys - Freeform | bts - Freeform | kim taehyung misses you,Kim Taehyung | V/Reader,taehyung
https://golemlab.eu/graph/25405033,35,One day I'd wake up feeling more,Just the usual morning routine with your fiancé.,2020-07-20,3315.0,Teen And Up Audiences,F/M,Completed,Alternate Universe | Domestic Fluff | Established Relationship | Fluff | For Anyone Who Needs Some Soft and Fluffy Delulu Material | Inspired by Music | Kim Taehyung | V is Whipped | One Shot | Soft Kim Taehyung | V | Tooth-Rotting Fluff | Yeontan is here! | a little bit of,"Kim Taehyung | V/Reader, Kim Taehyung | V/You Series: With you, anywhere will be my home [2]",taehyung
https://golemlab.eu/graph/7374802,35,Birthday surprises,"Wake up and start driving? Sure why not, your boyfriends always making you do crazy shit.",2016-07-03,1585.0,General Audiences,F/M,Completed,,Kim Taehyung | V/Reader Series: BTS x Reader [3],taehyung
https://golemlab.eu/graph/22043083,35,A New Years Eve with Kim Tae Hyung,Y/N and Tae Hyung are old friends. You have been in love with him since you first laid eye on him since middle school. Keeping a friendship and controlling your feelings for him had been hard. It had been four years since you had last seen him and now you are visiting your home town for the New Years holidays. Find out what happen between the two of you once you see each other again.,2019-12-31,7670.0,Explicit,F/M,Completed,Alternate Universe - BTS World | Fluff and Angst | New Year's Eve | New York City | Old Friends | Reader-Insert | Sex | Short One Shot | Top Kim Taehyung | V,Kim Taehyung | V/Reader,taehyung
https://golemlab.eu/graph/36220075,35,Alone Together,"kim taehyung has a reputation in the architectural and engineering firm, vante and associates but when you, his secretary of one year, decided to spend Christmas with him—it began a yearly tradition between the two of you to spend the holidays together, only neither of you expected that good old romance would come into play.",2022-01-05,16563.0,General Audiences,F/M,Completed,Angst | Christmas Eve | Fluff | Neglectful Parents | New Year's Eve | Overbearing Parents | Secretary Fem Reader | engineer taehyung,Kim Taehyung | V/Reader,taehyung
https://golemlab.eu/graph/19354489,35,Distraction,,2019-06-25,1177.0,Explicit,F/M,Completed,Established Relationship | Fluff | Smut | Vaginal Fingering,Kim Taehyung | V/Reader,taehyung
https://golemlab.eu/graph/25459690,34,Through Tears and Lullabies,Part of the Bangtan and Dads series. You haven't been married long when those two pink lines stare you right in the face.,2020-07-23,1195.0,Teen And Up Audiences,F/M,Completed,Bangtan Dads,Kim Taehyung | V/Reader Series: Bangtan Dad AU Series [1],taehyung
https://golemlab.eu/graph/33359434,34,Twisted Hearts (Born In Blood Chronicles #1),"Aurora Moon has been in love with her best friend, Park Jimin, for years. When he's sentenced to death for crimes against the Crown, Aurora promises to marry Prince Taehyung for Jimin's pardon. She swears to do anything to ensure that Jimin gets to live his happily ever after, even at the cost of her own.",2021-08-19,28105.0,Mature,F/M,In-Progress,Adventure & Romance | Alternate Universe - Historical | Alternate Universe - Pirate | Alternate Universe - Royalty | Angst and Hurt/Comfort | Hate to Love | I Will Go Down With This Ship | Kim Taehyung | V is Bad at Feelings | Love Confessions | Love Triangles | Mentioned Bae Joohyun | Irene | Min Yoongi | Suga Is a Tease | Mythical Beings & Creatures | Ocean | Park Jimin is Bad at Feelings (BTS) | Pirate Captain Min Yoongi | Suga | Pirates of the Caribbean References | Prince Kim Taehyung | V | Sad and Beautiful | Sirens | Slow Burn | Undead | Unrequited Love | kraken - Freeform,"Kim Taehyung | V/Reader, Min Yoongi | Suga/Reader, Park Jimin (BTS)/Reader Series: Born In Blood Chronicles [1]",taehyung
https://golemlab.eu/graph/23155423,34,Happee Birthday,Taehyung wants a very special birthday present.,2020-03-15,1293.0,Explicit,F/M,Completed,Anal | Daddy Kink | Degradation | Established Relationship | Name-Calling | PWP | Smut | Watersports,Kim Taehyung | V/Reader,taehyung
https://golemlab.eu/graph/39778452,34,Swallowing (Taehyung x Reader),"Two people meet through mutual friends, they exchange numbers then fluids… and they live sloppily ever after.",2022-06-20,2810.0,Explicit,F/M,Completed,Blow Jobs | Come Swallowing | Friends to Lovers | One Night Stands | Smut,"Kim Taehyung | V/Reader, Kim Taehyung | V/You Series: revenge of the kinks [1]",taehyung
https://golemlab.eu/graph/8228561,34,Tale of Two [Tease],,2016-10-07,743.0,Explicit,F/M,Completed,Pet Play | Smut | Toys,Kim Taehyung | V/Reader,taehyung
https://golemlab.eu/graph/16741531,34,Attention,You boyfriend wants your attention.,2018-11-25,419.0,General Audiences,F/M,Completed,Fluff,Kim Taehyung | V/Reader,taehyung
https://golemlab.eu/graph/6380731,34,Insecurities are Unhealthy,"Type: Scenario Pairing: Taehyung, You Genre: Fluff Words: 1301",2016-03-28,1279.0,General Audiences,F/M,Completed,Fluff | One Shot | Scenario | imagine,Kim Taehyung | V/Reader Series: Scenarios [9],taehyung
https://golemlab.eu/graph/22963495,34,"darling, I make a choice every day, and every day it's you.","You are tired, (I think) Of the always puzzle of living and doing; And so am I. -e.e cummings The shop keeps track, somehow, and you end up more or less in the right places at the right time. It's the in-betweens that are tricky.",2020-03-01,19881.0,Teen And Up Audiences,F/M,Completed,Heavily xxxHoLic inspired (but not enough to be in that fandom) | Hurt/Comfort | I PROMISE not all of my fics will have an e.e cummings poem in their summary | Magic | Minor Injuries | Reader-Insert | Romance | Supernatural Elements | There are suggestions of other pairings but they don't go anywhere | This is just a shrine to all my worst qualities,Kim Taehyung | V/Reader,taehyung
https://golemlab.eu/graph/40210206,34,Pinch of Sugar,"As a powerful CEO - Kim Taehyung cannot afford any mistakes to his image. He has taken to the employment of sugar babies - women paid to keep quiet about how he lives his life and to positively influence his public image. But when a contract goes sour and his last sugar baby exposes Taehyung, he needs someone softer to sweeten up his image. And you are just the pinch of sugar he needs.",2022-07-10,12509.0,Explicit,F/M,In-Progress,CEO Kim Taehyung | V | Dom Kim Taehyung | V | Dom/sub | Kim Taehyung | V Smut | Sex Worker AU | Slow Burn | Sugar Daddy Kim Taehyung | V | Taehyung x Reader - Freeform,Kim Taehyung | V/Reader,taehyung
https://golemlab.eu/graph/30304314,34,You're All I Need,Cute polar bear Taehyung.,2021-03-27,866.0,General Audiences,F/M,Completed,Drabble | Fluff | Hybrid - Freeform,Kim Taehyung | V/Reader,taehyung
https://golemlab.eu/graph/15272706,34,requite,"To be clear, this is not an unrequited love. It is the gradual fall in which two best friends find themselves on a journey, navigating the waters of uncertainty on their very first, official date.",2018-07-24,4477.0,General Audiences,F/M,Completed,Alternate Universe - College/University | Best Friends | First Dates | Friends to Lovers | Romantic Fluff | Slice of Life | Tooth-Rotting Fluff,Kim Taehyung | V/Reader,taehyung
https://golemlab.eu/graph/39326985,33,The Night Darkens Around Us,"At college Taehyung had a secret, his huge crush on his friend Namjoon’s distant and aloof study buddy, but what will happen when he finds out he’s the only one of his friends that she was distant with?",2022-05-30,9299.0,Explicit,F/M,Completed,Anal Fingering | Angsty Kim Taehyung | V | Edgeplay | Hand Jobs | Kim Taehyung | V Smut | Oral Sex | Orgasm Denial | Smut,Kim Taehyung | V/Reader,taehyung
https://golemlab.eu/graph/18075803,33,Sense of touch,Late nights in the art studio doesn’t have to mean that you’re drawing till late… Sometimes you just want to give your lover a special little treat and what better place than surrounded by dry paint brushes to caress your love’s skin with until he can’t take it anymore…,2019-03-11,2642.0,Mature,F/M,Completed,Artist Kim Taehyung | V | Bottom Taehyung | Breast Fucking | Dirty Talk | Foreplay | Oral | Riding | Slow Build | Smut | Teasing | Unprotected Sex | breast attention | brushing | reader in control | shameless dirty talk | top reader | using paint brushes,Kim Taehyung | V/Reader,taehyung
https://golemlab.eu/graph/23145232,33,do you like coffee?,"“are you the person i’m supposed to be meeting?” you cocked an eyebrow at him, resisting the urge to roll your eyes. “well that all depends on who you’re trying to meet.""",2020-03-14,2462.0,General Audiences,F/M,Completed,Alternate Universe - Coffee Shops & Cafés | First Meetings | Fluff | I promise | Kim Taehyung | V & Park Jimin are Best Friends | Kim Taehyung | V is a Sweetheart | Meet-Cute | it's cute,Kim Taehyung | V/Reader Series: it's just us in this tiny place [1],taehyung
https://golemlab.eu/graph/17748362,33,Peas in a Pod,That one time Taehyung got super high and discovered that he and his best friend like masturbating together? That was cool.,2019-02-12,1672.0,Not Rated,F/M,In-Progress,And the type of things that get him hard | Edging | Friends With Benefits | Kink Discovery | Male-Female Friendship | Marijuana | Masturbation | Mutual Masturbation | Plot What Plot/Porn Without Plot | Recreational Drug Use | Shameless Smut | Taehyung learns new things about himself,Kim Taehyung | V/Reader,taehyung
https://golemlab.eu/graph/9078709,33,Maybe this is all there is to our love,"You love him, it's palpable, undeniable, but also quite impossible. Because life has decided otherwise and the man you're marrying isn't called Kim Taehyung.",2016-12-27,965.0,Mature,F/M,Completed,Angst | Inexplicit Wall Sex | One Shot | Should I write more | i love suffering,"Kim Taehyung | V/Reader, Kim Taehyung | V/You",taehyung
https://golemlab.eu/graph/17044052,33,Bi-Racial Traitors,"He was a vampire hunter.  He sought nothing more than to pin the ruler of the fanged race onto a crucifix and ignite him.  Watch as the king of vampires burned into nothing, but ash by down. She was vampire.  A fanged being with a unique diet and endless life span unless forcefully halted by outside means. Thriving off blood and bowing her head to her king's will.  Nothing, but another slave to his unrivaled tyranny. It was inevitable that the two would cross paths.  However, everything after is something yet to be expected.",2018-12-17,6372.0,Teen And Up Audiences,F/M,Completed,Angst | Betrayal | Drama | Implied Torture | Romance | Vampire AU | Vampire Hunter AU | Violence,Kim Taehyung | V/Reader,taehyung
https://golemlab.eu/graph/19429651,33,14. Expensive Boy,Prompt: Pick-Up Lines Week 2 Day 7,2019-07-01,822.0,Teen And Up Audiences,F/M,Completed,Crack | Pick-Up Lines | Sass | Sassy Kim Taehyung | V | Sassy Reader | one shots,Kim Taehyung | V/Reader Series: 50 Days of One Shots [14],taehyung
https://golemlab.eu/graph/24387343,33,Come Be My Teacher,"Short story about a lonely, mature lady looking for some company Who meets a shy, handsome young man.",2020-05-26,2403.0,Explicit,F/M,In-Progress,Alternate Universe | First Time Blow Jobs | Kim Taehyung | V is a Sweetheart | Kissing | Oral Sex | Public Blow Jobs | Short One Shot | Shy Kim Taehyung | V | noona,Kim Taehyung | V/Reader,taehyung
https://golemlab.eu/graph/30373041,33,Let The Rose Bloom: Taehyung,"You had to pull an unexpected double shift and were exhausted when it was finally time to go home. Taehyung waits for you outside of your apartment building and helps clean your kitchen while you are sent away to decompress. He joins you a while later, offering to massage your shoulders...until it leads to a bit more than you expected.",2021-03-31,3515.0,Explicit,F/M,Completed,A Bath after a long day | Cuddling | Double Shift | Explicit Sexual Content | Fingering | First experiences | Fluff | Inner monologuing | Porn With Plot | Tease and Seduction | patient Taehyung | sweet words,Kim Taehyung | V/Reader Series: Special Request Fics (Reader Insert and M x M) [1],taehyung
https://golemlab.eu/graph/21598390,33,Four - A Sequel,Sequel to Three.  Find out what happens when fate strikes again!,2019-11-28,21894.0,Explicit,F/M,Completed,Angst | Attempted Rape/Non-Con | Flashbacks | Fluff and Smut | Kim Taehyung | V is a Sweetheart | Misunderstandings | Smut | Unplanned Pregnancy | Violence,Kim Taehyung | V/Reader,taehyung
https://golemlab.eu/graph/13404870,33,The Look He Gave,"“I actually decided on the way here that if you were related to an officer of the law that I may have turned myself in. I don’t think I could kill you. I don’t think I could see you get hurt. Hear of it. Speak of it.  Anything. Do you remember my promise?”\ Your eyes move from the floor to his own, capturing them in all their love struck beauty. “You’d remove any threat to me.” “Exactly. And I told you that the day I broke that promise was the day you learned to love me.” Taehyung stands quickly, resorting to striding to your side and siting next to you. His knee brushed yours, fingers seconds apart from a star bursting collision. “Do you think that you’ll learn to love me?” “I can try.” Taehyung hums. His hand, so gently, moves to your chest again and he traces a poorly shaped heart over the right side. You’re staring and only staring, because you’re afraid to do another thing. He just counts your heart beat and keeps an empty expression. “Would you, please, learn to love me slowly?”",2018-01-17,14291.0,Not Rated,F/M,In-Progress,Mafia AU | banter on that part | but a good creep | curse bad interaction skills | i guess | not really - Freeform | taehyung is a bit of a creep | well lol it is,"Kim Taehyung | V/Reader, Kim Taehyung | V/You",taehyung
https://golemlab.eu/graph/16977456,33,Chase,"The second you left, he knew he had made the biggest mistake of his life. Your plane had taken off without him waving you off, without him confessing his feelings, without saying goodbye… You’d be back in a few months… but he wouldn’t survive the pain and guilt that long... He had to go after you… A crazy idea, but for being crazy in love, it was completely sane. He gets on the next first flight and flies back and forth over Europe chasing you, the love of his life… to confess.",2018-12-13,10021.0,Mature,F/M,Completed,Angst | Chases | Dirty Talk | HARD | Love Confessions | Nipple Play | Praise | Riding | Smut | Top Kim Taehyung | V | around the world | friends to lovers (kind of???) | rolling around | rough | travelling,Kim Taehyung | V/Reader,taehyung
https://golemlab.eu/graph/27069964,33,The End of... This Is The End,You marry Yoongi. It's not all roses.,2020-10-17,7117.0,Mature,F/M,In-Progress,,"Kim Taehyung | V/Reader, Min Yoongi | Suga/Reader Series: This is The End [3]",taehyung
https://golemlab.eu/graph/15310257,33,By the Moonlight,A handsome client at your hotel has you breaking all the rules...,2018-07-16,5345.0,Mature,F/M,Completed,Beach Sex | Day At The Beach | Mexico | Shameless Smut | Smut,Kim Taehyung | V/Reader,taehyung
https://golemlab.eu/graph/22280986,33,Relationship Goals,Childhood friends Taehyung and (Y/N),2020-01-16,4535.0,General Audiences,F/M,Completed,,Kim Taehyung | V/Reader,taehyung
https://golemlab.eu/graph/24755068,32,The Boy From the Coffee Shop,What happens when you break up with your boyfriend and go to a coffee shop. And once there you meet someone would you live with him or stay and drink your coffee.,2020-06-16,2690.0,Mature,F/M,Completed,BTS One shot | Bangtan smut | Dom Kim Taehyung | V | Kpop smut | Omega Kim Taehyung | V | Taehyung smut | Taehyung x Reader - Freeform | Top Kim Taehyung | V | bangtan - Freeform | bangtan taehyung | bts - Freeform | bts smut | bts taehyung - Freeform | kim taehyung - Freeform | kim taehyung smut | tae - Freeform | tae smut | tae x reader | taehyung - Freeform,Kim Taehyung | V/Reader,taehyung
https://golemlab.eu/graph/11099595,32,i'll love the world like i should,"what if you had a second chance to save his life? if you turned back the clock, where would you go back to? once you reach that place, can all the mistakes and errors be undone? will happiness be ours to stay? you've been living in seoul with your friend and her father, if you can even call it living. everyone seems to be hovering on the edges of your life: not quite close enough to know you, or to love you. sometimes your friend's cousin, namjoon, and his fellow trainees show up to take a break and say hello, but you've never felt as though they're your friends. but then seokjin dies. and it seems as though you're the only one who can stop the boys from falling apart.",2017-06-05,17545.0,Teen And Up Audiences,F/M,Completed,Blood and Injury | Butterfly Effect | Depression | Erased Alternate Universe | Fluff and Angst | Physical Abuse | Reader-Insert | Suicide | Time Loop | Verbal Abuse | bc i'm weak for angst leading to eventual happiness | but there's also fluff | i guess i'd better tag the sad things hmm | inspired by the MVs and the anime Erased bc time loops woot woot | sad hospitals and a car wreck that happens like. three times | tae kills his dad too but we only hear about it,Kim Taehyung | V/Reader,taehyung
https://golemlab.eu/graph/16008476,32,Natural Bond,"You set out to share a place close to your heart with Taehyung. Together, you make it even more special. Dedicated to any other country girls who sometimes feel a little left out in the fandom.",2018-09-16,4388.0,Explicit,F/M,Completed,Fluff and Smut,Kim Taehyung | V/Reader,taehyung
https://golemlab.eu/graph/37129282,32,𝐄𝐠𝐨 ~𝐊𝐓𝐇,"All it took were two words to make you angry: 𝐊𝐢𝐦 𝐓𝐚𝐞𝐡𝐲𝐮𝐧𝐠. ~~~ The CEO of a famous company just resigned in favor of attempting to live a 'normal' life, but his arrogance and wealth made him less than desirable to work with. So, when Mr. Kim Taehyung strolled into the ice cream parlor you worked, things were ought to get messy. Perhaps messier than you imagined...",2022-02-14,6082.0,Mature,F/M,Completed,Arrogance | Bad Boy Kim Taehyung | V | CEO | CEO Kim Taehyung | V | Cute | Cutesy | Drama & Romance | Flirting | Fluff and Humor | Funny Kim Taehyung | V | Humor | I'm Bad At Tagging | Ice Cream | Ice Cream Parlors | Kim Taehyung | V & Park Jimin are Best Friends | Kim Taehyung | V Has a Nice Ass | Kim Taehyung | V is Bad at Feelings | Kim Taehyung | V is a Little Shit | Kim Taehyung | V-centric | Park Jimin Has Self-Esteem Issues (BTS) | Park Jimin Has a Nice Ass (BTS) | Park Jimin is Trying His Best (BTS) | Romance | Sexual Humor | Slow Burn | Slow Romance | Soft Park Jimin (BTS) | Summer Love | Summer Romance,Kim Taehyung | V/Reader,taehyung
https://golemlab.eu/graph/20852822,32,Bad Girl,,2019-10-01,1090.0,Mature,F/M,Completed,Bratty Y/N | Dom Kim Taehyung | V | Rough Sex | Smut | backstage sex | sex after concert,Kim Taehyung | V/Reader,taehyung
https://golemlab.eu/graph/16886898,32,Noxious,"Jimin, Taehyung and F/n are childhood best friends, but Taehyung moves away and Jimin drunkenly tells her how he really feels about her.",2018-12-06,31189.0,Mature,F/M,In-Progress,Alternate Universe - College/University | Angst | Best Friends | Eventual Smut | Fluff | Smut,"Kim Taehyung | V/Reader, Park Jimin (BTS)/Reader",taehyung
https://golemlab.eu/graph/39407871,32,Mafia Meet Cute Taehyung,"Your reputation for being both the owner of a shop with the best vintage luxury around couples with the reported magic your tailored items bring in has brought al sorts into your shop. Its never brought anything as intriguing or as beautiful as Kim Taehyung though, and he's got his own reputation.",2022-06-03,9757.0,Mature,F/M,Completed,Alternate universe - Mafia | Light Bondage | Light Dom/sub | Slight Dom reader | Violence | slight sub taehyung,"Kim Taehyung | V/Reader, Kim Taehyung | V/You Series: Mafia Meet Cute [6]",taehyung
https://golemlab.eu/graph/16841173,32,Things You Said When I Was Crying,"Taehyung comforts you when you have a bad day. (I know that depression is a really serious topic and I don’t want to hurt anybody or offend anybody. The symptoms written here are just how I, personally, deal with mental illness. If any of this content triggers you, please do not read. Take care of yourself.) (This work is a back up from my tumblr spinebreak3r)",2018-12-04,461.0,General Audiences,Gen,Completed,Angst | Angst and Hurt/Comfort | References to Depression,Kim Taehyung | V/Reader,taehyung
https://golemlab.eu/graph/16552658,32,Magic shop,"Taehyung was your typical young lost soul until he started working in a magic shop. His job was fairly simple and with free readings from the keeper of the shop it could be quite entertaining at times. But he was regularly haunted by a reoccurring nightmare. Unknowingly the dream turned out to be a calling. A calling for someone to awaken his powers, and help guide his soul through an unknown world of evil, spells and lust.",2018-11-07,18745.0,Mature,F/M,Completed,Angst | Dirty Talk | Evil | Lust | Nibbling | Occult AU | Seven Deadly Sins | Smut | Vanilla | Witch AU | Witch Kim Taehyung | V | daemon/familiar reader | jinmin - Freeform,Kim Taehyung | V/Reader Series: Magic shop [1],taehyung
https://golemlab.eu/graph/11602698,32,(Un)lost,"""I'm not looking to be found, I just want to feel unlost.""",2017-07-25,26411.0,Explicit,F/M,In-Progress,,Kim Taehyung | V/Reader,taehyung
https://golemlab.eu/graph/32774254,32,WOW,It’s been a long stressful week at work and when you get home you just want to get into something comfy. You just didn’t realise changing into your boyfriend's jumper would turn him on so much.,2021-07-23,5295.0,Explicit,F/M,Completed,Established Relationship | Explicit Language | Explicit Sexual Content | Floor Sex | Fluff | Oral Sex | Plot What Plot/Porn Without Plot | Porn With Plot | Sex | Smut | Vaginal Fingering | Vaginal Sex,Kim Taehyung | V/Reader,taehyung
https://golemlab.eu/graph/11583585,32,A Dose Of Kim Taehyung-,"Mysophobia- also known as germaphobia, is a pathological fear of contamination and germs. There is nothing wrong with washing your hands...20 plus times a day. Or putting sanitizing everything. At least you think so. Your fear of germs has ruined your past relationships. But, you don't see anything wrong with that. They were like 'germs' in your life, so you 'washed' them off. But this particular hottie- I mean 'germ', is one you couldn't 'wash' off easily. Matter-of-fact, he wouldn't 'wash' off at all. A College Student! Kim Taehyung (V) x College Student! Reader EVENTAL SMUT, WILL WARN IF SO. PLEASE DO NOT READ IF YOU CANNOT HANDLE SOME OF THE SUGGESTIVE THINGS IN THIS STORY. Thanks and, enjoy~",2017-07-23,2117.0,Teen And Up Audiences,F/M,In-Progress,Alternate Universe - College/University | Drama | Eventual Smut | Kim Taehyung x reader | Mysophobia | Psychological Drama | Psychology | Reader-Insert | Romance | Smut | V x Reader - Freeform | college AU?,Kim Taehyung | V/Reader Series: -A Dose of Kim Taehyung- [1],taehyung
https://golemlab.eu/graph/17279165,32,Quickie Series: Taehyung,What's the fun in getting off together if your boyfriend would rather fuck?,2019-01-03,1322.0,Mature,F/M,Completed,Light Bondage | Mutual Masturbation | Mutual Orgasm,Kim Taehyung | V/Reader,taehyung
https://golemlab.eu/graph/40361682,32,Keep You In Mind,"You broke up with Tae because you didn’t think he cared. He never seemed to have you in mind, until you agree (after begging from Jimin) to let him stay at your place, and you find out just how out of mind you really are.",2022-07-17,7077.0,Explicit,F/M,Completed,Angst | Breakups | Fingering | Heartache | Kissing | Love | Makeups | Oral Sex | Orgasms | Slow Burn | unprotected sex implied,Kim Taehyung | V/Reader Series: Stumble Upon [19],taehyung
https://golemlab.eu/graph/27818053,32,You Lift Me Up,"The first time you go to the gym alone, someone else is looking out for you. Things get interesting when said person turns out to help you out in more ways than one.",2020-12-01,3269.0,Mature,F/M,Completed,Adorable Kim Taehyung | V | Come Eating | Cunnilingus | Cute | Eventual Smut | Fluff | Fluff and Smut | Kim Taehyung | V is Whipped | Kim Taehyung | V is a Little Shit | Nicknames | Oral Sex,Kim Taehyung | V/Reader Series: You Lift Me Up [1],taehyung
https://golemlab.eu/graph/20738663,32,Worked Up,Taehyung has a way of getting you all worked up while he's on stage.,2019-09-22,2388.0,Explicit,F/M,Completed,Shameless Smut | Smut,Kim Taehyung | V/Reader,taehyung
https://golemlab.eu/graph/22013419,31,Drink So You'll Remember,"Pricking his own finger, you watch as he let the blood from his finger drop on a glass of a black liquid that was on the table in front of you. “Drink, so you’ll remember.” He said, handing the glass to you. “And if I don’t?” You ask. “Then you’ll break your promise all over again.”",2019-12-29,3889.0,Explicit,F/M,Completed,Alternate Universe - Past Lives | Alternate Universe - Vampire | Character Turned Into Vampire | Death | Vampire Kim Taehyung | V | Vampire Turning,"Kim Taehyung | V/Reader, Kim Taehyung | V/You",taehyung
https://golemlab.eu/graph/13894932,31,don't cry (we've got time),"""i want to spend forever with you."" and god do you wish it was possible.",2018-03-07,1714.0,General Audiences,M/M,Completed,Angst | this might get a series of bonus chapters,Kim Taehyung | V/Reader,taehyung
https://golemlab.eu/graph/17237342,31,Doctor,,2018-12-31,1201.0,Explicit,F/M,Completed,Angst | Friends to Lovers | Smut,"Kim Taehyung | V/Reader, Kim Taehyung | V/You",taehyung
https://golemlab.eu/graph/30289104,31,Not a Morning Person,"after so many occasions of you making breakfast ready for him, taehyung attempts to return the favor. key word is attempt",2021-03-27,520.0,General Audiences,F/M,Completed,Alternate Universe - Not K-Pop Idols | Cute Kim Taehyung | V | Drabble | Established Relationship | Morning Routines | Sleepy Kim Taehyung | V,Kim Taehyung | V/Reader,taehyung
https://golemlab.eu/graph/22214029,31,Medium,"Experimental was only one word you would use to describe Kim Taehyung. Originally part of a challenge to write a drabble of less than 600 words and choose one genre for the member, smut in this case.",2020-01-11,600.0,Explicit,F/M,Completed,Dom/sub | Explicit Sexual Content | Originally Posted on Tumblr | Smut | Temperature Play | Vibrators,Kim Taehyung | V/Reader Series: 600 Word Drabble Challenge [4],taehyung
https://golemlab.eu/graph/19741231,31,Outlines,"Author’s note: I really have no words for this. Taehyung Skype Sex. That is all. I’ve written smut for 2/3rds of the maknae line, so I guess it’s about time I wrote one for Tae.",2019-07-09,2874.0,Mature,F/M,Completed,Smut,Kim Taehyung | V/Reader,taehyung
https://golemlab.eu/graph/19443340,31,18. Fansign (Literally),Prompt: Idol/Fan Week 3 Day 4,2019-07-02,1079.0,Teen And Up Audiences,F/M,Completed,Cute Kim Taehyung | V | Fansign | Idol/Fan | Kim Taehyung | V is a Sweetheart | one shots,Kim Taehyung | V/Reader Series: 50 Days of One Shots [18],taehyung
https://golemlab.eu/graph/22032655,31,The Flight,You have flown quite a few times in your life because of your work and you've always love it. Except when there turbulence! Usually you either take sleeping tablets or just try to breath through your panic but this time you have a little help in the form of Kim Taehyung from BTS. What he does to get your mind off the turbulence is something you'll never forget.,2019-12-30,1947.0,Explicit,F/M,Completed,Airplane Sex | Kim Taehyung | V-centric | Mile High Club | My First Smut | Smut,"Kim Taehyung | V/Reader, Kim Taehyung | V/You",taehyung
https://golemlab.eu/graph/26394142,31,Hot Summer | Kim Taehyung x reader,You and Taehyung are dying of the heat of a hot summer day. But Taehyung has a plan to cool off.,2020-09-10,995.0,General Audiences,F/M,Completed,Fluff | swelting hot day,Kim Taehyung | V/Reader,taehyung
https://golemlab.eu/graph/21882568,31,A Gift From Santa,Christmas party with Taehyung,2019-12-21,881.0,Not Rated,F/M,Completed,BTS fluff | Christmas Fluff | Jealous Kim Taehyung | V | Kim Taehyung x reader | Kim Taehyung/You - Freeform | Taehyung is Santa | Taehyung x Reader - Freeform | Taehyung x you - Freeform | Taehyung/Reader - Freeform | Taehyung/You - Freeform | Very Slight Implications of Sex | bts drabble | bts drabbles | kim taehyung/reader - Freeform,Kim Taehyung | V/Reader,taehyung
https://golemlab.eu/graph/16276601,31,SorryNotSorry,"To provide some closure for a few of the How to Change a Fuqboi stories, the protagonist of the series sets off on a very not Eat-Pray-Love adventure while staying with her friend Jackson. She may or may not meet someone who helps her get over Taehyung.",2018-10-12,2118.0,Mature,F/M,Completed,Angst | Best Friend Jackson Wang | How to Change a Fuqboi | Humor | Past Infidelity | Past Relationship(s) | Prequel | Sort Of | brief mention of smoking | fuckboy jimin | fuckboy taehyung | no more sassy narrator,"Kim Taehyung | V/Reader, Park Jimin/Reader Series: How to Change a Fuqboi [8]",taehyung
https://golemlab.eu/graph/16952640,31,Soft breaths,You and your boyfriend enjoy a day of christmas shopping and finish it off by replacing the cold with the heat of each other ;),2018-12-11,4393.0,Mature,F/M,Completed,Christmas Shopping | Dirty Talk | Domestic | Domestic Fluff | Fingering | Oral | Smut | blowjob | detailed | soft and loving to ROUGH,Kim Taehyung | V/Reader,taehyung
https://golemlab.eu/graph/19760209,31,Taehyung drabbles,Taehyung drabbles. These characters will not necessarily be tied together or related in any way.,2019-07-11,2025.0,General Audiences,F/M,Completed,Childhood Friends | Drabble | Fluff | Friends to Lovers,Kim Taehyung | V/Reader,taehyung
https://golemlab.eu/graph/15729849,31,Untitled Taehyung and 5 y/older! Reader,,2018-08-19,1509.0,Not Rated,F/M,Completed,Age Difference | Angst | Angst and Feels | BTS being concerned | Dating | Older Characters | Older Woman/Younger Man | To Be Continued,Kim Taehyung | V/Reader,taehyung
https://golemlab.eu/graph/23105791,31,Hungry,,2020-03-11,1095.0,Explicit,F/M,Completed,Fluff and Smut,Kim Taehyung | V/Reader Series: Parenthood [3],taehyung
https://golemlab.eu/graph/10615737,31,Playlist,"Banging while listening to BTS, whoops.",2017-04-13,1101.0,Explicit,F/M,Completed,Smut,Kim Taehyung | V/Reader,taehyung
https://golemlab.eu/graph/18064610,30,Allure,"Your boyfriend Taehyung is an artist, and whilst hanging out with his friends gets a very good idea on what to do for his next piece.",2019-03-10,5546.0,Explicit,F/M,Completed,Art | Art Student Kim Taehyung | V | Brat | Creampie | Dirty Talk | Dom/sub | Dominance | Kitten Kink | Lemon | Oral Sex | Paint Kink | Plot What Plot/Porn Without Plot | dom!tae | fucking on a canvas | mature - Freeform | slight degradation,Kim Taehyung | V/You,taehyung
https://golemlab.eu/graph/16920096,30,여름 | Yeo Reum,I stuck with the same family pattern than in their respective TROS scenarios. This oneshot happens a few years afterwards.,2018-12-09,7680.0,Teen And Up Audiences,F/M,Completed,DOMESTIC BTS | Domestic Fluff | Fluff | Husband Jungkook | Husband Taehyung,Kim Taehyung | V/Reader,taehyung
https://golemlab.eu/graph/24776386,30,"Goodbye, Mr. Kim {kth x reader}","The two of them met, they fell in love, they decided to become one too soon, and unbeknownst to them the disaster they would face. Kim Taehyung x Reader DISCLAIMER: I don't own BTS characters. Warning: May have mature content and trigger warning",2020-06-17,27569.0,Teen And Up Audiences,F/M,In-Progress,Divorce | Fluff and Angst | Hurt/Comfort | Remarriage | Slow Burn,"Kim Taehyung | V/Reader, Min Yoongi | Suga/Reader",taehyung
https://golemlab.eu/graph/12316650,30,,,,,,,,,,taehyung
https://golemlab.eu/graph/40968231,30,What Was Hidden,"This is how it all starts: Taehyung is flunking Western Lit. You’re assigned to tutor him. His paper on Strindberg’s The Ghost Sonata could pass or fail him for the semester. As you and Taehyung slowly become friends, then more, you learn that there’s a lot more to him than you originally assumed. Together, you navigate your own experiences with the play’s themes: one’s “true self” versus one’s “shown self”, darkness behind the facade, and how people can be quite literally haunted - and it has nothing to do with ghosts. ""I saw the sun and thought I saw what was hidden."" The Ghost Sonata | Scene III - August Strindberg",2022-08-12,64345.0,Explicit,F/M,In-Progress,Alternate Universe - College/University | Drinking | Drunkenness | Eventual Smut | Explicit Language | Explicit Sexual Content | Heavy Angst | Kissing | Oral Sex | Strangers to Lovers | Unhealthy Coping Mechanisms | but a happy ending | honestly horrible rap lyrics | if i miss some pls tell me | oc is a WHOLE clown,"Kim Taehyung | V/Reader, Min Yoongi | Suga/Original Female Character(s)",taehyung
https://golemlab.eu/graph/11070969,30,PROM,"You’ve been dreaming about prom your whole life. When that day finally comes, you have the perfect venue, the perfect theme, the perfect dress, and the perfect date. But when your boyfriend, Yoongi, can’t go with you, he sends his friend Taehyung instead and things get kind of weird…",2017-06-02,9507.0,Teen And Up Audiences,F/M,Completed,Angst | Drunken Kissing | Fluff | Fluff and Angst | Friends to Lovers | Prom | Unrequited Love,"Kim Taehyung | V/Reader, Min Yoongi | Suga/Reader",taehyung
https://golemlab.eu/graph/5236727,30,Butterfly,"What does a butterfly mean to your boyfriend, Taehyung?",2015-11-18,971.0,Not Rated,F/M,Completed,,Kim Taehyung | V/Reader,taehyung
https://golemlab.eu/graph/38291410,30,Fall,This is how you met. This is how your story began.,2022-04-10,2429.0,Explicit,F/M,Completed,Alternate Universe - College/University | Angst and Fluff and Smut,Kim Taehyung | V/Reader Series: Marriage Story [6],taehyung
https://golemlab.eu/graph/6787096,30,Strawberries,Who ever knew strawberries could be so fun?,2016-05-08,2781.0,Mature,Gen,Completed,Celebrations | Fluff | Food Kink | Food Sex | Smut | Strawberries | Yum,Kim Taehyung | V/Reader,taehyung
https://golemlab.eu/graph/17502440,29,Red,"Little Red Riding Hood AU — Taehyung x Reader After tragedy strikes the family, you decide that it was time to come home. Back to the big old house that your father had built near the edge of the Black Forest. Now strange things begin to happen as your 21st birthday begun to approach and you’re pretty sure it has a lot to do with a certain general who appeared out of thin air.... Now strange dreams and events keep happening around you as you try to get sense of what is really going on. Set in 1880’s (this is somewhat “accurate“....don’t quote me on this)",2019-01-21,10805.0,Mature,F/M,In-Progress,Adult Red Riding Hood | Alternate Universe - Soulmates | Alternate Universe - Werewolf | Disney References,Kim Taehyung | V/Reader Series: Fairytales [1],taehyung
https://golemlab.eu/graph/22642465,29,Underground,Being a top detective gives you priority over which case you want. Choosing the file Vante with hopes of it being short and sweet takes a drastic turn each time you think you’re a step ahead.,2020-02-10,24269.0,Mature,F/M,Completed,Angst | Art Dealer Taehyung | V | Choking | Daddy Kink | Degradation | Dirty Talk | Fluff | Language | Mentions of Blood | Multiple Orgasms | Murder | Oral Sex | POV Multiple | Sir Kink | Smut | Spanking | Throat Fucking | Unprotected Sex | Violence | deTECTIVE READER,Kim Taehyung | V/Reader,taehyung
https://golemlab.eu/graph/11525973,29,a friend indeed,"You've been friends for years, and while you both may have changed, your friendship hasn't.",2017-07-17,760.0,Teen And Up Audiences,F/M,Completed,Fluff,Kim Taehyung | V/Reader,taehyung
https://golemlab.eu/graph/36704227,29,Lead With Your Crotch,"You had been with Yoongi, and sleeping with Taehyung, separately. When they both look way too hot at a photoshoot, and offer to have them both, who were you to resist?",2022-01-27,3213.0,Explicit,F/M,Completed,Threesome - F/M/M,"Kim Taehyung | V/Reader, Kim Taehyung | V/You, Min Yoongi | Suga/Reader, Min Yoongi | Suga/You",taehyung
https://golemlab.eu/graph/41319387,29,Sumthin' Sumthin',"You can’t figure Kim Taehyung out. Especially why he’s been staring at you, but never acted on it. So when he finally asks for something, it’s your chance to find out.",2022-08-27,6222.0,Explicit,F/M,Completed,Antagonism | Finger Sucking | Fingering | Kissing | Making Out | Orgasms | Slow Burn | Slow Dancing | Teasing | gossiping | nipple sucking,Kim Taehyung | V/Reader Series: Stumble Upon [14],taehyung
https://golemlab.eu/graph/35967334,29,it's you all along | kth,you've been plagued by visions about your soulmate since as long as you can remember. could this be the year where you finally meet him?,2021-12-26,7009.0,Mature,F/M,Completed,Begging | Fluff | Mentions of Smut | Oral Sex | Overstimulation | POV Second Person | Romance | Sex | Soulmates | Vaginal Fingering,"Kim Taehyung | V/Reader, Kim Taehyung | V/You",taehyung
https://golemlab.eu/graph/24430519,29,The Gucci Rule,"your boyfriend just got back from tour and has an idea about what he wants to do as a reunion, while you have a specific rule about what he wants",2020-05-28,752.0,Mature,F/M,Completed,Alternate Universe - Idols | Drabble | Established Relationship | Grinding | Groping | Kissing | Making Out | Smut | Talk of Anal | gucci,Kim Taehyung | V/Reader,taehyung
https://golemlab.eu/graph/28328049,29,Finding Christmas again,"After a lifetime’s worth of turbulent and miserable Christmases with your family, you finally make the executive decision to spend this year’s Christmas alone. However, when you take home a box of old Christmas decorations from your friend’s shop, it seems that this Christmas is set to be different from the others. ChristmasScarecrow!Tae x human!Reader",2020-12-26,21981.0,Teen And Up Audiences,F/M,Completed,Christmas Festivities | Fluff | Ice Skating | angst tolerant you are | are u gonna stop me | christmasscarecrow!Tae | no u can't i've already written it LOL | or a lot i guess it depends how like | there's also a touch of angst | there's sadness | yes that's a tag I just wrote | yes this fic is about a christmas themed scarecrow,Kim Taehyung | V/Reader,taehyung
https://golemlab.eu/graph/16543475,29,The Halloween Party,,2018-11-06,3397.0,Mature,F/M,Completed,Biting | Choking | Dom Kim Taehyung | V | Halloween | Halloween Costumes | Handcuffs | Light Dom/sub | Shameless Smut | Spanking,Kim Taehyung | V/Reader,taehyung
https://golemlab.eu/graph/24050557,29,Future,"It's been months since Taehyung was paralyzed, Christmas and New Years has passed and you both are now preparing for the wedding, a comeback, tour and more.",2020-05-07,13613.0,Teen And Up Audiences,F/M,Completed,Angst | Disabled Character | Fluff | Happy Ending | Hurt/Comfort | TaehyungXreader - Freeform | Wedding | wheelchair,Kim Taehyung | V/Reader Series: The Bumps In Life [3],taehyung
https://golemlab.eu/graph/17592890,29,Now Exhale,"As always, cross-posted on my Tumblr Blog!",2019-01-29,2664.0,General Audiences,F/M,Completed,Fluff | Pt. 2 of Hold Your Breath | Romance | Sea Prince AU,Kim Taehyung | V/Reader Series: Sea Prince AU | kth [2],taehyung
https://golemlab.eu/graph/22081429,29,Sunny,"Taehyung has never been able to touch anyone without worrying he’d break them, and now that he can touch you, he never wants to let you go.",2020-01-02,3140.0,Mature,F/M,Completed,Alternate Universe - Superheroes/Superpowers | Angst | Enhanced Reader | Superpowers | superpower au | villain bts,Kim Taehyung | V/Reader Series: Every Story Needs a Villain [2],taehyung
https://golemlab.eu/graph/17147177,29,,,,,,,,,,taehyung
https://golemlab.eu/graph/38977029,28,Falling In Love With Kim Taehyung,"You move to Seoul to stay with your brother, Yoongi after having a serious fallout with your parents. Yoongi has always been protective of you, but after the situation he barely got you out of, how will he react when you finally meet his 6 best friends? Better yet, how will he react when he finds out one of them is not just a friend?",2022-05-14,6269.0,Explicit,F/M,In-Progress,Adorable Kim Taehyung | V | Brother-Sister Relationships | Fluff | Fluff and Smut | Jeon Jungkook & Kim Taehyung | V are Best Friends | Jimin and Jungkook are little shits | Kim Taehyung | V & Park Jimin are Best Friends | Kim Taehyung | V is Whipped | Kim Taehyung | V is a Little Shit | Kim Taehyung | V-centric | Love at First Sight | Min Yoongi | Suga is Bad at Feelings | Min Yoongi | Suga is Trying His Best | Only you have boobs | Protective Older Brothers | Reader has a personality now | Rewrite | Series | Siblings | Smut | Sneaking | Sneaking Around | Sneaking Out | Yoongi is your oppa | Yoongi isn't mean anymore | You two could be twins | not on purpose anyways,Kim Taehyung | V/Reader Series: The Falling Mini Series [1],taehyung
https://golemlab.eu/graph/23105752,28,And Then There Were Four,,2020-03-11,1974.0,Explicit,F/M,Completed,Fluff and Smut | Impregnation,Kim Taehyung | V/Reader Series: Parenthood [2],taehyung
https://golemlab.eu/graph/17162981,28,taehyung a-z,cool fresh and fun headcanons based around sex stuff that's kind of a tag i guess -ish,2018-12-26,1914.0,Not Rated,F/M,Completed,NSFW | bts - Freeform,Kim Taehyung | V/Reader,taehyung
https://golemlab.eu/graph/17039636,28,Royal escape,"Two kingdoms and a divided city. You, the princess of the east side had grown up playing with the prince of the west and as you grew older so did your love for each other. When you were suddenly separated by the split of the city between the two kingdoms the prince of the west, prince Taehyung made his big escape and ran away. Nobody knew where he was, not even you and you missed him so dearly. When a masquerade was held for you in order to let you find a prince, Taehyung suddenly appeared, desperate to remind you that he still loved you. His quick visit left you heart broken and thus you planned your own escape, desperate to find him and give him your heart…",2018-12-17,17461.0,Explicit,F/M,Completed,Angst | Angst and Smut | Dirty Talk | Prince Kim Taehyung | V | Revolution | Running Away | Smut | Top Kim Taehyung | V | Vanilla | enloping | rough | royal au,Kim Taehyung | V/Reader,taehyung
https://golemlab.eu/graph/38416369,28,STATIC,"electricity (noun) /ˌɪlɛkˈtrɪsɪti,ˌɛlɛkˈtrɪsɪti,ˌiːlɛkˈtrɪsɪti/ 1. a form of energy resulting from the existence of charged particles (such as electrons or protons), either statically as an accumulation of charge or dynamically as a current. 2. a state or feeling of thrilling excitement. You, a 28 year old orthopedic surgeon, meet your soulmate at the worst possible moment of his life.",2022-04-16,12567.0,Teen And Up Audiences,F/M,In-Progress,Alternate Universe - Idols | Childhood Trauma | Healing | Idols | Reader-Insert | Slow Burn | Slow Romance | Soulmates | Strangers to Lovers | Swearing | soulmates au: revealed by touch,"Kim Taehyung | V/Reader, Kim Taehyung | V/You",taehyung
https://golemlab.eu/graph/10835625,28,Child's Play,"Member(s): Taehyung x Reader Genre: Fluff Warning(s): Fluff fluff and more fluff Summary: You spend time with your sweet, but childish friend, Taehyung.",2017-05-06,1420.0,Teen And Up Audiences,F/M,Completed,Fluff,Kim Taehyung | V/Reader,taehyung
https://golemlab.eu/graph/9367679,28,Pull me closer,So baby pull me closer in the backseat of your rover,2017-01-17,2359.0,General Audiences,F/M,Completed,,Kim Taehyung | V/Reader,taehyung
https://golemlab.eu/graph/22471636,28,coming down,,2020-01-30,778.0,Mature,F/M,Completed,Dom Kim Taehyung | V | Kim Taehyung | V is Whipped | Masturbation,Kim Taehyung | V/Reader,taehyung
https://golemlab.eu/graph/26284288,28,The Beginning...of This Is The End,You're married to Yoongi but its not all roses.,2020-09-04,4405.0,Mature,F/M,Completed,,"Kim Taehyung | V/Reader, Min Yoongi | Suga/Reader Series: This is The End [1]",taehyung
https://golemlab.eu/graph/10935354,28,The Fault in our Freezeria,"2 summers ago... that's how long it's been. but that's in the past, this is the now, and now ur pregant w/ someone other than ur bf taehyung's kid. how will u break the news to him, how will u tell him ur a hoe who likes messin' round' with people u just met????",2017-05-18,746.0,Not Rated,F/M,Completed,Crack Fic | I really did | almost 12pm idk wtf im on | but stuff happened | don't sue me pls | i just rlly love alberto from flipline games | i tried writing seriously | so here u go,"Kim Taehyung | V/Reader, fucked up bitch",taehyung
https://golemlab.eu/graph/16102430,28,"If Taehyung is Hades, would that mean Yeontan is Cerberus?","Y/n lives a normal quiet life, until she met devilishly handsome Kim Taehyung thanks to Tannie. She wants a normal life, but he wants something else. He wants her. And what Taehyung wants, Taehyung gets.",2018-09-26,3988.0,Mature,F/M,In-Progress,Kidnapping | Romance | Taehyung is Rich | Thriller | Violence | Yeontan is the cutest shit ever | will add more tags later,Kim Taehyung | V/Reader,taehyung
https://golemlab.eu/graph/32562748,28,Sinkable Ships,"Humans are beautiful and strange and completely off-limits. But beautiful things are meant to survive, and he was the most beautiful human you had ever seen.",2021-07-14,4595.0,General Audiences,F/M,Completed,mermaid/merman reader | merperson au,Kim Taehyung | V/Reader,taehyung
https://golemlab.eu/graph/14755658,28,sea of a million stars,"“That was how love was born: within the walls of one’s spirit, crawling its way out until it erupted at the tip of their tongue, no more than a devoted confession at the stardust that now embellished the space between the two of you — that was how your own sentiment came to light, following the clicking of a camera, and the eternalized picture of a thought-filled sea of snow and anemic trees. The world never felt so desolated, but your heart never felt so full.”",2018-05-26,22611.0,Teen And Up Audiences,F/M,Completed,Alternate Universe - College/University | Angst | College AU | Fluff | Photographer Taehyung | Writer Reader | a lot of mcfreaking metaphors and comparisons | besides a fuckton of philosophical talk | im not sorry,Kim Taehyung | V/Reader,taehyung
https://golemlab.eu/graph/13615593,28,bossy.,dom bottom tae x top fem reader.,2018-02-08,436.0,Mature,F/M,Completed,Ass to Mouth | Daddy Kink | Power Bottom Kim Taehyung | V | Rimming,Kim Taehyung | V/Reader,taehyung
https://golemlab.eu/graph/18497734,28,Where Are You?,"Kim Taehyung. That was the name of a strange nobody in school who always carried a camera with him. Also, the name belonging to the guy who carried your last words.",2019-04-17,9184.0,Teen And Up Audiences,F/M,Completed,Alternate Universe - High School | Angst and Tragedy | Blood and Gore | Body Horror | Bullying | Cameras | Car Accidents | Character Death | Character Turned Into a Ghost | Death | Flashbacks | Flowers | Fluff | Fluff and Angst | Haunted Houses | Heavy Angst | Implied/Referenced Suicide | Inspired by Goblin (K-Drama) | Missing Persons | Paranormal | Paranormal Activities | References to Depression | Regret | Self-Denial | Soul-Searching | Suicidal Thoughts | Suicide Attempt | Tragedy | Withering,Kim Taehyung | V/Reader,taehyung
https://golemlab.eu/graph/24995575,28,Umbrella,"Being blind has it's disadvantages. You may not be able to tell what your crush Taehyung looks like, but the heart that he has, the care he has, is so much more important than that. So, maybe not seeing isn’t so bad after all. You have more focus on who the person is rather than what they look like. Taehyung ends up confessing to you underneath his umbrella after he asked you out for a drink. You thought he was joking.",2020-06-30,1092.0,General Audiences,Gen,Completed,Collar Worker Reader | Collar Worker Taehyung | Kim Taehyung | V is Whipped | You're blind,Kim Taehyung | V/Reader,taehyung
https://golemlab.eu/graph/15519333,28,In Which Daffodils Take the Spotlight (and You Don't Like It),"Taehyung's flower choices invoke a moment of insecurity in you, and he doesn't understand it nor does he like it.",2018-08-01,1408.0,General Audiences,F/M,Completed,Alternate Universe - Howl's Moving Castle Fusion | Angst | Angst and Fluff | Flowers | Fluff | Howl's Moving Castle | Kim Taehyung | V is a Sweetheart | Wizard Taehyung | Wizard!Taehyung | minor angst tho | not hanahaki tho | that hurts me too much to write,Kim Taehyung | V/Reader Series: V's Moving Castle [2],taehyung
https://golemlab.eu/graph/32998354,28,Are fruit snacks worth it?,"Your Dom doesnt let you cum the entire day, so what do you do when he comes home? You break his rules and keep pushing. Taehyung does what any Dom does with their brat, he makes them submit.",2021-08-03,1053.0,Explicit,F/M,Completed,Bimboification | Degradation | Dirty Talk | Dom Kim Taehyung | V | Dom/sub Play | Kim Taehyung | V Has a Big Dick | Name-Calling | Overstimulation | Reader-Insert | Size Difference | Size Kink | Spit As Lube | Spit Kink | This Is Why We Can't Have Nice Things | Top Kim Taehyung | V | i wrote this with my pussy,Kim Taehyung | V/Reader,taehyung
https://golemlab.eu/graph/11221569,27,Bathroom Troubles,your face felt hot and your chest was on fire and it felt like you couldn’t breathe. your shoulders were shaking and your stomach was caving in on itself. you felt your fingers get wet and you guessed that your tears had finally spilt over onto your face.,2017-06-25,6986.0,Teen And Up Audiences,Other,Completed,Fluff and Angst | Gender Neutral | Light Angst | Mentioned Jeon Jungkook | Mentioned Jung Hoseok | J-Hope | Mentioned Kim Namjoon | Rap Monster | Mentioned Kim Seokjin | Jin | Mentioned Min Yoongi | Suga | Mentioned Park Jimin | Panic Attacks | but the reader is just really really nervous and their nerves get a little out of hand | fear of speaking | i don't really know if its a fear of public speaking | i hope the interactions aren't too choppy or awkward | i tried to make this as smooth as possible,Kim Taehyung | V/Reader Series: For The Hard Times [6],taehyung
https://golemlab.eu/graph/14950283,27,Control,"Kim Taehyung. You’ve seen him a few times now. Respectful, handsome, and from the amount of money he throws around, incredibly rich. So you’re pleased when he requests a private dance with you. This boy doesn’t know what he’s in for.",2018-06-16,1235.0,Explicit,F/M,In-Progress,Dirty Dancing | Grinding | Light Bondage | Light Dom/sub | Strippers & Strip Clubs | Teasing,Kim Taehyung | V/Reader,taehyung
https://golemlab.eu/graph/36633286,27,Good Luck Charm | KTH,Taehyung fucking you backstage after winning an award is the hottest thing ever.,2022-01-24,1444.0,Explicit,F/M,Completed,Breast Play | Clit Play | Creampie | Daddy Dom Kim Taehyung | V | Daddy Kink | Dom Kim Taehyung | V | Idol Kim Taehyung | V | Idol Reader | Kim Taehyung | V Has a Big Dick | Marking | Nipple Licking | Nipple Play | Plot What Plot/Porn Without Plot | Praise Kink | Rough Sex | Unprotected Sex | Vaginal Sex | degradation kink | kim taehyung fwb,Kim Taehyung | V/Reader,taehyung
https://golemlab.eu/graph/16645148,27,we could call an uber,"you easily weave underneath a swinging fist to grip the man's wrist and hook an arm around his thigh, twisting to hurl him over your head. he flies, groans as he hits the wall, and conks out. taehyung gapes. ""how...?"" you turn to him and wink, before meeting the rest of the guys who've shaken off their similar surprise, head-on.",2018-11-21,505.0,General Audiences,M/M,Completed,Alternate Universe - Superheroes/Superpowers,Kim Taehyung | V/Reader,taehyung
https://golemlab.eu/graph/17228471,27,Birthday Gift,You and Taehyung are both tired after his party - but not before you give him his last present.,2018-12-30,2769.0,Mature,F/M,Completed,Blow Jobs | Bondage | Femdom | Maledom | Riding,Kim Taehyung | V/Reader,taehyung
https://golemlab.eu/graph/21779617,27,Cold Prince With A Warm Heart,"Prince Tae to everyone was a cold, self-centred prince without a care for anyone else. However, all he wanted was for someone to love him for who he is, rather than what he appears to be. Will he ever find someone to love and for them to love him in return?",2019-12-13,5249.0,General Audiences,F/M,In-Progress,Friendship | Historical | Romance | bts - Freeform,Kim Taehyung | V/Reader Series: Warm Heart [1],taehyung
https://golemlab.eu/graph/15268437,27,Incroyable,Times were a lot simpler before your best friend saved your life– and before you found out he had super powers.,2018-07-12,1992.0,Not Rated,F/M,Completed,Alternate Universe | Best friend taehyung | Mentioned Jeon Jungkook | Mentioned Jung Hoseok | J-Hope | Superhero Kim Taehyung | Superhuman Taehyung | bts - Freeform,Kim Taehyung | V/Reader,taehyung
https://golemlab.eu/graph/27763837,27,The Crooner,"Just when you thought you would be spending the most romantic day of the year alone, you’re swept off your feet by a seductive singer and put into an exhilaratingly risky situation. [50′s AU]",2020-11-28,2018.0,Explicit,F/M,Completed,Alcohol | Choking | Consensual Sex | Exhibitionism | Strangers to Lovers | Unprotected Sex | Vaginal Sex | pull-out method,Kim Taehyung | V/Reader,taehyung
https://golemlab.eu/graph/16945488,26,Game,"Being a made man's daughter, it was required of you to marry someone in the family. However, what you didn't expect, was the most ruthless one from the crowd, had gained interest over you.",2018-12-11,4179.0,Mature,F/M,Completed,,Kim Taehyung | V/Reader,taehyung
https://golemlab.eu/graph/27603173,26,Sleep A Little Longer,Taehyung comforts you after having a nightmare.,2020-11-17,773.0,General Audiences,F/M,Completed,Crying | Fluff | Nightmares | Sleep Paralysis | taehyung is soft,Kim Taehyung | V/Reader,taehyung
https://golemlab.eu/graph/23105425,26,Parenthood,A look into your life as you navigate being young parents of four.,2020-03-11,5060.0,Explicit,F/M,In-Progress,Creampie | Fingerfucking | Fluff and Smut,Kim Taehyung | V/Reader Series: Parenthood [1],taehyung
https://golemlab.eu/graph/21467068,26,Dressing Room Fun,"You're a strong, confident woman. So what do you do when your new co-worker is hot as all hell? Plan a fun after-hours encounter, of course.",2019-11-17,4301.0,Explicit,F/M,Completed,Alternate Universe - Modern Setting | Co-workers | Dressing Room Sex | Lingerie | Shopping Malls | Strong Female Characters,Kim Taehyung | V/Reader,taehyung
https://golemlab.eu/graph/25519828,26,say hello to me,"landing an internship with hopeworld records was the best thing to happen to you - ever. you were more than happy to work with prestigious producer jung hoseok, and even more happy to watch up and coming singer kim taehyung blossom before your very eyes. you just wished he remembered you from high school",2020-07-25,1207.0,Mature,F/M,In-Progress,Eventual Smut | Fluff | Friends to Lovers | Light Angst | Romance | Singer Kim Taehyung | V | mention of past bullying | some might say....a slow burn,Kim Taehyung | V/Reader Series: map of the hearts - drabble collection [6],taehyung
https://golemlab.eu/graph/23236903,26,Sighs And Sonnets,You can’t resist the way Taehyung makes you feel. Even when you know he doesn’t mean any of the beautiful words he whispers to you.,2020-03-20,561.0,Explicit,F/M,Completed,Angst | Bad Boy Kim Taehyung | V | Crying | Kissing | Marking | Nipple Play | Poetry | Smut,"Kim Taehyung | V/Reader, Kim Taehyung | V/You Series: BTS x Reader [18]",taehyung
https://golemlab.eu/graph/30978659,26,Wet Play,"“Taehyung you idiot, you know I thought about it. I had a whole fucking dream about it,” you admit - but you can’t blush, because you already are. He smiles fondly, with a warmth in his face that doesn’t appear in those mocking smirks he always gives you. But then his smile drops. “Wait- are you saying you had a wet dream about me?” “TAEHYUNG-”",2021-04-29,6925.0,Explicit,F/M,Completed,(at the end lmao) | BDSM | Bathroom Sex | Come Eating | Creampie | Dom/sub | Edgeplay | Edging | Foreplay | High School | How is he a virgin tho | I literally hate typing this 🤡 | Idk what else to tag?? Just read it idk | Light Dom/sub | Loss of Virginity | Love | Love Confessions | Love/Hate | Oral Sex | Orgasm Control | Orgasm Delay/Denial | PLS THIS IS SO AWKWARD TO TYPE | Romance | Romantic Fluff | Romantic Kim Taehyung | V | Rough Kim Taehyung | V | Rough Sex | Semi-Public Sex | Spanking | Strangers to Lovers | Switch Kim Taehyung | V | Vaginal Fingering | Vaginal Sex | anyway... | apparently some people can't read the tags... I SAID COME EATING | but they’re 18 dw | but who's the dom? | ew a straight fanfic? | this is so unrealistic,Kim Taehyung | V/Reader,taehyung
https://golemlab.eu/graph/12642585,26,Hold Me Tight {TW},Taehyung has cheated on Y/N and broken promises. He doesn't know what to do when she leaves him.,2017-11-05,2224.0,Mature,F/M,Completed,Attempted Rape/Non-Con | Attempted Sexual Assault | Cheating | Hold Me Tight songfic | Mistakes | Self-Harm | Songfic,Kim Taehyung | V/Reader Series: ~Kim Taehyung Oneshots and Imagines~ [1],taehyung
https://golemlab.eu/graph/19153567,26,Lotus,"After centuries of being isolated from the world, the spirit of qetesh has been released. Being away for so long, she just wants to fuck shit up. Now, it’s two spirits living in the same body, opposite personalities and one very cute neighbor named Taehyung",2019-06-09,8192.0,Explicit,F/M,Completed,Needy Taehyung | Non-Idol AU | Oral Sex | Penetrative Sex | Possesion | Smut | bts - Freeform | bts fanfic | bts fanfiction | bts fic | bts scenario | bts smut | qetesh au,Kim Taehyung | V/Reader Series: One-Shots [1],taehyung
https://golemlab.eu/graph/25313989,26,"Thank you, love","""Happy birthday, love"" Taehyung said as he kissed your temple. You could hear him, but you had no way to let him know. Your soul was still listening, but your body didn't. It lay lifeless on the hospital bad. No matter how much you tried to resurrect it, it just laid there, limp on the white sheets. It couldn't even breath by itself, yet you still hoped that you could say: ""Thank you, love"". edit: READER IS GENDERLESS EYYYY",2020-07-16,1242.0,Teen And Up Audiences,F/M,Completed,Car Accidents | Coma | Fluff | Happy Ending | Hospitals | One Shot | Soft Kim Taehyung | V,Kim Taehyung | V/Reader,taehyung
https://golemlab.eu/graph/29391789,26,Loving You,Late night dancing and a friendly wager with the love of your life.,2021-02-13,1233.0,Teen And Up Audiences,F/M,Completed,BTS Domestic | BTS fluff | DOMESTIC BTS | Dating | Domestic | Domestic Fluff | Established Relationship | Established couple | Fatherhood | Fluff | Love | Marriage | Parenthood | Slice of Life | Slow Dancing | Stay | bts fathers | kim taehyung fluff | relationship | valentines day,"Kim Taehyung | V/Reader, Kim Taehyung | V/You Series: Stay [1]",taehyung
https://golemlab.eu/graph/19029997,26,thirst trap,taehyung is the campus ig thot and you're the bitch he underestimated,2019-05-30,953.0,Teen And Up Audiences,F/M,Completed,Humor,Kim Taehyung | V/Reader Series: stories that never were [1],taehyung
https://golemlab.eu/graph/19831534,26,29. Waiting For You (Maybe It’s Fate),Prompt: Amusement Park Week 5 Day 1,2019-07-16,1392.0,Teen And Up Audiences,F/M,Completed,Amusement Park | Fluff | one shots,Kim Taehyung | V/Reader Series: 50 Days of One Shots [29],taehyung
https://golemlab.eu/graph/17189996,26,"Thank you, I Love you","""You drink in his smell, the texture of his tuxedo and eye the pin on his tie. You notice his eyes are shining with tears when he separates from you and is looking down at you, overwhelmed with your words, unable to say anything back yet. You know him too well.""",2018-12-27,1860.0,General Audiences,F/M,Completed,Angst | Weddings,Kim Taehyung | V/Reader,taehyung
https://golemlab.eu/graph/39123987,26,Holding You Like This,"Taehyung didn't anticipate seeing you tonight, least of all with a date by your side, but he guesses it'll be okay because it has been over five years since he last saw you and he has moved on. But the air is far from cleared between you both. So when confrontations start to happen, all of the pain from his past he thought he had overcome makes itself known, unwelcome.",2022-05-21,18607.0,Explicit,F/M,Completed,Angst | Angst and Humor | Angst with a Happy Ending | Dirty Talk | Exes to Lovers | Explicit Sexual Content | Fainting Due to Stress | Fights | Heartbreak | Humor | Insecurity | Mentions Of Infidelity | Misunderstandings | Rough Sex | Semi-Public Sex | Sex | Smut | Swearing | Vaginal Fingering | club owner!taehyung | journalist!reader,Kim Taehyung | V/Reader,taehyung
https://golemlab.eu/graph/35932621,26,Come Unwrap Me?,"Taehyung hates Christmas, but you might turn it into his favorite holiday after a not-so-holy present you have planned for him.",2021-12-24,4562.0,Explicit,F/M,Completed,Aftercare | Backstory | Christmas Smut | Clit Pinching | Creampie | Doggy Style | Established Relationship | Fingering | Fluff | Marking | Morning Sex | Multiple Orgasms | Nipple Licking | Nipple Play | Oral Sex | Slight Sir Kink | Smut | Straddling | impreg kink | spitting,Kim Taehyung | V/Reader,taehyung
https://golemlab.eu/graph/26996968,26,how not to,"Summary- Taehyung takes Tannie to the vet and develops a crush on the vet, and proceeds to tell a few white lies to see her again word count- 1.6k pairing- taehyung x reader genre- fluff Warnings- none? a/n: loosely based on How Not To by Dan + Shay, for my beautiful @sugarly-laysa (on Tumblr) ; another one in third person, idk lol",2020-10-13,1707.0,Not Rated,F/M,Completed,,Kim Taehyung | V/Reader,taehyung
https://golemlab.eu/graph/8236786,25,Two Months.,Sometimes all it takes is two months to realize what you've been missing.,2016-10-08,944.0,General Audiences,F/M,Completed,Fluff | Fluff and Hurt/Comfort | Friends to Lovers | Friendship | Short & Sweet | Tae is the cutest | Yoongi isn't actually in it but is mentioned,"Kim Taehyung | V/Reader, Kim Taehyung | V/You, Min Yoongi | Suga/Reader, Min Yoongi | Suga/You",taehyung
https://golemlab.eu/graph/15807804,25,Countdown To Us,"Summary: What if your soulmate’s life was literally in the palm of your hand?? Genre: Angst/Romance (Mostly Angst) Slight Comedy/fluff (dark comedy more than anything). SoulmateAu with a dash of Mythological/FantasyAU Pairing: Yoongi X Reader, Taehyung X Reader POV : 1st POV. I know most of us are used to 2nd POV, but due to the emotions, I plan to convey throughout the series I have decided to go this route. Rating: M (I plan to cover some topics that might not be suitable for all ages) Fic Soundtrack (It will be updated and added on throughout the series[song recommendations are greatly appreciated])",2018-08-26,8151.0,Teen And Up Audiences,F/M,In-Progress,Alternate Universe - Soulmates | Angst | Angst with a Happy Ending | Drama & Romance | Eventual Smut | Fluff and Angst | Love Triangles | Love/Hate | Romance | Romantic Soulmates | Soulmate-Identifying Marks | Soulmate-Identifying Timers | Soulmates | Unrequited Love,"Kim Taehyung | V/Reader, Min Yoongi | Suga/Reader Series: Countdown To Us [1]",taehyung
https://golemlab.eu/graph/18142253,25,태숙 | (our home birth),,2019-03-17,2668.0,Teen And Up Audiences,F/M,Completed,DOMESTIC BTS | Father taehyung | father bts | parents Bts | vlogger bts,Kim Taehyung | V/Reader Series: Vlogger series [4],taehyung
https://golemlab.eu/graph/21851341,25,All I Want for Christmas...,Y/N has her whole Christmas planned....until her sexy neighbour knocks at the door,2019-12-18,1391.0,Explicit,F/M,Completed,Christmas | Fluff | Fluff and Smut | Fucking | Kim Taehyung | V-centric | Neighbors | One Shot | Oral Sex,Kim Taehyung | V/Reader,taehyung
https://golemlab.eu/graph/14088807,25,Lost in Seoul,Getting lost in Seoul and meeting a cute stranger who offers to be your tour guide for a month. (alt: you meet taehyung in seoul and spend a whole month together. nothing but fluff and some very light angst??),2018-03-25,3452.0,General Audiences,F/M,Completed,?? - Freeform | Ambiguous/Open Ending | Fluff | I suppose | Light Angst | idk depends on how you think of this | mention of Jin | mention of jimin,Kim Taehyung | V/Reader,taehyung
https://golemlab.eu/graph/28409556,25,Cake for Daddy,Happy Birthday Mr. Kim 😏,2020-12-29,927.0,Mature,F/M,Completed,Birthday Sex | Blow Job | Light Nipple Play | Office Sex | Smut | Taehyung Birthday Boy | cock riding | dick sucking,"Kim Taehyung | V/Reader, Kim Taehyung | V/You",taehyung
https://golemlab.eu/graph/40248582,25,Pregnant with Kim Taehyungs baby,Y/n L/n was 23 when she decided to join her friends on a night out at the club. The next day wakes up to an incredibly handsome man. Little does she know that person will be the one to change her life forever. This Fanfiction is also on wattpad: @jk_jj06,2022-07-12,10106.0,Mature,F/M,In-Progress,Fluff | Mentioned Bangtan Boys | BTS Member(s) | Slow Burn | Smut | Unplanned Pregnancy,Kim Taehyung | V/Reader,taehyung
https://golemlab.eu/graph/12811407,25,"And Stupidly, Us","Stick to the blind spots, disable the alarm, collect the dept and get the hell out of there. Now that would have gone exactly to plan if your partner hadn’t used the walkie talkie at the most inconvenient of times…",2017-11-24,5029.0,Mature,F/M,In-Progress,Action | Angst | Gang Violence | Smut | Violence,"Kim Taehyung | V/Reader, Min Yoongi | Suga/Reader",taehyung
https://golemlab.eu/graph/23072947,25,well you're so precious (you're a fucking delinquent),"College life has treated you well so far, you think. And tonight the weather is good, your heels are high, and god damn it you are ready to get laid - or at the very least dance filthily with a beautiful boy or two.",2020-03-08,3818.0,Explicit,F/M,In-Progress,Alternate Universe - College/University | Exhibitionism | Plot What Plot/Porn Without Plot | Public Sex | background sope,Kim Taehyung | V/Reader,taehyung
https://golemlab.eu/graph/16349936,25,I Won't Tell- Kim Taehyung,"Typical fuckboy scenario (I'm not original sorrynotsorry) in which (Y/N)'s roommate drags her to go to a party, but she has plans to ruin the night| You felt a hand covering your mouth. ""That's enough.""",2018-10-20,3137.0,Mature,Gen,Completed,Fluff | Smut,Kim Taehyung | V/Reader,taehyung
https://golemlab.eu/graph/28707081,25,Bending Will.,"There's never a good time to admit you love someone you shouldn’t, especially when they’re not good for you and apparently Kim Taehyung hasn’t gotten that memo.",2021-01-12,10198.0,Mature,F/M,Completed,Dom Kim Taehyung | V | Friends with Benefits Kim Taehyung | K-Pop smut | Kim Namjoon - Freeform | Kim Seokjin - Freeform | Kim Taehyung is a simp for a married woman | Kim Taehyung | V Smut | Kim Taehyung | V/Reader - Freeform | Min Yoongi - Freeform | bts smut | jeon jungkook - Freeform | jung hoseok - Freeform | kim taehyung - Freeform | park jimin - Freeform,Kim Taehyung | V/Reader,taehyung
https://golemlab.eu/graph/39733332,25,Heartbeat,,2022-06-18,5516.0,Mature,F/M,Completed,Alternate Universe - Supernatural Elements | Anxiety | Blood Drinking | Creampie | Dirty Talk | Fluff and Smut | Kim Taehyung | V is Whipped | Multiple Orgasms | One Shot | Oral Sex | Pet Names | Praise Kink | Smut | Social Anxiety | Soft Kim Taehyung | V | Vampire Kim Taehyung | V | Vanilla,Kim Taehyung | V/Reader,taehyung
https://golemlab.eu/graph/8486953,25,To; The One who Understood Me,I find it hard to express my feelings with words so I'm writing you this letter as I sit in the airport waiting for your plane to land. Written from Taehyung's POV to the reader.,2016-11-06,2729.0,General Audiences,Gen,Completed,Filming | Happy Ending | Letter | Not Beta Read | Sad Taehyung | all other members mentioned | slight angst | taehyung pov,Kim Taehyung | V/Reader Series: To; The One who... [3],taehyung
https://golemlab.eu/graph/7856935,25,Blood Lust,"When Rei got the scholarship to continue her studies for medical school, she never expected to be bonded for life to a supernatural creature in her first week of school. She never expected to be dragged into so much trouble in such a short time. Forgive me, father, for i have sinned, falling for a vampire.",2016-08-24,70980.0,Mature,M/M,Completed,Alternate Universe - College/University | Alternate Universe - Vampire | Biting | Blood Drinking | Bonding | Eventual Smut | Sexual Tension | Teasing,Kim Taehyung | V/Reader,taehyung
https://golemlab.eu/graph/13084017,24,i hate my best friend,you get a text from an unknown number on a boring evening,2017-12-21,2558.0,General Audiences,F/M,Completed,Alternate Universe - High School | First Dates | Fluff | i guess | i will orphan it later | its a gift,"Kim Taehyung | V/Reader, Kim Taehyung | V/You",taehyung
https://golemlab.eu/graph/39876138,24,Black Ravens [KTH],"Working for an underground blood den ran by vampires, your nighty duties get interrupted by your favorite client.",2022-06-25,8281.0,Mature,F/M,Completed,Ass Slapping | Biting | Blood Kink | Blood Play | Bondage | Breasts | Bruises | Butt Slapping | Dom/sub | Hickeys | Human/Vampire Relationship | Large Cock | Light Bondage | Multiple Orgasms | Nipple Play | Orgasm Control | Orgasm Delay/Denial | Orgasm Denial | Plot What Plot/Porn Without Plot | Spit As Lube | Spit Kink | Vaginal Fingering | Vampire Bites | Vampire Sex | Vampires | biting kink | pussy slapping,Kim Taehyung | V/Reader,taehyung
https://golemlab.eu/graph/28371078,24,Love Talk - Taehyung,"Taehyung and his date (reader, nicknamed Lace) have been dating for a couple months and Tae has been taking it slow, they have done some coupley stuff and have made out, but they haven’t been really physical yet. Until he visits her late at night after coming back from a trip in Paris with Jimin. And he has a gift which might spark up something interesting.",2020-12-27,10978.0,Explicit,F/M,Completed,,Kim Taehyung | V/Reader Series: Lace and negligees [1],taehyung
https://golemlab.eu/graph/22406251,24,Christmas Has Come To Town,Christmas has arrived and Taehyung has grown used to his new life. But the reminders of his old life keep coming back and he's not sure he can partake in old Christmas traditions...Not until you and the boys get involved.,2020-01-25,3579.0,Teen And Up Audiences,F/M,Completed,Angst | Christmas | Fluffy | Happy Ending | Taehyung is your fiance | TaehyungXreader - Freeform | The boys are adorable | Yoongi twerks | but happy | ho ho HO | lots of cuteness | taehyung is in a wheelchair,Kim Taehyung | V/Reader Series: The Bumps In Life [2],taehyung
https://golemlab.eu/graph/12811356,24,Oh So Close,Taehyung seems to have picked up a few things while he’s been away,2017-11-24,377.0,Teen And Up Audiences,F/M,Completed,Crack | Smut,Kim Taehyung | V/Reader,taehyung
https://golemlab.eu/graph/33520051,24,Bad Habits,Things get out of hand after a one night stand results in 2 lives changed forever.,2021-08-27,11419.0,Mature,F/M,Completed,Accidents | But is he wrong? | Cute Kim Taehyung | V | Dont hate him | I love sassy jin | It's hinted at but no | Jin is sassy | Kim Taehyung | V is Whipped | Kim Taehyung | V is a Little Shit | Kim Taehyung | V-centric | No Smut | One Night Stands | Pregnancy | Tae didnt know | jimin is the best bestfriend | soulmate jimin,Kim Taehyung | V/Reader,taehyung
https://golemlab.eu/graph/24246082,24,Luxuria : The Temptation,"A loveless marriage drives you to a dark part of your city in search of the things that once made you happy. Instead, you find a man who awakens carnal desires deep inside you that you never knew existed. An impulsive decision and a loss of control make for the best paintings but driven past the point of no return- tell me, is it worth falling for?",2020-05-18,7112.0,Mature,F/M,Completed,Alternate Universe | Alternate Universe - Fantasy | Alternate Universe - Modern Setting | Artist Kim Taehyung | V | Blood | Blood Drinking | Blood Kink | Bloodplay | Cheating | Demon AU | Dom Kim Taehyung | V | Dominance | Drunk Sex | Foreplay | Gratuitous Smut | Knifeplay | Lust | Master/Servant | Mild Blood | Oral Sex | Rough Kissing | Rough Sex | Roughness | Seven Deadly Sins | Sex | Shameless Smut | Smut | Strangers to Lovers | Top Kim Taehyung | V | Underworld | Wine | affair | alooooot of foreplay | dream state,Kim Taehyung | V/Reader Series: Namfine [3],taehyung
https://golemlab.eu/graph/13200090,24,Synthesis,"Against the stark white of the laboratory walls, Taehyung was red, and Taehyung was pink. He was a boy as innocent as you’d once been and utterly, irrevocably wholly undeserving of the cruel fate the universe had bestowed upon him.",2017-12-30,3196.0,Mature,F/M,Completed,Angst | Body Horror | Chimeras | Horror,Kim Taehyung | V/Reader Series: rbuns [2],taehyung
https://golemlab.eu/graph/36663373,24,The Effects of Taeconda,You loved Taehyung. Truly. But what was between his legs became an obsession you did not ever want to get over.,2022-01-25,2136.0,Explicit,F/M,Completed,,"Kim Taehyung | V/Reader, Kim Taehyung | V/You",taehyung
https://golemlab.eu/graph/13762596,24,selcouth,"selcouth [ sel -kooth] adjective, archiac. unfamiliar, rare, strange - and yet, marvelous inspired by the tags on this post",2018-03-22,660.0,General Audiences,F/M,Completed,Alternate Universe - Not K-Pop Idols | along with yeontan ofc | tae lives in a beach house | you're his house companion,Kim Taehyung | V/Reader,taehyung
https://golemlab.eu/graph/17650451,24,Sonder,"[ˈsɔn.dər] the realization that each passerby has a life as vivid and complex as your own. You meet Kim Taehyung for the first time on a rainy winter day. At that time you had no idea who he was nor what he’d turn out to become but, even then when you didn’t know anything about him, you were being healed by his presence. Who knew you could fall in love like that, at random and all at once.",2019-02-03,16470.0,Teen And Up Audiences,F/M,Completed,Angst | Fluff | Romance | Smut | Trigger: Depression,Kim Taehyung | V/Reader,taehyung
https://golemlab.eu/graph/33102553,23,Blame Covid...,They say distance makes the heart grow fonder...,2021-08-08,5430.0,Explicit,F/M,Completed,Bareback (Unprotected Sex) | Breathplay | Cockstepping | Finger Sucking | Kissing | Public Blow Jobs | Semi-Public Sex | Wall Sex,Kim Taehyung | V/Reader,taehyung
https://golemlab.eu/graph/33442996,23,That Was Unexpected,A wet white tee-shirt leads to Taehyung getting a boner; good thing you wouldn't mind helping out or first-time studio sex with pretty boy Taehyung,2021-08-23,1946.0,Mature,F/M,Completed,Blow Jobs | Consent is Sexy | Doggy Style | Hand Jobs | Needy Kim Taehyung | V | Oral Sex | Sex | Sex in a Bangtan Boys | BTS Studio | Sexual Tension | Tae is pretty | first fic,Kim Taehyung | V/Reader,taehyung
https://golemlab.eu/graph/33388945,23,Skype,Having a long-term fuckbuddy probably shouldn’t coincidentally be your professor.,2021-08-21,2101.0,Mature,F/M,Completed,Degradation | Mutual Masturbation | Phone Sex | Sex Toys | Sir Kink | Voyeurism | skype sex?,Kim Taehyung | V/Reader,taehyung
https://golemlab.eu/graph/21402337,23,Eros,"Taehyung encounters an issue in pursuit of his art degree, and you’re able to be of assistance.",2019-11-12,1645.0,Not Rated,F/M,Completed,Alternate Universe - College/University | Artists | College | Cross-Posted on Tumblr | Fluff | Nude Modeling | Vacation,Kim Taehyung | V/Reader,taehyung
https://golemlab.eu/graph/23945383,23,Numb in the snow,‘Pretty girls like you shouldn’t cry!’,2020-05-01,1448.0,Teen And Up Audiences,F/M,Completed,Angst | Angst and Hurt/Comfort | Drama | Emotional | Emotional Hurt | Emotional Hurt/Comfort | Hurt/Comfort | Kim Taehyung | V is a Sweetheart | Self-Esteem Issues | Self-Harm,"Kim Taehyung | V/Reader, Kim Taehyung | V/You Series: The Other Side [1]",taehyung
https://golemlab.eu/graph/18576583,23,Convenient,"When every second counts, an otherwise inconvenient time might become convenient all the same, especially to a runaway artist who quite unsubtly makes deep-going emotions known to a timed presence. All it costs is the innocence of sharing a meal in a public place.",2019-04-23,3200.0,Explicit,F/M,Completed,Adorable Kim Taehyung | V | Alternate Universe | Alternate Universe - Convenience Store | Alternate Universe - Guesthouse | Angst | Angst and Feels | Angst and Fluff and Smut | Angst and Hurt/Comfort | Angst and Porn | Bottom Kim Taehyung | V | Comfort/Angst | Cute Kim Taehyung | V | Dirty Talk | Dirty Thoughts | Dry Humping | First Crush | First Dates | First Kiss | First Love | First Time | First Time Bottoming | Fluff and Angst | Fluff and Smut | Guesthouse AU | Interracial Relationship | Kim Taehyung | V is Whipped | Kim Taehyung | V is a Sweetheart | Kissing | Light Angst | Loss of Virginity | Love at First Sight | Neck Kissing | Rough Kissing | Sad and Sweet | Sex | Smut | Surprise Kissing | Sweet | Sweet/Hot | Travel | Vaginal Sex | Virgin Kim Taehyung | V | Virginity | Voyeurism | World Travel,"Kim Taehyung | V/Reader, Kim Taehyung | V/You Series: When the Petals Fall [2]",taehyung
https://golemlab.eu/graph/20307943,23,My hero,"The heroes in your favorite comic book lose a battle in the latest issue only to be continued by blank pages. and then one of them shows up in your home. With their powers gone, will they ever be able to get home? How will they react to their new environment? How did you end up in this mess?",2019-08-19,1354.0,Teen And Up Audiences,F/M,In-Progress,Crack | Crack Treated Seriously | Fish out of Water | Fluff | Fluff and Crack | Jin's Dad Jokes | Romance | Self-Insert | i just want this to be fun and fluffy | loose re:creators au | possible future sex | semi-serious crack | superhero au kinda | we'll see how this goes lol,Kim Taehyung | V/Reader,taehyung
https://golemlab.eu/graph/17686763,23,Scenery,"Taehyung wonders if it’s the peaceful solitude of a garden in winter that keeps him coming back, or perhaps it’s his red-clad mystery girl that stands out against the world of white.",2019-02-07,1415.0,General Audiences,F/M,Completed,Drabble | Fluff | Idols | Reality | Stream Scenery | Taehyung Scenery | Tooth-Rotting Fluff | V Scenery | scenery,Kim Taehyung | V/Reader Series: [DRABBLES] [2],taehyung
https://golemlab.eu/graph/25681648,23,#55: Blankets and Movies,Prompt #55: Taehyung wrapping a blanket around Y/N when they are sitting on the couch and watching a show/movie,2020-08-03,2554.0,General Audiences,F/M,Completed,Background BTS - Freeform | Cuddles | Established Relationship | Fluff and Angst | Forehead Kisses | Reader is sad | Taehyung cheers her up | i'm SOFT | relationship worries | this took forever to write,Kim Taehyung | V/Reader Series: 100 Writing Prompts [2],taehyung
https://golemlab.eu/graph/27366277,23,An eye for an eye,request from tumblr,2020-11-03,2141.0,Teen And Up Audiences,F/M,Completed,Cheating | Smut | chaotic - Freeform,Kim Taehyung | V/Reader,taehyung
https://golemlab.eu/graph/21203171,23,basketballs and boxy grins,"""One shouldn’t simply act as if they have all the energy in the world to spend. It’s unthinkable. Not for Kim Taehyung, though.""",2019-10-27,2354.0,General Audiences,F/M,Completed,Alternate Universe - High School | Enemies to Lovers | Fluff | Fluff and Humor | High School | Humor | if u squint,"Kim Taehyung | V/Reader, Kim Taehyung | V/You",taehyung
https://golemlab.eu/graph/20271970,23,47. Vacation,Prompt: Married! Week 7 Day 5,2019-08-16,1793.0,Teen And Up Audiences,F/M,Completed,Married Life | one shots,Kim Taehyung | V/Reader Series: 50 Days of One Shots [47],taehyung
https://golemlab.eu/graph/27677872,22,"""V""",You zinged. With the captain. Who was human.,2020-11-23,13124.0,Mature,F/M,Completed,(unknowing) enemies to lovers | Angst | Crack | Exhibitionism | Explicit Sex | Fantasy | Fluff | Groping | Sexual innuendos | Smut | captain! taehyung,Kim Taehyung | V/Reader,taehyung
https://golemlab.eu/graph/35410528,22,Picture Perfect,"As a professional photographer you have always been able to find beauty in any setting, situation, or person but that never extended to yourself. That is until Taehyung forces you to see yourself through his eyes.",2021-11-29,1155.0,Teen And Up Audiences,F/M,Completed,Insecurity | Photography | Self Confidence Issues | Self-Esteem Issues,"Kim Taehyung | V/Reader, Kim Taehyung | V/You",taehyung
https://golemlab.eu/graph/17520680,22,Till Death Do Us Apart,Emotions: up and high Feelings: heavy and wild A journey with an end.,2019-01-23,1373.0,Mature,F/M,Completed,Angst and Feels | Heavy Angst | Kim Taehyung | V is a Little Shit | Sad | Twisted,Kim Taehyung | V/Reader,taehyung
https://golemlab.eu/graph/16640762,22,Lucky,"You and Taehyung didn’t have much time to spend together, due to him being an idol. However, whenever you and him were together, you were sure to make it count.",2018-11-16,462.0,General Audiences,F/M,Completed,Fluff | Idol Taehyung | One Shot | Really quick idea I had last night | Romance | Tooth-Rotting Fluff | short and sweet | uwu,Kim Taehyung | V/Reader,taehyung
https://golemlab.eu/graph/31291388,22,illegitimi non carborundum,"Everyone except you seems to be madly in love with your boyfriend’s new hairstyle. But really, just how many unspoken words can a few inches of hair hide in a relationship like yours?",2021-05-14,4269.0,Explicit,F/M,Completed,Alternate Universe - Idols | Fluff and Angst | Hair-pulling | Idol Kim Taehyung | V | Slice of Life | Smut,Kim Taehyung | V/Reader,taehyung
https://golemlab.eu/graph/36472903,22,"Thank You, Alpha",There's one thing you will always do for your omega and that is to make sure he's happy and loved and completely satisfied.,2022-01-17,3258.0,Explicit,F/M,Completed,Adorable Kim Taehyung | V | Alpha/Beta/Omega Dynamics | Alpha/Omega | Anal Play | Ass Play | Cock Slut | Cock Warming | Consensual Sex | Cowgirl Position | Dildos | Female Alpha Male Omega | Kim Taehyung | V is Whipped | Knotting Dildos | Large Cock | Light Dom/sub | Mating Bites | Mating Bond | Non-Traditional Alpha/Beta/Omega Dynamics | Omega Kim Taehyung | V | Omega Verse | Original Female Character(s) - Freeform | Size Kink | Somnophilia | Sub Kim Taehyung | V | alpha reader | cock riding | slick,Kim Taehyung | V/Reader Series: Sub!BTS [20],taehyung
https://golemlab.eu/graph/21230102,22,Kim Taehyung Individual Masterlist,Kim Taehyung Masterlist Enjoy!,2019-10-29,2740.0,Not Rated,F/M,In-Progress,Alcohol Abuse/Alcoholism | Angst | Bts mafia | Cheating | Crack | Fluff | Hurt/Comfort | Mafia AU | bts imagine | split personality,Kim Taehyung | V/Reader Series: BTS Imagines (Individual Masterlist) [6],taehyung
https://golemlab.eu/graph/21662035,22,Skittles (sour taste on my lips),How would you feel if I told you I love you?,2019-12-03,1207.0,Not Rated,F/M,Completed,Childhood Friends | Fluff | Friends to Lovers | Idols | Neighbors,Kim Taehyung | V/Reader Series: Old oneshots from my Tumblr [1],taehyung
https://golemlab.eu/graph/20513873,22,How you want it?,Taehyung has an ass that you can let go of. Figuratively and literally.,2019-09-04,2164.0,Explicit,F/M,Completed,Friends With Benefits | Smut,Kim Taehyung | V/Reader,taehyung
https://golemlab.eu/graph/20095306,22,Angelus Custos,"You were never one to believe in heaven, hell, or even a higher power sometimes. So, when you’re on the brink of death and saved by a beautiful angel, you don’t really know what to believe in anymore. What you do know, is that angels are just as breathtaking and gorgeous as everyone makes them out to be.",2019-08-03,3652.0,Teen And Up Audiences,F/M,Completed,Alternate Universe - Guardian Angels | Alternate Universe - Urban Fantasy | Angel Healing | Angel Kim Taehyung | V | Car Accidents | Emotional Hurt/Comfort | Fluff | Flushed Romance | Matesprits | Guardian Angels | Happy Ending | I Am Soft For Angel Tae | Magic | Magic Fingers | Originally Posted on Tumblr | POV Female Character | POV Second Person | Reader-Insert | Realistic Fantasy | Soulmates | and it shows,Kim Taehyung | V/Reader,taehyung
https://golemlab.eu/graph/21518788,22,I'll Give You Batman If You Give Me Gotham,You meet the Harley Quinn to your Joker!,2019-11-22,628.0,General Audiences,F/M,Completed,Alternate Universe - College/University | Crossdressing | Fluff and Humor | Getting Together | Getting to Know Each Other | Halloween | Halloween Costumes | Min Yoongi is Batman | Shyness | Tooth-Rotting Fluff | halloween party,Kim Taehyung | V/Reader Series: #BTSCampfireStories [6],taehyung
https://golemlab.eu/graph/8481004,22,Thank You | Taehyung,When your anxiety gets the best of you and your friend Taehyung saves the day.,2016-11-06,510.0,Teen And Up Audiences,F/M,Completed,Light Angst,Kim Taehyung | V/You,taehyung
https://golemlab.eu/graph/18297662,22,Chained Up,You would do anything to please your master because you were his and only his.,2019-03-31,609.0,Mature,F/M,Completed,Master Taehyung | Master/Slave | Slave Reader,Kim Taehyung | V/Reader Series: BTS Drabbles [24],taehyung
https://golemlab.eu/graph/40786788,22,Closeted Affair,It always ends up like this; you and Taehyung pressed together hidden away from everyone else.,2022-08-04,2538.0,Explicit,F/M,Completed,Exes | Exes to Lovers | Kim Taehyung | V Has a Big Dick | Light Angst | Oral Sex | Semi-Public Sex | Sub Kim Taehyung | V | sorta - Freeform,"Kim Taehyung | V/Reader, Kim Taehyung | V/You",taehyung
https://golemlab.eu/graph/16042493,22,Party Fun,Taehyung gets his way with whatever he wants.,2018-09-20,334.0,Mature,F/M,Completed,Bathroom Sex | Blow Jobs | Drabble | Dubiously Consensual Blow Jobs | NSFW | Public Blow Jobs | Smut,Kim Taehyung | V/Reader Series: drabbles n shorts lmao [6],taehyung
https://golemlab.eu/graph/21905689,22,Cash Machine,"Jungkook and Seokjin get a little problematic, you have anger issues and Taehyung is under the impression that he killed a man. Also, did you mention that you’re on your way to your unfunny cousin’s wedding? Go on a road trip from Missouri to Las Vegas and you’ll be in for a hilarious yet scary experience!",2019-12-22,11150.0,Teen And Up Audiences,F/M,Completed,Bad Matchmaking | Enemies to Lovers | Explicit Language | Implied Sexual Content | Road Trips | Vomiting | frenemies to lovers to be more precise,Kim Taehyung | V/Reader,taehyung
https://golemlab.eu/graph/21386959,22,Remember the Good Spiderman?,"It was supposed to be a casual hang out session with ya boys and some pot until Yoongi drops a bomb that makes your high self realise something about your friend Taehyung. He is just a friend, isn't he?",2019-11-10,1506.0,Mature,F/M,Completed,Alternate Universe - College/University | Fluff | Friends to Lovers | Hanging Out | Implied Sexual Content | Recreational Drug Use | Tags Are Hard,Kim Taehyung | V/Reader,taehyung
https://golemlab.eu/graph/21956854,22,"If I’m Not With You, There’s No Point In Mistletoe",,2019-12-25,2505.0,Teen And Up Audiences,F/M,Completed,Christmas Fluff | Mistletoe | Staff Parties,Kim Taehyung | V/Reader,taehyung
https://golemlab.eu/graph/16027007,22,Under the Covers,"Y/N was perfectly fine thirsting after Kim Taehyung from afar, so one day when she gets caught by Yoongi doing something she shouldn’t be doing she would do anything to keep him quiet. Min Yoongi has always thought Y/N was beautiful, but she was always after his best friend/soulmate Kim Taehyung so when he catches her in a sticky situation he can’t resist and gives her an ultimatum on keeping him quiet. Kim Taehyung has also thought Y/N was beautiful and even like to draw her sometimes, when Yoongi suddenly tells him that they are dating he has never felt so betrayed before… What happens when both boys fall in love with the same girl, what happens when said girl starts falling in love with both boys?",2018-09-18,2947.0,Explicit,F/M,In-Progress,Anal Fingering | Anal Sex | Blow Jobs | Double Penetration | Double Penetration in Two Holes | Fluff | Fluff and Angst | Fluff and Smut | Hand Jobs | Polyamory | Smut | Suga/Reader/Taehyung | Taegi/Reader - Freeform | Threesome - F/M/M | Vaginal Fingering | Vaginal Sex,"Kim Taehyung | V/Reader, Min Yoongi | Suga/Reader, Taegi/Reader",taehyung
https://golemlab.eu/graph/24054418,22,miso in love; kim taehyung,"[Name] decides to give Taehyung a chance, who has been chasing after her since ninth grade.",2020-05-07,1417.0,Teen And Up Audiences,F/M,Completed,Alternate Universe - College/University | Fluff | Kim Taehyung | V is a Sweetheart | Ramen | Reader-Insert | Slow Romance,Kim Taehyung | V/Reader,taehyung
https://golemlab.eu/graph/19794046,21,26. The Little Mermaid,Prompt: Disney Princess Crossovers Week 4 Day 5,2019-07-13,3097.0,Teen And Up Audiences,F/M,Completed,Angst | Disney Princess Crossovers | Fairytale Violence | The little mermaid - Freeform | one shots,Kim Taehyung | V/Reader Series: 50 Days of One Shots [26],taehyung
https://golemlab.eu/graph/40604049,21,might as well,Taehyung makes sure the two of you two live up to your tardy reputation.,2022-07-27,1410.0,Mature,F/M,Completed,Aftercare | Dirty Talk | Established Relationship | Fluff and Smut | Grinding | Kim Taehyung | V Has a Big Dick | Penis In Vagina Sex | Quickies,"Kim Taehyung | V/Reader, Kim Taehyung | V/You",taehyung
https://golemlab.eu/graph/18528688,21,velveteen daggers,"The locket swings delicately around his neck, a ruby jewel glistening against unmarred skin, and when you left your gaze to meet his, uncaring of those who have gathered to watch, he does nothing but lift a brow, because he knows you can do nothing. For he holds your only chance at freedom around his neck.",2019-04-19,163.0,General Audiences,F/M,In-Progress,Alternate Universe - Fantasy | Angst | Fantasy | Romance,Kim Taehyung | V/Reader,taehyung
https://golemlab.eu/graph/10322906,21,A Hope,Kim Taehyung is a perfect healer. (written by a friend who wishes to stay anonymous),2017-03-16,1272.0,General Audiences,F/M,Completed,Break Up | Comfort | Falling In Love | Fluff and Angst | Love,Kim Taehyung | V/Reader,taehyung
https://golemlab.eu/graph/32139793,21,Wet Dream,Your friendship with Taehyung is nearly ruined when you start having dreams about him ... filthy dreams.,2021-06-23,4133.0,Explicit,F/M,Completed,Bar | Best Friends | Blow Jobs | Drinking | Falling In Love | Friends to Lovers | Love Confessions | Multiple Sex Positions | Office Blow Jobs | Office Sex | Oral Sex | Penis In Vagina Sex | Public Blow Jobs | Quickies | Unrequited Crush | Vaginal Fingering | Vaginal Sex | Voyeurism | Wet & Messy | Wet Dream | celebration,"Kim Taehyung | V/Reader, Kim Taehyung | V/You, Park Jimin (BTS)/Original Character(s), Park Jimin (BTS)/Original Female Character(s)",taehyung
https://golemlab.eu/graph/29881551,21,the safety of my arms,"You and your husband, Taehyung, had been waiting so patiently for the moment your daughter decided she was ready to come into the world and fill your hearts with love. Of course she decided to hold on for as long as she possibly could. She definitely inherited that from the Kim family.",2021-03-06,2075.0,Not Rated,F/M,Completed,AU | Alternate Universe - Not K-Pop Idols | Family | Fluff | Kim Namjoon - Freeform | Kim Seokjin - Freeform | Min Yoongi - Freeform | Parent Kim Taehyung | V | Rm | bangtan - Freeform | big hit | bts - Freeform | dad taehyung | j hope - Freeform | jeon jungkook - Freeform | jung hoseok - Freeform | kim taehyung - Freeform | parenting AU | park jimin - Freeform | suga - Freeform | v - Freeform,Kim Taehyung | V/Reader,taehyung
https://golemlab.eu/graph/14523639,21,"Been here all along, so why can't you see?","He's cheer captain, and I am on the bleachers.",2018-05-03,2743.0,Teen And Up Audiences,F/M,Completed,Alternate Universe - High School | Angst | Cheerleader Park Jimin | Established Relationship | Mentions of Self-deprecation | Nerd Kim Taehyung | V | Possibly Unrequited Love | Songfic | Volleyball Player Reader | two other members are mentioned if you squint,"Kim Taehyung | V/Reader, Park Jimin (BTS)/Reader Series: Guess the Song [2]",taehyung
https://golemlab.eu/graph/14864670,21,Found - Taehyung Hybrid AU,"You were at your first every fan meet, happiness filled your heart but it was short lived as others anger and jealousy got the better of them and took it out on you. Hurt and wounded Taehyung finds you and takes you in- but will he fall for you as you fell for him?",2018-06-06,1575.0,General Audiences,F/M,In-Progress,Alternate Universe | Alternate Universe - Supernatural Elements | Coyote - Freeform | Coyote Hybrid | Hybrid!Kim Namjoon | RM | Hybrid!Kim Taehyung | V | Hybrids | Original Characters - Freeform | dont hate me | read my other stuff it’s better | this was my first work ever and it sucks ass,Kim Taehyung | V/Reader,taehyung
https://golemlab.eu/graph/17815913,21,A Silent voice (Kim Taehyung/ reader),"In which a homeless reader is helped out by a kind stranger who changes their life for the better This fic is a rewrite of a fic I stared writing a while ago that I realized needed some work. Constructive criticism is greatly appreciated. In this fic, the reader/MC is referred to with gender neutral pronouns and is nonverbal",2019-02-16,1380.0,Not Rated,F/M,Completed,Alternate Universe - College/University | Alternate Universe - Roommates/Housemates | Developing Friendships | Friendship/Love | Homelessness | Nonverbal Communication | Sign Language | Slow Burn,Kim Taehyung | V/Reader,taehyung
https://golemlab.eu/graph/29273523,21,peonies.,"Being cooped up inside for the protection of others can become a redundant routine. Today, your boyfriend breaks that cycle and goes on an unexpected outing—safely, of course. Alternatively, Taehyung decides that he wants to remind you of his love with the surprise of little gifts. Not that he needs to, but he wants to.",2021-02-07,2363.0,Teen And Up Audiences,F/M,Completed,Established Relationship | Fluff | Kim Taehyung | V is Whipped | Originally Posted on Tumblr | Reader-Insert | Warm and Fuzzy Feelings | best boyfriend taehyung,Kim Taehyung | V/Reader,taehyung
https://golemlab.eu/graph/22054906,21,,,,,,,,,,taehyung
https://golemlab.eu/graph/13431606,21,Path,"It had been a long time since you and Taehyung last had time for a date and him taking you to a farm had to be one of the best dates you had ever experienced… Until you got lost, that is.",2018-01-20,2953.0,Not Rated,F/M,Completed,Drabble | Fluff,"Kim Taehyung | V/Reader, Kim Taehyung | V/You Series: Song Series [5]",taehyung
https://golemlab.eu/graph/26303359,21,White Dress,"""Mummy, she sings and dances so well! I want to marry her!""",2020-09-05,555.0,General Audiences,F/M,Completed,Fluff | Teacher Kim Taehyung | V,Kim Taehyung | V/Reader,taehyung
https://golemlab.eu/graph/16914636,21,Falling in love with: Sunshine,"You hate color yellow until a boy with a smile like the sun barges into your life. Part of the ""Falling in love with... "" vignette series. Crossposted from my Tumblr blog honeyyvee",2018-12-09,1251.0,General Audiences,F/M,Completed,Comfort | Fluff,"Kim Taehyung | V/Reader Series: ""Falling in love with... "" vignette series [5]",taehyung
https://golemlab.eu/graph/41059353,21,Fuck Buddies (Taehyung x Reader),"You fuck around and find out, finally. Fun fact…If I’d been a boy, my name would have been Christopher, so I throw the should-have-been-me under the bus. My condolences to any other Christophers, you probably don’t suck.",2022-08-15,4668.0,Explicit,F/M,Completed,Cunnilingus | Don't worry | Friends With Benefits | Fuck Boy Taehyung | Smut | fuck buddies | i'm technically christopher | mentions of past bad relationships | throwing Christopher under a bus | um.. smut,Kim Taehyung | V/Reader Series: revenge of the kinks [5],taehyung
https://golemlab.eu/graph/24090085,21,En Avant,"Just a super short friends to lovers one-shot. I've had this idea on a windy evening, with a very inspiring orange and purple sky. I hope you guys like it and sorry for any mistakes! English is not my native language ;^; Enjoy~",2020-05-09,1374.0,Teen And Up Audiences,F/M,Completed,A little bit of Angst if you squint | Alternate Universe | Fluff | Friends to Lovers | Kim Taehyung | V is a Sweetheart | Tooth-Rotting Fluff,"Kim Taehyung | V/Reader, Kim Taehyung | V/You",taehyung
https://golemlab.eu/graph/20279128,21,What Lightning Storms Bring,"Rain soaks Taehyung thoroughly, thunder roaring behind him, as he is lead to the only person he will ever love. Or The origins of a unique love story between Taehyung and the girl of his dreams.",2019-08-17,1998.0,General Audiences,F/M,Completed,Based on a Bright Eyes Song | But I dont find it gross so its not that cliche | Cheesy | Developing Relationship | Fluff | Friends to Lovers | Kim Taehyung | V is Whipped | Light Angst | Lovey-Dovey | Non Idol AU | Reader-Insert | The most cliche i have ever been,Kim Taehyung | V/Reader,taehyung
https://golemlab.eu/graph/6717313,21,Worst Day / Best Day,When your perfect free day promises to be the worst day ever your boyfriend is here to help.,2016-05-01,1398.0,Not Rated,F/M,Completed,First Love | Kissing | picnic date,Kim Taehyung | V/Reader,taehyung
https://golemlab.eu/graph/40944186,21,Ride With Me,Just a fun little drabble request fulfillment from a tumblr follower who wanted a scene between the reader and Taehyung during his Drive Vlog.,2022-08-10,1402.0,Mature,F/M,Completed,Cramped in the Backseat of a Car | Flirting | Idol Kim Taehyung | V | Making Out | Mutual Pining | Possessive Behavior | Taehyung's Drive Vlog | promise of something more,"Kim Taehyung | V/Reader, Kim Taehyung | V/You",taehyung
https://golemlab.eu/graph/8188249,20,Showering with V,This is some smut I wrote for a friend of mine. It's only a one shot.,2016-09-14,2413.0,Explicit,F/M,Completed,One Shot | Oral | Sex | Smut | shower,Kim Taehyung | V/Reader,taehyung
https://golemlab.eu/graph/19208725,20,vampire!taehyung headcanons,list of vampire headcanons and weird research i put into vampires all for the sake of molding a perfect vamp!tae,2019-07-05,584.0,Not Rated,Other,Completed,Alternate Universe - Vampire | Headcanon | Vampire Headcanons | Vampire Kim Taehyung | V | Vampires,Kim Taehyung | V/Reader,taehyung
https://golemlab.eu/graph/27703940,20,A Chance Meeting,"You meet best friends Yoongi and Taehyung at the park while they're walking their dogs, and it leads to a dangerous proposition.",2020-11-25,237.0,Explicit,F/M,Completed,Fingerfucking | Kim Taehyung | V & Min Yoongi | Suga are Best Friends | Love Bites | Reader-Insert | Semi-Public Sex | Shameless Smut | Smut | Threesome - F/M/M | Vaginal Fingering | Wall Sex,"Kim Taehyung | V/Reader, Min Yoongi | Suga/Reader Series: Blood Sweat & Tears (BTS x Reader Fics) [9]",taehyung
https://golemlab.eu/graph/8547682,20,Fed Up Of This,It's the story of Taehyung and his girlfriend. It's the story of a guy who can't bear hiding his feelings anymore. Why should he? Why can't he just be in love if he wants to without having to justify himself?,2016-11-13,1503.0,General Audiences,F/M,Completed,Fluff,"Kim Taehyung | V/Reader, Kim Taehyung | V/You",taehyung
https://golemlab.eu/graph/15848505,20,Thunderstorms,You’ve always hated thunderstorms.,2018-08-31,916.0,Not Rated,Other,Completed,Fluff | Panic attack if u squint | but ya just some good ol fluff | genderneutral reader | sorry if it’s shit lmao | took it off my Quotev btw,Kim Taehyung | V/Reader,taehyung
https://golemlab.eu/graph/19890370,20,Dread the Lost,"Ever since she was a little girl, Choi (Y/N) has seen the spirits of the dead. They never pose a threat until one night, one of them attacks her. She is rescued by a mysterious stranger who becomes her gateway into more knowledge about her own abilities than she ever thought existed. She is tossed headfirst into the terrifying side of what goes bump in the night, and, unwittingly, into emotions she never thought she would feel.",2019-07-21,11174.0,Mature,F/M,In-Progress,Adorable Kim Taehyung | V | Alternate Universe - Ghost Hunters | Cute Kim Taehyung | V | Eventual Happy Ending | Eventual Relationships | Eventual Romance | Eventual Sex | Exorcisms | Falling In Love | Fear | Ghost Hunters | Ghosts | Horror | Hunters & Hunting | Monster Hunters | My First Work in This Fandom | Reader is a psychic | Reader-Insert | SHe can see ghosts | Slow Burn | Slow Romance | Spooky | Supernatural Elements | he loves you | more ghosts | so can the boys | the boys hunt ghosts | there are ghosts | they're called the Lost Ones,Kim Taehyung | V/Reader,taehyung
https://golemlab.eu/graph/31534199,20,Paradise Baby,"Things are different after you and Taehyung have your first baby. Navigating the journey life has brought you, a change in weather brings you two close again.",2021-05-26,3920.0,Explicit,F/M,Completed,I got emotional. Sorry not sorry. | Rainy day sex | This is fluff | but there’s a little angst | fem receiving | unprotected sex in a monogamous relationship,Kim Taehyung | V/Reader,taehyung
https://golemlab.eu/graph/30927983,20,Rebellious Innocence,"Your father is overprotective of you.  He doesn’t like that you have male friends, and he doesn’t allow you to dress in any revealing way.  He has scared you into thinking the worst of sex, but the truth is you want to try it.  Taehyung volunteers.",2021-04-26,3660.0,Mature,F/M,Completed,Creampie | Fluff | Smut | Unprotected Sex | Virgin sex,Kim Taehyung | V/Reader Series: Best Friends to Lovers BTS [6],taehyung
https://golemlab.eu/graph/20015251,20,"Baby, Come Home",BTS is finally home from a months-long tour but your boyfriend Taehyung is caught up at the office. You send him a text that should encourage him to come home much quicker.,2019-07-28,7747.0,Explicit,F/M,Completed,69 (Sex Position) | Humor | Long-Term Relationship(s) | Oral Sex | Romance | Sex Toys | Shower Sex | Vaginal Fingering | Vaginal Sex,Kim Taehyung | V/Reader,taehyung
https://golemlab.eu/graph/31205054,20,more than you will ever know,Taehyung wakes you up after he gets home from a long day at work.,2021-05-10,2905.0,Explicit,F/M,Completed,Cunnilingus | Established Relationship | Fluff | Hand Jobs | Idol Kim Taehyung | V | Long-Term Relationship(s) | Love | One Shot | Oral Sex | Smut | Vaginal Sex,Kim Taehyung | V/Reader,taehyung
https://golemlab.eu/graph/18442868,20,"no chance, no way",You realize some things as you're headed to McDonald's with your best friend.,2019-04-12,818.0,General Audiences,F/M,Completed,Drabble | Feelings Realization | Friendship | Slice of Life,Kim Taehyung | V/Reader,taehyung
https://golemlab.eu/graph/17675747,20,So Close,"Everything was perfect; you had a perfect job, a perfect husband, and you were about to have a perfect, little baby to complete your family. You were so close.",2019-02-06,1978.0,Not Rated,F/M,Completed,Angst | Car Accidents | Did I mention angst | Domestic | Established Relationship | Literally so much angst | Miscarriage | also i dont think hopsitals work this way | but im gonna need you to roll with it,"Kim Taehyung | V/Reader, Kim Taehyung | V/You",taehyung
https://golemlab.eu/graph/15099617,20,rabbit hole,"Then as if she realised something, she closed her eyes. “Please tell me you aren’t the shitty artist who painted this shitty painting.” “I’m not.” He shook his head, a small smile playing on his lips. “But I am the shitty art dealer who picked it out.”",2018-06-29,1402.0,Not Rated,F/M,Completed,Angst | Artist AU | Fluff | art curator!taehyung | art dealer!taehyung,Kim Taehyung | V/Reader,taehyung
https://golemlab.eu/graph/14795433,19,Did it hurt?,"As a witch you try your best to not attract the most feared killers in Seoul, to be specific monster killers. But as a born witch soon or later you will be on their blacklist and then your life is over.",2018-05-29,1009.0,Mature,F/M,In-Progress,Alternate Universe - Angels & Demons | Alternate Universe - Creatures & Monsters | Alternate Universe - Monster Hunters | Alternate Universe - Supernatural Elements | Angel Wings | Angels | Awkward Flirting | Awkwardness | Flirting | Fluff | Monster Hunters | Monsters | Sexual Tension,Kim Taehyung | V/Reader,taehyung
https://golemlab.eu/graph/26484166,19,Falling for Kim Taehyung,"~Your brother, Yoongi has a new group of friends after a long move to the city. he's hesitant to have you meet them, for obvious reasons. Once you do, things begin to get very complicated, very fast. will Yoongi understand or will he tear you apart?~",2020-09-05,15382.0,Explicit,F/M,Completed,Adorable Kim Taehyung | V | Attraction | Author Is Sleep Deprived | Cute Kim Taehyung | V | First Time | Fluff | Grumpy Min Yoongi | Suga | I | I Tried | Implied/Referenced Child Abuse | Kim Taehyung | V is Whipped | Kim Taehyung | V is a Little Shit | Love at First Sight | Mentioned Jeon Jungkook | Mentioned Jung Hoseok | J-Hope | Mentioned Kim Namjoon | RM | Mentioned Kim Seokjin | Jin | Mentioned Park Jimin (BTS) | My First AO3 Post | My First Fanfic | My First Work in This Fandom | No Spoilers | Protective Older Brothers | Romantic Fluff | Sneaking Around,Kim Taehyung | V/Reader Series: The Falling Mini Series [1],taehyung
https://golemlab.eu/graph/17912045,19,all of my life,"You used to love him for it, how he manages to bring a smile out of everyone and have them fall in love with him so easily. You used to love how he shines and turns heads wherever he goes. You used to love how there’s thousands who are in love with him, but it’s you that he chose to love back. Your heart breaks into a million pieces when you realize that you can no longer love him the way you used to.",2019-02-24,1796.0,General Audiences,Gen,Completed,Angst | Break Up | its a shitty break up tbh | tae is an actor,Kim Taehyung | V/Reader Series: member x reader one shots [1],taehyung
https://golemlab.eu/graph/20058799,19,37. I Promise You,Prompt: Proposal! Week 6 Day 2,2019-07-31,1019.0,Teen And Up Audiences,F/M,Completed,Marriage Proposal | Tae is a freaking darling | one shots,Kim Taehyung | V/Reader Series: 50 Days of One Shots [37],taehyung
https://golemlab.eu/graph/21448810,19,Friday,Things get hot when you and Taehyung arrive home at the same time Friday afternoon.,2019-11-16,539.0,Explicit,F/M,Completed,Biting | Creampie | Cunnilingus | Explicit Language | Explicit Sexual Content | Hand Jobs | Kissing | Marking | Nipple Play | Oral Sex | Penis In Vagina Sex | Slapping | Smut | Spanking | Vaginal Fingering | Vaginal Sex,"Kim Taehyung | V/Reader, Kim Taehyung | V/You Series: BTS x Reader [36]",taehyung
https://golemlab.eu/graph/18709216,19,Cover up,"You’re the leader of one the most powerful gangs but nobody knows. How come and why? You may wonder. Well, it’s a long story but to make it short it’s to protect the love of your life Kim Taehyung, your boyfriend and marionette posing as the leader. The fact that you’re the real leader is not the only thing you’re hiding thought… Your relationship is also a big secret. A secret Taehyung doesn’t want to keep anymore. The gang and the relationship are separated for him, but you’re struggling and as a sudden threat and traitor reveals themselves within the gang, you’re forced to re-think your decisions once and for all in order to protect Taehyung, make him happy and to protect the gang. For being the leader, you were used to pulling the strings behind the scenes but when the strings suddenly get tangled and snatched from you, you are faced with having to confront yourself about which strings you can set free and which you should grip onto tighter.",2019-05-04,20327.0,Explicit,F/M,Completed,Against the Wall - Freeform | And So Much More | Angst | Angst and Smut | Caught in the act (unknowingly) | Crimes & Criminals | Gang AU | Gang Leader Reader | Guns | Gunshot Wounds | Nipple Play | Oral Sex | Rough Oral Sex | Semi-Public Sex | Shower Sex | Smut | Top Kim Taehyung | V | a lot of smut | breast attention | cum and creampies of course | from behind | standing seesaw position | the smut list goes on and on,Kim Taehyung | V/Reader,taehyung
https://golemlab.eu/graph/23857273,19,a smile as warm as sunset light,"""Such a weird tree, in the middle of nowhere! How lonely it must be without any others like it, you thought. The old tree really was in the middle of an otherwise empty field. There was a small, rare forest far behind you, but all those trees were different from the one you were sitting in. Suddenly, you felt very compassionate towards the tree. You heard a very loud yet distant laugh. You tried to peek towards the place it came from, but that required moving around, so you decided against it. You were sure that it came from the inn where you and the rest of your classmates were staying at. You only moved your head slightly towards the place, and after a minute or so you were surprised to see a figure walking down the hill, away from the inn. It only took another three minutes for the person to get to you.""",2020-04-26,2719.0,Teen And Up Audiences,F/M,Completed,Alternate Universe - College/University | Fluff | Friends to Lovers | Kim Taehyung | V is a Sweetheart | Love Confessions | Reader-Insert | Romantic Fluff | i honestly have no idea how tagging works | i'm tagging everything i can think of uhhh | idk how to write a summary so i added an excerpt | is that a thing? | it's my first time ever posting smth here | mentions of bullying,Kim Taehyung | V/Reader,taehyung
https://golemlab.eu/graph/14636007,19,You're My Muse,You're studying at the library and you keep making awkward eye contact with the beautiful boy across from you,2018-05-13,1709.0,General Audiences,F/M,In-Progress,Alternate Universe - College/University | Alternate Universe - Library | Artist!Taehyung | Awkwardness | Crushes | Fluff | I got secondhand embarrassment while writing this lmao | Romance,Kim Taehyung | V/Reader,taehyung
https://golemlab.eu/graph/33002926,19,"Tripping on Skies, Sipping Waterfalls","One drink too many at Hoseok’s Halloween party, and you’ve blanked out on the entire night that followed. Now, who’s gonna fill you in when Taehyung looks one second away from breaking into tears when you bring it up with him? From running across the university campus in remnants of your vampire outfit, to dealing with your downtrodden boyfriend’s disappointed stares - you’re left with one hell of a day, and zero recollections.",2021-08-03,19298.0,Explicit,F/M,Completed,(casual use of the word 'amnesia' by careless college students) | (they both are idiots) | (this is gon be a very frustrating journey) | Alcohol | Alternate Universe - College/University | Angst | Breast Play | Dirty Talk | Dry Humping | Established Relationship | Fluff | Humor | Love Bites | Miscommunication | Misunderstandings | Nudity | Semi-Public Sex | Smut | Swearing | Vaginal Fingering,Kim Taehyung | V/Reader Series: Youth [1],taehyung
https://golemlab.eu/graph/10856691,19,Snapshots,A quick look into different moments from your many years spent with Taehyung.,2017-05-08,1617.0,Mature,F/M,In-Progress,Angst | First Kiss | Fluff | Oral Sex | Smut,Kim Taehyung | V/Reader,taehyung
https://golemlab.eu/graph/19366456,19,5. All That Footwork,Prompt: Sports Week 1 Day 5: Soccer,2019-06-26,926.0,Teen And Up Audiences,F/M,Completed,Fluff | Kim Taehyung | V is a Sweetheart | Soccer | goalie | idk - Freeform | one shots | slight angst???,Kim Taehyung | V/Reader Series: 50 Days of One Shots [5],taehyung
https://golemlab.eu/graph/38492902,19,"Strike, Dear Mistress","He’s in dire need of release, you can see that now. And you’re the only one who can give it to him the way he wants. You’re the only one who knows how to break him apart piece by piece until he’s not the illustrious Kim Taehyung anymore but just a whimpering, wrecked mess of a good boy. Your good boy, and he loves it every time. And you love him. So it only makes sense that you stand up, dig your nails into his perfect jawline, and tilt his head up to look at you. His mouth drops open––he’s outright panting now, he wants it so bad. “I don’t recall saying you were allowed on my furniture, slut.” His Adam’s apple jerks hard as you spit the name into his mouth. “Now take off your clothes and crawl.”",2022-04-20,2190.0,Explicit,F/M,In-Progress,BDSM | Begging | Established Relationship | Face Slapping | High Heels | Name-Calling | Orgasm Delay/Denial | Painplay | Plot What Plot/Porn Without Plot | Sexting | Sub Kim Taehyung | V | Verbal Humiliation,Kim Taehyung | V/Reader,taehyung
https://golemlab.eu/graph/19703377,19,Night at the Carnival,"When going to the carnival with your roommates, you witness something you shouldn’t have.",2019-07-06,2062.0,Mature,F/M,In-Progress,Alternate Universe - Roommates/Housemates | Alternate Universe - Vampire | Blood | Blood Drinking | Carnival | Kim Taehyung | V is Bad at Feelings | Minor Original Character(s) | Roommates | Slow Burn | Vampire Sex | Vampires,Kim Taehyung | V/Reader Series: Bangtan One-shots [23],taehyung
https://golemlab.eu/graph/21020240,19,Ouija With Taehyung,Your best friend Taehyung shows up at your door on Halloween night with a Ouija board. Soft and fluffy Halloween shenanigans ensue!,2019-10-13,1273.0,General Audiences,F/M,Completed,Domestic Fluff | Fluff | Friends to Lovers | Friendship/Love | Halloween | Love | Ouija | Romance | Slice of Life,"Kim Taehyung | V/Reader, Kim Taehyung | V/You Series: BTS x Reader [39]",taehyung
https://golemlab.eu/graph/37360327,19,Extinction Rebellion,"Your husband is an environmental activist, and he's influential, relevant, passionate. You wish he'd put as much energy into fighting for you.",2022-02-25,3143.0,Explicit,F/M,Completed,Alternate Universe - Non-Famous | Angst | Smut,Kim Taehyung | V/Reader Series: Marriage Story [3],taehyung
https://golemlab.eu/graph/9699761,19,Sans Issue,"When you keep being suspiciously called over to the Health Center, you brace yourself for the worse case scenario. But nothing could have ever prepared you, or your boyfriend, for all the pain and hurt you were about to go through.",2017-02-13,1176.0,Not Rated,F/M,In-Progress,Alternate Universe - Science Fiction | Brother Taehyung | Brother-Sister Relationships | Character Death | Drug Use | Heavy Angst | Some Fluff | Supportive Park Jimin | Terminal Illnesses | Utopia | for medical purposes,"Kim Taehyung | V/Reader, Park Jimin (BTS)/Reader",taehyung
https://golemlab.eu/graph/14442132,19,Overworked,Finding a girl who works herself to the bone and only gets her sleep on the bus leads to more things than Taehyung could ever imagine.,2018-04-26,8609.0,Teen And Up Audiences,F/M,In-Progress,Angst | College AU | Depression | God I love Yoon | I'll update as often as I can | Inspired By Hello My Twenties/Age of Youth | Kim Taehyung| V is a sweetheart | Possible Eventual Smut | Slow Build,Kim Taehyung | V/Reader,taehyung
https://golemlab.eu/graph/38714004,19,How he shows interest in you... | Kim Taehyung,"This is a part of a series I've been working on called, 'Interested in you...' These are pure crack, fluff, and everything in between. This is barely edited and written with zero structure, all crack. It does not reflect the quality of my regular works [haha.]",2022-05-01,1962.0,General Audiences,F/M,Completed,BTS fluff | BTS x Reader | Kim Taehyung Fanfiction | Kim Taehyung Headcanon | Kim Taehyung x reader | Kim Taehyung | V-centric | bts fanfiction | bts headcanon | kim taehyung fluff,Kim Taehyung | V/Reader Series: Interested In You... [1],taehyung
https://golemlab.eu/graph/22341697,19,Discoloration,"“Not to sound like a creep, but my eyes never left you the whole night. I think maybe I waited too long to approach you.” he laughs and then hums silently to himself, when satisfied shock runs across your features. No remorse, no disgust, but even then from the first moment your eyes landed on him, Taehyung already knew he had you. This was his thing, it was easy to pick up random women at the bar. He didn’t want to go as far as to say you were much more ‘different’ than the others, but you were definitely one that would be considered unpredictable. Just as the reply you give him that has him staring at like you were his next meal. “…who said you were too late?”",2020-01-21,6751.0,Not Rated,F/M,Completed,Brattysub!Reader | Infidelity | Mentioned Infidelity | Oral | Smut | a little pain for pleasure | dom!tae | some girl barfs~Oops?,Kim Taehyung | V/Reader,taehyung
https://golemlab.eu/graph/8827747,19,Wanna Hear You Calling My Name,"Based on an FMV made by Av1united on youtube! I am horrible at explaining but this Tae centric, and all about him and the fmv. You've liked Taehyung forever, but he's always only looked at Mari. But now that Mari takes things a bit too far... Taehyung takes your side. (Sorry) Please give this a read ;^; Ps. Do you like apples or Kiwis?",2016-12-12,4218.0,Teen And Up Audiences,F/M,In-Progress,Confused Taehyung | Fluff and Angst | I'll add more tags as i go i guess | Jealous Taehyung | Protective Taehyung | Song Lyrics | based on av1united | idek what i'm tagging | wanna hear you calling my name,Kim Taehyung | V/Reader,taehyung
https://golemlab.eu/graph/41028159,19,Fix You,Your crumbling relationship with Kim Taehyung finally reaches the point of no return after struggling to keep it going after a nightmare you’re unlikely to forget. Min Yoongi is there to pick up the pieces – but you had no idea how ready he was to try and fix you.,2022-08-14,7618.0,Explicit,F/M,In-Progress,Addams Family Levels of Violence | Dead Dove: Do Not Eat | Depictions of depression | Dubious Consent | Emotional Manipulation | Emotional/Psychological Abuse | He/Him and They/Them Pronouns for Benrey (Half-Life VR But the AI is Self-Aware) | Kidnapping | Mental Health Issues | Murder | Obsessive Behavior | Psychological Drama | Psychological Thriller | Smut | Stalking | Taehyung is an asshole in his own way | The two main characters in this are not good ppl | Thriller | Yandere | Yandere Min Yoongi | Suga | but hes not absolutely bonkers,"Kim Taehyung | V/Reader, Min Yoongi | Suga/Reader",taehyung
https://golemlab.eu/graph/22421083,19,That way lies the path to paradise (likewise the road to ruin),"Three times, you see him; a lost boy the likes of which you've never met before.",2020-01-26,3176.0,General Audiences,F/M,Completed,Anxiety | Beltane | Discrimination | Dryads - Freeform | Fae & Fairies | Inter-Species Romance | Seelie | Soulmates | Trespassing | fae!reader | only fairytale rules apply | rule of three | there's a hella age gap but it's okay bc they're proportionally the same age | they're different species don't worry,"Kim Taehyung | V/Reader Series: Seven stories of love, insecurity, and Faeries [4]",taehyung
https://golemlab.eu/graph/33919270,19,Mr. Kim,You're the photographer for their recent Fila shoot and Taehyung flirts with you during his set.,2021-09-16,817.0,Explicit,F/M,Completed,Dressing Room Sex | Flirting | Older Woman/Younger Man | Photo Shoots | Smut,"Kim Taehyung | V/Reader, Kim Taehyung | V/You Series: Blood Sweat & Tears (BTS x Reader Fics) [26]",taehyung
https://golemlab.eu/graph/20299963,19,l’amour est mort,"The year is 1899, and you are living in Paris, a beautiful city of culture and wonder, which you have grown deeply fond of. And you’re not the only one - Kim Taehyung has ventured West too, stumbling into your life just when you need a friend the most. It isn’t long before your heart decided to give itself away, much to its own demise.",2019-08-18,5627.0,Mature,F/M,Completed,Alternate Universe - Historical | Angst | Mentions of Death | Mentions of Suicide | Picturesque Paris | hanahaki!au | kind of poetic,Kim Taehyung | V/Reader,taehyung
https://golemlab.eu/graph/31669094,19,Princess,"Kim Taehyung just got home from work, and he has plans for you.",2021-06-01,581.0,Explicit,F/M,Completed,Drabble | Implied Daddy Kink | Kim Taehyung | V Has a Big Dick | blowjob | idk what else to tag | oral sex (m receiving) | princess kink | this is my 1st fic,"Kim Taehyung | V/Reader, Kim Taehyung | V/You",taehyung
https://golemlab.eu/graph/24453559,19,Pocky No II (Kim Taehyung/VxF!Reader),"Kim Taehyung and his girlfriend enjoy teasing each other. This time though his attention is drawn to the sweets she keeps in her purse in case she's in dire need of a sweet snack. Realising that it's a package of Pocky, Taehyung immediately takes advantage of the situation in the most adorable way.",2020-05-30,1042.0,Teen And Up Audiences,F/M,Completed,Cute Kim Taehyung | V | Kim Taehyung | V & Park Jimin are Best Friends | Kim Taehyung | V is a Little Shit | Kim Taehyung | V is a Sweetheart | Kissing | Making Out | Other Ships Not Mentioned in Tags | Teasing | The Pocky Game,Kim Taehyung | V/Reader Series: Pocky-Series [2],taehyung
https://golemlab.eu/graph/20660834,18,When Our Eyes Met,"Created by request on my Tumblr, btsaudge. Here's the prompts: ""I dreamed of you last night."" and ""I’m going to ruin you.""",2019-09-16,688.0,Mature,F/M,Completed,Angst | Mild Smut,"Kim Taehyung | V/Reader, Kim Taehyung | V/You Series: BTS x Reader [44]",taehyung
https://golemlab.eu/graph/38228269,18,24 Hours,You must do whatever Taehyung wants for twenty-four hours,2022-04-07,1312.0,Explicit,F/M,Completed,Choking | Hand Jobs | Rough Oral Sex | Rough Sex | Submission | Top Kim Taehyung | V | Vaginal Fingering | Vaginal Sex,Kim Taehyung | V/Reader,taehyung
https://golemlab.eu/graph/36795658,18,Royal Blood,"In order to secure the throne, you must be successful in negotiating with a neighboring kingdom, seeing as you are on the brink of war. This also means a good relationship with the royal family, which you are eager to have, but you end up closer to the prince than you would have thought. Wattpad link: https://www.wattpad.com/story/295101961-royal-blood-vampire-prince-taehyung-x-princess Tumblr link: https://lokidow-strange-army.tumblr.com/post/672006619138293760/royal-blood-vampire-prince-taehyung-x-princess",2022-01-31,10227.0,Explicit,F/M,Completed,Brink of war | Dom Kim Taehyung | V | Impregnation | Kim Taehyung is low key powerful | Kim Taehyung | V Has a Big Dick | Kim Taehyung | V Has a Nice Ass | Kim Taehyung | V is Whipped | King Kim Taehyung | V | Mentions of Blood | Mentions of childbirth | Prince Kim Taehyung | V | Princess reader | Queen Reader | Reader-Insert | Royal Families | Royalty | Vampire Kim Taehyung | V | human reader,"Kim Taehyung | V/Reader, Kim Taehyung | V/You",taehyung
https://golemlab.eu/graph/9143332,18,losing memory,"what this meant was that there was no longer the tainted memory of being kissed in the dark by a boy she never learnt to love. when she thinks about kissing, she no longer has to remember her mouth intruded by a boy she lets touch her because she figured love meant saying yes even when she really wants to say no. kissing taehyung now means letting those memories that had always hurt her go and it was liberating.",2017-01-01,1019.0,Not Rated,F/M,Completed,More Fluff | for me it is | idk i dont usually write fluff | shit ton of fluff | so i dont know if this is fluff enough,Kim Taehyung | V/Reader,taehyung
https://golemlab.eu/graph/16793581,18,Magic Shop: Masked,"It all started when you found a broken mask in the middle of a lavender field. At first you both wanted it for you own keepsake, but as the owner began to haunt for whoever stole his mask, you found yourselves in deep trouble and at the same time exposing the true history and powers behind the legends of the seven masks… Aside, Taehyung has become extremely over-protective of you and listens in secrecy to one of your conversations where a sensitive topic is brought up. You quickly find out which leads to you feeling humiliated and refusing to talk to him… Prepare to meet more witches as Mars aligns with the sun…",2018-12-01,15907.0,Mature,F/M,Completed,Angst and Fluff and Smut | Evil | Magic Shop | Occult | Pregnancy | Rituals | Seven Deadly Sins | Smut | Summoning | Witch AU | Witch Kim Taehyung | V | a lil fluffy | angsty af tho | angt | deamon reader | jinmin - Freeform | proposal | yoonkook,Kim Taehyung | V/Reader Series: Magic shop [2],taehyung
https://golemlab.eu/graph/18121697,18,Shower Time,Taehyung X reader steamy shower smut (Also it's a gender neutral reader so),2019-03-15,692.0,Teen And Up Audiences,F/M,Completed,I wrote this a long time ago | jesus Christ its bad | so cringy omg,Kim Taehyung | V/Reader,taehyung
https://golemlab.eu/graph/24178405,18,Just Spill It,"It's Game Night with the boys and you have interesting waiting for them. As the game goes on without a hitch, you somehow find yourself in weird situation. Mostly crack with  some fluff.",2020-05-14,2100.0,General Audiences,F/M,Completed,BTS fluff | Friends to Lovers | OT7 | bts - Freeform | bts crack | throwing up warning,Kim Taehyung | V/Reader,taehyung
https://golemlab.eu/graph/21975814,18,Storm Bringer,Drakken riders are the pride of Falrayne and you take pride in your place as a protector of your homeland. But what happens when you meet a drakken rider you never expected from another nation?,2019-12-26,5831.0,Mature,F/M,In-Progress,Fantasy AU | King Seokjin | Soulmate AU | Supernatural AU - Freeform | Violence | drakken rider | drakken rider jimin | drakken rider jungkook | drakken rider reader | drakken rider taehyung | future smut,Kim Taehyung | V/Reader,taehyung
https://golemlab.eu/graph/18634567,18,Devastating Beauty,"Who said cheaters never prosper?—angst, fluff, non-idol!au",2019-04-28,7662.0,Mature,F/M,In-Progress,,Kim Taehyung | V/Reader,taehyung
https://golemlab.eu/graph/3915073,18,Why So Serious?,"The story of a young man with a troubled past, trying to bring smiles to everyone. Until he meets you.",2015-05-11,9394.0,Teen And Up Audiences,F/M,Completed,Minor Character Death | Minor Violence | Murder-Suicide,Kim Taehyung | V/Reader,taehyung
https://golemlab.eu/graph/23570128,18,Eccentric,(was soft stoner tae) {adj.} (of a person or their behavior) unconventional and slightly strange Kim Taehyung is strange but that doesn’t stop him from wiggling his way into your heart. ** [inspired by Stanley and Sydney’s relationship in Netflix’s ‘I Am Not Okay with This] {crossposted from my tumblr},2020-04-10,7260.0,Mature,F/M,Completed,Drinking | Recreational Drug Use | mc had trouble making friends | mc has a troubled past but nothing too detailed | this is from my tumblr page | weed dealer jungkook,Kim Taehyung | V/Reader Series: Smoke Clouds [1],taehyung
https://golemlab.eu/graph/25995574,17,Beautiful Ones,Taehyung wakes up to find his girlfriend occupied with the latest hate she and her bandmates have recieved online.,2020-08-22,2238.0,Teen And Up Audiences,F/M,Completed,Sasaeng Fan(s),Kim Taehyung | V/Reader,taehyung
https://golemlab.eu/graph/19994824,17,,,,,,,,,,taehyung
https://golemlab.eu/graph/16961064,17,TCOS Drabbles,I wasn't sure where to put the drabbles; and worried if they were posted within the story it wouldn't fit right or flow. So I'll post them here!,2018-12-12,1813.0,Mature,F/M,In-Progress,Angst | Eventual Smut | Fluff | Hybrid AU | Hybrids | Smut | Suggestive Themes,Kim Taehyung | V/Reader Series: The Changing of Seasons [2],taehyung
https://golemlab.eu/graph/16557269,17,The Kiss of Death,"Edited and now with a new chapter. You and Taehyung had been best friends since y'all had met in kindergarten. You had fallen in love with him but had never said anything since you knew he was a siren whose kiss was literally death for those they kissed. Despite that or maybe because of it, one day you asked him for a kiss as payment for the hundreds of broken promises which you could exchange for wishes or in this case, one really big wish. Will he accept and kill you, or refuse your pleas?",2018-12-25,1002.0,Teen And Up Audiences,F/M,Completed,Alternate Universe - Fantasy | Alternate Universe - High School | Angst | Fluff | Fluff and Angst | Not Beta Read | Temporary Character Death | The other boys are only there briefly,"Kim Taehyung | V/Reader, Kim Taehyung | V/You",taehyung
https://golemlab.eu/graph/21319096,17,youth,"“I gotta get out of here, Y/N. I can’t do this anymore.” he says. “But Tae-” Suddenly you’re cut off by the harsh sound of Taehyung unzipping his jacket, shrugging the thing off before slamming his arms down on the table. Horrified, you’ve lost your appetite. Angry, red lines cover his arms, and you can feel tears forming behind your eyes as you look at them. Taehyung was whipped.",2020-03-21,6591.0,Mature,F/M,In-Progress,Abusive Parents | Alcohol Abuse/Alcoholism | Alternate Universe - Runaways | Best Friends | Child Abuse | Child Neglect | Childhood Trauma | Drug Addiction | Friends to Lovers,Kim Taehyung | V/Reader,taehyung
https://golemlab.eu/graph/8480869,17,Video Game | Taehyung,When you leave Taehyung alone for two seconds and he gets a booboo from playing his video game. #ThanksJungkook.,2016-11-05,817.0,General Audiences,F/M,Completed,Fluff,Kim Taehyung | V/You Series: Video Game Series [1],taehyung
https://golemlab.eu/graph/30206793,17,Sweater Weather,"It’s far too cold to be outside without a sweater, so he lends her his to wear.",2021-03-22,803.0,General Audiences,F/M,Completed,Blurb | Fluff | Non AU | One Shot | Requested | Sweater weather | Tooth-Rotting Fluff | reader is a sibling of staff | shy reader | sweet kim taehyung - Freeform,Kim Taehyung | V/Reader,taehyung
https://golemlab.eu/graph/16635791,17,Tell Me Honestly,"A not so confusing love circle that only grows more frustrating as feelings reveal themselves one way or another. Taehyung adores Bae Jinye, a beautiful and loved sophomore at their college, so when she gets dumped by her boyfriend Sangjin, its all he can ramble to you, his closest friend, about. But where does that leave you and the feelings you've been harboring for him since freshmen year? His happiness is all that matters, right?",2018-11-15,4838.0,General Audiences,F/M,In-Progress,POV Alternating,Kim Taehyung | V/Reader,taehyung
https://golemlab.eu/graph/14229339,17,Home town visit,//example// this means she’s talking over the phone Copyright 2017© by barbika1508. All rights reserved. Cross posted on tumblr: Read here,2018-04-06,4404.0,General Audiences,F/M,Completed,Fluff and Angst | One Shot | One-Sided Attraction | Unrequited Love,"Kim Taehyung | V/Reader, Min Yoongi | Suga & Reader",taehyung
https://golemlab.eu/graph/21087779,17,Chocolate and Cream,You and Taehyung have some fun with whipped cream and chocolate.,2019-10-19,1894.0,Mature,F/M,Completed,Blindfolds | Chocolate | Daddy Kink | Lots of tongue | Plot What Plot/Porn Without Plot | Sex | Teasing | Whipped Cream,Kim Taehyung | V/Reader,taehyung
https://golemlab.eu/graph/39812034,17,milestone drabbles: taehyung #3,you play a little game with taehyung,2022-06-22,712.0,Explicit,F/M,Completed,Edging | Smut | dom!reader | protected and unprotected intercourse | sub!taehyung | use of 'good boy',Kim Taehyung | V/Reader Series: milestone celebration drabbles [3],taehyung
https://golemlab.eu/graph/40126488,17,Christmas with a Vampire | KTH,"“Did you hear me?” Of course Taehyung can hear you, Taehyung could hear a pin drop in a crowded room, he could hear your escalating heartbeat when his lips graze your collarbone, the soft exhale of pleasure from your lips, the air rushing into your lungs as you inhale. He hums against your warm skin and presses his thumb against your throat, enjoying the way your pulse jumps, a steady throbbing rhythm, hungry for the sweet liquid rushing underneath. Taehyung was another consequence of a city where sunlight rarely reached. In the darkness, monsters lived. Cyberpunk Futuristic AU AKA Tae being an emo vampire",2022-07-06,6107.0,Explicit,F/M,Completed,Alternate Universe - Vampire | Angst | Angst and Fluff and Smut | Blood Drinking | Christmas Smut | Fluff | Fluff and Angst | Human/Vampire Relationship | Oral Sex | Rough Sex | Smut | Vampire Bites | Vampire Kim Taehyung | V | Vampire Sex | Vampires,Kim Taehyung | V/Reader Series: BTS X-MAS [ONE-SHOTS] : Naughty Girl Christmas! [4],taehyung
https://golemlab.eu/graph/30047124,17,shelter,"Summary - Lost in a sketchy area of Daegu with no phone battery and no one to turn to, you run into a handsome stranger who ends up becoming your shelter. Pairing - Taehyung x reader Genre - smut Warnings - minor mentions of drug deals, penetrative sex, dirty talk, sex with a complete stranger (pls be safe guys) a/n: another re-write from a previous fandom. :)",2021-03-14,1829.0,Mature,F/M,Completed,,Kim Taehyung | V/Reader,taehyung
https://golemlab.eu/graph/18297620,17,Taehyung The Latte Boy,"Being a regular at the local cafe was nice, especially with the cute owner constantly checking up on you.",2019-03-31,1976.0,General Audiences,F/M,Completed,Cute Taehyung | Fluff | and ounce of sadness | but nothing major | coffee shop AU,Kim Taehyung | V/Reader Series: BTS Drabbles [23],taehyung
https://golemlab.eu/graph/17967794,16,Oath of the Moonchild,"""What if one day...I turned into a monster? Would you still be friends with me?"" ""Of course. I wouldn't ever run. I'd protect you, because I like you.""",2019-03-21,573.0,General Audiences,F/M,Completed,Alternate Universe | Alternate Universe - Werewolf | Other Additional Tags to Be Added | Reader-Insert,Kim Taehyung | V/Reader Series: to be continued [1],taehyung
https://golemlab.eu/graph/12030237,16,Don't Let Me Be Misunderstood,"Kim Taehyung is a narcissistic, brash and self destructive forgotten actor who believes all relationships are doomed. Y/N is a stubborn, cynical K-DRAMA writer, who doesn't believe in relationships. What could go wrong. This fanfic is inspired by one of my all time favourite TV show ""You're the Worst"", go check it out!!!!",2017-09-08,6650.0,Mature,F/M,In-Progress,Actor!Kim Taehyung | Aged-Up Character(s) | Alcohol Abuse/Alcoholism | Angst | BTS A.U | Death | Depression | Drug Use | Everybody is Bad at Feelings | Fluff | Homophobia | Jeon Jungkook & Kim Taehyung | V are Best Friends | Jeon Jungkook is Bad at Feelings | Kim Taehyung | V is a Little Shit | Light BDSM | Park Jimin Is Bad at Feelings | Rough Sex | Shy Jeon Jungkook | Smut | Top Kim Taehyung | V | bangtan - Freeform | bts - Freeform | jikook - Freeform | kim taehyung - Freeform | kim taehyung is bad at feelings | taehyung - Freeform | v - Freeform | you're the worst,Kim Taehyung | V/Reader Series: Dark Paradise || BTS • Chaotic Relationships [2],taehyung
https://golemlab.eu/graph/30369975,16,Best friends,"Y/N and Taehyung are best friends who are both afraid to confess to each other. When they finally do, it's too late.",2021-03-30,2057.0,General Audiences,F/M,Completed,Best Friends | Jeon Jungkook & Kim Taehyung | V are Best Friends | Lost Love | One Shot | Suicide | University,Kim Taehyung | V/Reader,taehyung
https://golemlab.eu/graph/4752779,16,Ghost of You,"Sometimes it feels as if our loved ones never really leave us, even in death. This mini series details your various encounters with the boys... post mortem.",2015-09-08,3746.0,Teen And Up Audiences,F/M,In-Progress,Angst,"Kim Taehyung | V/Reader, Park Jimin (BTS)/Reader",taehyung
https://golemlab.eu/graph/28389378,16,Chance or Fate?,"In honor of Taehyungie's birthday, how about some nice Tae smut.",2020-12-28,7167.0,Not Rated,F/M,Completed,One Night Stands | Oral Sex | Single Parents,"Kim Taehyung | V/Reader, Kim Taehyung | V/You",taehyung
https://golemlab.eu/graph/4811375,16,I Need U [UNFINISHED],"""Why would I need you?"" ""Because I need you.""",2015-09-16,16793.0,Mature,F/M,In-Progress,Death | Depression | Romance | Suicidal Thoughts,"Kim Taehyung | V/Reader, Park Jimin (BTS)/Reader",taehyung
https://golemlab.eu/graph/31085309,16,Overstimulation,One shots I did when I was bored of tae being a sub getting overstimulated,2021-05-04,3308.0,Explicit,F/M,In-Progress,Cock Cages | Cock Rings | Cock pressing | Exhibitionism | Masochism | Moaning | Overstimulation | Public Humiliation | Riding | Sadism | Semi-Public Sex | Sub Kim Taehyung | V | Tae is a horny slut | Tae is a sub | Vibrators | Whining | crying from pleasure | dom reader | nsfw twitter,Kim Taehyung | V/Reader,taehyung
https://golemlab.eu/graph/14663739,16,Officer Kim,Tae is a police officer who meets someone who excites him and he takes advantage of it!,2018-05-15,1992.0,Explicit,Other,Completed,Biting | Dom/sub Undertones | Ejaculate | Explicit Language | Mild S&M | Oral Sex | Police | Sex,Kim Taehyung | V/Reader,taehyung
https://golemlab.eu/graph/18026465,16,Time Between Scars,"It wasn't as if you'd fallen out if love with him, but something had been wrong, broken in him since he lost his grandmother, and it wasn't something you could fix.",2019-03-07,2941.0,Mature,F/M,In-Progress,Angst | Angst with a Happy Ending | Drunk Texting | Eventual Smut | Jealous Kim Taehyung | V | Kim Taehyung | V-centric | My First Work in This Fandom | Reader-Insert,Kim Taehyung | V/Reader,taehyung
https://golemlab.eu/graph/15532713,16,Dog-Tags On Flowers,"Dating someone who is enlisted in the military is hard. The leaving and coming back was somwthing you didn’t mind, it was the time apart that you dreaded. Also, the what-ifs of the relationship is what is rocky. Summer has begun, but it feels like your Summer just turned to Winter with the news you have received about your boyfriend Taehyung. What memories await for you?",2018-08-02,2518.0,Mature,F/M,Completed,,"Kim Taehyung | V/Reader, Kim Taehyung | V/You",taehyung
https://golemlab.eu/graph/27450634,16,kth/qw: 1,"this was reworked from a johnny fic to taehyung since i thought it fit him perfectly and i keep trying to push my chubby mc agenda, here’s another one to all my beautiful bigger bodied readers!",2020-11-08,1055.0,Teen And Up Audiences,F/M,Completed,CHUBBY MC - Freeform | Fluff | No edit we die like men | THIS IS S CHUBBY MC FIC | loved up taehyung,Kim Taehyung | V/Reader Series: quick writes [3],taehyung
https://golemlab.eu/graph/19369246,16,Photograph,Aesthetic. Thats the word crossing her mind as the doors opened to reveal the wedding area; The aisle; The carpet; and the man standing at the end if it. (psst... Its Kim Taehyung ❤ ),2019-06-26,674.0,Not Rated,F/M,Completed,Fluff | Tooth-Rotting Fluff | Wedding Fluff,Kim Taehyung | V/Reader,taehyung
https://golemlab.eu/graph/19879192,16,Sunshine of Your Love,A couple at the beach Drabble.,2019-07-20,265.0,General Audiences,F/M,Completed,Black Character(s) | Interracial Relationship | Self-Acceptance | self love,Kim Taehyung | V/Reader,taehyung
https://golemlab.eu/graph/28174398,16,Calcu-LATER,"Math never fails you. The numbers might not always make sense, but you know there must be a solution. Everything fits together like a perfect puzzle, like your tidy life and solitary living…until Kim Taehyung spills paint all over your notebook. He, quite literally, trips into your life.",2020-12-19,13744.0,Teen And Up Audiences,F/M,In-Progress,Angst | Cheating | College AU | Drinking | Fluff | Internalized Homophobia | Language | art major!kim taehyung/math major!Reader,"Kim Taehyung | V/Reader, Min Yoongi | Suga/Park Jimin, Park Jimin/Reader",taehyung
https://golemlab.eu/graph/13659783,16,tulips//you've always been the only one for me,A sweet confession in the park in the middle of february between two old friends that are more than a little in love with eachother,2018-02-12,738.0,General Audiences,F/M,Completed,Alternate Universe - College/University | College AU | Cute | Flower Symbolism | Fluff | Love Confessions | Old Friends to Lovers | Tulips | after a long time | rlly short | soft | this is my first fic ever pls go easy on me,Kim Taehyung | V/Reader,taehyung
https://golemlab.eu/graph/40176330,16,Housewarming,You and Taehyung just bought a house together and he makes good on his promise to fuck you in every room.,2022-07-09,1311.0,Mature,F/M,Completed,Oral Sex | Shower Sex | Smut | Vaginal Fingering | Vaginal Sex,Kim Taehyung | V/Reader,taehyung
https://golemlab.eu/graph/13643166,16,After Gaming Cuddles,You have such an interesting boyfriend. What started out as a gripe about gifts ends in affection.,2018-02-11,867.0,General Audiences,F/M,Completed,,Kim Taehyung | V/Reader,taehyung
https://golemlab.eu/graph/30091908,16,Petit Diable,Angel or devil? He craved both.,2021-03-17,1786.0,Mature,F/M,Completed,Mentions of Sex | Paris (City) | Strangers to Lovers | finding love in the city of love | singer!reader | this oneshot is just straight up sexy imo,Kim Taehyung | V/Reader,taehyung
https://golemlab.eu/graph/32003575,16,Their Souls Cry Out,Part of the #armywriterchallenge on my old profile You meet a soulful Taehyung by following the sound of music. Your attempts to take his soul during a casual hook-up lead to more permanent arrangements.,2021-06-17,2186.0,Explicit,F/M,Completed,Casual Sex | Explicit Sexual Content | In need of a Soul | Succubus | Succubus’ Pet,Kim Taehyung | V/Reader Series: Y/N centric AUs [22],taehyung
https://golemlab.eu/graph/14634549,16,Save Me,",,You're just like the sun. You're so beautiful, but when people come closer, you hurt them.''",2018-05-13,3384.0,Not Rated,F/M,In-Progress,Alternate Universe | Angst | Attempted Rape/Non-Con | Demon Kim Taehyung | V | Demon!Taehyung | Eventual Smut | Fluff | Heavy Angst | Rape | Sad Ending | Sex | Smut,"Kim Taehyung | V/Reader, Kim Taehyung | V/You, Min Yoongi | Suga/Reader, Min Yoongi | Suga/You",taehyung
https://golemlab.eu/graph/19199260,16,,,,,,,,,,taehyung
https://golemlab.eu/graph/21169139,16,Dream Catcher,"Would you love me, if I asked you too? She yearned for his attention, while he chased after another girl’s attention. Will she find her prince or will she find heartbreak instead?",2019-10-25,32770.0,Teen And Up Audiences,F/M,In-Progress,Oblivious Kim Taehyung | V,Kim Taehyung | V/Reader,taehyung
https://golemlab.eu/graph/39310227,15,Netflix and Naps,You need just 5 minutes of kid free kitchen time. You end up with 90 minutes of peace and a sleeping husband and kid.,2022-05-30,545.0,General Audiences,F/M,Completed,Dad!Tan | Tae watching a movie instead of his kid,Kim Taehyung | V/Reader Series: Messages From Satvrn [8],taehyung
https://golemlab.eu/graph/36630523,15,Paint Night,You crash Taehyung's birthday paint night and ruin it with your attitude.,2022-01-24,2622.0,General Audiences,F/M,Completed,Cute | Fluff and Angst | Fun | Romance,Kim Taehyung | V/Reader,taehyung
https://golemlab.eu/graph/39515913,15,joglar de gèsta,"you manage to escape death when your not-so-lucky family is overthrown from Aquitaine, and the only way to avenge them and restore your conquered kingdom back to power is by asking your cousin Yoongi for help. but the journey to him is a dangerous one for a princess on her own, so you must travel escorted by... a jongleur.",2022-06-09,17310.0,Explicit,F/M,Completed,Age Difference | Attempted Sexual Assault | Bickering | Drinking | Grinding | Kissing | Loss of Virginity | Minor Character Death | Minor Violence | Period-Typical Sexism | Quiet Sex | Swearing | and there was only one bed | jungkook is a horrible guy in this lol,Kim Taehyung | V/Reader,taehyung
https://golemlab.eu/graph/28112376,15,Stranger in the Gallery.,"Reader x Taehyung. A small slip in the street, turns your entire world upside down. A handsome stranger who helps you, will soon become more emotionally invested in your life that you originally would have cared him to. Allowing yourself to be vulnerable around him has severe consequences when you're in an abusive relationship. Will this whirlwind relationship end in tears and turmoil?",2020-12-16,10459.0,Mature,F/M,Completed,Angst | Art | Cute Kim Taehyung | V | Emotional Abuse | Fluff | HARD | Physical Abuse | Romance | Run Away | bts - Freeform | domestic abuse | gallery | kim taehyung - Freeform | loving making | museum | romantic sex | soft,Kim Taehyung | V/Reader,taehyung
https://golemlab.eu/graph/11233545,15,TILL TIME ENDS,Can Taehyung protect his wife?,2017-06-18,2355.0,Not Rated,Gen,Completed,Alternate Universe | Angst with a Happy Ending | Fluff and Angst | Fluff and Smut | True Love,Kim Taehyung | V/Reader,taehyung
https://golemlab.eu/graph/37762192,15,Green room,You and your boyfriend Taehyung have a pre-show quickie in the green room.,2022-03-16,366.0,Explicit,F/M,Completed,Choking | Famous Kim Taehyung | V | Hair-pulling | Mini | Plot What Plot/Porn Without Plot | Quickies | Short One Shot | Smut,Kim Taehyung | V/Reader,taehyung
https://golemlab.eu/graph/21098516,15,la vie en rose,You find yourself entranced by a busker performing at the night market.,2019-10-19,531.0,General Audiences,F/M,Completed,Alternate Universe | Busking | Fluff | Music | Night markets | Saxophonist Kim Taehyung | V | Song: La Vie En Rose | Tooth-Rotting Fluff | this is just cheese guys | why is that not a tag,Kim Taehyung | V/Reader Series: Romantic Saxophonist Tae [1],taehyung
https://golemlab.eu/graph/18790909,15,Feverish,"My bestest buddy asked: 2,6,2,6 2.Fluff 6.Taehyung 2.Bedroom 6.Streetlights",2019-05-11,856.0,General Audiences,F/M,Completed,Domestic Fluff,Kim Taehyung | V/Reader Series: BTS Drabble Game [3],taehyung
https://golemlab.eu/graph/14684325,15,Summer's Nocturne,"Cast into unfamiliar and life threatening situations, you think you couldn't possibly survive. But you're stronger than you think, as you prove time and time again. Will you manage to find your way back home? Will you want to?",2018-05-17,3986.0,Mature,F/M,Completed,Abuse | Alternate Universe | Bermuda Triangle | Everything is up in the air | Friends to Lovers | Gender Inequality | Idol Worship | Matriarchy | Maybe too strong | Other Additional Tags to Be Added | Other BTS members to be added | Romance | Stranded | Strong Female Characters | Superstitions | Tae is the abused one | Tribal Society | Violence | War/combat | but not by Reader | just saying to be safe | minor rape/noncon in the future potentially | probably | probably not in detail though | slow build plot,Kim Taehyung | V/Reader,taehyung
https://golemlab.eu/graph/17482742,15,"Forever, Love","When your exams get too much for you to handle, your boyfriend’s pleasant surprise is there to save you.",2019-01-20,1167.0,General Audiences,Gen,Completed,,Kim Taehyung | V/Reader,taehyung
https://golemlab.eu/graph/16920111,15,Six Children,*...* : sentences edited on the final images. Bold :cameras' position in the house or outside. Italics :dialogues. /.../ : Time. (...) : Sound effects. [...] : camera movements This is an alternative follow-up to Taehyung's TROS,2018-12-09,5498.0,Teen And Up Audiences,F/M,Completed,DOMESTIC BTS | Domestic Fluff | Fluff | Husband Taehyung,Kim Taehyung | V/Reader,taehyung
https://golemlab.eu/graph/14966006,15,Weight in Gold,"You and Taehyung are business partners, that were once more. Feelings begin to rekindle over a night of escort.",2018-06-18,6712.0,Teen And Up Audiences,F/M,Completed,bts - Freeform | kpop,"Kim Taehyung | V/Reader, Min Yoongi | Suga/Reader",taehyung
https://golemlab.eu/graph/24943675,15,Drabble: Butter Fingers,"Original Drabble Ask: “Hey, could I request taehyung + hot chocolate + established relationship (bf, fiance, husband, it's up to you!) please? I could use some good old heartwarming fluff in these difficult times... Hope you're doing great, and I'm glad to hear you're going to come back officially! We all missed you!”",2020-06-27,777.0,Teen And Up Audiences,F/M,Completed,Drabble | Established Relationship | Secret Garden AU | Taehyung x Reader - Freeform | butter fingers | early 1900's au | flush | implied sexual activities | part of a drabble game,"Kim Taehyung | V/Reader, Taehyung x Reader, V x Reader Series: Drabbles [1]",taehyung
https://golemlab.eu/graph/17722763,15,The End,"So the reader's best friend sent her some pictures depicting Tae in some compromising positions with another girl, so Y/N goes to confront him.",2019-02-10,544.0,Teen And Up Audiences,F/M,Completed,Cheating | Established Relationship | Very OOC | Y/N slaps Tae just an FYI | dont @ me | i dont know this fandom | only wrote it for my bestie | pure angst,Kim Taehyung | V/Reader,taehyung
https://golemlab.eu/graph/18790948,15,Against the Wall,"Anonymous asked: 1,6,1,6 1.Smut 6.Taehyung 1.Bar 6.Streetlights",2019-05-11,719.0,Mature,F/M,Completed,Drabble | Smut | Stranger Sex,Kim Taehyung | V/Reader Series: BTS Drabble Game [1],taehyung
https://golemlab.eu/graph/13103082,15,Feather Light,"Christmas Eve with Taehyung should start with waking up to is kisses, right? Well, this isn't your average Christmas.",2017-12-22,5780.0,Not Rated,F/M,Completed,Christmas Fluff | Fluff,"Kim Taehyung | V/Reader, Kim Taehyung | V/You Series: Christmas Saga {2017} [7]",taehyung
https://golemlab.eu/graph/23385709,15,💭 Memories 💭,A Christmas story.,2020-03-30,2482.0,Explicit,F/M,Completed,Angst | Christmas | Idol Taehyung | Surprise Ending | Vaginal Sex | Young Love,Kim Taehyung | V/Reader,taehyung
https://golemlab.eu/graph/34750954,15,Somebody To Love,"kim taehyung wins the heart of everyone he meets, and you—his self-proclaimed work “nemesis”—are not an exception.",2021-10-27,2611.0,Explicit,F/M,In-Progress,Co-workers | Enemies to Lovers,"Kim Taehyung | V/Reader Series: Oh, What A World [4]",taehyung
https://golemlab.eu/graph/38915808,15,Wet Paint,When you and Tae need a picture to fill an empty space on your walls the two of you grab some paint and take matters into your own hands,2022-05-10,3887.0,Explicit,F/M,Completed,Doggy Style | Vaginal Fingering | Vaginal Sex | threesome discussion,"Kim Taehyung | V/Reader, Suggested Kim Taehyung/Reader/Park Jimin",taehyung
https://golemlab.eu/graph/14615508,15,Having Dinner (With Taehyung),Dinner time with Taehyung.,2018-05-11,739.0,General Audiences,Other,Completed,Fluff,Kim Taehyung | V/Reader,taehyung
https://golemlab.eu/graph/27878937,15,in which you meet a wizard without knowing,"While your sisters dreamt of riches and success, you've always stuck to what you've known. It’s better that way, less risky. Your hats can go out into the world for you. Then along came a mystery of a man, and with him, an unexpected adventure. howl's moving castle!au oneshot",2020-12-05,1506.0,General Audiences,F/M,Completed,Action/Adventure | Alternate Universe - Magic | Fantasy | Fluff | Kim Taehyung | V as Howl Pendragon,Kim Taehyung | V/Reader,taehyung
https://golemlab.eu/graph/25474600,15,RED ||KIM TAEHYUNG||,"His innocence were slowly stripped away by her red lips, and so he became drunk by her sweet taste, eyes blind to her bitterness, let himself to the high which was her. --A/N--this is just a short story, so I hope you enjoy♡",2020-07-23,1293.0,Teen And Up Audiences,F/M,Completed,Unhealthy Relationships,Kim Taehyung | V/Reader,taehyung
https://golemlab.eu/graph/25753807,15,Your Here Now,"I was possessed, dazed, intoxicated by my awakened desires. All my pent up infatuation, years in the making erupting at my core, unlocked by the lapse of reasoning due to intoxication. Sweet sweet soju running through my veins. He was my best friend but also my first of many. My first crush, my first kiss, first person to let them see me cry and now this: I wouldn’t have it any other way as long as I'd never be in danger of losing him. This is where I made my mistake. This shouldn’t have been my goodbye. '‘Had I known that saying Goodbye as sweetly as I did would have brought such painful beginnings. Would I have made the same choice? I would have 1000 times because it would have led me to you...Tae---shi. Perfect sweet you. My prize in such heartache’",2020-08-06,11373.0,Explicit,F/M,Completed,Angst | Deep feelings | Falling In Love | Making Love | Mental Health Issues | Plot Twists | Romance | suprises,"Kim Taehyung | V/Reader, Maybe Reader/ another BTS member",taehyung
https://golemlab.eu/graph/36632419,15,Permission To Look Like That | KTH,Just an OS where OC fucks Taehyung for looking so good during the PTD'21 online concert.,2022-01-24,1518.0,Explicit,F/M,Completed,Creampie | Daddy Dom Kim Taehyung | V | Degradation | Dom Kim Taehyung | V | Dom/sub | Dom/sub Play | Floor Sex | Humiliation | Kim Taehyung | V-centric | Multiple Orgasms | Nipple Play | Overstimulation | Permission To Dance On Stage (BTS Tour) | Riding | Rough Sex | Top Kim Taehyung | V | tattoo kim taehyung | v,Kim Taehyung | V/Reader,taehyung
https://golemlab.eu/graph/17886764,15,The Skin Canvas,"when a popular South Korean tattoo artist comes to your tattoo parlor, The Skin Canvas, to do guest work, perhaps jealousy, competition and lust ensues … aka tae comes to nyc to do guest work and he’s a little too cocky for your liking lmao he’s a Grade A asshole * important notice*: this features a black woman as the unnamed OC/Reader, anyone is welcomed to read but if it makes you uncomfortable or uninterested don’t read it pls",2019-02-22,1655.0,Mature,F/M,In-Progress,Black Character(s) | Enemies to Lovers | Eventual Smut | dom!taehyung | tatted!reader | tatted!tae | tattooartist!au,Kim Taehyung | V/You,taehyung
https://golemlab.eu/graph/18629674,14,Secrets,"The second story of my vampire au saga ""Blood Bound"", where reader is a trained vampire huntress tasked to eliminate a wanted enemy who also happens to be her secret lover, Kim Taehyung. But when the situation arises, she then discovers secrets of own her past that were hidden from her by the people she trusts including her beloved vampire Taehyung.",2019-04-28,5738.0,Explicit,F/M,Completed,Alternate Universe | Alternate Universe - Vampire | Blood | Human/Vampire Relationship | Smut | Vampires,Kim Taehyung | V/Reader Series: Blood Bound [2],taehyung
https://golemlab.eu/graph/25000294,14,The (Not So) Army Experience,"You wanted to feel like the army's do when they go to your boyfriends concert, you just had a little more perks then them afterwards.",2020-06-30,858.0,Mature,F/M,Completed,Blow Jobs | Come Swallowing | Dirty Talk | Exhibitionism,Kim Taehyung | V/Reader,taehyung
https://golemlab.eu/graph/10673820,14,Two Wrongs Turns Make A Right!!,The story of how you accidentally got a private show from Kim Taehyung! (a short one shot scenario) Rated PG for almost naked idols. Gender neutral for Hose-I mean all the V fanboys and fangirls,2017-04-19,711.0,General Audiences,Multi,Completed,Drabble | Scenario | Short One Shot,Kim Taehyung | V/Reader,taehyung
https://golemlab.eu/graph/17056796,14,Stigma,"Taehyung asks to try something different than usual today. Each person he's been with thus far has been too weirded out by his kinks to do anything more than vanilla. He’s never had the chance to do something daring with anyone, so he’s excited. You’re a little nervous but at the same time also looking forward to it. He gives you the instructions to wait in the bedroom with only your underwear until he comes home from work tonight.",2018-12-18,1384.0,Explicit,F/M,Completed,,Kim Taehyung | V/Reader,taehyung
https://golemlab.eu/graph/9801590,14,songbird,(why did someday have to come so late?),2017-02-17,798.0,Teen And Up Audiences,F/M,Completed,Angst | Fluff | Romance | a bit of fluff yes | and how he probably is as a bf | and kim taehyung is himself | bc why not | fleetwood mac song | hah | idk what i wrote really | these tags are messy,Kim Taehyung | V/Reader,taehyung
https://golemlab.eu/graph/35544652,14,Falling for You,"Counseling a summer camp filled with tiny humans can be hard. It can be even harder when you have to deal with working with your longtime crush, Taehyung. Lets see what madness and chaos the first day of summer camp brings.",2021-12-06,5556.0,General Audiences,F/M,Completed,Alternate Universe - Summer Camp | Anxious Min Yoongi | Suga | Cabins | Cute | Cute Jung Hoseok | J-Hope | First Kiss | Fluff and Crack | Friends to Lovers | Idiots in Love | Jealous Kim Taehyung | V | Kim Namjoon | RM is a Dork | Kim Taehyung | V is Whipped | actually no | jin specialises in terrorising children | tae falls off a tree | too many children | vminkook fall off a tree | what happens at summer camp stays at summer camp,"Kim Taehyung | V/Reader, Park Jimin (BTS)/Original Female Character(s)",taehyung
https://golemlab.eu/graph/17305286,14,Wounds,"You go back to your hometown for the holidays and reunite by chance with an old friend, only to part from him again. This was written for a ""Nostalgia"" winter prompt from Army of Writers Net. Crossposted from my Tumblr blog honeyyvee.",2019-01-05,4090.0,Teen And Up Audiences,F/M,Completed,Alternate Universe - Childhood Friends | Angst | Literally this is pure angst i'm sorry,"Kim Taehyung | V/Reader, Park Jimin (BTS)/Reader",taehyung
https://golemlab.eu/graph/9104239,14,Why didn't you tell me?,Taehyung had lost his grandmother but didn't tell you. You found out through social media and talked to him when he came home.,2016-12-29,508.0,General Audiences,F/M,Completed,BTS fluff | Fluff | bts - Freeform | kpop | kpop fluff | taehyung fluff,Kim Taehyung | V/Reader,taehyung
https://golemlab.eu/graph/17878022,14,Shot to the Heart,"""You barely have time to react before his gun raises and shoots you square in the vest.""",2019-02-23,2410.0,General Audiences,F/M,Completed,Arcades | Fluff | Laser Tag | please see a dentist later | the summary seems violent but this is very fluffy,Kim Taehyung | V/Reader Series: AWW Valentine's Aesthetic Week [6],taehyung
https://golemlab.eu/graph/22875925,14,Come See Me,"In the moment two past lovers reconnect in a vicious cycle. ~ Another notification; within my own mind though, those six words meant little as I knew this event couldn’t happen, shouldn’t happen since our mutual departure due to the toxicity of our previous connection meant this book, our relationship should have been closed but I knew very well, You were weak for me. Y/N: I know where this is going... Taehyung: I need to see you. Y/N: We can’t keep doing this vicious cycle Taehyung, it’s not good we agreed last time was the end of it all. Taehyung: Please. Y/N: Why should I? I paused... The Answer dripped form my fingers tips begging to type out the response with every key and every single reason why.  Yet the answer was so simple Taehyung: Because you need me too...",2020-02-24,3281.0,Explicit,F/M,Completed,Angst | Angst and Feels | Angst and Fluff and Smut | Angst and Hurt/Comfort | Angst with a Happy Ending | Break Up | Comfort Sex | Coping | Emotional Hurt/Comfort | Emotional Sex | Ex | Exas | Fluff and Hurt/Comfort | Kim Taehyung | Reader | Masturbation | One Shot | Oral Sex | Past Relationship(s) | Sex | Shameless Smut | Short One Shot | graphic smut | kim taehyung - Freeform,Kim Taehyung | V/Reader,taehyung
https://golemlab.eu/graph/22491949,14,Normal People Things,In which you are a singer-songwriter who meets Taehyung in an awards show and he convinces you to go through a list of things he wants to do since its the first time they're getting a vacation idk this is very self-indulgent. I'll be adding the tags as I go.,2020-02-03,6528.0,Not Rated,F/M,In-Progress,Cute Kim Taehyung | V | Idols | Inexperienced Kim Taehyung | Kim Taehyung | V is a Sweetheart | Reader-Insert | Self-Indulgent | it'll be cute | probably | this is what i would want to happen to me | we'll see | with a little filth | you teach him the ways of life,Kim Taehyung | V/Reader,taehyung
https://golemlab.eu/graph/27769276,14,Stay,"There are boundaries and rules for interacting with royals, Y/N's been around long enough to figure them out for herself. But what happens when the widdowed king returns to the palace and she begins to see him as more of a person than a ruler. Can the two of them stay to put back the broken pieces left from their pasts, or will everything go wrong when the truth comes out?",2020-11-29,5498.0,Not Rated,F/M,Completed,Angst | BTS Christmas | Brief Mentions of Blood | Duchess Min | Fluff | King Kim Taehyung | V | Min Yoongi | Suga & Min Yoonji Are Siblings | Widower Kim Taehyung | brief mentions of child loss | brief mentions of death | first snow | reader oc from another fic,"Kim Taehyung | V/Reader, Min Yoongi | Suga/Original Female Character(s) Series: Court of Violet [1]",taehyung
https://golemlab.eu/graph/26183578,14,FaceTime Cuddles,"“I miss you,” he whispers before looking at you again, “and I cannot sleep since I miss you so much.”",2019-07-04,1210.0,General Audiences,F/M,Completed,Facetime | Fluff | Idol AU | jimin cannot take a hint | jimin has fun teasing tae | the boys are on tour,Kim Taehyung | V/Reader Series: Mornings: BTS [3],taehyung
https://golemlab.eu/graph/38873241,13,Sweet Night,A brief encounter in a bar creates tension between you and your boyfriend's closest friend / roommate.,2022-05-08,2645.0,Not Rated,F/M,Completed,Break Up Talk | Charming Kim Taehyung | V | Flirting | Fluff | Love Triangles | Mutual Pining | Oblivious Park Jimin (BTS) | Unresolved Sexual Tension,"Kim Taehyung | V/Reader, Park Jimin (BTS)/Reader",taehyung
https://golemlab.eu/graph/15856566,13,Don’t Wake Me Up | Taehyung X Reader Oneshot,"“When your dreams get fulfilled in dreams, wouldn’t you rather skip reality?”",2018-09-01,2123.0,Teen And Up Audiences,F/M,Completed,,Kim Taehyung | V/Reader,taehyung
https://golemlab.eu/graph/17335955,13,Swim Part 2,"A week has passed since Hoseok caught you and Taehyung in his bed. Hoseok has being away from all his friends, including you, his best friend. Taehyung is in a bar with some friends and he hasn’t seen you since that night, and he can’t get you out of his head, so when he sees you entering the club, he can’t hold himself.",2019-01-07,3163.0,Mature,F/M,Completed,,Kim Taehyung | V/Reader Series: Swiming in you [2],taehyung
https://golemlab.eu/graph/23332966,13,Waking up to You,"That kiss was foreshadowing how I felt every day of my life waking up to you, Tae. - With love, Y/N",2020-03-26,2583.0,Teen And Up Audiences,F/M,Completed,,Kim Taehyung | V/Reader,taehyung
https://golemlab.eu/graph/13203726,13,"If we loved again, I swear I'd love you right",Freedom ain't nothing but missing you.,2017-12-30,2175.0,General Audiences,F/M,Completed,Alternate Universe - Coffee Shops & Cafés | Angst | Post-Break Up | Snow | Songfic | Winter,Kim Taehyung | V/Reader Series: Guess the Song [1],taehyung
https://golemlab.eu/graph/10554552,13,The Adventurous Misadventure,"""If only I were you,"" she thought. ""Then maybe the world wouldn't hate me so much."" ""I wish I were like you,"" he thought. ""You're always so bright. And me? I'm trapped in this never ending darkness. I hold power yet I'm still powerless. But you, you're the light at the end of this tunnel. You give me strength. So will you hold my hand and save me?""",2017-04-06,12379.0,General Audiences,F/M,In-Progress,Alternate Universe | Fluff | Heartbreak | Young Love | will add more tags as the story progresses,"Kim Taehyung | V/Reader, Park Jimin (BTS)/Reader",taehyung
https://golemlab.eu/graph/26262094,13,Something New,"Worried that her husband, KTH has grown tired of their sex life, His vanilla baby fiancee opts to try something new.",2020-09-03,1456.0,Explicit,F/M,Completed,69 (Sex Position) | Blow Jobs | Consensual | Disability | Kinks | Power Plays | Spit Play | Wedding Night | Wheelchair Sex | different positions | husband | wife - Freeform,Kim Taehyung | V/Reader,taehyung
https://golemlab.eu/graph/9349415,13,when morning comes (you'll be gone),"maybe sometimes love isn't keeping her close, maybe it is letting her leave when she wants to. maybe love isn't holding her to sleep but it is keeping it together when he wakes up alone. maybe love is realising that his happiness isn't hers.",2017-01-16,1894.0,Not Rated,F/M,Completed,Angst | Husband Taehyung | So basically | he's going through a divorce but he loves her still,Kim Taehyung | V/Reader,taehyung
https://golemlab.eu/graph/16893303,13,Vante,Your boyfriend wants to go express his art...on a wall...with spray paint. This seems like a bad idea.,2018-12-07,728.0,Teen And Up Audiences,F/M,Completed,,Kim Taehyung | V/Reader,taehyung
https://golemlab.eu/graph/6402748,13,Transitions,"You’ve learnt you weren’t fireproof the hard way, a long time ago. And you’ve been alone since, shutting everyone out, cause no one should be forced to bear with your shit. No one should burn with you. If you were to drown, you shouldn’t take anyone with you.",2016-03-30,443.0,Not Rated,Gen,Completed,Also the reader has no gender | Angst | Drabble | Honestly don't read this | I HAD SO MANY EXPECTATIONS ABOUT THESE TAGS | I don't even know how to use this site | I don't really know what I'm doing honestly | I'm Sorry | It's also kind of a miracle that there's no curse words here | Oh no wait there is curse words,Kim Taehyung | V/Reader,taehyung
https://golemlab.eu/graph/40034190,13,cobra kisses,"Being a vampire doesn’t come with instantaneous grace and charm. It does, however, come with varying levels of hypnotism, because there’s no way you’re this besotted with a walking immortal disaster.",2022-07-02,2046.0,Teen And Up Audiences,F/M,In-Progress,Alternate Universe - Vampire | Developing Relationship | Drabble Collection | Intimacy | Kim Taehyung | V is Whipped | Other Additional Tags to Be Added | Rating May Change | Romantic Gestures | Sensuality | Vampire Kim Taehyung | V | Vampires,Kim Taehyung | V/Reader,taehyung
https://golemlab.eu/graph/25348654,13,Tiny Surprise.,"Taehyung always knew there was something special about you that he just couldn’t quite put his finger on, that is until he found you could shapeshift. But nonetheless, he still finds you absolutely adorable.",2020-07-18,1228.0,General Audiences,M/M,Completed,Fluff | Light Angst | Tooth-Rotting Fluff | shapeshifter! AU,"Kim Taehyung | V/Reader, Kim Taehyung/Male Reader",taehyung
https://golemlab.eu/graph/13851279,13,,,,,,,,,,taehyung
https://golemlab.eu/graph/16345394,13,Don't Blink,"It had been years since he saw her, but some feelings never fade.",2018-10-19,1096.0,General Audiences,F/M,Completed,,Kim Taehyung | V/Reader Series: BTS- Moments to Remember [3],taehyung
https://golemlab.eu/graph/21149033,13,A Chance Of Happiness,Y/N has accepted a job offer with Big Hit Entertainment to accompany BTS for five months on their next world tour taking photos and filming a documentary.  What will happen when she meets the beautiful young man she’d had a brief encounter with a year before?,2019-10-23,5301.0,Explicit,F/M,Completed,,Kim Taehyung | V/Reader,taehyung
https://golemlab.eu/graph/15772899,13,Taming of the Beast,"All her life, Ye Chin Sun has been in the mafia world against her will. Finally, she breaks free of her family’s tainted history, only to be roped back in against her will. There, she will finally know where her loyalties lie, as well as where her heart lies.",2018-08-23,17902.0,Mature,F/M,In-Progress,Am I missing anything else? | Angst | First story | Fluff | I don't know what else to add | Im like butchering these additional adds | Minor Character Death | Umm . . . | death? | definitely death | mafia!au | probably | someone help me please,Kim Taehyung | V/Reader,taehyung
https://golemlab.eu/graph/8000332,13,Dans Le Noir,"Dans Le Noir ( In english from french means In The Dark) After long shift from working in his cubicle of the greyscale office, Taehyung gets dragged out by Yoongi to the afternoon streets of Paris to have a night out not to drink their work but to a restaurant that is owned by blind people and is pitch black. Taehyung is nervous at first but the feeling breaks away as the darkness engulfs him along with his heart to someone he just met.",2016-09-10,3045.0,Teen And Up Audiences,F/M,Completed,Alternate Universe - Paris | Alternate Universe - Restaurant | Falling In Love | Fluff | Love at First Sight | Romance,Kim Taehyung | V/Reader,taehyung
https://golemlab.eu/graph/24931624,13,Eiffel Tower,Your roommates Taehyung and Yoongi have been eliciting desire from you for weeks. It's time to make you into a Taegi sandwich.,2020-06-26,1266.0,Explicit,F/M,Completed,,"Kim Taehyung | V/Reader, Min Yoongi | Suga/Reader",taehyung
https://golemlab.eu/graph/13139550,13,crystal snow,"""Kim Taehyung. He was the master of giving presents. Every year before picking out names, you and the crew would all pray that Taehyung would pick one of you guys. Whether they usually prayed or not, every person prayed to some kind of being or a thing; it was pretty funny actually. Now just imagine the smile on your face that grew when your name had come out of Kim Taehyung's mouth. To be honest, you never really liked your name that much, it sounded dull and plain. Why did it suddenly seem so luxurious and colorful when he said it?""",2017-12-25,954.0,General Audiences,F/M,In-Progress,Christmas | Christmas Fluff | Secret Santa | Snow | Twoshot | White Christmas | merry chrysler | your hand and namjoon's hand are soulmates,Kim Taehyung | V/Reader,taehyung
https://golemlab.eu/graph/23753062,13,"PJM, KTH || Fake Couple","Broke up with your boyfriend Taehyung, and end up in a fake relationship with Jimin?! ""Shh, it's a secret between us."" Based on BTS FF Video: Fake Couple By Bangtan Mafia (Me)",2020-04-20,9784.0,General Audiences,F/M,Completed,Break Up | Declarations Of Love | Drama & Romance | Fake/Pretend Relationship | Falling In Love | Fanfiction | Kissing | Love | Love Confessions | Love Triangles | My First Fanfic | Romance | Teen Romance,"Kim Taehyung | V/Reader, Park Jimin (BTS)/Reader",taehyung
https://golemlab.eu/graph/17519792,13,stagelights,you didn't have much time left. one last shot to see your baby before you go.,2019-01-23,917.0,Not Rated,F/M,Completed,Oblivious Kim Taehyung | V,Kim Taehyung | V/Reader,taehyung
https://golemlab.eu/graph/18297725,12,Warmth,Boy did you feel like an idiot as you slide around a corner towards the meeting place that you were supposed to be at already. The date that meant a lot to you but somehow you still managed to sleep through your alarm. You just hoped he would still be there when you got there.,2019-03-31,466.0,General Audiences,F/M,Completed,Winter | cheesy as hell | fluffy af,Kim Taehyung | V/Reader Series: BTS Drabbles [25],taehyung
https://golemlab.eu/graph/9811898,12,blurry.,-Kim Taehyung,2017-02-19,1022.0,General Audiences,Gen,Completed,Angst | I cried waterfalls over my own work | Just Graduated! Taehyung | someone send help,Kim Taehyung | V/Reader,taehyung
https://golemlab.eu/graph/16484042,12,Lichterloh,"you’ve heard endless stories about small towns. That the folks living there loves to gossip all day, that theres always that one kid dreaming of making in in the big city. And of course the tales about supernatural beings lurking in the woods. After moving into town your’e surprised that you landed in a place that seems to be brimming with those beings and how the town just accepts them. Yet somehow just shortly after you’ve settled down you find yourself pulled into a scavenger hunt on the lookout for a glowing head that belongs to the Dullahan named taehyung.’‘",2018-11-01,12826.0,Teen And Up Audiences,F/M,Completed,Alternate Universe - Small Town | Body Horror | Horror | slightly inaccurate description of dullahan,Kim Taehyung | V/Reader,taehyung
https://golemlab.eu/graph/11045265,12,"So, Ice Cream","Who in the world is sneaking into your window in the middle of the night? -Based off the prompt ""Who crawls through someone’s window at 4am to go for ice cream?!” where you build a drabble around the phrase.",2017-05-30,612.0,General Audiences,F/M,Completed,Ice Cream | Sneaking In | friends - Freeform,"Kim Taehyung | V/Reader, Kim Taehyung | V/You",taehyung
https://golemlab.eu/graph/23543242,12,Darkroom,I don't want to be just another messy scribble in a notebook or a sloppy painting on a canvas. I want to mean more to you than you'll ever know.,2017-11-30,10742.0,Mature,F/M,In-Progress,Artist Kim Taehyung | V | Best Friend Park Jimin (BTS),Kim Taehyung | V/Reader,taehyung
https://golemlab.eu/graph/39874179,12,if the world was ending,five hours before the world is ending you go to meet a friend and eat some cake.,2022-06-25,651.0,Mature,Gen,Completed,Angst | Friends to Lovers | Implied Sexual Content | Pre-Apocalypse | a little touch of fluff,Kim Taehyung | V/Reader,taehyung
https://golemlab.eu/graph/36315517,12,stranger cities,"alone and single in paris - the city of love. that is until, you meet him and he turns your lonely night into a valentine’s day you won’t ever forget.",2022-01-09,5517.0,Explicit,F/M,Completed,Body Worship | Cross-Posted on Tumblr | Impregnation | Oral Sex | Unprotected Sex | strangers in Paris us,Kim Taehyung | V/Reader,taehyung
https://golemlab.eu/graph/30105363,12,The Girl in the Painting,You got yourself into trouble with a witch for being a curious kid. She cast a curse on you and now it is up to you and art student Taehyung to break it.,2021-03-17,10611.0,General Audiences,F/M,Completed,Alternate Universe - Modern Setting | Fantasy | Reader-Insert | x Reader,Kim Taehyung | V/Reader,taehyung
https://golemlab.eu/graph/35835025,12,Camellias,"Was it fate or just luck that Taehyung’s daughter begged him to buy flowers that day? You didn’t know what it was, but Taehyung stumbling into your life was just the excitement you needed in your life.",2021-12-20,2578.0,Explicit,F/M,Completed,Alternate Universe - Flower Shop | DILF Kim Taehyung | V | Smut,"Kim Taehyung | V/Reader, Kim Taehyung | V/You Series: Smut Drabbles [6]",taehyung
https://golemlab.eu/graph/32838055,12,Selfish,"You need a distraction from your pain, so you call your best friend to comfort you. He comes over and confesses. You don’t know if he’s being serious or if he’s just satiating your desperate need to feel loved and appreciated for one night. Pretend or not, you want him and he wants you.",2021-07-26,5971.0,Explicit,F/M,Completed,Angst | Angst and Hurt/Comfort | Bittersweet Ending | Frat Boy Kim Taehyung | V | Hand Jobs | Oral Sex | Smut | Spanking,"Kim Taehyung | V/Reader, Kim Taehyung | V/You",taehyung
https://golemlab.eu/graph/27147283,12,Tainted,"'𝘈𝘭𝘵𝘩𝘰𝘶𝘨𝘩 𝘵𝘢𝘪𝘯𝘵𝘦𝘥, 𝘸𝘦 𝘳𝘦𝘥𝘪𝘴𝘤𝘰𝘷𝘦𝘳 𝘰𝘶𝘳 𝘱𝘶𝘳𝘦 𝘴𝘦𝘭𝘷𝘦𝘴 𝘸𝘪𝘵𝘩 𝘰𝘯𝘦 𝘢𝘯𝘰𝘵𝘩𝘦𝘳.' - acceptance? growth? -  ""A story about lost souls finding their comfort in this suffocating world.""",2020-10-22,5471.0,Mature,F/M,In-Progress,Alternate Universe | Angst | Blood and Injury | Character Development | Developing Relationship | Dubious Consent | Emotional Roller Coaster | Fluff | Fluff and Angst | Foreplay | Gangs | I Tried | Implied Sexual Content | Kim Taehyung | V is Bad at Feelings | Love | Min Yoongi | Suga is Bad at Feelings | Minor Character Death | Minor Original Character(s) | Park Jimin is Bad at Feelings (BTS) | Plot | Romance | Slow Burn | Strippers & Strip Clubs | Threats of Violence | Trauma | Violence | idk tags ;-;,Kim Taehyung | V/Reader,taehyung
https://golemlab.eu/graph/5356664,12,Flesh,"Group: Bangtan boys Member: Taehyung (V) x reader Genre: Smut Warnings: Bondage, dominance, breathplay Oh c’mon! it’s a smut, you know that is just about sex, moans and sweat so READ AT YOUR OWN DISCRETION!",2015-12-05,1753.0,Mature,F/M,Completed,Smut,Kim Taehyung | V/Reader,taehyung
https://golemlab.eu/graph/28613337,12,Birthday Dessert,“I was gonna ask you if there was any dessert but it looks like it’s standing right infront of me.”,2021-01-07,2195.0,Explicit,F/M,Completed,Begging | Birthday Sex | Blindfolds | Consensual Sex | Daddy Kink | Eventual Smut | Fluff and Crack | Fluff and Smut | Kim Taehyung | V is a Tease | Light Bondage | Love | Oral Sex | Romance | Romantic Fluff | Rope Bondage | Smut | Stargazing | Teasing | Top Kim Taehyung | V | bc consent is sexy | is there even actual smut | stupid jokes,Kim Taehyung | V/Reader,taehyung
https://golemlab.eu/graph/39826320,12,방과후 학교 (After school program),"You’re English teacher in a grand academy for gifted students, you being the one to teach seniors. You recently transferred from Australia so you don’t know how this school truly works. One day you see something occur between your student and someone older… you have no clue what’s going on so wait to question it. It results in you learning too quickly with giving your student extra credit then showing the parent how you did it.",2022-06-23,5221.0,Mature,F/M,Completed,(They kiss really) | Age Swap | Alternate Universe - High School | Australian reader | Classroom Sex | Coming Inside | DILF Kim Taehyung | V | Eventual Relationships | Explicit Language | Father-Son Relationship | Floor Sex | High School Student Min Yoongi | Suga | Incest | Kim Taehyung | V Has a Big Dick | Kim Taehyung | V is Older Than Min Yoongi | Suga | Kissing | Korean Language Use | Masturbation | Min Yoongi | Suga Has a Big Dick | Noona Kink | Oral Sex | Semi-Public Sex | Teacher Kim Namjoon | RM | Teacher Reader | Teacher-Student Relationship | Vaginal Sex | Voyeurism | What Have I Done | ambw,"Kim Taehyung | V/Reader, Min Yoongi | Suga/Reader",taehyung
https://golemlab.eu/graph/9703187,12,Crossed,,2017-02-14,12574.0,Mature,F/M,Completed,Smut,"Kim Taehyung | V/You, Min Yoongi | Suga/You",taehyung
https://golemlab.eu/graph/33851203,12,forever (is a long time),"Eternity has been synonymous with Kim Taehyung since you were kids dressed in pressed collars and custom jewellery. From holding hands in an abandoned greenhouse to crafting an elaborate future together, there is not a second you would spare to think otherwise. So, why, is there this gnawing feeling that the universe you've been looking at is vastly different from the one Taehyung has been facing?",2021-09-13,3345.0,Explicit,F/M,In-Progress,Angst | Cum Eating | Cumplay | Fluff | Overstimulation | Smut | Unprotected Sex | rich kids au | time jumps,Kim Taehyung | V/Reader,taehyung
https://golemlab.eu/graph/22307224,12,A New Beginning,Y/N’s last memories of her father were brutal ones.  She has been haunted since that day by nightmares and visions of what had happened.  Everything has finally come together for her and she has reached a place where she’s totally comfortable.  Little did she know that her life was about to turn a corner and lead her and her family in a new direction.,2020-01-18,10285.0,Teen And Up Audiences,F/M,Completed,Beating | Implied/Referenced Rape/Non-con | Implied/Referenced Sexual Assault | Minor Character Death,Kim Taehyung | V/Reader,taehyung
https://golemlab.eu/graph/9212165,12,etched in bones,"it is many years later and their body ache at the thought of each other. they were the people they first learn to love. maybe they still do. in their better years, drunk of the high of their youth, they promised to love each other forever. it is many years later, and maybe they still do.",2017-01-05,1716.0,Not Rated,F/M,Completed,Angst | Angst with a Happy Ending | and he's still pining for the girl he learnt to love at 10 | au where taehyung is 30 | but still mostly angst | i try to make a happy ending | with a hint of happy ending | with sort of a happy ending,Kim Taehyung | V/Reader,taehyung
https://golemlab.eu/graph/26367979,11,Cleft Views,Taehyung thought that Y/n was all that and more and he was determined to marry her one day. There was only one problem: He had yet to even spoken to her yet. Surely nothing could go wrong there.,2020-09-09,3527.0,Teen And Up Audiences,F/M,Completed,Alternate Universe - College/University,Kim Taehyung | V/Reader,taehyung
https://golemlab.eu/graph/24988141,11,fallen candy,"The gates of the underworld are now open, unleashing evil and death on earth. Namjoon cannot stand to see his beloved humans suffering so he asks his most trusted friend Yoongi to help him save them. With the help of Taehyung, Yoongi is searching for the hybrid that will help them save humanity. They are searching for you.",2020-06-29,5100.0,Mature,F/M,Completed,Angel Jeon Jungkook | Angel Kim Namjoon | RM | Angel Kim Taehyung | V | Angel Min Yoongi | Suga | Fluff and Angst | Fluff and Smut | Humor | Loss of Virginity | Love Triangles | Mention of Death | Oral Sex | Pre-Poly | Romance | Vaginal Fingering | Vaginal Sex,"Kim Taehyung | V/Reader, Min Yoongi | Suga/Reader, Park Jimin (BTS)/Reader",taehyung
https://golemlab.eu/graph/18688627,11,The Prophet,A Prophet and a Keeper.,2019-05-03,161.0,General Audiences,F/M,Completed,Alternate Universe - Fantasy | tags will be updated as drabbles are posted,Kim Taehyung | V/Reader Series: Fantasy Drabbles [1],taehyung
https://golemlab.eu/graph/18739732,11,electric feel | 1.5K Draft,➥ Taehyung/Reader | University!au |kind of everything tbh ➥ Where Kim Taehyung meets an interesting person on the balcony of a party.,2019-05-07,1590.0,Teen And Up Audiences,F/M,Completed,Alternate Universe - College/University | Fluff | Light Angst | Mild Smut,Kim Taehyung | V/Reader Series: Drafts [5],taehyung
https://golemlab.eu/graph/21366403,11,,,,,,,,,,taehyung
https://golemlab.eu/graph/16558769,11,Moonchild,"He was molasses, slow and sweet, magic in his fingertips and tenderness in his soul.",2018-11-08,158.0,Mature,Gen,Completed,Romance | Sensuality,Kim Taehyung | V/Reader,taehyung
https://golemlab.eu/graph/31905019,11,champagne problems,the lines between friendship and love have been blurred by all of the spilled drops of champagne problems.,2021-06-12,7518.0,Explicit,F/M,In-Progress,(Supposedly) Unrequited Love | Angst | Domesticity | Fluff | Foul Language | Sexual Harassment | Swearing | alcohol consumption | bruises/blood | physical fighting in the form of (1) punch | taehyung has a saviour complex | terrible self-destructive tendencies,"Kim Taehyung | V/Reader, Kim Taehyung | V/You",taehyung
https://golemlab.eu/graph/11083515,11,I need U,What happened after the I need U mv with you as the main lead.,2017-06-03,4140.0,Mature,F/M,Completed,Alternate Universe - I Need U | Drama | I Need U Era | Kim Taehyung | V - Freeform | Mentioned Jeon Jungkook | Mentioned Kim Namjoon | Rap Monster | Mentioned Kim Seokjin | Jin | Mentioned Min Yoongi | Suga | bangtan - Freeform | bts - Freeform | jung hoseok - Freeform | park jimin - Freeform,Kim Taehyung | V/Reader,taehyung
https://golemlab.eu/graph/33686737,11,Bleed (Taehyung),"You and Taehyung have known eachother since you were kids, however you have developed feelings for him that you can’t bring yourself to tell him about. Before you graduate college you came up with a plan to indirectly tell him your feelings but will it work? { based off Bleed by Hot Chelle Rae }",2021-09-05,3124.0,Teen And Up Audiences,F/M,Completed,BTS fluff | Taehyung/Reader - Freeform | bts scenario | kim taehyung/reader - Freeform | taehyung scenario | v scenario,Kim Taehyung | V/Reader Series: BTS Scenarios [11],taehyung
https://golemlab.eu/graph/29973657,11,The Best First Date: Go For It,"During a time where being close to someone new could give you a life-threatening illness, what do you do when you become desperately lonely and need to be touched in the worst way? You fucking go for it anyway.",2021-03-11,3831.0,Explicit,F/M,Completed,BW/AM couple | Black Character(s) | Body Worship | Boys Make Passes at Girls Who Wear Glasses | Girls Make Passes at Boys Who Wear Glasses | Just an excuse to write a sex scene with Taehyung | Kim Taehyung Gives Oral Sex | Lots of kissing | Older Woman/Younger Man | One Night Stands | POV Female Character | Plus-Size Woman | black woman/korean man | bts fan fiction | fan fiction,Kim Taehyung | V/Reader,taehyung
https://golemlab.eu/graph/29876655,11,Love in Color,"After getting embarrassed at your high school reunion you escape and find your soulmate. And just like that, you're dull life becomes filled with color.",2021-03-06,971.0,General Audiences,Gen,Completed,Drabble | Fluff | Soulmates | you can only see things in black and white until you meet your soulmate,Kim Taehyung | V/Reader,taehyung
https://golemlab.eu/graph/19363708,11,Battles In The Living Room,,2019-06-26,287.0,General Audiences,F/M,Completed,nerf guns,Kim Taehyung | V/Reader,taehyung
https://golemlab.eu/graph/39476226,11,engorged,"You and Taehyung get along better than you could have ever imagined, but all bets are off when you have a disagreement about a “friend” who makes a surprise visit. On his face.",2022-06-06,831.0,Mature,F/M,Completed,Fluff | Fluff and Crack | Melodramatics | Swearing | like there's only so many ways in which I can describe the satisfaction okay | lurid description of popping a zit | no use of gendered pronouns for reader | pimple extraction | practice safe popping kids | zit popping,Kim Taehyung | V/Reader,taehyung
https://golemlab.eu/graph/16864867,11,Can You Trust Me?,Your feelings for Taehyung make your friendship complicated. He thinks he has a solution. What happens when a friend from your past reappears in your life during this messy situation you've gotten yourself into? Can you trust each other enough to figure it all out?,2018-12-05,12049.0,Explicit,F/M,In-Progress,Angst | Smut,Kim Taehyung | V/Reader,taehyung
https://golemlab.eu/graph/17910035,11,When Tae Juuls for the First Time,"You're someone who vapes, or Juuls more specifically, and after observing you for some time, Taehyung decides he wants to see what's so good about your hazardous hobby.",2019-02-24,1091.0,Teen And Up Audiences,F/M,Completed,Smoking,Kim Taehyung | V/Reader,taehyung
https://golemlab.eu/graph/36394216,11,Second,"""You don't love me, Tae. You never did. Please stop lying to yourself."" [Part V in the Euphoric State of Mind series]",2022-01-13,723.0,Teen And Up Audiences,F/M,Completed,Author Is Sleep Deprived | Cross-Posted on Wattpad | Crying | Crying Kim Taehyung | V | Crying Reader | How Do I Tag | How to add interesting tags? | I literally can't think of more tags | I'm Bad At Tagging | Sad | Sad Ending | Someone help me with these tags | author is struggling | author will cry | other side to love | replacement | second,Kim Taehyung | V/Reader Series: Euphoric State Of Mind [5],taehyung
https://golemlab.eu/graph/39696402,11,Taehyung is a dad!,"Through a friend in common, you meet Kim Taehyung at a nightclub and you both begin a no strings attached relationship that ends pretty quickly when without telling you anythung he leaves the city. A couple of years later the two of you encounters at your mutual friend's baby shower and he is shocked when you demand him to leave. He cannot be in your life! ...much less when there is a secret he must not find out of. Or A father's day special where Taehyung is your baby's daddy!",2022-06-17,3309.0,Teen And Up Audiences,F/M,Completed,Angst with a Happy Ending | Falling In Love | Fanart | Father's Day | Happy Ending | Idiots in Love | Light Angst | Love Confessions | No Strings Attached | Not Actually Unrequited Love | Parenthood | True Love,Kim Taehyung | V/Reader,taehyung
https://golemlab.eu/graph/17805974,11,entertainer,member: taehyung song: entertainer - zayn word count: 1.1k genre: smut/fluff,2019-02-16,1154.0,Teen And Up Audiences,F/M,Completed,Feelings Realization | Fluff and Smut | Fluffy Ending | Smut | Top Kim Taehyung | V,Kim Taehyung | V/Reader Series: songs [3],taehyung
https://golemlab.eu/graph/13572747,11,short stories for the wandering mind: a collection of taehyung AUs,"ive kept these in a lonely word doc since february 2017, and i thought i should finally do something about them :}",2018-02-04,775.0,Teen And Up Audiences,F/M,Completed,,Kim Taehyung | V/Reader,taehyung
https://golemlab.eu/graph/25901404,11,My Beautiful Ball & Chain,"Angelica (latina) ,(can be read as Y/N your choice) tells the the history of her unrequited love till the moment her desires come true. From High School through college and more. She tells of the great lengths she goes to get what she wants. But at what cost for her? Does she shatter without repair? Can the one she loves give her what she wants so desperately? Warnings: adult content, drinking and sex scenes. ""I had no idea what I had gotten myself into, at the time. Yet in the moment the only thing that mattered was how badly I wanted him to be the one to ravage me and savagely. It was all I ever wanted. All these last 8 years. Holding out and holding out like a mad woman. No other man even had a chance. I felt crazy, no he made me this way. Always dangling carrots over me. Until this night. I had prepared. """,2020-08-14,7878.0,Explicit,F/M,Completed,Eventual Romance | Explicit Sexual Content | Heartbreak | Loneliness | Longing | Possibly Unrequited Love | agnst | can be read as y/n | flash backs,"Kim Taehyung | V/Reader, Longtime friends - Relationship, Tae Hyung/ Original Character",taehyung
https://golemlab.eu/graph/25000375,11,Different,Different was a good thing.,2020-06-30,1087.0,Explicit,F/M,Completed,Blow Jobs | Daddy Kink | Dirty Talk | Exhibitionism | Hand Jobs | Vaginal Fingering | Voyeurism,Kim Taehyung | V/Reader,taehyung
https://golemlab.eu/graph/16674898,11,Moonshine and Starlights,"""If you think about it, this is kind of a date?""",2018-11-19,933.0,Not Rated,F/M,Completed,idk - Freeform | sorry - Freeform | what the fuck | wrote this the night before my surgery and i was tripping,Kim Taehyung | V/Reader,taehyung
https://golemlab.eu/graph/15801972,11,Ghost of You,"My brain finally caught up with what was happening, tears filling my eyes and spilling down my cheeks. “I’m so sad,” I cried, trying to break away from him. “And you don’t even care! Why are you here? How am I supposed to forget about you when you’re right in front of me?” His grip around me tightened, preventing me from getting away as we walked down the sidewalk. “I’m sorry. I’m sad, too,” he told me, voice hushed. The city was quiet around us, only a few cars in the distance. “You don’t get it!” I drunkenly exclaimed, tripping over my own feet. “My… everything hurts! You did this to me. I’m so broken, and I don’t know how to fix myself,” I sobbed, collapsing on the cement.",2018-08-26,2885.0,Not Rated,F/M,Completed,Angst | Angst with a Happy Ending | Break Up and Make Up | Fluff | Fluff and Angst | I kind of like this one | Post-Break Up | doesn't really follow the song tho | fluff-ish | inspired by Ghost of You by 5sos | nonidol!Taehyung | super cliche,"Kim Taehyung | V/Reader, Kim Taehyung | V/You",taehyung
https://golemlab.eu/graph/25426126,11,Toying with Taehyung,its been seven years. seven years being his stylist. Toying with him ever since in the slightest.,2020-07-21,1413.0,Mature,F/M,Completed,,Kim Taehyung | V/Reader,taehyung
https://golemlab.eu/graph/25592776,11,Not my Type,"""My dude... you're literally obsessed with me."" ""Don't mistake affection for obsession, my love."" Loosely based on Jane Austen's Pride and Prejudice.",2020-07-29,4376.0,Not Rated,F/M,In-Progress,,Kim Taehyung | V/Reader,taehyung
https://golemlab.eu/graph/31545980,11,fix a heart,"at your daughter’s visit to the er, you get more than you bargained for when you discover it’s your heart that needs fixing.",2021-05-26,7140.0,Mature,F/M,In-Progress,Angst | Awkward Sexual Tension | Body insecurity | Fluff | Hopeless romanticism | Taylor Swift References | Tooth Rotting Fluff | alcohol consumption | cheating and divorce | hospital/er | self-deprecating humor because why not,"Kim Taehyung | V/Reader, Min Yoongi | Suga/Reader",taehyung
https://golemlab.eu/graph/23123374,10,darlin’,in which y/n falls into a lake and taehyung is near by.,2020-03-13,628.0,General Audiences,F/M,Completed,,Kim Taehyung | V/Reader,taehyung
https://golemlab.eu/graph/22377838,10,Personal Mess,"You share an apartment with Taehyung, but he never cleans up after himself, leaving up to you who comes home tired after a long and tough day.",2020-01-23,3452.0,General Audiences,F/M,Completed,Alternative Universe - Housemate | Fluff | Gender Neautral Reader | House Cleaning | One Shot,Kim Taehyung | V/Reader,taehyung
https://golemlab.eu/graph/29801061,10,Date Night,A very possessive boyfriend claims you after an interrupted date night.,2018-08-21,1994.0,Mature,F/M,Completed,Choking | Daddy Kink | Dom/sub | Forced Orgasms | Non-serious possessiveness | Oral Sex | Overstimulation | PIV Sex | Praise Kink | Rough Sex | Spanking | breath play | degradation kink,Kim Taehyung | V/Reader,taehyung
https://golemlab.eu/graph/17335934,10,Swim,"He knew you, but he had never spoken to you. You were Hoseok’s best friend, and he was really jealous of you, he never opened a way for Taehyung to approach. Until one night at a party, where Hoseok wasn’t around you. The way was free for Taehyung do what he always wanted.",2019-01-07,2460.0,Mature,F/M,Completed,,Kim Taehyung | V/Reader Series: Swiming in you [1],taehyung
https://golemlab.eu/graph/24296737,10,Hold On and Let Go,People came from all over to escape their lives. Some just needed rest. Some needed distraction. Some needed healing. He needed healing. Your friendship evolved into something more. In you he found healing. But was he ever really yours?,2020-05-21,27327.0,Not Rated,F/M,Completed,Animal Death | No Smut | Romance | Sad break-up | Sexual Harassment,Kim Taehyung | V/Reader,taehyung
https://golemlab.eu/graph/26876578,10,TaeMin Bakery,For someone on twt. I usually don't do threesomes but I was inspired.,2020-10-07,1377.0,Explicit,F/M,Completed,Anal | Anal Sex | Blow Jobs | Condoms | Consensual Sex | Drabble | One Shot | Oral Sex | Plot What Plot/Porn Without Plot | Sex | Smut | Threesome - F/M/M | Vaginal Fingering | Vaginal Sex,"Kim Taehyung | V/Reader, Park Jimin (BTS) & Reader",taehyung
https://golemlab.eu/graph/7838974,10,Christmas Morning,Waking up next to your beloved one,2016-08-22,381.0,Not Rated,F/M,Completed,Christmas | Christmas Fluff | Cute | Drabble | Fluff | How Do I Tag | I Can't Believe I Wrote This | Mornings,"Kim Taehyung | V/Reader, Kim Taehyung | V/You",taehyung
https://golemlab.eu/graph/23832616,10,Prelude to a Kiss,Falling in love with the saxophonist who moved you to tears is as easy as it sounds.,2020-04-25,576.0,Teen And Up Audiences,F/M,Completed,Alternate Universe | Declarations Of Love | Fluff | Implied Sexual Content | Love | Music | Pink - Freeform | Romance | Saxophonist Kim Taehyung | V | Song: Prelude to a Kiss | Tooth-Rotting Fluff,Kim Taehyung | V/Reader Series: Romantic Saxophonist Tae [2],taehyung
https://golemlab.eu/graph/26934259,10,Déjà Vu,"An exhausted Taehyung needs to unpack, but he ends up unboxing feelings and all his old memories with you instead. Pairing: Taehyung x Reader Genre: Angst??? Fluffy if you squint??",2020-10-10,1144.0,General Audiences,F/M,Completed,Angst | Fluff | Friends to Enemies | Friends to Lovers | Gender-Neutral Pronouns | Not Actually Unrequited Love | Reader-Insert | Unrequited Love | ohhwenn,Kim Taehyung | V/Reader,taehyung
https://golemlab.eu/graph/15531711,10,"Welcome, First time with BTS? Drabbles","You wish your life was normal again, but you know it will never be the same. Not with what you’ve experienced since joining one of the most dangerous Gangs in Seoul: Bangtan.",2018-08-02,2630.0,Teen And Up Audiences,F/M,In-Progress,Alternate Universe | Alternate Universe - Gangsters | Angst | Fluff | Gang AU,"Kim Taehyung | V/Reader Series: Welcome, First time with BTS? [2]",taehyung
https://golemlab.eu/graph/25153480,10,Military service- BTS V,Taehyung and y/n spent a beautiful evening before he leaves to serve his duty in the military.,2020-07-08,1334.0,General Audiences,F/M,Completed,Fluff | Romance,Kim Taehyung | V/Reader,taehyung
https://golemlab.eu/graph/36664069,10,Parenthood,,2022-01-25,13486.0,Teen And Up Audiences,F/M,Completed,Children | Disabled Character | Parenthood | Series | reader - Freeform | taehyung - Freeform,Kim Taehyung | V/Reader Series: The Bumps In Life [5],taehyung
https://golemlab.eu/graph/39350499,10,All I See Is You,"Even if the world decided to swallow you whole and send you back to the days where you had struggled, so long as he was there, you would be happy, because loving him was the sole reason you lived so blissfully.",2022-05-31,2317.0,General Audiences,F/M,Completed,Alternate Universe | Alternate Universe - College/University | Alternate Universe - Modern Setting | Alternate Universe - Photographer | Feel-good | Fluff | Romance,Kim Taehyung | V/Reader,taehyung
https://golemlab.eu/graph/8480929,10,The Proposal,When your boyfriend Taehyung does the expected in an unexpected way. **Part 3 of the Video Game series,2016-11-06,1779.0,General Audiences,F/M,Completed,Fluff,Kim Taehyung | V/You Series: Video Game Series [3],taehyung
https://golemlab.eu/graph/14862188,10,Daisy Petals,"The break-up between you and Taehyung left him devestated. His friend, Jimin had convinced Kim to meet with a therapist to sort out his problems, but things didn't end that well.",2018-06-06,845.0,General Audiences,F/M,Completed,Angst | Sad Ending,Kim Taehyung | V/Reader,taehyung
https://golemlab.eu/graph/17616464,10,Late night surprise..,Taehyung x Reader What a fun surprise..,2019-02-01,824.0,Mature,F/M,Completed,Cocky Kim Taehyung | V | Dom Kim Taehyung | V,"Kim Taehyung | V/Reader, Kim Taehyung | V/You",taehyung
https://golemlab.eu/graph/16736844,10,Ways to Break-up,"The first time happened because of a little too much alcoholic beverages and overstimulated hormones, but it eventually escalated to something unexpected, their no strings attached deal. The whole arrangement was made based on convenience and pure lust. Catching feelings was out of the question, and Taehyung was confident about it, well at least at the beginning. After all, they never saw each other differently for all the years that they were together as friends. However, as heated moments turned into heart fluttering minutes to him, he knew that it was time to let go because his growing feelings would never be returned, not by someone like her. She would only break his heart.",2018-11-25,1227.0,Mature,F/M,Completed,Angst | Friends With Benefits | Implied Sexual Content | Swearing,Kim Taehyung | V/Reader Series: Ways to Break-up [5],taehyung
https://golemlab.eu/graph/34833385,10,Just say you won´t let go,"“Sorry to disappoint you but parties aren’t really my thing, so there won’t be any more run ins. In fact, I was just leaving before you threw yourself at me” “You think I would be disappointed?” “W-well, n-no! I just-, I mean, it´s just-“ “It´s fine, I am just teasing. I have to admit that I start to like you, so maybe I end up being disappointed after all” Song fic inspired by ""Say you won´t let go"" by James Arthur",2021-10-31,3332.0,Not Rated,F/M,In-Progress,Alternate Universe - College/University | Angst | Flirty Kim Taehyung | V | Fluff | Jealousy | Reader-Insert | Romance | Song fic | shy reader,Kim Taehyung | V/Reader,taehyung
https://golemlab.eu/graph/11967648,10,Begin,"Reader, who is a new student at one of the most prestigious private schools in the country, meets Kim Taehyung under some unusual circumstances. Maybe he'll turn out to be more than just another student to her. (School!AU)",2017-09-01,1416.0,Teen And Up Audiences,F/M,Completed,Fluff | I'm thinking like 5 or 6? | Multiple chapters | Ouran HS vibe | school!au | you'll get it,Kim Taehyung | V/Reader,taehyung
https://golemlab.eu/graph/31681928,10,Strawberries & Cigarettes,"being dragged out to some party on a saturday night wasn’t exactly your usual plans, but meeting a cute boy may or may not make it all better",2021-06-18,3764.0,Teen And Up Audiences,M/M,Completed,Alternate Universe | Bad Boy Kim Taehyung | V | Boys In Love | Cute | Fluff | Gay Kim Taehyung | V | Inspired by Music | Kissing | Reader-Insert | Smoking | Strangers to Lovers | male reader - Freeform,Kim Taehyung | V/Reader,taehyung
https://golemlab.eu/graph/23197204,10,Ridiculous Plan,,2020-03-18,4540.0,Explicit,F/M,Completed,,Kim Taehyung | V/Reader,taehyung
https://golemlab.eu/graph/22121260,10,"Pop, Fizz, Clink",It’s New Years Eve and your friend has dragged you to a celebrity party. There you meet someone who might change your mind about going to parties.,2020-01-04,947.0,General Audiences,F/M,Completed,,Kim Taehyung | V/Reader,taehyung
https://golemlab.eu/graph/29902572,10,It's Not What you Think,"Tae thinks you’re cheating on him with your best friend, Jin and confronts you in front of everyone.",2021-03-07,1570.0,Teen And Up Audiences,F/M,Completed,Accident | Angst | Angst with a Happy Ending | Arguing | Implied/Referenced Cheating | Innocence | Jealousy | One Shot | pushing,"Kim Taehyung | V/Reader, Kim Taehyung | V/You Series: Tumblr BTS fanfics [12]",taehyung
https://golemlab.eu/graph/35652307,10,Sway With Me,,2021-12-12,470.0,General Audiences,F/M,Completed,,"Kim Taehyung | V/Reader, Kim Taehyung | V/You Series: Happy Holidays [6]",taehyung
https://golemlab.eu/graph/40369413,10,Heartbreak Hotel,"❥❥ Pairing: taehyung x female reader ❥❥ Genre:strangers to lovers, podcaster!taehyung, angst, fluff ❥❥ Summary: When he isn’t spending his time working the front desk of the Borahae Hotel, Kim Taehyung runs what he likes to believe is a relatively successful podcast on a subject he has down to a science — love. Relying on the twisted relationships of his hotel guests for inspiration, each episode is packed with unsolicited advice from the resident love guru. There simply isn’t a romantic problem he can’t solve. However, it appears Taehyung has finally met his match when he stumbles upon a mysterious woman, who checks into the hotel every year on Valentine’s Day without fail, but is adamant that there is no such thing as love.",2022-07-17,10518.0,General Audiences,F/M,Completed,Angst | Angst with a Happy Ending | Fluff | Romance | Valentine's Day | Valentine's Day Fluff,"Kim Taehyung | V/Reader, Kim Taehyung | V/You",taehyung
https://golemlab.eu/graph/39358905,10,Shadow,"We all have shadows, they follow us even when we can't see them. But for Taehyung, his shadow is real. A being with his own mind, his own thoughts, and his own talents; Vante. Taehyung has had Vante under his control, but what happens when the two souls have become so intertwined...that Vante begins to take control? What happens when Taehyung can't find the tether to unravel them? What happens when Vante finds the tether first?",2022-06-01,3320.0,Mature,F/M,Completed,Choking | Cuckolding | Demon Kim Taehyung | V | Reader-Insert | Rough Sex | Spanking | Vaginal Sex | Witch Park Jimin (BTS),Kim Taehyung | V/Reader,taehyung
https://golemlab.eu/graph/28838352,9,Bubble Baths,"bubble baths were always fun, but with kim taehyung...they always led to something else.",2021-01-18,574.0,Mature,F/F,Completed,Bubble Bath | Drabble | Established Relationship | Funny Kim Taehyung | V | Love | Loyalty | Romance | Short & Sweet | Short One Shot | Top Kim Taehyung | V,Kim Taehyung | V/Reader,taehyung
https://golemlab.eu/graph/9278591,9,the transience of forever,"she seeps into his present as if she never left and he is stuck picking up the pieces he had so tried so hard to keep together. he watches her shadow lurk his life constantly, her impermanence tattooed perpetually in his mind. he wonders how a person who has far since left, still could create and maintain such a gaping hole in his heart. he wonders if it could ever be restored, if his heart could one day be repaired back to how it used to be, and he is reminded that not all that is broken can be fixed.",2017-01-10,2614.0,Not Rated,F/M,Completed,Angst | As A Backstory | Kim Taehyung | V & Park Jimin are Best Friends | So basically | University Student Kim Taehyung | V | and now taehyung wants a kid too | but the only person he wants to have kids with is out of his life | he wanted a kid | his gf did not | jimin has a kid | which is the biggest bummer of all bummer,Kim Taehyung | V/Reader,taehyung
https://golemlab.eu/graph/18545332,9,Angelic,"While in search of the boy you have to protect, you stumble upon a possibly fellow Angel.",2019-04-04,276.0,General Audiences,F/M,Completed,Taehyung x Reader - Freeform | taehyung imagine | taehyung oneshot,"Kim Taehyung | V/Reader, Kim Taehyung | V/You",taehyung
https://golemlab.eu/graph/24421474,9,Jerk...I love you,Taehyung suddenly surprises Y/N by coming into her house on a random Saturday. But both of them continue living the day with even more surprises they held from each other...,2020-05-28,3154.0,Teen And Up Audiences,F/M,Completed,Cringe-fest | Cute Kim Taehyung | V | Developing Relationship | Fluff | This is cringe | Thumb-sucking | annoying taehyung | extremely contrary to my tags | give it love | i swear i am innocent | idk how did i end up here | istg i regret | makeout | soft | tf kind of a kinky shit is this | there's a make out scene | this is: stupid | wtf is this,Kim Taehyung | V/Reader Series: BTS Fluff one-shots [3],taehyung
https://golemlab.eu/graph/23550082,9,,,,,,,,,,taehyung
https://golemlab.eu/graph/27111712,9,Birthday surprise,"You are alone for your birthday cause your boyfriend Taehyng had bts things he needed to do, what you didn't know what the surprise that you were going to get.",2020-10-19,1425.0,Not Rated,F/M,Completed,Birthday Sex,Kim Taehyung | V/Reader,taehyung
https://golemlab.eu/graph/25386007,9,The Devil Went Down to Georgia,"~The idea came from a mutual who said that Tae was the Devil because of his Duality. I quite agree. But it had me thinking about a particular song whose title is this work of fiction’s namesake.~ An AU in which Taehyung is the Devil and is controlled by a group of 6 upper class demons. His task is to regularly collect souls. But he has been slacking because he just doesn’t care and thinks it’s bullshit that they have this kind of power over him. Namjoon is getting tired of reminding him of his responsibilities and gives him an ultimatum: Collect a Soul or perish. It doesn’t matter what kind of soul right? What happens if the unfortunate soul he has come to collect is you? Through getting to know you...something within him changes. Will he take your soul and banish you to hell, or will a bet you made with him seal your fate in the end?",2020-07-19,3850.0,Explicit,F/M,In-Progress,All kinds of sex | Anxiety | Belly Dancing Classes | Complicated Relationships | Devils | Dont Mess With Taehyung | Dubious Consent | Evil Souls | Hell | Human/Demon relationships | Kidnapping | Love | Lust | Oversight Council | Pole Dancing Classes | Preying on the innocent | Pure Souls | Slow Burn | Summer Heat | Taehyung on a pole? | That annoying best friend | a bet | soft spot,Kim Taehyung | V/Reader,taehyung
https://golemlab.eu/graph/26964220,9,Tree Rings,,2019-12-10,25127.0,Teen And Up Audiences,F/M,Completed,Alternate Universe | Multiple Lifetimes | Reincarnation | Soulmates,"Kim Taehyung | V/Reader, Kim Taehyung | V/You",taehyung
https://golemlab.eu/graph/14824811,9,Sea Glass,"Just you, Taehyung, a beach, and some sea glass",2018-06-02,617.0,General Audiences,F/M,Completed,Fluff,Kim Taehyung | V/Reader,taehyung
https://golemlab.eu/graph/9517229,9,,,,,,,,,,taehyung
https://golemlab.eu/graph/39746544,9,Business Meeting,What will happen when you meet the CEO of opposing companies?,2022-06-19,4600.0,Mature,F/M,Completed,Business | Business Owner Kim Taehyung | V | Foreplay | POV Female Character | Smut,"Kim Taehyung | V/Reader, Kim Taehyung | V/You Series: One Shots [1]",taehyung
https://golemlab.eu/graph/16354526,9,I still want you,"angst,fluff AU where Taehyung is a member of BTS and you are part of an american girlband called 5 O'clock. You've been a fan for a long time, and you'll soon discover that Taehyung, is also a very big fan of your band. You meet each other for the first time at the BBMA's and things take off from there.",2018-10-20,1920.0,General Audiences,F/M,In-Progress,I hope this is not cringey | also | for sure | there will be smut,Kim Taehyung | V/Reader,taehyung
https://golemlab.eu/graph/29166162,9,Whispering Plague~||~Taehyung x Y/N~||~Fanfiction,"These chapters will be short, this is old work. Y/N finds herself in a tough spot. Let me elaborate. Wednesday, December the 16th, 2022, the day the plague hit. The last day she would see the world the same. When the plague hit, her mother sent her away so she wouldn't get it, it affected 9/10 people and had a death rate of 100%. Her town was empty for awhile, so silent her ears would start to ring, just so she wouldn't go insane. But would this life ever change? When she started seeing signs of other life she saw hope, another person? <⚠️Smut Warning⚠️> <⚠️Self harm warning ⚠️ > <⚠️slight violence warning ⚠️ >",2021-02-03,520.0,Teen And Up Audiences,F/M,In-Progress,Angst | Apocalypse | Character Death | Kim Taehyung | V & Park Jimin are Best Friends | Smut | Top Kim Taehyung | V | Virus,Kim Taehyung | V/Reader,taehyung
https://golemlab.eu/graph/27668197,9,BEACH,Spending time with Taehyung at the beach.,2020-11-22,266.0,General Audiences,F/M,Completed,Fluff,Kim Taehyung | V/Reader,taehyung
https://golemlab.eu/graph/29639721,9,Game Changer,"(Based off of BTS Run where they play the pc games) Paring: taehyung/reader Genre: crack, fluff Au: best friend to lovers Word Count: 3.3k Warnings: swearing, bad bitch energy, friendly teasing, sexual tension Check the end for notes on the story and future postings! <3",2021-02-22,3458.0,General Audiences,F/M,Completed,Gamer Jeon Jungkook | Gamer Kim Taehyung | V | Teasing,Kim Taehyung | V/Reader,taehyung
https://golemlab.eu/graph/16755505,9,Latte Art,"You couldn't go the day without a cup of coffee. Without it, you'd crumble into your shoes due to pure exhaustion. One day, you head to a cafe due to a shortage of your own coffee- and the barista you'd seen there made it all worth while.",2018-11-26,1182.0,Not Rated,F/M,In-Progress,Barista Jeon Jungkook | Barista Kim Taehyung | V | Barista Park Jimin | Crushing | Fluff | Friends to Lovers | I couldn't resist | I hope you like it uwu | Ok bye | Romance | Romantic Fluff | i've wanted to write this for so long,Kim Taehyung | V/Reader,taehyung
https://golemlab.eu/graph/20630324,9,Hook ups,Y/n was sitting alone inside a cafe till Kim Taehyung came along spiced things up during their meeting.,2019-09-13,868.0,Mature,F/M,Completed,Bathroom Sex | Casual Sex | Hot Sex | POV Female Character | Public Sex | Rough Sex | Top Kim Taehyung | V | Wet & Messy,Kim Taehyung | V/Reader,taehyung
https://golemlab.eu/graph/16428209,9,The girl who had a choice.,"You are the descendant of a Pure-blooded family of Death Eaters and, most crucially, the daughter of Markus Harter, considered one of the most powerful wizards alive. As incredible as that might sound, it isn’t all that at all. Nobody knew what hid behind sealed doors, nobody knew what it was like to be who you were, nobody knew how much you’d suffered, what you’d been through. Everyone prejudged you because of that last name and you honestly couldn’t blame them, you yourself were terrified of it. You were home-schooled until the present day where, finally, your father let you attend Hogwarts. The thing is, you had completely been alienated from society all of your life. You don't know what to do. You are completely alone and lost in what seems to be a whole new world that you have yet to wander around and discover. But, you won’t do it alone. After meeting him at his mum’s pet store, Taehyung and you seem to always end up around each other which leads to the two of you becoming close rather quickly. Surely enough, getting there wouldn’t be easy but he always stayed by your side through your ups and downs. He’d be there to help you through, what you’d call, the hardest choice and time of your life...",2018-10-27,2388.0,Teen And Up Audiences,F/M,In-Progress,Adorable Kim Taehyung | V | Alternate Universe - Harry Potter Setting | Angst | Anxiety | Child Abuse | Emotional Hurt/Comfort | Fluff | Fluff and Angst | Friendship | Friendship/Love | Hufflepuff | Hufflepuff Kim Taehyung | V | Hurt/Comfort | Implied/Referenced Character Death | Kim Taehyung | V is a Sweetheart | Other Additional Tags to Be Added | Slow Burn | Slytherin | Social Anxiety | i'll try to not make it too slow don't worry,Kim Taehyung | V/Reader,taehyung
https://golemlab.eu/graph/34448305,9,Long Day,Kim Taehyung comforts you after a hard week of dealing with anxiety and depression.,2021-10-12,806.0,Mature,F/M,Completed,Emotional Hurt/Comfort | Fluff and Hurt/Comfort | Hurt/Comfort | No Angst | Reader has depression & anxiety | Taehyung best husband,"Kim Taehyung | V/Reader, Kim Taehyung | V/You",taehyung
https://golemlab.eu/graph/26629954,9,Home,Just another unedited blurb...thanks for the read .,2020-09-24,3737.0,General Audiences,F/M,Completed,Reader-Insert | Sad | Single Parents,Kim Taehyung | V/Reader,taehyung
https://golemlab.eu/graph/12377724,8,Summer Flings,Just a short one shot about the ending of a  sweet summer fling with Taehyung,2017-10-16,519.0,General Audiences,F/M,Completed,Angst | Fluff | Fluff and Angst | One Shot | Spring Fling | kpop,Kim Taehyung | V/Reader,taehyung
https://golemlab.eu/graph/39001473,8,It's Definitely You,A short drabble in which Taehyung's significant other is jealous after the Grammy's.,2022-05-15,513.0,Not Rated,Gen,Completed,Domestic Fluff | Fluff | Fluff and Angst | Jealousy | Romance,"Kim Taehyung | V/Reader, Kim Taehyung | V/You",taehyung
https://golemlab.eu/graph/17589776,8,Hold Me Close,A cute fluff story about you (reader) and Taehyung. You two are already dating but his spontaneity never ceases to amaze you. In this one-shot you share a cute moment with Taehyung before his concert.,2019-01-29,622.0,Teen And Up Audiences,F/M,Completed,Boyfriends | Complete | Concerts | Cute | Fluff | Happy | Hugs | One Shot | Random & Short | Reader-Insert | Realistic | Romance | Romantic Fluff | Short & Sweet | Short One Shot,Kim Taehyung | V/You,taehyung
https://golemlab.eu/graph/35426458,8,For me || K.TH,Taehyung feels like he is not enough for his girlfriend but he is everything she could ask for.,2021-11-30,490.0,General Audiences,F/M,Completed,Angst | Fluff | Fluff and Angst | Idol Kim Taehyung | V,"Kim Taehyung | V/Reader, Kim Taehyung | V/You Series: BTS Writeups [2]",taehyung
https://golemlab.eu/graph/29361702,8,It's Just sex,,2021-02-14,1092.0,Explicit,F/M,Completed,Anal Sex | Blow Jobs | Cock Slut | Consensual Sex | Double Penetration | Implied/Referenced Cheating | One Shot | Oral Sex | Sex | Slut Shaming | Threesome - F/M/M | Tie Kink | Vaginal Fingering | Vaginal Sex,"Kim Taehyung | V/Reader, Park Jimin (BTS)/Reader",taehyung
https://golemlab.eu/graph/39907761,8,Summer Wine,"You are betrothed to Kim Taehyung - your childhood best friend. Yet, he is never around, busy with his revenge against the people who killed his family. You are left to do what you want in the years before the wedding. So you fill your time with short, meaningless affairs. Yet, your little fling with Park Jimin grows beyond a one-night-stand... But now you have to break up with Jimin. And Taehyung must not know... he must never find out that your heart is broken in two and the part that belongs to Jimin has grown so big, strong and demanding that you can hardly control it. You have to break up with Jimin. But would you have the will and the strength to say goodbye to the man you love...",2022-06-26,14638.0,Explicit,F/M,In-Progress,A LOT of Angst | Angst | Complicated Relationships | Established Relationship | Fluff and Smut | Forbidden Love | Friends to Lovers | Guilt | Light Dom/sub | Love Triangles | Mafia AU | Mafia BTS | Smut | Strangers to Lovers,"Kim Taehyung | V/Reader, Kim Taehyung | V/You, Park Jimin (BTS) & You, Park Jimin (BTS)/Reader Series: Prompt Based Short Stories [3]",taehyung
https://golemlab.eu/graph/33459826,8,BTS Song Fic (Blue and Grey) | KTH,Sad song. Sad story. Sad author. Happy reader? Based on eng. version of Blue & Grey that played during In the Soop.,2021-08-24,599.0,General Audiences,F/M,Completed,Angst | Depression | Emotional Hurt/Comfort | Hurt/Comfort | Songfic,Kim Taehyung | V/Reader,taehyung
https://golemlab.eu/graph/11535222,8,Counting Stars,"Really it starts off as a sad story; your parents have gotten a divorce, and since you don't want to live with your dad in the United States,you have to move to your mother's hometown, which is all the way across the world. Even though you are only 12 when you move to Seoul, you have a harder time than expected. It's you and your mom against the world, until you meet a group of boys that seem to make everything about this awful predicament slightly better.",2017-07-18,4229.0,Teen And Up Audiences,F/M,In-Progress,Best Friends | Falling In Love | High School | Plot Twists,"Kim Taehyung | V/Reader, Min Yoongi | Suga/Park Jimin",taehyung
https://golemlab.eu/graph/29279046,8,,,,,,,,,,taehyung
https://golemlab.eu/graph/27497923,8,Kᴇᴇᴘ ɪᴛ ᴘʀᴏꜰᴇssɪᴏɴᴀʟ ǁ 𝗸.𝘁𝗵 𝘅 𝗿𝗲𝗮𝗱𝗲𝗿,"Your first day of work as Taehyung's secretary/ What could go wrong? ONE SHOT or Another cliche, cringe boss/secretary au i wrote at 3am. . This was my first ever fanfic, I kept it in my drafts for 9 months I think. Anyways, enjoy it ahaha",2020-11-10,1393.0,Teen And Up Audiences,F/M,Completed,Alternate Universe - Office | Boss Kim Taehyung | V | Boss/Employee Relationship | CEO Kim Taehyung | V | Dom Kim Taehyung | V | Kissing | My First Fanfic | One Shot | Rough Kissing | Secretary - Freeform | Secretary Reader,Kim Taehyung | V/Reader,taehyung
https://golemlab.eu/graph/33722041,8,I'm a good boy,Written for someone on Twitter,2021-09-06,201.0,Explicit,F/M,Completed,Blow Jobs | Erotic Poetry | Licking | Love Poems | No Dialogue | Oral Sex | Reader-Insert | Short One Shot | Slut Shaming | Smut | Vaginal Sex,Kim Taehyung | V/Reader,taehyung
https://golemlab.eu/graph/38878884,8,Everlast,"⟢ pairing: vampire!tae x human!reader ⟢ word count: 1,024 ⟢ genre + warnings: historical vampire au || nsfw 18+, minor angst, smut, fluff (smangst © & smluff © are we surprised?); major character ‘dying’ & blood consumption (vampire au so obvs, but i’d rather tag it to be safe than sorry), neck biting, unprotected sex, creampie, cuddling ⟢ summary: You seek out an Everlast that you have fallen for in the hopes that he can stop you from turning 30 & make you his forever. ⟢ an: hi, so this was inspired by a recent kmedia article that said they loved tae’s visuals and acting skills and would love to have him play in a drama and vampire would be a great role since he has the ability to be versatile aka the whiplash we suffer? they noticed it. so of course my ass couldn’t NOT get this thought out of my head. its short, but enjoy!",2022-05-09,1065.0,Not Rated,F/M,Completed,Angst | Blood | Creampie | Fangs | Fluff | Orgasm | Poetic | Smut | Vampire AU | castle - Freeform | climax | everlast | kim taehyung - Freeform,Kim Taehyung | V/Reader Series: The Everlast Series [1],taehyung
https://golemlab.eu/graph/18906286,8,Mess,"Crushes. People get them and it's either a cute, silly era or a horrible episode to their life. You had a crush. Taehyung was it. He was best friends with your older sister which meant constant visitations and wonderful moments forming between you two. It was a great time for you in which you thought you could look back on and cherish in the future. You know. Just a crush. Of course. Until Taehyung disappeared. Leaving with no word or traces of his whereabouts or why he suddenly disappeared. All you know is it crushed you. Now, it's been years since the disappearance and all has changed. All has changed and the new Taehyung could not have reappeared during any better time.",2019-05-31,8089.0,Not Rated,F/M,In-Progress,Anger | Family Issues | First Crush | First Love | Friendship | Hurt/Comfort | Jealousy | Love | Love/Hate | Past | Romance | Suffering,Kim Taehyung | V/Reader,taehyung
https://golemlab.eu/graph/28196454,8,A New City,"Reader gets to know Kim Taehyung, a little too close, a little too soon. Some angst and sadness involved, as well as smut. Ends well.",2020-12-21,15700.0,Mature,F/M,Completed,,Kim Taehyung | V/Reader,taehyung
https://golemlab.eu/graph/22326520,8,So This Is Love,here we have Taehyung as Cinderella,2020-01-20,2371.0,Teen And Up Audiences,F/M,In-Progress,Alternate Universe - Fairy Tale | Cinderella Elements | please be patient with me,Kim Taehyung | V/Reader Series: BTS as Disney Princes(ses) [2],taehyung
https://golemlab.eu/graph/24629854,8,TaeTae and the baker,"TaeTae fucks you, a baker.",2020-06-09,2087.0,Explicit,F/M,Completed,,Kim Taehyung | V/Reader,taehyung
https://golemlab.eu/graph/23522926,8,,,,,,,,,,taehyung
https://golemlab.eu/graph/40963311,8,Outside,Taehyung's point of view during the time between Chapter 3 and Chapter 4 (Complete Faith). Requested by tumblr user @/pamzn. Alt summary: Taehyung's in his freaking feelings.,2022-08-11,2203.0,Teen And Up Audiences,F/M,Completed,Angst | Drinking | Explicit Language | literally that should just be the summary | taetae's in his feelings,Kim Taehyung | V/Reader Series: Complete Faith [2],taehyung
https://golemlab.eu/graph/38365663,8,Bri’s Interlude,Bri gets a lovely birthday gift from her bias  Taehyung.,2022-04-14,3311.0,Explicit,F/M,Completed,Birthday Sex | Choking | Dirty Talk | Dom/sub Undertones | Explicit Sexual Content | Foreplay | Kim Taehyung | V Has a Big Dick | Oral Sex | Porn With Plot | Sexual Tension | ambw,Kim Taehyung | V/Reader,taehyung
https://golemlab.eu/graph/29856330,8,one last time,"loving taehyung was easy - way too easy. breaking up with him, though; that was the hardest part of it all. however, to keep you both sane, it was necessary - to keep you both emotionally healthy. now, the only problem of this was that you two were starring in the same series - where your characters were dating and crazily in love with each other.",2021-03-05,3618.0,Teen And Up Audiences,F/M,Completed,Actor Kim Taehyung | V | Alternate Universe - Not K-Pop Idols | Reader-Insert,Kim Taehyung | V/Reader,taehyung
https://golemlab.eu/graph/40131528,8,The portrait,"You unexpectedly inherited the house from the grandfather you did not know. You want to sell it as quickly as possible but there is slight problem, house has a tenant and he does not have a warm feeling towards you.",2022-07-07,3859.0,Mature,F/M,Completed,Family Secrets | Fluff and Angst | Oral Sex | Smoking | Swearing | Vaginal Sex,Kim Taehyung | V/Reader,taehyung
https://golemlab.eu/graph/6918088,8,Farewell,"What are you without the love of your life? They say when you die, you see your life flash before your eyes until the light goes out.",2016-05-21,2023.0,Teen And Up Audiences,F/M,Completed,Angst | Fluff | One Shot,Kim Taehyung | V/Reader,taehyung
https://golemlab.eu/graph/40262532,8,Blurred limits,When your best friend calls because he needs to relax and get away from stress you don't hesitate to follow him on a chilled trip. A wonderful day ending a bit different from what you intended ...,2022-07-12,1474.0,Explicit,F/M,Completed,,Kim Taehyung | V/Reader,taehyung
https://golemlab.eu/graph/13358700,8,édition doux de tentation.,"temp·ta·tion tem(p)ˈtāSH(ə)n/ noun noun: temptation; plural noun: temptations a desire to do something, especially something wrong or unwise. a thing or course of action that attracts or tempts someone.",2018-01-13,1198.0,Explicit,M/M,In-Progress,Abuse | Alternate Universe - Paris | Black Character(s) | Childhood Sexual Abuse | Flirting | France (Country) | Racist Language | Stripper Kim Taehyung | V | Temptation,Kim Taehyung | V/Reader,taehyung
https://golemlab.eu/graph/10697406,8,I would never break your heart!,Brack up isint always bad because sometimes it help to see what was infront of you all this time.,2017-04-22,2422.0,General Audiences,F/M,Completed,Best Friends | Break Up | Crying | Cute Kim Taehyung | V | Friendship | Jung Hoseok | J-Hope & Kim Taehyung | V are Best Friends | Male-Female Friendship | reader - Freeform,Kim Taehyung | V/Reader,taehyung
https://golemlab.eu/graph/21507976,7,Right After Dawn,"I don't know how to write summaries. Basically, you wake up after you fight with Jimin, get drunk, and sleep with Taehyung.",2019-11-21,341.0,Teen And Up Audiences,F/M,Completed,Cheating | Drunkenness | Fights | Implied Sexual Content | Implied/Referenced Cheating | Infidelity | One Night Stands | Short One Shot,"Kim Taehyung | V/Reader, Park Jimin (BTS)/Reader",taehyung
https://golemlab.eu/graph/30253914,7,love's death.,"“All this time to realize there’s nothing stopping you from leaving me.” Alternatively, it’s been weeks since you last saw Taehyung. Something about him has changed; have you, too, changed this much?",2021-03-25,682.0,Teen And Up Audiences,F/M,Completed,Angst | Based on an EDEN Song | Originally Posted on Tumblr | Reader-Insert | the end of a relationship,Kim Taehyung | V/Reader,taehyung
https://golemlab.eu/graph/28049970,7,My Handsome Boss,Y/N is in desperate need of a job when her friend Jungkook suggests her to become the secretary of the world's most powerful company's CEO. Who  is  considered to be very cold hearted. Will Y/N be able to melt the cold hearted ceo's ice cold heart?,2020-12-13,7218.0,General Audiences,F/M,Completed,Boss and employee relationship | Kookie loves food | Romance | minor misunderstanding,Kim Taehyung | V/Reader,taehyung
https://golemlab.eu/graph/18870790,7,Captivated - Kim Taheyung,"""ɪ ᴡɪʟʟ ɴᴇᴠᴇʀ ғɪɴᴅ ʜᴀᴘᴘɪɴᴇss, ᴛʜᴇ ᴡᴏʀʟᴅ ɪs ᴛᴏᴏ ᴄʀᴜᴇʟ ғᴏʀ ᴛʜᴀᴛ."" ""ғᴏʀɢᴇᴛ ᴀʙᴏᴜᴛ ᴛʜᴇ ᴡᴏʀʟᴅ ᴍʏ ʟᴏᴠᴇ, ʏᴏᴜ ᴅᴇsᴇʀᴠᴇ ᴀʟʟ ᴛʜᴇ ʜᴀᴘᴘɪɴᴇss ɪɴ ᴛʜᴇ ɢᴀʟᴀxʏ. ᴀᴄᴛᴜᴀʟʏ, sᴄʀᴇᴡ ᴛʜᴀᴛ, ʏᴏᴜ ᴅᴇsᴇʀᴠᴇ ᴀʟʟ ᴛʜᴇ ʜᴀᴘᴘɪɴᴇss ɪɴ ᴛʜɪs ᴜɴɪᴠᴇʀsᴇ, ᴀɴᴅ ɪғ ᴛʜᴇʀᴇ ᴀʀᴇ ᴀɴʏ ᴏᴛʜᴇʀs ʏᴏᴜ ᴅᴇsᴇʀᴠᴇ ᴀʟʟ ᴛʜᴇ ʜᴀᴘᴘɪɴᴇss ɪɴ ᴛʜᴇᴍ ᴛᴏᴏ.""",2019-05-18,4700.0,Not Rated,F/M,In-Progress,Alternate Universe - Assassins & Hitmen | Alternate Universe - Gangsters | Alternate Universe - Modern Setting | Angst | Love/Hate,Kim Taehyung | V/Reader,taehyung
https://golemlab.eu/graph/37243918,7,Hot Chocolate ~ KTH,,2022-02-19,1750.0,Teen And Up Audiences,F/M,Completed,5th Muster: Magic Shop (BTS Fan Meeting) | Cute Kim Taehyung | V | Fluff | Hot Chocolate | Meet and Greets | Original Character(s) | Tooth-Rotting Fluff | good vibes,Kim Taehyung | V/Reader Series: BTS Works [2],taehyung
https://golemlab.eu/graph/11799858,7,Handbook for the Newly Departed,"Apparently, when you die, you forget everything about who you were. And unless you're condemned to hell or let into heaven immediately, purgatory is one long journey of finding out who you used to be. Why? You're not sure. But at least you don't have to do it alone. 'Taehyung' is even more confused than you. But he's doing his best to try and help you out. He's like your own personal psychopomp. And as the two of you traverse the labyrinth that is the afterlife, you discover things about yourselves that may best be left forgotten.",2017-08-14,3106.0,Teen And Up Audiences,Other,In-Progress,Afterlife | Angst | Fluff | I'm terrible at tags I'm so sorry | Memory Loss | Mentions of Death | Mythology - Freeform | a loooot of angst just you wait | a lot of mythology | at some point | i'll sort this out,Kim Taehyung | V/Reader,taehyung
https://golemlab.eu/graph/41267130,7,poetry of the stars,"❦ yn and her family are social pariahs a year after her older brother confessed to the murder of his secret girlfriend, who was also yn’s best friend. with normalcy as a thing of the past, all yn wants is to work through the summer and save up enough money to leave her town forever. but what happens when the job she gets hired for means working alongside the brother of the friend she lost?",2022-08-25,25325.0,Teen And Up Audiences,F/M,Completed,Angst | Enemies to Friends to Lovers | Fluff | Friends to Lovers | Friendship,Kim Taehyung | V/Reader,taehyung
https://golemlab.eu/graph/28618935,7,Till I Reach You,"Homesick in Korea, you're unsure how to express the longing you feel to be anywhere familiar, or familial.",2021-01-07,2130.0,Teen And Up Audiences,F/M,Completed,Angst | BTS fluff | Distance | Fluff | Rivers and Roads | bts - Freeform | bts angst | head and the heart | kim taehyung - Freeform | relationship | river - Freeform,"Kim Taehyung | V/Reader, Kim Taehyung | V/You Series: River [4]",taehyung
https://golemlab.eu/graph/36303526,7,In the Still of the Night,"Tae wakes up feeling particularly needy in the middle of the night and leaving the bed might as well be torture. It's so warm under the blankets and it's so late at night, he'll be quick - please? Listen, the puppy play is so light it may as well not even be tagged but if you're particularly squeamish then please scroll on",2022-01-09,7542.0,Explicit,F/M,Completed,Face-Sitting | Femdom | Foreign Language | Hand Jobs | Language Kink | Overstimulation | Puppy Play | Soft Dom Reader | Somnophilia | Yes This Has Been Done Before- But IDC I'm Having A Swell Time | blink and you miss it - Freeform,"Kim Taehyung | V/Reader, Kim Taehyung | V/You",taehyung
https://golemlab.eu/graph/16557359,7,seasons,"The Seasons Series follows the relationship between these two people for a year. There will be four installments—Winter, Spring, Summer, and ending with Fall. Each part is also inspired by a song.",2018-11-08,4270.0,General Audiences,F/M,In-Progress,Alternate Universe | Slice of Life,"Kim Taehyung | V/Reader, Kim Taehyung | V/You",taehyung
https://golemlab.eu/graph/30304911,7,Mic Drop,"You sighed as you watched the Mic Drop MV for the thousandth time, eyes completely focused on your boyfriend. God, you missed him and you hated that he wasn’t here.",2021-03-27,2028.0,Mature,F/M,Completed,Or more implied | Smut,Kim Taehyung | V/Reader,taehyung
https://golemlab.eu/graph/27165742,7,look at us...,it was a matter of time before the initial anger you’d had before would disperse when you saw him. nothing stoping you from letting him tug your hand from the room and sending you into a world of pleasure as you once had before..,2020-10-23,3341.0,Explicit,F/M,Completed,Sexual | explicit - Freeform,Kim Taehyung | V/Reader,taehyung
https://golemlab.eu/graph/33086467,7,"Alone With You, Hidden Two",I'm embarrassed to admit that this short story is inspired by V's Butter (Cream ver.) photocard. It is a light-hearted one shot to take you away from reality if you need that comfort.,2021-08-07,1154.0,Teen And Up Audiences,F/M,Completed,Fluff | One Shot,Kim Taehyung | V/Reader,taehyung
https://golemlab.eu/graph/27157153,7,Changeling,Taehyung has found himself to be the proud owner of a silvery kitten.  Prepare to find out how she changes his life.,2020-10-23,2749.0,General Audiences,F/M,Completed,Alternate Universe - Gods & Goddesses,Kim Taehyung | V/Reader,taehyung
https://golemlab.eu/graph/21783526,7,Omg im taehyungs slave,,2019-12-13,234.0,Not Rated,F/M,Completed,NSFW Art | Reader-Insert | Smut,Kim Taehyung | V/Reader,taehyung
https://golemlab.eu/graph/21769021,7,~Stubborn Hearts: Hidden Love~,"Carolina has been in love with Tae Hung since the 8th grade but never has told him. She has transferred colleges and is now in town with him again. Their love for basketball and their friendship keeps them inseparable, find out if 'Caro, has the courage to tell her true feelings and whether Tae will return her love or will their friendship crumble. The story includes the follow: Sex, foul language, relationship problems",2019-12-12,9294.0,Explicit,F/M,Completed,Heartbreak | Light Angst | Romance | Sex | Some Humor | love and basketball,"Kim Taehyung | V/Reader, Tae Hyung and Female Character",taehyung
https://golemlab.eu/graph/35261326,6,Frost | KTH,"for centuries taehyung has been unseen by the human eye aside from the beauty he created through snowflakes. everyone marveled at the mystery of its appearance but never once considered the mastermind behind the artwork. no one saw him. at least, that is what he convinced himself until hearing of a particularly persistent meteorologist convinced that this glistening white treasure is beyond their control. something, or someone, was responsible.",2021-11-21,5144.0,General Audiences,F/M,Completed,Angst with a Happy Ending | Fluff | Platonic Relationships,Kim Taehyung | V/Reader,taehyung
https://golemlab.eu/graph/25880173,6,3:24am,"in which studying all night has kept you away from your other priorities, the most important one of all being your childish boyfriend.",2020-08-13,1260.0,General Audiences,F/M,Completed,Domestic Fluff | Fluff,Kim Taehyung | V/You,taehyung
https://golemlab.eu/graph/20700344,6,Run Away With Me,"After dating Taehyung for months, you’re finally given the order to kill him. But what if you don’t want to?",2019-09-19,1766.0,Not Rated,F/M,Completed,Taehyung x Reader - Freeform | assassin reader | kim taehyung - Freeform | reader x taehyung - Freeform | taehyung - Freeform,Kim Taehyung | V/Reader,taehyung
https://golemlab.eu/graph/12531460,6,,,,,,,,,,taehyung
https://golemlab.eu/graph/37088617,6,Constellations,A short Tae fluff inspired by Constellations by Jack Johnson.,2022-02-13,1104.0,General Audiences,F/M,Completed,Constellations | Established Relationship | Fluff | Romance | Short One Shot | Stars,Kim Taehyung | V/Reader Series: Love Lyrics [2],taehyung
https://golemlab.eu/graph/8480902,6,First Impressions | Taehyung,"Before you started dating Taehyung, you didn’t have such a great first impression of him. **Part 2 of Video Game series",2016-11-05,1870.0,General Audiences,F/M,Completed,Fluff,Kim Taehyung | V/You Series: Video Game Series [2],taehyung
https://golemlab.eu/graph/35039743,6,Vante the time Travler,Romance A mysterious man appears and he looks like he's from the past. like the 1940s or earlier but it's 2020. Is he really from another time. Only time will tell.,2021-11-10,8666.0,Mature,F/M,Completed,Cute Kim Taehyung | V,Kim Taehyung | V/Reader,taehyung
https://golemlab.eu/graph/38404024,6,A Sunday kind of love,"You went to a club scene for elders that played the classics, you wanted to experience the nature of it. Or You’re dancing at a oldies club and happened to fall in love with your bias Taehyung.",2022-04-16,1706.0,General Audiences,Multi,Completed,Cute | First Dance | Short & Sweet | Slow Dancing | Slow Romance | oldies | unisex,Kim Taehyung | V/Reader,taehyung
https://golemlab.eu/graph/23280895,6,Show Me How You Burlesque,Y/N had wanted to be a dancer since a young age but she never imagined she’d end up being a stripper.,2020-03-23,2351.0,Mature,F/M,Completed,Smut,Kim Taehyung | V/Reader,taehyung
https://golemlab.eu/graph/11148834,6,Whiskey Princess,This will have more parts later..,2017-06-09,1450.0,Teen And Up Audiences,F/M,In-Progress,Drunken Confessions | Drunkenness | Light Angst | Love Triangles,Kim Taehyung | V/Reader,taehyung
https://golemlab.eu/graph/32275747,6,among the stars,"y/n moves to new york to pursue modeling, and gets a lucky break when her first audition goes better than expected. her luck gets even better when she joins the group of models handpicked by kim taehyung, new york's most eligible designer. y/n is warned to not catch feelings, but things get trickier the more she works for him, not to mention the after-hours ""meetings"" y/n finds herself in.",2021-06-30,6421.0,Teen And Up Audiences,F/M,In-Progress,Alternate Universe - Fashion & Models | Fashion Designer Kim Taehyung | V | Multiple Love Interests | Slow Build | Slow Burn | Workplace Relationship,Kim Taehyung | V/Reader,taehyung
https://golemlab.eu/graph/33686617,6,Mama's Song (Taehyung),Taehyung just proposed to you and of course you call your mom to tell her the news! But does she approve? Or is her worries too big? { based off Mama’s Song by Carrie Underwood },2021-09-05,2437.0,Teen And Up Audiences,F/M,Completed,BTS fluff | bts scenario | kim taehyung scenario | kim taehyung/reader - Freeform | v scenario,Kim Taehyung | V/Reader Series: BTS Scenarios [10],taehyung
https://golemlab.eu/graph/14558835,6,Ethereal,-inspired by the Love Yourself 轉 'Tear' - singularity comeback,2018-05-06,204.0,Not Rated,F/M,Completed,,Kim Taehyung | V/Reader,taehyung
https://golemlab.eu/graph/28429197,5,"Happy 25th Birthday, Kim Taehyung!",A sulking Taehyung finally gets his birthday present from his girlfriend.,2020-12-30,893.0,Not Rated,F/M,Completed,Blow Jobs | Oral Sex,Kim Taehyung | V/Reader,taehyung
https://golemlab.eu/graph/35634958,5,Special Present,,2021-12-11,779.0,Mature,F/M,Completed,,"Kim Taehyung | V/Reader, Kim Taehyung | V/You Series: Caught [6]",taehyung
https://golemlab.eu/graph/25388113,5,breath of fresh air,"eighteen years have gone by since the last avatar was killed, pressumably during the avatar state, ending the cycle - or so they thought.",2020-07-19,15043.0,Teen And Up Audiences,F/M,In-Progress,Inspired by Avatar: The Last Airbender | Originally Posted on Tumblr | minor death mention | not so descriptive violence,"Kim Taehyung | V/Reader, Min Yoongi | Suga/Reader",taehyung
https://golemlab.eu/graph/20634968,5,Unknown,when a crush texts you.,2019-09-14,4303.0,Not Rated,F/M,Completed,High School,Kim Taehyung | V/Reader,taehyung
https://golemlab.eu/graph/35866225,5,Magdalena,"it was supposed to be just a one time thing but when he spotted a familiar face among the sea of red, kim taehyung found himself coming back to delude himself into thinking that underneath the smokey eyes and red lipstick, behind the name ‘magdalena’—it really wasn’t his childhood sweetheart.",2021-12-22,11248.0,Mature,F/M,Completed,Angst | Forced Prostitution | Violence against women,Kim Taehyung | V/Reader Series: OPM Series [2],taehyung
https://golemlab.eu/graph/20510390,5,Tag Gone Wrong,,2019-09-03,1465.0,Teen And Up Audiences,F/M,Completed,Tag the game | Venice Italy setting,Kim Taehyung | V/Reader,taehyung
https://golemlab.eu/graph/39050205,5,Rollarskates,"you know how to rollarskate- but that dude that just ran into you, knocked you over? He clearly doesn’t.",2022-05-17,1885.0,General Audiences,Gen,Completed,Fluff | meet cute | non-idol/domestic life,Kim Taehyung | V/Reader Series: Taehyung Stories [2],taehyung
https://golemlab.eu/graph/17387543,5,Don't leave please.,Pt 2 to read,2019-01-12,100.0,Teen And Up Audiences,Gen,Completed,Angst | Break Up | Loneliness,Kim Taehyung | V/Reader,taehyung
https://golemlab.eu/graph/40663188,5,"jealousy, jealousy","y/n goes against Taehyung’s word, but he finds out…",2022-07-30,1006.0,Teen And Up Audiences,F/M,Completed,Almost smut | Drunken Flirting | Drunken Kissing | I’m gonna get a headache tomorrow | Jealousy | Lime | Neck Kissing | Romance | Sloppy Makeouts | i stay up too late at night | im bored | inspired by jealousy jealousy | party au | taehyung - Freeform,Kim Taehyung | V/Reader Series: Taehyung One Shots [2],taehyung
https://golemlab.eu/graph/29539839,5,The New Girl,"""We are two people alone in one room what happens next.""",2021-02-18,21048.0,Mature,F/M,Completed,Family | Friendship | Happy Ending | High School | Relationship(s) | Smut,Kim Taehyung | V/Reader,taehyung
https://golemlab.eu/graph/37804720,5,Do you Deserve it?,"Taehyung needs some help in his classes, y/n is happy to lend a hand:)",2022-03-18,2312.0,Explicit,F/M,Completed,Alternate Universe | Bottom Kim Taehyung | V | Dominance | Fluff and Smut | One Shot | Smut | Sub Kim Taehyung | V | Submissive Character | Thighs | bts smut | submissive Taehyung | thigh riding,Kim Taehyung | V/Reader,taehyung
https://golemlab.eu/graph/19012609,5,Dead Leaves,The sun won’t warm and mend even the most broken hearts. But even in the rain you can find a reason to smile.,2019-05-29,2046.0,Not Rated,F/M,In-Progress,Blood | Depression | Depressive themes | Domestic Violence | Implied/Referenced Abuse | Implied/Referenced Child Abuse | Psychological Trauma | Scars and many bruises | overall not a great time for these lads,Kim Taehyung | V/Reader,taehyung
https://golemlab.eu/graph/38016664,5,"We're running in the moonlight, We're dancing in the open waves.. [oneshots]",No. 1: Y/N can't sleep. taehyung approaches her and they hang out. eventual smut.,2022-03-28,1066.0,Mature,F/M,In-Progress,Banter | Established Relationship | First Kiss | First Time | Friends to Lovers | Making Out | Pining | Sexual Tension | aishhhh this is very indulgent | but thats at the end | dancing in the rain at midnight | falling asleep to rain | fluff? some fluff | literally just snippets of daydreams i've had lmfao | oh yeah also smut sjhjhjshsj | oneshots | soft | warmmm,Kim Taehyung | V/Reader,taehyung
https://golemlab.eu/graph/21883795,5,Son of Santa,Y/N came to the little town of Rovaniemi in Laponia to find her grandparents.  What was the secret the Kim’s held close to their chest and how would it affect Y/N?,2019-12-21,2605.0,General Audiences,F/M,Completed,,Kim Taehyung | V/Reader,taehyung
https://golemlab.eu/graph/18483796,5,"NO MORE DREAM, Now a REALITY","Your dream of becoming an IDOL is finally coming true. Big Hit Entertainment saw your talent, and brought you on as a trainee...Once you arrive you’re told the #1 rule... NO DATING Easy right? Not when a certain member of a famous boyband in the world notices you...",2019-04-16,3958.0,Mature,F/M,In-Progress,Adventure | I suck at tagging | Smut | bts - Freeform | idol | lots of fluff | relationships | traniee,Kim Taehyung | V/Reader,taehyung
https://golemlab.eu/graph/23261803,5,"Cameras, pictures and kisses","Taehyung and yn are on Jeju and they decided to take a walk in Hallasan National Park, and if Taehyung is not going to take tons of pictures of yn he has failed.",2020-03-22,928.0,General Audiences,F/M,Completed,,Kim Taehyung | V/Reader,taehyung
https://golemlab.eu/graph/25983142,5,Trepidation,"""What’s your favourite scary movie?”",2020-08-19,1316.0,General Audiences,F/M,Completed,Fluff | Tooth-Rotting Fluff,Kim Taehyung | V/Reader,taehyung
https://golemlab.eu/graph/25615438,5,"The Benevolent, The Beloved","As a child, you grew up in a world that prospered in peace. However, as you matured, the world became crueler. War was not far off, and your love, Taehyung, was in danger.",2020-07-30,8949.0,Teen And Up Audiences,Gen,Completed,(it's the bad guy) | Alternate Universe - Fairy Tale | Fairy Tale Elements | Gender-neutral Reader | Kind of referenced poly between VMin and Reader | Magic | Minor Character Death | Royal Kim Taehyung | V | Royal Park Jimin (BTS) | Soldier Jeon Jungkook | True Love | brief fight scene | kind of an eco-feminist critique of the original,Kim Taehyung | V/Reader,taehyung
https://golemlab.eu/graph/23938666,5,"we both have balls, let me swallow yours","“I mean... I’m transgender.” I blurted blatantly. The car came to a stop. He gave me a chilling look. “What?” He said while scanning me up and down, almost as if he didn’t believe me. I always stash a pocket knife, sheathed of course, right underneath my bra, ya know in case any transphobes want to try me, and so my hand naturally lingered around the area ready to react if he pulled a stunt.",2020-05-01,4577.0,Explicit,Other,Completed,Explicit Language | Homophobia | Mental Health Issues | Past Abuse | Polyamory | Sex | Sex Work | Sibling Bonding | Trans Female Character | Trauma,Kim Taehyung | V/Reader,taehyung
https://golemlab.eu/graph/26317174,5,With a BangTan,Spending New Years Eve with Bangtan.,2020-09-06,5302.0,Explicit,F/M,Completed,,Kim Taehyung | V/Reader,taehyung
https://golemlab.eu/graph/34749703,5,just a taste,"your boyfriend may be just another fratboy—loud, obnoxious, and ultra horny, but you’re falling in love with him all the same.",2021-10-27,1289.0,Mature,F/M,Completed,Alternate Universe - College/University | Established Relationship | Fluff and Smut | Frat Boy Kim Taehyung | V | Public Blow Jobs,Kim Taehyung | V/Reader,taehyung
https://golemlab.eu/graph/25617175,4,Never Forget Me,"Yeo Mee (You) - 22, A Kindhearted and loving person who has always loved spending every moment with her best friends; BTS and her one and only, Kim Taehyung. Ever since she started working for the company in 2013, she never imagined that she would not only be able to find amazing close friends, who will stick with each other through thick and thin but also to find her one true soul mate. But after a serious accident left her with amnesia... What will happen between Taehyung, Yeo Mee and the rest of BTS as they try and gain her treasured important memories back.",2020-07-31,20317.0,Teen And Up Audiences,Multi,In-Progress,Amnesia | Family | Friendship | Loss | Love | Memory Loss | Regret | Remember me - Freeform | don’t go,Kim Taehyung | V/Reader,taehyung
https://golemlab.eu/graph/25080265,4,It Had to Be You,"Taehyung Kim is a good, natured, fun-loving kid who loves hanging out with his best friends, reading comics and being a all-out spaz. Being known as ""that kid with the mischievous smile"", it seems that he finally met his match in you- the new girl, whether he likes it or not.",2020-07-05,1749.0,Not Rated,F/M,In-Progress,Alternate Universe - Childhood Friends | Coming of Age | Crack | Slice of Life | bts crack | domestic AU | young adult,Kim Taehyung | V/Reader,taehyung
https://golemlab.eu/graph/19158604,4,Strangers,"Follow the story of a young, broken youth who has to deal with Life after losing her Father and younger Brother to a terrible car accident. She is the sole survivor of the sudden tragedy, and has fallen into smoking and early drinking. Not only does she have to adjust to living with her Aunt, because her Mother is now terminally ill; She becomes overshadowed by her twin Sister who is much more successful than her. But now, a mystery guy appears in her life and may bring more harm than good. Will he be a positive influence on her and bring her back to the girl she once was?",2019-06-10,17906.0,Teen And Up Audiences,F/M,Completed,Alcohol Abuse/Alcoholism | Angst | Car Accidents | Death | Drama | Fluff and Angst | Slice of Life | Underage Drinking | Underage Smoking,"Kim Taehyung | V/Reader, Park Jimin (BTS)/Reader",taehyung
https://golemlab.eu/graph/35472772,4,Prince With Thorns,"It's been years after the end of book 1, and now they have to overcome obstacles, difficulties and a fight for the throne, can they come out unscathed at the end? •Sequel to Cold Prince With A Warm Heart•",2021-12-02,2951.0,General Audiences,F/M,Completed,Historical | Prince Kim Taehyung | V | Romance | Royalty,Kim Taehyung | V/Reader Series: Warm Heart [2],taehyung
https://golemlab.eu/graph/37118707,4,17 Valentine’s,When Y/N goes to a Seventeen Valentine’s Day Celebration on the arms of Vernon her friend with Benefit is also in attendance. How will Y/N cope with the drama between her Two Friends.,2022-02-14,3364.0,Mature,F/M,Completed,Friends With Benefits | Smut | Valentine's Day,Kim Taehyung | V/Reader,taehyung
https://golemlab.eu/graph/17092097,4,SLOW BURN,"My first online drabble after years and years of hiatus from writing; my writing has gone back to infancy. *Inspired by their IDOL era English is not my first language, pls be nice. Feedback appreciated. Original work posted in my Tumblr.",2018-12-21,4400.0,Mature,F/M,In-Progress,Dom/sub | Fluff | Mild Smut | Slow Build | reverse dom,Kim Taehyung | V/Reader,taehyung
https://golemlab.eu/graph/13559514,4,,,,,,,,,,taehyung
https://golemlab.eu/graph/24577123,4,Hold My Body Down,,2020-06-06,1428.0,Teen And Up Audiences,F/M,Completed,Blow Jobs | Creampie | Light Bondage | Nude Photos | Teasing,Kim Taehyung | V/Reader Series: BTS Drabbles [2],taehyung
https://golemlab.eu/graph/33530134,4,Rainy caramel macchiato,It all happened on a rainy afternoon: the beginning of a beautiful and short friendship.,2021-08-28,1297.0,General Audiences,F/M,Completed,Friendship,Kim Taehyung | V/Reader,taehyung
https://golemlab.eu/graph/35223595,4,Sleep like a winter bear ~Kim Taehyung x Reader~,"~ A sweet song and voice can be heard in a night filled with tears and pain. Who is the owner of the voice? I don't know, or maybe I've only seen him in a dream. ~ I couldn't shorten a oneshot down and that's how this came to play. The inspiration for this was those videos like ""BTS songs but it's raining and you're driving home"". I saw a video of BTS singing to you before you sleep and came up with this idea.",2021-11-21,3772.0,General Audiences,F/M,Completed,Cute | Cute Kim Taehyung | V | Dreams | Oneshot | Singing | Song: Winter Bear (Kim Taehyung | V) | This Is Not Going To Go The Way You Think | i made this in the middle of the night,Kim Taehyung | V/Reader,taehyung
https://golemlab.eu/graph/40513905,4,17 November,"Taehyung is a struggling young farmer who can barely make ends meet. After seeing an interview of Y/N on YouTube, he grows interested in her and becomes a fan. After a few days, he starts to grow obsessed with her and doesn’t miss any updates about her, joining in every live streams she has, googling her name daily, buying all of her merchandise. His seemingly cute admiration turns dark when she doesn’t feel the same way about him.",2022-07-23,649.0,Mature,F/M,Completed,,Kim Taehyung | V/Reader,taehyung
https://golemlab.eu/graph/40628664,4,Kim Taehyung One Shots,a romantic bath with your boyfriend - - inspired by a tumblr prompt i found (most of these will be) - -,2022-07-28,1093.0,Teen And Up Audiences,F/M,Completed,BTS Fan Fic | BTS One Shots | Books | Fanfic | I'm Bad At Tagging | Jeon Jungkook & Kim Taehyung | V are Best Friends | Kim Taehyung | V & Park Jimin are Best Friends | Kim Taehyung | V is a Mess | No Smut | Okay that's it | Romance | University Student Kim Taehyung | V | ao3 - Freeform | bts - Freeform | fan fiction | help me | hoseok - Freeform | i wrote this while listening to bts | im bored | jimin - Freeform | jk | jungkook - Freeform | namjoon - Freeform | oneshots | reader - Freeform | seokjin - Freeform | someone help me | suga - Freeform | taehyung - Freeform | taehyung fan fiction | v - Freeform | why does it seem like i'm doing this for popularity | you little horny bitches won't get smut from me,Kim Taehyung | V/Reader Series: Taehyung One Shots [1],taehyung
https://golemlab.eu/graph/23500819,4,Hit or Miss,"Taehyung was pretty sure that one table wasn’t supposed to start flying towards that one robber across the shop. He was pretty sure the books around him weren’t supposed to start floating and block him from a gunshot. He was also pretty sure that girl over there had absolutely nothing to do with any of that, but he was definitely sure he was nosy enough to follow her home. (Which, out of context? Not creepy, at all.)",2020-04-05,406.0,Not Rated,F/M,In-Progress,Action/Adventure | Alternate Universe - Superheroes/Superpowers | Comedy | Crack | i guess they never miss huh,Kim Taehyung | V/Reader,taehyung
https://golemlab.eu/graph/20975240,4,D-8 [ENCHANTED],,2019-10-10,100.0,Mature,F/M,Completed,Hand & Finger Kink,Kim Taehyung | V/Reader Series: Kinktober Drabbles 2019 [3],taehyung
https://golemlab.eu/graph/23755387,4,Thespian,"A writer’s fellowship in Italy gives this young playwright a chance to find the perfect leading man. Fall in love with Florence, and perhaps a bold, budding actor, in this romcom romp where Paris isn’t the only city of romance.",2020-04-20,3747.0,Teen And Up Audiences,F/M,In-Progress,Cute Kim Taehyung | V | Eventual Smut | Falling In Love | Fluff | Italy | Mentions of Sex | Romance | Slow Build | Slow Burn | Slow Romance | Strangers to Lovers | bts - Freeform | bts v | kim taehyung - Freeform | theater nerd,"Kim Taehyung | V/Reader, kim taehyung | original character",taehyung
https://golemlab.eu/graph/19278421,4,Ma Cheri,"""Your pants, they bother me. Take them off."" His eyes bore into my mismatched ones, making me quiver in anticipation of what would come next. ""Now I don't have all day. Hurry up and do as your master commands."" You nod and undo the buckle on your belt, letting gravity bring your pants down.",2019-06-19,17632.0,Mature,F/M,Completed,Action & Romance | Action/Adventure | Angst | Dark Past | Dom/sub | Drama & Romance | Fluff | Fluffy | Kim Namjoon - Freeform | Kim Seokjin - Freeform | Kitten | Min Yoongi - Freeform | Romance | Sex | cute couple | fluffy yoongi | impregnated | jeon jungkook - Freeform | jung hoseok - Freeform | kim taehyung - Freeform | kitty babies | like almost every chapter | min yoongi saves the day a lot | nothing but fluff towards the end | park jimin - Freeform | please read this | soft yoongi,"Kim Taehyung | V/Reader, Min Yoongi | Suga/Reader Series: Ma Cheri [1]",taehyung
https://golemlab.eu/graph/23858008,4,All You Wanna Do (Kim Taehyung/VxF!Reader),"This oneshot has the reader as a member of the fictional Korean cast of ""SIX"", in the role of ""Katherine Howard"". It depicts her dealing with the positive and negative elements of her idol life, including her relationship with Kim Taehyung. The song featured in this shot originates from the musical ""SIX"", that tells the stories of Henry VIII's six wives.",2020-04-26,1899.0,Teen And Up Audiences,F/M,Completed,Adorable Kim Taehyung | V | Cute Kim Taehyung | V | Established Relationship | Kim Taehyung | V is a Little Shit | Kim Taehyung | V is a Sweetheart,Kim Taehyung | V/Reader Series: SIX-Series [6],taehyung
https://golemlab.eu/graph/35018950,4,We Did It.,"y/n and kim taehyung, both being the wonderful couple that they are. trying to have a baby for so long, then all of a sudden? something tragic happens? did they finally have the baby but all of a sudden it died at birth? or was it y/n who died? or taehyung?",2021-11-09,2423.0,Teen And Up Audiences,F/M,In-Progress,Anal Sex | Character Death | Oral Sex | Rough Sex | Sad and Happy,Kim Taehyung | V/Reader,taehyung
https://golemlab.eu/graph/26962006,4,The Dove and The Wire,"After nearly hit by a car, the strange man who saves you insists on making sure you're taken care of after that. Maybe he just likes you. Surely there's no other reason than that?",2019-02-23,27318.0,Teen And Up Audiences,F/M,Completed,Alternate Universe | Alternate Universe - Fantasy | Angst | Fallen Angel | Fluff | Fluff and Angst | Guardian - Freeform | Guardian Angel | Some graphic descriptions | Suicide,"Kim Taehyung | V/Reader, Kim Taehyung | V/You",taehyung
https://golemlab.eu/graph/29225049,4,Paint & Bubbles [BTS Oneshot],"A short and fluffy one-shot where Taehyung meets Y/N, the girl next-door and the love of his life.",2021-02-05,1108.0,General Audiences,F/M,Completed,Cute | Fluff | Romance | Short One Shot | taehyung is so cute,Kim Taehyung | V/Reader,taehyung
https://golemlab.eu/graph/29803998,4,sunset,taehyung keeps painting the same picture again and again. he’s not too sure why.,2021-03-02,730.0,General Audiences,F/M,Completed,Angst | Painter Kim Taehyung | V | Possibly Unrequited Love | Unhealthy Coping Mechanisms | jimin tries to call him out but hes got bad habits too | taehyung paints a lot,"Kim Taehyung | V/Reader, Kim Taehyung | V/You",taehyung
https://golemlab.eu/graph/20992712,4,,,,,,,,,,taehyung
https://golemlab.eu/graph/26908414,4,Heart-Lock,"""By wearing this watch and engaging in a kiss, you will begin to receive the desires of your heart over a period of one hundred days. In exchange for these gifts you must receive one hundred kisses during this time. Failing to do so will result in the forfeit and retraction of all gifts given. Disclosing this contract to anyone in any way will also result in the voiding of this contract."" A watch bought from a bizarre shop promises your wildest dreams to come true. At a price.",2018-05-09,12997.0,General Audiences,F/M,Completed,Boyfriend!Taehyung | Cute | Fluff | Happy Ending | Romance | Yeontan,"Kim Taehyung | V/Reader, Kim Taehyung | V/You",taehyung
https://golemlab.eu/graph/36315598,4,wonder emporium,"in a small quaint town sits a boutique, full of glamor and fascinating things. so enchanting that some even believed they could see the magic flowing freely through the walls and moving the toys. but one day the toy maker disappears and the store goes cold, no more joy left to spread. is there anyone who can help bring the man out of hiding? and will that person do it in time before the store's magic is gone for good?",2022-01-09,6147.0,Mature,F/M,In-Progress,Angst | Cross-Posted on Tumblr | Fluff | Mentions of Death | Slow Burn | Strangers to Lovers | aged up taehyung,Kim Taehyung | V/Reader,taehyung
https://golemlab.eu/graph/40626267,3,My Sweet Little Pill,Like a drug he draws you in and its hard to give him up once you taste him,2022-07-28,609.0,Mature,F/M,Completed,Alternate Universe | Implied Drug Use | No drugs though | Short One Shot | Smut | Unhealthy Relationships,Kim Taehyung | V/Reader,taehyung
https://golemlab.eu/graph/11623911,3,Sunday Morning,This is disgusting fluff you have been warned,2017-07-27,513.0,General Audiences,F/M,Completed,Self-Insert,Kim Taehyung | V/You,taehyung
https://golemlab.eu/graph/40750560,3,Draw Me In - KTH,You're assigned a new head guard who you may or may not fall in love with after you decide to spend time together.,2022-08-02,6255.0,Mature,F/M,Completed,Alternate Universe - Historical | Alternate Universe - Royalty | Angst | Archery | Bodyguard Kim Taehyung | V | Fluff and Smut | Kissing | Smut | Violence | bad writing towards the end | namjoon is dead i'm sorry | taehyung is so hot help | taehyung teaching you archery,"Kim Taehyung | V/Reader, Kim Taehyung | V/You, Min Yoongi | Suga/Reader",taehyung
https://golemlab.eu/graph/14537109,3,4 o'clock,a night spent with taehyung - trespassing. (an excerpt),2018-05-04,1192.0,General Audiences,F/M,In-Progress,and then there's an abundance of overdone and somehow too vague descriptors | im not advertising trespassing of train stations oki pls be responsible members of society | pretty pointless but let's just go with it | so taheyung is your partner in petty crime,Kim Taehyung | V/Reader,taehyung
https://golemlab.eu/graph/27650414,3,softboi ratings,bangtan softboi ratings. guess who's the most softboi (hint: it's joon),2020-11-21,461.0,Teen And Up Audiences,F/M,Completed,jus some headcanons,Kim Taehyung | V/Reader,taehyung
https://golemlab.eu/graph/29144514,3,English Love Affair,"'To the girl in the black outfit that dress looks good on you, but I bet that it'll look better with it off, on my floor while your thighs are laying on my shoulders- the gentleman in the white.' Started- 9/25 Edited?🚫 Finished?🚫 ©️UghAlyx Contains, Smut, Arguments, drinking, and heartbreak.",2021-02-02,4197.0,Explicit,F/F,In-Progress,Affairs | Enemies With Benefits | Hook-Up | Mafia Bangtan Boys | BTS | Unplanned Pregnancy,Kim Taehyung | V/Reader,taehyung
https://golemlab.eu/graph/28900893,3,Corrupted Secrets || KTH,"Ophidia Tarot's life revolved around gun powder and smell of blood. Her father ran the largest and most prestigious underground buisness. It was said that Jacquard Tarot build his empire from bottom down, but only he himself knew the truth. As the realm reaches beyond the boundaries of mafia control, she has to face some consequences, ones which she really did not sign up for. Kim Taehyung wants his empire back and he will go to no limits to achieve that, even if it means getting to break the daughter of the Tarot family. ..... ""He was a bully and he knew how to get his way. He won't tell me why exactly he has brought me here and what is his initial plan towards me. I need to know everything from why he is lying or if he lying and why is he dragging my family. And most of all, I want to know why for some unknown reason, having him against me turns me on like I've haven't been ever in years---forget that, in my whole life"" ......",2021-01-21,4850.0,Mature,F/M,In-Progress,Abduction | Attempted Kidnapping | Betrayal | Brotherly Love | Declarations Of Love | Dysfunctional Family | Explicit Sexual Content | Family Issues | Family Secrets | Forbidden Love | Implied Sexual Content | Jeon Jungkook & Kim Taehyung | V are Best Friends | Killer Jeon Jungkook | Kim Taehyung | V & Park Jimin are Best Friends | Kim Taehyung | V is Bad at Feelings | Love/Hate | Mafia Bangtan Boys | BTS | Mild Sexual Content | Partner Betrayal | Stranger Sex | Unrequited Love | Unresolved Sexual Tension,"Kim Taehyung | V/Reader, Kim Tehyung",taehyung
https://golemlab.eu/graph/35634631,3,Try Not to Laugh,,2021-12-11,1271.0,General Audiences,F/M,Completed,,"Kim Taehyung | V/Reader, Kim Taehyung | V/You Series: Quality Time [6]",taehyung
https://golemlab.eu/graph/33606652,3,light of a distant star,"They say that when you are looking at the stars, you’re actually looking into the past. Many of the stars we see at night have already faded away. And yet I found you.",2021-09-01,3807.0,Mature,F/M,In-Progress,Afterlife | Alternate Universe - Fairy Tale | Alternate Universe - Fantasy | Alternate Universe - Soulmates | Angst and Hurt/Comfort | Bittersweet Ending | Childhood Friends | Creature Kim Taehyung | V | Dark Fairy Tale Elements | Eventual Romance | Everyone Needs A Hug | Everyone Pretty Much Does | Grief/Mourning | Healing | Imaginary Friends | Implied Sexual Content | Implied/Referenced Suicide | Inspired by Hotarubi no Mori e | Inspired by Howl's Moving Castle | Inspired by Orpheus and Eurydice (Ancient Greek Religion & Lore) | Magic | Mentions of Myth & Folklore | Metaphors | Original Character(s) | Panic Attacks | Platonic Relationships | Psychological Trauma | Soft Min Yoongi | Suga | Underworld | appearances of some of the members | don't let the tags fool ya | reader goes through a journey | themes about life and death | this could all be a dream | ultimately its a story about healing and allowing love in again,"Kim Taehyung | V/Reader, Min Yoongi | Suga/Reader Series: Fairytales [1]",taehyung
https://golemlab.eu/graph/18731833,3,Just One Day,This is my first fanfiction. I finally had a courage to post it here after a lot of my friend suggest me to do so. Well... Enjoy it! Please comment and give me critics! Thank you!,2019-05-06,2135.0,General Audiences,Gen,Completed,Cute Kim Taehyung | V,Kim Taehyung | V/Reader,taehyung
https://golemlab.eu/graph/36017452,3,V-erse,"A poem I wrote inspired by Kim Taehyung and his stage persona: V. ""Green is my new favorite color""-the line is inspired by his mic. Some of the word choice is inspired by the lyrics he sings. I just love him so much. Happy birthday to our loveliest winter bear.",2021-12-28,150.0,General Audiences,Other,Completed,Love Poems | Prose Poem,Kim Taehyung | V/Reader,taehyung
https://golemlab.eu/graph/27455485,3,Kiss Me,One shot with Kim Tae Hyung. Bachata Dancing Song inspiration: Kiss Me Lola Jane,2020-11-08,1011.0,Not Rated,F/M,Completed,Bachata Dancing | Fluff and Smut | One Shot | Reader Insert (Latina),Kim Taehyung | V/Reader,taehyung
https://golemlab.eu/graph/27859922,3,Eccedentesiast,"A new day arrives with Y/n going to her tranquil place commonly known as her work, in the beautiful, big city of Seoul. In the fall, where she is most busy... and broke. But as she's walking someone comes barreling into her life. Does this mean good or will this whole ordeal be dangerous?",2021-01-02,5237.0,Teen And Up Audiences,F/M,In-Progress,Abused Kim Taehyung | V | Abusive Parents | Adorable Kim Taehyung | V | Alternate Universe - Coffee Shops & Cafés | Alternate Universe - High School | Alternate Universe - Modern Setting | Autumn | Child Abuse | Childhood Trauma | Coffee | Cute Kim Taehyung | V | Dancer Jeon Jungkook | Emotional/Psychological Abuse | Eventual Relationships | Eventual Romance | High School | High School Student Kim Taehyung | V | I'm Bad At Summaries | Idol Jeon Jungkook | Implied/Referenced Child Abuse | Kim Seokjin | Jin is So Done | Kim Taehyung | V is Good at Feelings | Kim Taehyung | V is a Dork | Kim Taehyung | V is a Mess | Mentioned Kim Taeyeon (SNSD) | My First AO3 Post | My First Fanfic | My First Work in This Fandom | Parent/Child Incest | Past Abuse | Past Child Abuse | Sad Kim Taehyung | V | Sexual Abuse | Singer Jeon Jungkook | Some Humor | Trainee Kim Taehyung | V | Winter,Kim Taehyung | V/Reader Series: Eccedentesiast [1],taehyung
https://golemlab.eu/graph/38226409,3,maybe in another life,"after a tragedy, y/n becomes the queen and is left to rule on her own—unaware of the trouble the king ruling just across the dense forest would cause her once he confessed to the murder of her beloved parents. (cross-posted on tumblr under @/lajibolala... with some modifications)",2022-04-07,2279.0,Mature,F/M,Completed,Alternate Universe - Royalty | Angst | Character Death | Enemies to Lovers | Friends to Enemies | Hurt No Comfort | I Can't Believe I Wrote This | Implied/Referenced Character Death | Violence | we got some thigh daggers because i say so,Kim Taehyung | V/Reader,taehyung
https://golemlab.eu/graph/39710460,3,Beach Fun,When The guys realised Y/N and Taehyung feel the same way about each other they show Y/N how to win her man.,2022-06-17,1299.0,Teen And Up Audiences,F/M,Completed,,Kim Taehyung | V/Reader,taehyung
https://golemlab.eu/graph/32605726,3,Why Didn’t You Stop Me?,Inspired by some Mitski songs. Listen to Why Didn’t You Stop Me. Also this is angst lol,2021-07-15,1077.0,Teen And Up Audiences,F/M,Completed,Alternate Universe | Angst | Kim Taehyung x reader | Pretty painful | kim taehyung - Freeform | mitski - Freeform | v - Freeform,Kim Taehyung | V/Reader,taehyung
https://golemlab.eu/graph/37971163,3,P.S I love you,"It's a story that has been stuck in my head for a while. I wanna dedicate it to someone, but Won't mention her name. I hope you will enjoy!",2022-03-26,1548.0,General Audiences,F/M,Completed,Cute Kim Taehyung | V | Falling In Love | Fluff and Hurt/Comfort | Love Stories | No Sex | No Smut | Romantic Fluff | Short & Sweet,Kim Taehyung | V/Reader,taehyung
https://golemlab.eu/graph/31728850,3,Never Again,Taehyung’s eyes are a little too big for his belly. Part of the BGW Drabble Marathon posted originally on my tumblr,2021-06-04,284.0,General Audiences,F/M,Completed,Humor | Humour,Kim Taehyung | V/Reader Series: BGW drabble marathon [27],taehyung
https://golemlab.eu/graph/26863420,2,What Planet Are You From?,"What do you do when you find out your twin brother has committed suicide?  Do you find out why or just let it go?  Let’s see what Tae will do when his twin, JK, kills himself.",2020-10-06,1158.0,Teen And Up Audiences,F/M,Completed,Implied/Referenced Suicide | Implied/Referenced Torture | Murder,Kim Taehyung | V/Reader,taehyung
https://golemlab.eu/graph/32175724,2,thinly veiled desires: leashed | a kth drabble,,2021-06-25,799.0,Explicit,Gen,Completed,Aftercare | Blindfolds | Choking | Collars | Master/Pet | Safewords | handjob,"Kim Taehyung | V/Reader, Kim Taehyung | V/You",taehyung
https://golemlab.eu/graph/35426143,2,A beautiful morning || K.TH,Watch how Taehyung wakes you up for the day,2021-11-30,100.0,General Audiences,F/M,Completed,Cute Kim Taehyung | V | Domestic Fluff | Fluff,"Kim Taehyung | V/Reader, Kim Taehyung | V/You, Kim taehyung x female reader Series: BTS Writeups [1]",taehyung
https://golemlab.eu/graph/11878002,2,|| SHAPE OF YOU ||,"Dear Diary, Today I want to share with you the feelings I have for him. The boy who changed my life. KIM TAEHYUNG. I've been wanting to say this to him for long but I just couldn't say it. I really don't want to ruin the beautiful friendship that we cherish so much. So, I'll just write to you as if I'm writing to him. Ok, so here goes. . . . . . . . . You have truly changed my life in ways you will never understand. Everything was going wrong in my life until the day I made you. You have made and always make everything in my life better. You make my heart skip a beat from your cute morning greets in the hallway to those adorable nicknames you come up for me. You are my world. I've honestly fallen deeply in love with you and I am really afraid to say it. We have been through thick and thin and we are still going strong. I can't imagine my life without you by my side. I love you so much I can't even explain it! Forever and ever baby. I wish you were here with me now, TaeTae. Lovingly, Sophia :)",2017-08-22,2556.0,Teen And Up Audiences,F/M,Completed,,Kim Taehyung | V/Reader,taehyung
https://golemlab.eu/graph/39448092,2,An adventurous evening (two-shot),When there is absolutely nothing interesting going on in your life and suddenly one evening changes everything.....,2022-06-05,1816.0,General Audiences,F/M,Completed,,Kim Taehyung | V/Reader,taehyung
https://golemlab.eu/graph/40578792,2,"Awaken, My Heart","Adapted from Grimm's Fairy Tales, ""Sleeping Beauty In the Woods"" This is Reader X Kim Taehyung.",2022-07-26,3882.0,General Audiences,F/M,Completed,Fairy Tale Retellings,Kim Taehyung | V/Reader Series: BTS Prince Series: Be My Fairy Tale [1],taehyung
https://golemlab.eu/graph/33139438,2,then come with me,"you and taehyung grew up together, fell in love but your prince and princess duties got in the way.",2021-08-09,1637.0,Not Rated,F/M,Completed,Alternate Universe - Royalty | Angst | Implied/Referenced Suicide | Prince Kim Taehyung | V | Till Death Do Us Part,Kim Taehyung | V/Reader,taehyung
https://golemlab.eu/graph/37714231,2,Can't help falling in love with you,From physical love to forever love- seems rare but not impossible. That's what Y/N will experience with this story.,2022-03-13,3583.0,Explicit,F/M,Completed,Dom Kim Taehyung | V | Falling In Love | Fluff and Smut | From Sex to Love | Oral Sex | Original Character(s) | Rough Sex | Shameless Smut | Short & Sweet | Swearing,Kim Taehyung | V/You,taehyung
https://golemlab.eu/graph/35005576,2,Help Me || K.TH FF,"Moon Y/n, an abused girl, bruises and wounds covering her delicate pale skin body. One day, while running away she falls in the arms of worldwide famous Kpop Idol Kim Taehyung aka V of BTS. ""Please Help Me..."" She said as she was groaning in immense pain. What will Taehyung do? Will he help her? [Contains strong words and disturbing content. Reader's discretion is advised strictly.] ©CalmRaven All rights reserved [If I find a copy of my works in your published list, see my inner demon come out and give you a ticket to hell.]",2021-11-08,11365.0,Mature,F/M,In-Progress,,Kim Taehyung | V/Reader Series: Help Me || K.TH FF [1],taehyung
https://golemlab.eu/graph/33605977,2,New Years,maybe i’ll add a happy alternative ending idk (imagine jhope with blue eyes),2021-08-31,5124.0,General Audiences,F/M,Completed,Carnival | Fanfic | Festival | Fireworks | Sad,"Kim Taehyung | V/Reader, Tae/Y/n, V/Reader",taehyung
https://golemlab.eu/graph/14519688,2,Watching,You've always waited for him,2018-05-03,224.0,Not Rated,Other,Completed,,Kim Taehyung | V/Reader,taehyung
https://golemlab.eu/graph/25511545,2,ivory love,"Or: where Taehyung thinks the tortured artist trope is bullshit. You and Taehyung have a complicated relationship. Well, you have a lot of thoughts and feelings--mostly about piano--and Taehyung is somewhere along in the fray. Pianist!Reader",2020-07-25,1610.0,Not Rated,Multi,In-Progress,Alternate Universe - After College/University | Alternate Universe - Classical Music | Alternate Universe - Music | Alternate Universe - Pianist | Minor Character Death | Pianist Min Yoongi | Suga | everyone is/was in a performing arts college | self indulgent musician au,Kim Taehyung | V/Reader,taehyung
https://golemlab.eu/graph/14211342,2,Paper Planes,"I throw paper planes because to me it reminds me of freedom as well as when a paper plane flies through the air it creates a path or a route and lands wherever. I wanted my freedom away from this pain, I wanted to be free from this illness. So I created a path while I still can and had my way of life. I wanted to go on an adventure and see where life takes me. But to my dismay, it looks like my flight is about to end.",2016-03-22,1213.0,Teen And Up Audiences,F/M,Completed,Hurt Kim Taehyung | V | bts - Freeform | kpop,Kim Taehyung | V/Reader,taehyung
https://golemlab.eu/graph/32602603,2,Working Mr.Kim,Sex with your boss Mr Kim,2021-07-15,756.0,Explicit,F/M,Completed,Blow Jobs | Condoms | Consensual Sex | Dom/sub | Drabble | Drabble Collection | Fingerfucking | I'm Bad At Tagging | Oral Sex | Other Additional Tags to Be Added | Sex | Slut Shaming | Smut | Top Kim Taehyung | V | Vaginal Fingering,Kim Taehyung | V/Reader,taehyung
https://golemlab.eu/graph/20975234,2,D-1 [SEDUCTION],Actually I wrote the day 8 drabble first but I want to post it in the correct order of story. I wrote those two as one story in reverse order while I was drunk and very sleepy. But I'm too lazy to change anything since I've been thinking of making a one shot from these two drabbles. So yeah. Enjoy xx,2019-10-10,100.0,Teen And Up Audiences,F/M,Completed,Drunken Flirting,Kim Taehyung | V/Reader Series: Kinktober Drabbles 2019 [2],taehyung
https://golemlab.eu/graph/41002002,1,In the flames,Your name a lively school girl dies at her school. People said it's suicide but it was hard to believe. Taehyung another school boy who met your name few days ago in library wanted to know the truth about your name's death. Meanwhile he got some candles and found out that he can time travel with the help of them. While investigating he found that there are more students of your name's school dying. He decided to reveal the truth and save them.,2022-08-13,1792.0,General Audiences,Gen,Completed,Alternate Universe - Time Travel | Attempted Murder | Candles | Fate Reader Kim Taehyung | V (BTS 2022 Season's Greetings) | Inspired by Bangtan Boys | BTS | Mentioned Bangtan Boys | BTS Ensemble | Murder Mystery | Murder-Suicide | Protective Bangtan Boys | BTS | Time Travel | Time Travel Fix-It,"Kim Taehyung | V/Reader, Other Relationship Tags to Be Added",taehyung
https://golemlab.eu/graph/19095715,1,Loves business,"It’s a passionate love, one that starts from the toes and slowly, gradually makes its way up to encompass the whole body. That’s what it’s like for y/n and taehyung. A love that will never lose its passion and it’s desires always encased deep within and protected from the vicious world that surrounds it. A world where their love would be punished by the people who helped create it... army.",2019-06-04,138.0,Not Rated,Multi,Completed,Anal | Anal Play | Anal Sex | Established Relationship,Kim Taehyung | V/Reader,taehyung
https://golemlab.eu/graph/37724284,1,IRRESPONSIBLE,"Taehyung and you have been best friends for a while. Considering you both have shitty parents, you move in together.",2022-03-14,4060.0,Mature,F/M,Completed,Fanfiction Reader Kim Taehyung | V | Smut,Kim Taehyung | V/Reader,taehyung
https://golemlab.eu/graph/15212549,1,Loneliness,You and Taehyung have been dating for a while now. Suddenly something changes between you and him and you´re left alone. Pretty much angst but the story still has some fluff in it. I´m not a native English speaker so there will be some grammar mistakes.,2018-07-08,1042.0,General Audiences,F/M,Completed,Alcohol | Angst | Fluff | Oneshot,Kim Taehyung | V/Reader,taehyung
https://golemlab.eu/graph/39954465,1,i know,,2022-06-29,1276.0,Not Rated,F/M,Completed,Kissing | Oral Sex | Sub Kim Taehyung | V,Kim Taehyung | V/Reader,taehyung
https://golemlab.eu/graph/23841970,1,Not so Average Arrangement,A story about an arranged marriage that was not the parents' idea but they wanted it as much as the groom did and you did too but didn't know it,2020-04-25,1508.0,Teen And Up Audiences,F/M,In-Progress,Arranged Marriage | Cute,Kim Taehyung | V/Reader,taehyung
https://golemlab.eu/graph/33606673,1,"As long as I'm Here As I Am, So Are You",Nothing but depression and bitter sweetness. enjoy :),2021-08-31,1551.0,Mature,Other,In-Progress,Bittersweet Ending | Enjoy:) | I will pay for yall's therapy | I would like formerly apologize to Kim taehyung for this fic | I wrote this in my boring ass class and I 1000/10 totally recommend | I'm Sorry Kim Taehyung | V | I'm depressed after writing this | No... I'm not Satan | Ouch | Song: In Case You Don't Live Forever (Ben Platt) | This is Depression | You will need therapy | also the reader is they/them | and yet i still drink coffee | death is within this fic | i'm getting therapy | im sorry for the trauma that is this fanfic | making people cry is my job | nothing us sweeter than making other people cry | this is like the Titanic... there's a lot of screaming | this story is bittersweet just like my coffee,Kim Taehyung | V/Reader,taehyung
https://golemlab.eu/graph/34275169,1,i just wanna be happier,"this is a y/n fic where reader is crying about their life and v comforts them . just a rant, but v is so adorable and a sweetheart and knows how to comfort so so well . i am jealous of reader for having such a good bff lol. enjoy, and leave a kudos/ comment on what you thought ! (please read all tags)",2021-10-04,852.0,General Audiences,F/M,Completed,BFFs | Emotional | Emotional Hurt/Comfort | Hurt/Comfort | Loneliness | Platonic Female/Male Relationships | Platonic Relationships | References to Depression | Suicidal Thoughts | but v comforts you | reader crying and comforted by kim taehyung,Kim Taehyung | V/You,taehyung
