s,title,summary,datePublished,words,rating,romanticCategory,publicationStatus,kudos,member,keyword,relationship,tag_list,canonical_tags,noncanonical_tags,filtered_noncanonical_tags,bts_tags
https://golemlab.eu/graph/16869175,Heat,"He was there when you needed him most, and now, he needs you.",2018-12-05,9920,Explicit,F/M,Completed,618,seokjin,Alpha/Beta/Omega Dynamics | Knotting | Mating Cycles/In Heat | Smut,Kim Seokjin | Jin/Reader,"['Alpha/Beta/Omega Dynamics', 'Knotting', 'Mating Cycles/In Heat', 'Smut']","['Alpha/Beta/Omega Dynamics', 'Knotting', 'Mating Cycles/In Heat', 'Smut']",[],[],[]
https://golemlab.eu/graph/16837549,a lullaby on canvas,"Your neighbour, as far as you knew, was mute. You weren’t sure what exactly had happened, but you figured that perhaps it contributed to the stunning works he created with paints and clay. You were curious, and that curiosity led you to grow closer – but perhaps, in growing closer and getting to know him, you were getting a little in over your head.",2018-12-04,15011,Explicit,F/M,Completed,611,seokjin,AU | Alternate Universe | Alternate Universe - Neighbors | Alternate Universe - Supernatural Creatures | Alternate Universe - Supernatural Elements | Artist AU | Artist Kim Seokjin | Jin | Choking | Creampie | Cunnilingus | Fluff and Smut | Happy Jin Day!!! | Hickeys | Light Choking | Marking | Multiple Orgasms | Neighbour AU | Neighbour Kim Seokin | Jin | Oral Sex | Orgasm Control | Orgasm Delay/Denial | Siren Kim Seokjin | Jin | Sirens | Smut | Unprotected Sex | Vaginal Fingering | Vaginal Sex | throat fixation,Kim Seokjin | Jin/Reader,"['AU', 'Alternate Universe', 'Alternate Universe - Neighbors', 'Alternate Universe - Supernatural Creatures', 'Alternate Universe - Supernatural Elements', 'Artist AU', 'Artist Kim Seokjin', 'Jin', 'Choking', 'Creampie', 'Cunnilingus', 'Fluff and Smut', 'Happy Jin Day!!!', 'Hickeys', 'Light Choking', 'Marking', 'Multiple Orgasms', 'Neighbour AU', 'Neighbour Kim Seokin', 'Jin', 'Oral Sex', 'Orgasm Control', 'Orgasm Delay/Denial', 'Siren Kim Seokjin', 'Jin', 'Sirens', 'Smut', 'Unprotected Sex', 'Vaginal Fingering', 'Vaginal Sex', 'throat fixation']","['Alternate Universe', 'Alternate Universe - Neighbors', 'Alternate Universe - Supernatural Elements', 'Choking', 'Creampie', 'Cunnilingus', 'Fluff and Smut', 'Marking', 'Multiple Orgasms', 'Oral Sex', 'Orgasm Control', 'Orgasm Delay/Denial', 'Sirens', 'Smut', 'Vaginal Fingering', 'Vaginal Sex']","['AU', 'Alternate Universe - Supernatural Creatures', 'Artist AU', 'Artist Kim Seokjin', 'Jin', 'Happy Jin Day!!!', 'Hickeys', 'Light Choking', 'Neighbour AU', 'Neighbour Kim Seokin', 'Jin', 'Siren Kim Seokjin', 'Jin', 'Unprotected Sex', 'throat fixation']","['Alternate Universe - Supernatural Creatures', 'Artist AU', 'Artist Kim Seokjin', 'Jin', 'Happy Jin Day!!!', 'Hickeys', 'Light Choking', 'Neighbour AU', 'Neighbour Kim Seokin', 'Jin', 'Siren Kim Seokjin', 'Jin', 'Unprotected Sex']",[]
https://golemlab.eu/graph/37561735,9 Months to Fall in Love,"It seems like everyone around you is either already in love, or in the process of falling, and while normally you couldn’t give a damn, finding out the co-worker you’ve had a teensy crush on is dating someone else at the office seems to sucker punch you right in the gut. It’s stupid, and you’re irritated at yourself, but you can’t seem to shake out of the funk you’ve fallen face first in. Feeling lonely and heartsore, and mad for no reason, during drinks with your best friend you spot a man at the bar. Tequila confident, you make your way over to the stranger, and successfully one thing leads to another. The next morning you leave before he’s woken up, feeling satisfied in one way, but still as discontented as ever. Telling yourself it was an inebriated mistake, you quickly try to forget about it. Only, three weeks later that night comes back to haunt you – in a very unescapable way…",2022-03-06,128157,Explicit,F/M,In-Progress,547,seokjin,Angst | Dual POV | Fainting | Fingering | Kissing | Mentions of Abortion | Morning Sickness | Multiple Orgasms | Oral Sex | Prenatal appointments | Romance | Semi intoxicated Sex | Sexual propositioning | Slow Burn | Smut | Strangers to Lovers | Toxic coworker | Unplanned Pregnancy | allusions to narcissism | mention/worry of miscarriage | mentions of parent death | mentions of unprotected sex | mentions of vomiting | minor weight mentions,"Kim Seokjin | Jin/Reader, Kim Seokjin | Jin/You Series: 9 Months to Fall in Love [1]","['Angst', 'Dual POV', 'Fainting', 'Fingering', 'Kissing', 'Mentions of Abortion', 'Morning Sickness', 'Multiple Orgasms', 'Oral Sex', 'Prenatal appointments', 'Romance', 'Semi intoxicated Sex', 'Sexual propositioning', 'Slow Burn', 'Smut', 'Strangers to Lovers', 'Toxic coworker', 'Unplanned Pregnancy', 'allusions to narcissism', 'mention/worry of miscarriage', 'mentions of parent death', 'mentions of unprotected sex', 'mentions of vomiting', 'minor weight mentions']","['Angst', 'Fainting', 'Kissing', 'Morning Sickness', 'Multiple Orgasms', 'Oral Sex', 'Romance', 'Slow Burn', 'Smut', 'Strangers to Lovers', 'Unplanned Pregnancy']","['Dual POV', 'Fingering', 'Mentions of Abortion', 'Prenatal appointments', 'Semi intoxicated Sex', 'Sexual propositioning', 'Toxic coworker', 'allusions to narcissism', 'mention/worry of miscarriage', 'mentions of parent death', 'mentions of unprotected sex', 'mentions of vomiting', 'minor weight mentions']","['Dual POV', 'Fingering']",[]
https://golemlab.eu/graph/16678213,Safe with Me,"Hybrid AU: SeokjinXReader: You’ve always wanted to help people, and suddenly, you’ve been given the chance to help three hybrids who are down on their luck: Jimin, a cat hybrid, Jungkook, a bunny hybrid, and Jin, a dog-hybrid. Opening your home and your heart to these three, anything could happen. Including you getting hurt.",2018-11-20,59617,Teen And Up Audiences,F/M,Completed,484,seokjin,Adopted BTS | Ages changed | Capuchin Taehyung | Cat Hybrid Min Yoongi | Suga | Cat Hybrid Park Jimin (BTS) | Cross-Posted on Tumblr | Eventual Dad Seokjin | Foster Dad Seokjin | Hybrid Jeon Jungkook | Hybrid Jung Hoseok | J-Hope | Hybrid Kim Namjoon | RM | Hybrid Kim Seokjin | Jin | Hybrid Kim Taehyung | V | Hybrid Park Jimin | Hybrid Rights | Hybrids | Innuendos but nothing more | Jin takes care of everyone | Kim Seokjin | Jin is a Good Hyung | References to Abuse (all kinds) | Young Jimin | jimin is a ball of fluff | jungkook is protective | young jungkook,Kim Seokjin | Jin/Reader Series: The Sanctuary [1],"['Adopted BTS', 'Ages changed', 'Capuchin Taehyung', 'Cat Hybrid Min Yoongi', 'Suga', 'Cat Hybrid Park Jimin (BTS)', 'Cross-Posted on Tumblr', 'Eventual Dad Seokjin', 'Foster Dad Seokjin', 'Hybrid Jeon Jungkook', 'Hybrid Jung Hoseok', 'J-Hope', 'Hybrid Kim Namjoon', 'RM', 'Hybrid Kim Seokjin', 'Jin', 'Hybrid Kim Taehyung', 'V', 'Hybrid Park Jimin', 'Hybrid Rights', 'Hybrids', 'Innuendos but nothing more', 'Jin takes care of everyone', 'Kim Seokjin', 'Jin is a Good Hyung', 'References to Abuse (all kinds)', 'Young Jimin', 'jimin is a ball of fluff', 'jungkook is protective', 'young jungkook']","['Cross-Posted on Tumblr', 'Hybrids']","['Adopted BTS', 'Ages changed', 'Capuchin Taehyung', 'Cat Hybrid Min Yoongi', 'Suga', 'Eventual Dad Seokjin', 'Foster Dad Seokjin', 'Hybrid Jung Hoseok', 'J-Hope', 'Hybrid Kim Namjoon', 'RM', 'Hybrid Kim Seokjin', 'Jin', 'Hybrid Kim Taehyung', 'V', 'Hybrid Park Jimin', 'Hybrid Rights', 'Innuendos but nothing more', 'Jin takes care of everyone', 'Kim Seokjin', 'Jin is a Good Hyung', 'References to Abuse (all kinds)', 'Young Jimin', 'jimin is a ball of fluff', 'jungkook is protective', 'young jungkook']","['Adopted BTS', 'Capuchin Taehyung', 'Cat Hybrid Min Yoongi', 'Suga', 'Eventual Dad Seokjin', 'Foster Dad Seokjin', 'Hybrid Jung Hoseok', 'J-Hope', 'Hybrid Kim Namjoon', 'Hybrid Kim Seokjin', 'Jin', 'Hybrid Kim Taehyung', 'Hybrid Park Jimin', 'Hybrid Rights', 'Kim Seokjin', 'Young Jimin']","['Cat Hybrid Park Jimin (BTS)', 'Hybrid Jeon Jungkook']"
https://golemlab.eu/graph/10238423,The Stork,"Being a single mom hadn't been the plan, but that was okay. You were going to be fine, somehow, because you had to be. Meeting an odd and handsome stranger in the park makes that prospect a little bit easier.",2017-03-12,4516,Teen And Up Audiences,F/M,Completed,473,seokjin,Angst and Feels | Domestic Fluff | Emotional Hurt/Comfort | Families of Choice | Fluff and Angst | Single Parents | Strangers | Vignette,Kim Seokjin | Jin/Reader,"['Angst and Feels', 'Domestic Fluff', 'Emotional Hurt/Comfort', 'Families of Choice', 'Fluff and Angst', 'Single Parents', 'Strangers', 'Vignette']","['Angst and Feels', 'Domestic Fluff', 'Emotional Hurt/Comfort', 'Families of Choice', 'Fluff and Angst', 'Single Parents', 'Strangers', 'Vignette']",[],[],[]
https://golemlab.eu/graph/14624220,Pink Panther,"The one where your boss, Kim Seokjin, tries to show you how beautiful you are.",2018-05-12,13183,Explicit,F/M,Completed,433,seokjin,Dirty Talk | Dog Hybrid Kim Taehyung | V | Hybrid Kim Seokjin | Jin | Kim Seokjin | Jin-centric | Mentions of Breeding | Mentions of impregnation | Oral Sex | Semi-Public Sex | Sex | Unprotected Sex | oral sex (female receiving),Kim Seokjin | Jin/Reader,"['Dirty Talk', 'Dog Hybrid Kim Taehyung', 'V', 'Hybrid Kim Seokjin', 'Jin', 'Kim Seokjin', 'Jin-centric', 'Mentions of Breeding', 'Mentions of impregnation', 'Oral Sex', 'Semi-Public Sex', 'Sex', 'Unprotected Sex', 'oral sex (female receiving)']","['Dirty Talk', 'Oral Sex', 'Semi-Public Sex', 'Sex']","['Dog Hybrid Kim Taehyung', 'V', 'Hybrid Kim Seokjin', 'Jin', 'Kim Seokjin', 'Jin-centric', 'Mentions of Breeding', 'Mentions of impregnation', 'Unprotected Sex', 'oral sex (female receiving)']","['Dog Hybrid Kim Taehyung', 'Hybrid Kim Seokjin', 'Jin', 'Kim Seokjin', 'Unprotected Sex']",[]
https://golemlab.eu/graph/6575218,Salt and Soulmates,Everyone on Earth has a soulmate. You'll know your soulmate by the tattoo that appears on your forearm after they speak to you the first time. That tattoo will forever memorialize the first sentence they ever spoke to you.,2016-04-17,777,General Audiences,F/M,Completed,381,seokjin,Alternate Universe - Soulmates | Namjoon is only there for a second | Soulmate-Identifying Marks,Kim Seokjin | Jin/Reader Series: First Words-Soulmates [1],"['Alternate Universe - Soulmates', 'Namjoon is only there for a second', 'Soulmate-Identifying Marks']","['Alternate Universe - Soulmates', 'Soulmate-Identifying Marks']",['Namjoon is only there for a second'],[],[]
https://golemlab.eu/graph/6372283,Cinema (Jin x Reader Smut),"At a movie premier you meet your ex / good friend, Jin. As complicated as your relationship with him is, it get even more complicated when he convinces you to ditch your date and spend some time with him.",2016-03-27,4266,Explicit,F/M,Completed,366,seokjin,Alcohol | Bathroom Sex | Complicated Relationships | Cowgirl Position | Fluff and Smut | Love Confessions | Mirror Sex | Romance | Rough Sex | Smut | Sneaking Around,Kim Seokjin | Jin/Reader,"['Alcohol', 'Bathroom Sex', 'Complicated Relationships', 'Cowgirl Position', 'Fluff and Smut', 'Love Confessions', 'Mirror Sex', 'Romance', 'Rough Sex', 'Smut', 'Sneaking Around']","['Alcohol', 'Bathroom Sex', 'Complicated Relationships', 'Cowgirl Position', 'Fluff and Smut', 'Love Confessions', 'Mirror Sex', 'Romance', 'Rough Sex', 'Smut', 'Sneaking Around']",[],[],[]
https://golemlab.eu/graph/7102330,in every life i will find your shoulder to cry on,"The first time, he is your pool boy.",2016-06-05,2838,Teen And Up Audiences,F/M,Completed,343,seokjin,Alternate Universe - Reincarnation | Angst with a Happy Ending | Best Friends | Coffee Shops | Fluff and Angst | Historical | Multi-Era | Past Lives | Puppy Love | Reincarnation | Soulmates | Teacher-Student Relationship,Kim Seokjin | Jin/Reader,"['Alternate Universe - Reincarnation', 'Angst with a Happy Ending', 'Best Friends', 'Coffee Shops', 'Fluff and Angst', 'Historical', 'Multi-Era', 'Past Lives', 'Puppy Love', 'Reincarnation', 'Soulmates', 'Teacher-Student Relationship']","['Alternate Universe - Reincarnation', 'Angst with a Happy Ending', 'Best Friends', 'Coffee Shops', 'Fluff and Angst', 'Historical', 'Multi-Era', 'Past Lives', 'Puppy Love', 'Reincarnation', 'Soulmates', 'Teacher-Student Relationship']",[],[],[]
https://golemlab.eu/graph/17578823,Movie Night,"“Sweetheart, the only person embarrassed about anything remotely sexual, is you .” You and your stubborn ass take offense and ultimately decide to prove Jin wrong. What you don’t expect, however, is that two can play at this game. [Alternatively: You both play with fire and he ends up fucking your brains out.]",2019-01-28,8743,Explicit,F/M,Completed,338,seokjin,Banter | Best Friend Jin | Best Friends | Blow Jobs | Dirty Talk | Explicit Sexual Content | Fingerfucking | Friends to Lovers | Jin made reader horny | Light Dom/sub | Multiple Orgasms | Oral Sex | Rough Sex | Sexual Tension | and reader wants revenge | dom!jin | sub!Reader | yoongi is so confuSED,Kim Seokjin | Jin/Reader Series: The Friend AU Series [1],"['Banter', 'Best Friend Jin', 'Best Friends', 'Blow Jobs', 'Dirty Talk', 'Explicit Sexual Content', 'Fingerfucking', 'Friends to Lovers', 'Jin made reader horny', 'Light Dom/sub', 'Multiple Orgasms', 'Oral Sex', 'Rough Sex', 'Sexual Tension', 'and reader wants revenge', 'dom!jin', 'sub!Reader', 'yoongi is so confuSED']","['Banter', 'Best Friends', 'Blow Jobs', 'Dirty Talk', 'Explicit Sexual Content', 'Fingerfucking', 'Friends to Lovers', 'Light Dom/sub', 'Multiple Orgasms', 'Oral Sex', 'Rough Sex', 'Sexual Tension']","['Best Friend Jin', 'Jin made reader horny', 'and reader wants revenge', 'dom!jin', 'sub!Reader', 'yoongi is so confuSED']",['Best Friend Jin'],[]
https://golemlab.eu/graph/16897086,Ready,"Y/n wakes up with a pain in her stomach and a need to be bred by her mate, Alpha Jin.",2018-12-07,3756,Explicit,F/M,Completed,315,seokjin,Breeding Kink | Creampie | Hair-pulling | Impregnation Kink | Knotting | Pregnancy | Spanking | Unprotected Sex | Wolf AU,Kim Seokjin | Jin/Reader,"['Breeding Kink', 'Creampie', 'Hair-pulling', 'Impregnation Kink', 'Knotting', 'Pregnancy', 'Spanking', 'Unprotected Sex', 'Wolf AU']","['Creampie', 'Hair-pulling', 'Knotting', 'Pregnancy', 'Spanking']","['Breeding Kink', 'Impregnation Kink', 'Unprotected Sex', 'Wolf AU']","['Breeding Kink', 'Impregnation Kink', 'Unprotected Sex', 'Wolf AU']",[]
https://golemlab.eu/graph/21346510,Cake || Seokjin x Reader,"""I was always hungry for your love. Just once, I wanted to know what it was like to get my fill of it. I wanted to be fed so much love that I couldn't take it anymore, just once.""",2019-11-07,93883,Mature,F/M,In-Progress,309,seokjin,Alternate Universe - Serial Killers | Angst | Blindfolds | Blood Kink | Brainwashing | Cannibalism | Cannibalism Play | Cannibalistic Thoughts | Cute Kim Seokjin | Jin | Detective Kim Namjoon | RM | Doctor Kim Seokjin | Jin | Dom Kim Seokjin | Jin | Emotional/Psychological Abuse | Eventual Smut | Fanfiction | First Time | Fluff and Angst | Gaslighting | Handcuffs | Hostage Situations | Implied/Referenced Child Abuse | Implied/Referenced Torture | Jung Hoseok | J-Hope is a Sweetheart | Kidnapping | Kink Exploration | Light Bondage | Loss of Virginity | Manipulative Relationship | Masturbation | Mentioned Jung Hoseok | J-Hope | Mentioned Kim Namjoon | RM | Mild Gore | Murder Mystery | Murder-Suicide | Obedience | Obsessive Behavior | Praise Kink | Psychopath Kim Seokjin | Jin | Rape Fantasy | Rape/Non-con Elements | Reader-Insert | Religious Imagery & Symbolism | Romance | Serial Killers | Stockholm Syndrome | Sweet Kim Seokjin | Jin | Thriller | Tragic Romance | Unhealthy Relationships | Verbal Abuse | Yandere | Yandere Bangtan Boys | BTS | yandere kim seokjin,"Kim Seokjin | Jin/Reader, Kim Seokjin | Jin/You","['Alternate Universe - Serial Killers', 'Angst', 'Blindfolds', 'Blood Kink', 'Brainwashing', 'Cannibalism', 'Cannibalism Play', 'Cannibalistic Thoughts', 'Cute Kim Seokjin', 'Jin', 'Detective Kim Namjoon', 'RM', 'Doctor Kim Seokjin', 'Jin', 'Dom Kim Seokjin', 'Jin', 'Emotional/Psychological Abuse', 'Eventual Smut', 'Fanfiction', 'First Time', 'Fluff and Angst', 'Gaslighting', 'Handcuffs', 'Hostage Situations', 'Implied/Referenced Child Abuse', 'Implied/Referenced Torture', 'Jung Hoseok', 'J-Hope is a Sweetheart', 'Kidnapping', 'Kink Exploration', 'Light Bondage', 'Loss of Virginity', 'Manipulative Relationship', 'Masturbation', 'Mentioned Jung Hoseok', 'J-Hope', 'Mentioned Kim Namjoon', 'RM', 'Mild Gore', 'Murder Mystery', 'Murder-Suicide', 'Obedience', 'Obsessive Behavior', 'Praise Kink', 'Psychopath Kim Seokjin', 'Jin', 'Rape Fantasy', 'Rape/Non-con Elements', 'Reader-Insert', 'Religious Imagery & Symbolism', 'Romance', 'Serial Killers', 'Stockholm Syndrome', 'Sweet Kim Seokjin', 'Jin', 'Thriller', 'Tragic Romance', 'Unhealthy Relationships', 'Verbal Abuse', 'Yandere', 'Yandere Bangtan Boys', 'BTS', 'yandere kim seokjin']","['Alternate Universe - Serial Killers', 'Angst', 'Blindfolds', 'Blood Kink', 'Brainwashing', 'Cannibalism', 'Cannibalism Play', 'Cannibalistic Thoughts', 'Emotional/Psychological Abuse', 'Eventual Smut', 'Fanfiction', 'First Time', 'Fluff and Angst', 'Gaslighting', 'Handcuffs', 'Hostage Situations', 'Implied/Referenced Child Abuse', 'Implied/Referenced Torture', 'Kidnapping', 'Kink Exploration', 'Light Bondage', 'Loss of Virginity', 'Manipulative Relationship', 'Masturbation', 'Mild Gore', 'Murder Mystery', 'Murder-Suicide', 'Obedience', 'Obsessive Behavior', 'Praise Kink', 'Rape Fantasy', 'Rape/Non-con Elements', 'Reader-Insert', 'Religious Imagery & Symbolism', 'Romance', 'Serial Killers', 'Stockholm Syndrome', 'Thriller', 'Tragic Romance', 'Unhealthy Relationships', 'Verbal Abuse', 'Yandere']","['Cute Kim Seokjin', 'Jin', 'Detective Kim Namjoon', 'RM', 'Doctor Kim Seokjin', 'Jin', 'Dom Kim Seokjin', 'Jin', 'Jung Hoseok', 'J-Hope is a Sweetheart', 'Mentioned Jung Hoseok', 'J-Hope', 'Mentioned Kim Namjoon', 'RM', 'Psychopath Kim Seokjin', 'Jin', 'Sweet Kim Seokjin', 'Jin', 'Yandere Bangtan Boys', 'BTS', 'yandere kim seokjin']","['Cute Kim Seokjin', 'Jin', 'Detective Kim Namjoon', 'Doctor Kim Seokjin', 'Jin', 'Dom Kim Seokjin', 'Jin', 'Jung Hoseok', 'Mentioned Jung Hoseok', 'J-Hope', 'Mentioned Kim Namjoon', 'Psychopath Kim Seokjin', 'Jin', 'Sweet Kim Seokjin', 'Jin', 'Yandere Bangtan Boys']",[]
https://golemlab.eu/graph/16957518,The 'mum' friend,Jin is a little tired of being the mum friend. friends-to-lovers!drabble series featuring mumfriend!Jin Jin x reader,2018-12-12,11613,Teen And Up Audiences,F/M,Completed,290,seokjin,Fluff | Friends to Lovers | Or Is It? | Pining | Unrequited Love | lots and lots of fluff | maybe a little bit of mutual pining? | mild drunken shenanigans at some point,Kim Seokjin | Jin/Reader,"['Fluff', 'Friends to Lovers', 'Or Is It?', 'Pining', 'Unrequited Love', 'lots and lots of fluff', 'maybe a little bit of mutual pining?', 'mild drunken shenanigans at some point']","['Fluff', 'Friends to Lovers', 'Pining', 'Unrequited Love']","['Or Is It?', 'lots and lots of fluff', 'maybe a little bit of mutual pining?', 'mild drunken shenanigans at some point']",['Or Is It?'],[]
https://golemlab.eu/graph/8521327,(you’re the only friend i need) sharing beds like little kids,"seokjin had noticed how different you looked since he last saw you from the moment you walked in the door. you hadn’t grown much taller, but your body had changed; you had developed more, you were curvier, and you didn’t have that naïve look in your eyes anymore. you weren’t the little girl he had left behind. you were a woman now and seokjin didn’t know how to feel about that.",2016-11-15,6297,Explicit,F/M,Completed,288,seokjin,Age Difference | Blonde Jin | Childhood Friends | Fire Era | Friends to Lovers | Jealousy | Masturbation | Oppa Kink | Pining | Sharing a Bed | Vaginal Sex | Y/N is of legal age | sappy ending bc i'm a sappy person,Kim Seokjin | Jin/Reader,"['Age Difference', 'Blonde Jin', 'Childhood Friends', 'Fire Era', 'Friends to Lovers', 'Jealousy', 'Masturbation', 'Oppa Kink', 'Pining', 'Sharing a Bed', 'Vaginal Sex', 'Y/N is of legal age', ""sappy ending bc i'm a sappy person""]","['Age Difference', 'Childhood Friends', 'Friends to Lovers', 'Jealousy', 'Masturbation', 'Oppa Kink', 'Pining', 'Sharing a Bed', 'Vaginal Sex']","['Blonde Jin', 'Fire Era', 'Y/N is of legal age', ""sappy ending bc i'm a sappy person""]","['Blonde Jin', 'Fire Era']",[]
https://golemlab.eu/graph/25577479,The Man In The Woods,"When you went for a walk in the woods, you weren’t exactly expecting to find a man passed out. Or find out that he wasn’t of this world. But that’s exactly what happened. Alien!SeokjinxReader",2020-07-28,6247,Explicit,F/M,Completed,272,seokjin,Alien!AU | Choking | Come Eating | Come Shot | Come Swallowing | Consent | Double Penetration | Double Penetration in One Hole | Double Penetration in Two Holes | Double Vaginal Penetration | Enthusiastic Consent | Explicit Consent | Gratuitous Smut | Human/Monster Romance | Oral Sex | PWP | Porn Without Plot | Restraints | Sex | Shameless Smut | Smut | Tentacle Dick | Tentacle Monsters | Tentacle Sex | Tentacles | Vaginal Sex | monster cock | porn what plot? | porn with little plot,Kim Seokjin | Jin/Reader Series: Jintacles AU [1],"['Alien!AU', 'Choking', 'Come Eating', 'Come Shot', 'Come Swallowing', 'Consent', 'Double Penetration', 'Double Penetration in One Hole', 'Double Penetration in Two Holes', 'Double Vaginal Penetration', 'Enthusiastic Consent', 'Explicit Consent', 'Gratuitous Smut', 'Human/Monster Romance', 'Oral Sex', 'PWP', 'Porn Without Plot', 'Restraints', 'Sex', 'Shameless Smut', 'Smut', 'Tentacle Dick', 'Tentacle Monsters', 'Tentacle Sex', 'Tentacles', 'Vaginal Sex', 'monster cock', 'porn what plot?', 'porn with little plot']","['Choking', 'Come Eating', 'Come Shot', 'Come Swallowing', 'Consent', 'Double Penetration', 'Double Penetration in One Hole', 'Double Penetration in Two Holes', 'Double Vaginal Penetration', 'Enthusiastic Consent', 'Explicit Consent', 'Gratuitous Smut', 'Human/Monster Romance', 'Oral Sex', 'Restraints', 'Sex', 'Shameless Smut', 'Smut', 'Tentacle Dick', 'Tentacle Monsters', 'Tentacle Sex', 'Tentacles', 'Vaginal Sex']","['Alien!AU', 'PWP', 'Porn Without Plot', 'monster cock', 'porn what plot?', 'porn with little plot']","['Alien!AU', 'Porn Without Plot']",[]
https://golemlab.eu/graph/18770566,The Devil Wears Armani,You never imagined accidentally attempting to sell your soul to the devil would lead to this…,2019-05-09,25280,Explicit,F/M,Completed,270,seokjin,Devil BTS | Devil! Seokjin | Devil/Human | Humor | Light Angst | Slow Burn | Smut | devil au | master kink | repost from tumblr,"Kim Seokjin | Jin/Reader, Kim Seokjin | Jin/You Series: The Devil Wears Armani Saga [1]","['Devil BTS', 'Devil! Seokjin', 'Devil/Human', 'Humor', 'Light Angst', 'Slow Burn', 'Smut', 'devil au', 'master kink', 'repost from tumblr']","['Humor', 'Light Angst', 'Slow Burn', 'Smut']","['Devil BTS', 'Devil! Seokjin', 'Devil/Human', 'devil au', 'master kink', 'repost from tumblr']","['Devil BTS', 'Devil! Seokjin', 'Devil/Human']",[]
https://golemlab.eu/graph/28677339,Made-up Love Song,"Your first encounter with Kim Seokjin doesn’t go so well, nor your second, or your third… and maybe that’s because it shouldn’t work on paper. You’re an elementary school teacher living with your best friend, and have never left the country despite hitting the third decade of your life not so long ago. He’s the dad of one of your students, nearly a decade older than you and divorced. Oh yes, and just another minor detail – he’s a multimillionaire. Your lives are lightyears apart, yet somehow, your paths having now crossed, things just seem to fall into place…",2021-01-10,100996,Explicit,F/M,Completed,263,seokjin,69 | Angst | Arguments | Biting (Light) | CEO Seokjin | Creampie | Elementary school teacher OC | Happy Ending | Jin is 37 OC is 30 | Kissing | Morning Sex | Oral Sex | Outdoor Sex | Romance | Shower Sex | Single Dad AU | Smut | Spanking (Light) | Strangers to Lovers | age gap | dilf seokjin | face riding | romantic sex,"Kim Seokjin | Jin/Reader, Kim Seokjin | Jin/You Series: Made-up Love Song [1]","['69', 'Angst', 'Arguments', 'Biting (Light)', 'CEO Seokjin', 'Creampie', 'Elementary school teacher OC', 'Happy Ending', 'Jin is 37 OC is 30', 'Kissing', 'Morning Sex', 'Oral Sex', 'Outdoor Sex', 'Romance', 'Shower Sex', 'Single Dad AU', 'Smut', 'Spanking (Light)', 'Strangers to Lovers', 'age gap', 'dilf seokjin', 'face riding', 'romantic sex']","['Angst', 'Creampie', 'Happy Ending', 'Kissing', 'Morning Sex', 'Oral Sex', 'Outdoor Sex', 'Romance', 'Shower Sex', 'Smut', 'Strangers to Lovers']","['69', 'Arguments', 'Biting (Light)', 'CEO Seokjin', 'Elementary school teacher OC', 'Jin is 37 OC is 30', 'Single Dad AU', 'Spanking (Light)', 'age gap', 'dilf seokjin', 'face riding', 'romantic sex']","['Arguments', 'Biting (Light)', 'CEO Seokjin', 'Single Dad AU', 'Spanking (Light)']",[]
https://golemlab.eu/graph/20097601,Off Limits,"You’ve been lusting after your brother’s best friend for a while now, ever since you met him at a house party, flirting it up a storm as you failed to realise who the other was. That was months ago now and things are still awkward, but you can’t ignore the sexual tension that simmers between the two of you…and it only keeps getting worse…",2019-08-03,82931,Explicit,F/M,Completed,260,seokjin,Angst | Romance | Smut | Written in 2017 | brother's best friend au | repost from tumblr,"Kim Seokjin | Jin/Reader, Kim Seokjin | Jin/You","['Angst', 'Romance', 'Smut', 'Written in 2017', ""brother's best friend au"", 'repost from tumblr']","['Angst', 'Romance', 'Smut']","['Written in 2017', ""brother's best friend au"", 'repost from tumblr']",[],[]
https://golemlab.eu/graph/5651080,Halloween Hookups-Mario Edition,"""I can't believe I had sex with a guy dressed as Mario.""",2016-01-06,1528,Explicit,F/M,Completed,259,seokjin,Halloween | Jin dressed as Mario | Jin is both sexy and kind of sweet and fluffy | Smut | hookup | min yoongi for like 2 sentences,Kim Seokjin | Jin/Reader Series: Halloween Hookups [1],"['Halloween', 'Jin dressed as Mario', 'Jin is both sexy and kind of sweet and fluffy', 'Smut', 'hookup', 'min yoongi for like 2 sentences']","['Halloween', 'Smut']","['Jin dressed as Mario', 'Jin is both sexy and kind of sweet and fluffy', 'hookup', 'min yoongi for like 2 sentences']",[],[]
https://golemlab.eu/graph/7321516,You're Mine (Not Theirs),"Seokjin and his girlfriend are fighting so Bangtan takes advantage by keeping her all to themselves. Seokjin was having none of that. (or where Seokjin is a petty, jealous boyfriend and Jungkook is a brat that demands all attention and cuddles. Definitely cuddles.)",2016-06-27,1918,General Audiences,F/M,Completed,256,seokjin,Couple Fight | Fluffy Ending | angst? kind of? not really?,Kim Seokjin | Jin/Reader,"['Couple Fight', 'Fluffy Ending', 'angst? kind of? not really?']",['Fluffy Ending'],"['Couple Fight', 'angst? kind of? not really?']",['Couple Fight'],[]
https://golemlab.eu/graph/18386048,acts of decorum (or lack thereof),“…Do people really mean what I think they mean when they say ‘send nudes’?”,2019-04-07,2215,Teen And Up Audiences,F/M,Completed,251,seokjin,Alternate Universe - Vampire | Awkward Flirting | Awkward Romance | Dark | Dark Comedy | Human/Vampire Relationship | Texting | Unresolved Sexual Tension | Wooing,Kim Seokjin | Jin/Reader Series: Vampire!Jin [5],"['Alternate Universe - Vampire', 'Awkward Flirting', 'Awkward Romance', 'Dark', 'Dark Comedy', 'Human/Vampire Relationship', 'Texting', 'Unresolved Sexual Tension', 'Wooing']","['Alternate Universe - Vampire', 'Awkward Flirting', 'Awkward Romance', 'Dark', 'Dark Comedy', 'Human/Vampire Relationship', 'Texting', 'Unresolved Sexual Tension', 'Wooing']",[],[],[]
https://golemlab.eu/graph/25024918,Sugar,"When you fall into art critic Kim Seokjin’s good graces by chance, his good favor means more recognition for your hard work and more attention from unexpected sources. OR Sugar daddy Jin gets jealous and fucks you up against the window of his penthouse.",2020-07-02,8974,Explicit,F/M,Completed,245,seokjin,Aftercare | Belts | Blow Jobs | Bondage | Come Eating | Creampie | Dom Kim Seokjin | Jin | Dom/sub | Dom/sub Play | Exhibitionism | Face-Fucking | Fluff | Jealousy | Kim Seokjin | Jin is Whipped | Light Bondage | Multiple Orgasms | Nipple Play | Orgasm Control | Orgasm Delay/Denial | Possessive Behavior | Punishment | Semi-Public Sex | Sex | Smut | Spanking | Sugar Daddy | Sugar Daddy Kim Seokjin | Jin | Teasing,"Kim Seokjin | Jin/Reader, Kim Seokjin | Jin/You","['Aftercare', 'Belts', 'Blow Jobs', 'Bondage', 'Come Eating', 'Creampie', 'Dom Kim Seokjin', 'Jin', 'Dom/sub', 'Dom/sub Play', 'Exhibitionism', 'Face-Fucking', 'Fluff', 'Jealousy', 'Kim Seokjin', 'Jin is Whipped', 'Light Bondage', 'Multiple Orgasms', 'Nipple Play', 'Orgasm Control', 'Orgasm Delay/Denial', 'Possessive Behavior', 'Punishment', 'Semi-Public Sex', 'Sex', 'Smut', 'Spanking', 'Sugar Daddy', 'Sugar Daddy Kim Seokjin', 'Jin', 'Teasing']","['Aftercare', 'Belts', 'Blow Jobs', 'Bondage', 'Come Eating', 'Creampie', 'Dom/sub', 'Dom/sub Play', 'Exhibitionism', 'Face-Fucking', 'Fluff', 'Jealousy', 'Light Bondage', 'Multiple Orgasms', 'Nipple Play', 'Orgasm Control', 'Orgasm Delay/Denial', 'Possessive Behavior', 'Punishment', 'Semi-Public Sex', 'Sex', 'Smut', 'Spanking', 'Sugar Daddy', 'Teasing']","['Dom Kim Seokjin', 'Jin', 'Kim Seokjin', 'Jin is Whipped', 'Sugar Daddy Kim Seokjin', 'Jin']","['Dom Kim Seokjin', 'Jin', 'Kim Seokjin', 'Sugar Daddy Kim Seokjin', 'Jin']",[]
https://golemlab.eu/graph/21611479,Chained (Yandere Seokjin x Reader),Seokjin won't let you go that easily.,2019-11-30,4156,Explicit,F/M,In-Progress,239,seokjin,Abuse | Abusive Relationship | Blow Jobs | Comeplay | Deep Throating | Degradation | Dubiously Consensual Blow Jobs | Humiliation | Jealousy | Kidnapping | Mildly Dubious Consent | Obsession | Physical Abuse | Reader-Insert | Smut | Stockholm Syndrome | Throat Fucking | Toxic Relationship | Yandere BTS | Yandere Bangtan Boys | BTS | bts smut | jin smut | kpopyandere | seokjin smut | unhealthy relationship | weight loss,"Kim Seokjin | Jin/Reader, Yandere!Kim Seokjin/Reader","['Abuse', 'Abusive Relationship', 'Blow Jobs', 'Comeplay', 'Deep Throating', 'Degradation', 'Dubiously Consensual Blow Jobs', 'Humiliation', 'Jealousy', 'Kidnapping', 'Mildly Dubious Consent', 'Obsession', 'Physical Abuse', 'Reader-Insert', 'Smut', 'Stockholm Syndrome', 'Throat Fucking', 'Toxic Relationship', 'Yandere BTS', 'Yandere Bangtan Boys', 'BTS', 'bts smut', 'jin smut', 'kpopyandere', 'seokjin smut', 'unhealthy relationship', 'weight loss']","['Abuse', 'Blow Jobs', 'Comeplay', 'Dubiously Consensual Blow Jobs', 'Humiliation', 'Jealousy', 'Kidnapping', 'Mildly Dubious Consent', 'Obsession', 'Physical Abuse', 'Reader-Insert', 'Smut', 'Stockholm Syndrome']","['Abusive Relationship', 'Deep Throating', 'Degradation', 'Throat Fucking', 'Toxic Relationship', 'Yandere BTS', 'Yandere Bangtan Boys', 'BTS', 'bts smut', 'jin smut', 'kpopyandere', 'seokjin smut', 'unhealthy relationship', 'weight loss']","['Abusive Relationship', 'Deep Throating', 'Degradation', 'Throat Fucking', 'Toxic Relationship', 'Yandere BTS', 'Yandere Bangtan Boys']",[]
https://golemlab.eu/graph/22577224,Broken  (Yandere Seokjin x Reader),"You've finally escaped your crazy ex and are ready to start a new life, but Seokjin won't ever give up on you.",2020-02-08,5565,Explicit,F/M,Completed,239,seokjin,Blackmail | Jin fantasizes about knife play | Mean Seokjin | Misogyny | Obsession | Obsessive Behaviour | Pregnancy | Reader-Insert | Sexism | Stalking | Threats | Voyeurism | Yandere Bangtan Boys | BTS | kpopyandere | sexist slurs,"Kim Seokjin | Jin/Reader, Yandere!Jin/Reader, Yandere!Kim Seokjin/Reader, Yandere!Seokjin/Reader","['Blackmail', 'Jin fantasizes about knife play', 'Mean Seokjin', 'Misogyny', 'Obsession', 'Obsessive Behaviour', 'Pregnancy', 'Reader-Insert', 'Sexism', 'Stalking', 'Threats', 'Voyeurism', 'Yandere Bangtan Boys', 'BTS', 'kpopyandere', 'sexist slurs']","['Blackmail', 'Misogyny', 'Obsession', 'Pregnancy', 'Reader-Insert', 'Sexism', 'Stalking', 'Threats', 'Voyeurism']","['Jin fantasizes about knife play', 'Mean Seokjin', 'Obsessive Behaviour', 'Yandere Bangtan Boys', 'BTS', 'kpopyandere', 'sexist slurs']","['Mean Seokjin', 'Obsessive Behaviour', 'Yandere Bangtan Boys']",[]
https://golemlab.eu/graph/21671038,Don't Forget Love || Seokjin x Reader,Chef AU How could he possibly become head chef when you deserved it more? Another year of staying sous chef and now your sister dumps your nephew on you for three months. Just great! (A/n: Always been bad at summaries but I figure giving this story a try wouldn't hurt.),2019-12-04,241448,Teen And Up Audiences,F/M,Completed,221,seokjin,Alternate Universe - Chefs | Angst | Anxiety | Bad Parenting | Character Development | Chef Kim Seokjin | Jin | Chefs | Cooking | Cute | Happy Ending | Kim Namjoon - Freeform | Mental Health Issues | Min Yoongi - Freeform | Slow Burn | Suicidal Thoughts | important fictional character | jung hoseok - Freeform | mental health | other bts members make short appearances | poor mental health | soft,Kim Seokjin | Jin/Reader,"['Alternate Universe - Chefs', 'Angst', 'Anxiety', 'Bad Parenting', 'Character Development', 'Chef Kim Seokjin', 'Jin', 'Chefs', 'Cooking', 'Cute', 'Happy Ending', 'Kim Namjoon - Freeform', 'Mental Health Issues', 'Min Yoongi - Freeform', 'Slow Burn', 'Suicidal Thoughts', 'important fictional character', 'jung hoseok - Freeform', 'mental health', 'other bts members make short appearances', 'poor mental health', 'soft']","['Alternate Universe - Chefs', 'Angst', 'Anxiety', 'Bad Parenting', 'Character Development', 'Chefs', 'Cooking', 'Cute', 'Happy Ending', 'Mental Health Issues', 'Slow Burn', 'Suicidal Thoughts']","['Chef Kim Seokjin', 'Jin', 'Kim Namjoon - Freeform', 'Min Yoongi - Freeform', 'important fictional character', 'jung hoseok - Freeform', 'mental health', 'other bts members make short appearances', 'poor mental health', 'soft']","['Chef Kim Seokjin', 'Jin', 'Kim Namjoon - Freeform', 'Min Yoongi - Freeform']",[]
https://golemlab.eu/graph/12589940,Amaranthine,"Kim Seokjin discovers, firsthand, the consequences of not knowing that exchanging contact information over smart phones puts ones' birthday into the calendar only to be notified the day of. Or: in which Jin buys you a birthday present.",2017-11-01,6256,Teen And Up Audiences,F/M,Completed,218,seokjin,Alternate Universe - Vampire | Ambiguous Relationships | Birthday | Dark Comedy | Human/Vampire Relationship | Romanticism | Scene Gone Wrong | Texting | Vampire Kim Seokjin | Jin,Kim Seokjin | Jin/Reader Series: Vampire!Jin [4],"['Alternate Universe - Vampire', 'Ambiguous Relationships', 'Birthday', 'Dark Comedy', 'Human/Vampire Relationship', 'Romanticism', 'Scene Gone Wrong', 'Texting', 'Vampire Kim Seokjin', 'Jin']","['Alternate Universe - Vampire', 'Ambiguous Relationships', 'Birthday', 'Dark Comedy', 'Human/Vampire Relationship', 'Romanticism', 'Scene Gone Wrong', 'Texting']","['Vampire Kim Seokjin', 'Jin']","['Vampire Kim Seokjin', 'Jin']",[]
https://golemlab.eu/graph/14319522,These Wicked Delights,"In the dead of night, a sinful creature penetrates your mind, body, and soul.",2018-04-14,3355,Explicit,F/M,Completed,218,seokjin,Additional Warnings Apply | Additional Warnings In Author's Note | Creampie | Cunnilingus | Demon Kim Seokjin | Jin | Dub/noncon | Explicit Sexual Content | Fingering | Incubus Kim Seokjin | Jin | Originally Posted on Tumblr | POV Second Person | PWP | Reader-Insert | Smut | Squirting | Supernatural Elements | Vulgar Language | degrading dialogue | dom Jin | some sensory deprivation,Kim Seokjin | Jin/Reader Series: These Wicked Delights [1],"['Additional Warnings Apply', ""Additional Warnings In Author's Note"", 'Creampie', 'Cunnilingus', 'Demon Kim Seokjin', 'Jin', 'Dub/noncon', 'Explicit Sexual Content', 'Fingering', 'Incubus Kim Seokjin', 'Jin', 'Originally Posted on Tumblr', 'POV Second Person', 'PWP', 'Reader-Insert', 'Smut', 'Squirting', 'Supernatural Elements', 'Vulgar Language', 'degrading dialogue', 'dom Jin', 'some sensory deprivation']","['Additional Warnings Apply', ""Additional Warnings In Author's Note"", 'Creampie', 'Cunnilingus', 'Explicit Sexual Content', 'Originally Posted on Tumblr', 'POV Second Person', 'Reader-Insert', 'Smut', 'Supernatural Elements']","['Demon Kim Seokjin', 'Jin', 'Dub/noncon', 'Fingering', 'Incubus Kim Seokjin', 'Jin', 'PWP', 'Squirting', 'Vulgar Language', 'degrading dialogue', 'dom Jin', 'some sensory deprivation']","['Demon Kim Seokjin', 'Jin', 'Fingering', 'Incubus Kim Seokjin', 'Jin', 'Squirting', 'Vulgar Language']",[]
https://golemlab.eu/graph/7869697,Three O'Clock,Because bookworm Jin with glasses is needed,2016-08-25,1732,General Audiences,F/M,Completed,213,seokjin,Alternate Universe - Bookstore | Fluff,Kim Seokjin | Jin/Reader,"['Alternate Universe - Bookstore', 'Fluff']","['Alternate Universe - Bookstore', 'Fluff']",[],[],[]
https://golemlab.eu/graph/25752436,Glazed & Dazed: Good Girl Gone Bad XXX,"Vanilla, that’s what you do best as one of the industry’s most loved stars. Only you want a change. Taking the plunge to taint your pure image, knowing so many fans would love to see it sullied, even if just for one movie. There’s only one man for the job in your eyes. One you’ve always admired from afar, and the only one who’s perfect enough to take your innocence in the most fitting way. Seokjin Kim. Even more famous than you; a pro, a veteran, and someone you can’t wait to give your all for. Together you will be unstoppable.",2020-08-06,30391,Explicit,F/M,Completed,206,seokjin,Creampie | Deepthroating | Dick slapping | Dirty Talk | Dom Themes | External sexual use of a rolling pin | Facial | Feet | Light Manhandling | Multiple Orgasms | Oral Sex | Overstimulation | Pornstar Kim Seokjin | Pornstar Reader | Role played porn | Romance | Rough Sex | Smut | Spanking | Squirting | Throat Bulge | Use of the word Slut | ass eating | ass fingering | breath play | degrading names | face fucking | pornstar AU | slight angst | spitting,"Kim Seokjin | Jin/Reader, Kim Seokjin | Jin/You","['Creampie', 'Deepthroating', 'Dick slapping', 'Dirty Talk', 'Dom Themes', 'External sexual use of a rolling pin', 'Facial', 'Feet', 'Light Manhandling', 'Multiple Orgasms', 'Oral Sex', 'Overstimulation', 'Pornstar Kim Seokjin', 'Pornstar Reader', 'Role played porn', 'Romance', 'Rough Sex', 'Smut', 'Spanking', 'Squirting', 'Throat Bulge', 'Use of the word Slut', 'ass eating', 'ass fingering', 'breath play', 'degrading names', 'face fucking', 'pornstar AU', 'slight angst', 'spitting']","['Creampie', 'Deepthroating', 'Dirty Talk', 'Multiple Orgasms', 'Oral Sex', 'Overstimulation', 'Romance', 'Rough Sex', 'Smut', 'Spanking']","['Dick slapping', 'Dom Themes', 'External sexual use of a rolling pin', 'Facial', 'Feet', 'Light Manhandling', 'Pornstar Kim Seokjin', 'Pornstar Reader', 'Role played porn', 'Squirting', 'Throat Bulge', 'Use of the word Slut', 'ass eating', 'ass fingering', 'breath play', 'degrading names', 'face fucking', 'pornstar AU', 'slight angst', 'spitting']","['Dom Themes', 'Facial', 'Feet', 'Light Manhandling', 'Pornstar Kim Seokjin', 'Pornstar Reader', 'Squirting', 'Throat Bulge']",[]
https://golemlab.eu/graph/12211452,Inertia,"How do you move from friends to lovers? That’s the million-dollar question as you’ve fallen desperately in love with your childhood friend, Jin. And to make things worse, he’s smitten with another petite brunette who’s everything but you. How do you move from friends to lovers? You wished you knew. OR the f2l trope",2017-09-28,16081,Explicit,F/M,Completed,205,seokjin,Angst | Drama | Fluff | Friends to Lovers | Romance | Smut,Kim Seokjin | Jin/Reader Series: The One with the Tropes [2],"['Angst', 'Drama', 'Fluff', 'Friends to Lovers', 'Romance', 'Smut']","['Angst', 'Drama', 'Fluff', 'Friends to Lovers', 'Romance', 'Smut']",[],[],[]
https://golemlab.eu/graph/7873366,Concubine,You are a princess who needs attention and know just the person to give you some.,2016-08-26,2305,Mature,F/M,Completed,204,seokjin,Alternate Universe - Royalty | Fluff | Sexual Content | Smut,Kim Seokjin | Jin/Reader,"['Alternate Universe - Royalty', 'Fluff', 'Sexual Content', 'Smut']","['Alternate Universe - Royalty', 'Fluff', 'Sexual Content', 'Smut']",[],[],[]
https://golemlab.eu/graph/19477330,Sharing is Caring,Jin graciously decides to loan you to handsome Park Jimin for the night.,2019-07-04,3024,Explicit,F/M,Completed,204,seokjin,Creampie | Cum Eating | Cum Play | Dirty Talk | Double Oral | Masturbation | Objectification | Oral | Prostitution | Sex Work | Slapping | Spanking | Threesome | Voyeurism | blowjob | cuckholding | degrading names | dom!jimin,"Kim Seokjin | Jin/Reader, Park Jimin/Reader","['Creampie', 'Cum Eating', 'Cum Play', 'Dirty Talk', 'Double Oral', 'Masturbation', 'Objectification', 'Oral', 'Prostitution', 'Sex Work', 'Slapping', 'Spanking', 'Threesome', 'Voyeurism', 'blowjob', 'cuckholding', 'degrading names', 'dom!jimin']","['Creampie', 'Dirty Talk', 'Masturbation', 'Objectification', 'Prostitution', 'Sex Work', 'Slapping', 'Spanking', 'Threesome', 'Voyeurism']","['Cum Eating', 'Cum Play', 'Double Oral', 'Oral', 'blowjob', 'cuckholding', 'degrading names', 'dom!jimin']","['Cum Eating', 'Cum Play', 'Double Oral', 'Oral']",[]
https://golemlab.eu/graph/12861243,angel,That was the night you fell in love in front of a grocery store.,2015-12-21,1908,Teen And Up Audiences,F/M,Completed,197,seokjin,Awkward Romance | Christmas Fluff | Grocery Store | Love at First Sight | Snow,Kim Seokjin | Jin/Reader Series: Annual Christmas Drabbles!!! [4],"['Awkward Romance', 'Christmas Fluff', 'Grocery Store', 'Love at First Sight', 'Snow']","['Awkward Romance', 'Christmas Fluff', 'Grocery Store', 'Love at First Sight', 'Snow']",[],[],[]
https://golemlab.eu/graph/10680684,Bound For Life,You had been with your fiancee for far too long to give up fucking him whenever you felt like it in the name of tradition.,2017-04-20,1306,Explicit,F/M,Completed,196,seokjin,Alternate Universe - Historical | Dirty Talk | Fluff and Smut | Historical Inaccuracy | Light Dom/sub | Premarital Sex | Shibari | Sub Kim Seokjin | Jin | gross fluff,Kim Seokjin | Jin/Reader,"['Alternate Universe - Historical', 'Dirty Talk', 'Fluff and Smut', 'Historical Inaccuracy', 'Light Dom/sub', 'Premarital Sex', 'Shibari', 'Sub Kim Seokjin', 'Jin', 'gross fluff']","['Alternate Universe - Historical', 'Dirty Talk', 'Fluff and Smut', 'Historical Inaccuracy', 'Light Dom/sub', 'Premarital Sex', 'Shibari']","['Sub Kim Seokjin', 'Jin', 'gross fluff']","['Sub Kim Seokjin', 'Jin']",[]
https://golemlab.eu/graph/21343606,Erasers,You never thought to contact your soulmate through the erasers you always lose until you lose something extremely important and irreplaceable.,2019-11-07,1646,General Audiences,F/M,Completed,188,seokjin,Alternate Universe - Canon Divergence | Alternate Universe - Soulmates | BT21 - Freeform | Fluff | Losing Objects | Music | Music Creation | Soulmates | manuscript | music student | rj - Freeform,Kim Seokjin | Jin/Reader Series: BTS Soulmate AU [3],"['Alternate Universe - Canon Divergence', 'Alternate Universe - Soulmates', 'BT21 - Freeform', 'Fluff', 'Losing Objects', 'Music', 'Music Creation', 'Soulmates', 'manuscript', 'music student', 'rj - Freeform']","['Alternate Universe - Canon Divergence', 'Alternate Universe - Soulmates', 'Fluff', 'Music', 'Music Creation', 'Soulmates']","['BT21 - Freeform', 'Losing Objects', 'manuscript', 'music student', 'rj - Freeform']","['BT21 - Freeform', 'Losing Objects']",[]
https://golemlab.eu/graph/10363161,Princess,"It's been a long time since you've seen your boyfriend Jin, and he has something special planned for you.",2017-03-19,2203,Explicit,F/M,Completed,186,seokjin,Blindfolds | Blow Jobs | Fluff and Smut | Foreplay | Heavy Petting | Jin - Freeform | Kim Seokjin - Freeform | Lingerie | Masturbation | Porn With Plot | Porn with Feelings | Reader-Insert | Smut | Vaginal Fingering | bts - Freeform,Kim Seokjin | Jin/Reader,"['Blindfolds', 'Blow Jobs', 'Fluff and Smut', 'Foreplay', 'Heavy Petting', 'Jin - Freeform', 'Kim Seokjin - Freeform', 'Lingerie', 'Masturbation', 'Porn With Plot', 'Porn with Feelings', 'Reader-Insert', 'Smut', 'Vaginal Fingering', 'bts - Freeform']","['Blindfolds', 'Blow Jobs', 'Fluff and Smut', 'Foreplay', 'Heavy Petting', 'Lingerie', 'Masturbation', 'Porn With Plot', 'Porn with Feelings', 'Reader-Insert', 'Smut', 'Vaginal Fingering']","['Jin - Freeform', 'Kim Seokjin - Freeform', 'bts - Freeform']","['Jin - Freeform', 'Kim Seokjin - Freeform']",[]
https://golemlab.eu/graph/7289209,Fetish,A series of headcanon one-shots for all the members' sexual inclinations~*~*~,2016-06-24,1307,Explicit,F/M,In-Progress,185,seokjin,Aftercare | BDSM | Dom/sub | Headcanon | Pairings to be added | Sadism,Kim Seokjin | Jin/Reader,"['Aftercare', 'BDSM', 'Dom/sub', 'Headcanon', 'Pairings to be added', 'Sadism']","['Aftercare', 'BDSM', 'Dom/sub', 'Headcanon', 'Sadism']",['Pairings to be added'],[],[]
https://golemlab.eu/graph/19333885,Of the Sol,"A runaway, you’re not accustomed to the way the kind village that took you in live their life—worshipping and celebrating the dragons’ descendants. A story you only ever thought was legend, is that of real life, and you’ve fallen in love with one of this century’s dragon kin. The baker’s son, Kim Seokjin.",2019-06-23,13364,Explicit,F/M,Completed,184,seokjin,(Yes you read correct) | A gold dragon dick | Copious Amounts of Fluff | Dragon! Seokjin | Hybrid au (sort of) | Loose Yona of the Dawn au | Smut (both virgins) | Written in 2018 | repost from tumblr,"Kim Seokjin | Jin/Reader, Kim Seokjin | Jin/You","['(Yes you read correct)', 'A gold dragon dick', 'Copious Amounts of Fluff', 'Dragon! Seokjin', 'Hybrid au (sort of)', 'Loose Yona of the Dawn au', 'Smut (both virgins)', 'Written in 2018', 'repost from tumblr']",[],"['(Yes you read correct)', 'A gold dragon dick', 'Copious Amounts of Fluff', 'Dragon! Seokjin', 'Hybrid au (sort of)', 'Loose Yona of the Dawn au', 'Smut (both virgins)', 'Written in 2018', 'repost from tumblr']",['Dragon! Seokjin'],[]
https://golemlab.eu/graph/24805168,Pacify Her,"Seokjin struggles to come to terms with the feelings he still has for you, even a year after he abruptly ended things. You, however, are more than happy to let him figure it out on his own.",2020-06-19,27125,Explicit,F/M,In-Progress,182,seokjin,Angst | Eventual Smut | Jeon Jungkook is a Ray of Sunshine | Kim Seokjin | Jin is Bad at Feelings | My OC is an asshat I know | Shameless noona things | Smut | Weird Plot Shit | What Was I Thinking?,Kim Seokjin | Jin/Reader,"['Angst', 'Eventual Smut', 'Jeon Jungkook is a Ray of Sunshine', 'Kim Seokjin', 'Jin is Bad at Feelings', 'My OC is an asshat I know', 'Shameless noona things', 'Smut', 'Weird Plot Shit', 'What Was I Thinking?']","['Angst', 'Eventual Smut', 'Smut', 'Weird Plot Shit', 'What Was I Thinking?']","['Kim Seokjin', 'Jin is Bad at Feelings', 'My OC is an asshat I know', 'Shameless noona things']",['Kim Seokjin'],['Jeon Jungkook is a Ray of Sunshine']
https://golemlab.eu/graph/13877466,Between A Door And A Hard Place,"Being stuck with your cute neighbor in a very small closet due to very weird circumstances was already bad, but you keep feeling something poke at your ass and you're pretty sure it's not his elbows.",2018-03-05,1879,Teen And Up Audiences,F/M,Completed,175,seokjin,Alternate Universe - Neighbors | Awkward Boners | Crack | One Shot,Kim Seokjin | Jin/Reader,"['Alternate Universe - Neighbors', 'Awkward Boners', 'Crack', 'One Shot']","['Alternate Universe - Neighbors', 'Awkward Boners', 'Crack', 'One Shot']",[],[],[]
https://golemlab.eu/graph/24662452,Bridge to my Heart,"One day you meet the man of your dreams. It's hard to believe - especially after you found yourself on the brink of a messy divorce. What happens when you let the handsome stranger into your life, and ultimately into your heart? Everyone has their secrets. Is the bridge he built into your heart, strong enough to withstand turbulent waters, like the bridge overlooking the river where you first met?",2020-06-11,55658,Mature,F/M,In-Progress,173,seokjin,Anger | Angst | Anxiety | Betrayal | Breathplay | Cheating | Depression | Divorce | Hurt | Infertility | Lies | Light Bondage | Loss | Love | Miscarriage | Non-Graphic Violence | Sensory Deprivation | Sexual Content | Spanking | Submission | Therapy,Kim Seokjin | Jin/Reader,"['Anger', 'Angst', 'Anxiety', 'Betrayal', 'Breathplay', 'Cheating', 'Depression', 'Divorce', 'Hurt', 'Infertility', 'Lies', 'Light Bondage', 'Loss', 'Love', 'Miscarriage', 'Non-Graphic Violence', 'Sensory Deprivation', 'Sexual Content', 'Spanking', 'Submission', 'Therapy']","['Anger', 'Angst', 'Anxiety', 'Betrayal', 'Breathplay', 'Cheating', 'Depression', 'Divorce', 'Hurt', 'Infertility', 'Lies', 'Light Bondage', 'Loss', 'Love', 'Miscarriage', 'Non-Graphic Violence', 'Sensory Deprivation', 'Sexual Content', 'Spanking', 'Submission', 'Therapy']",[],[],[]
https://golemlab.eu/graph/6611584,Chrysanthemum,"He is your boss and he has been harassing all of us worse than usual lately, so you anonymously sent him some flowers to get him to lighten up a bit, but somehow he found out it was you",2016-04-21,2737,Teen And Up Audiences,F/M,Completed,171,seokjin,Fluff | Fluffy Ending,Kim Seokjin | Jin/Reader,"['Fluff', 'Fluffy Ending']","['Fluff', 'Fluffy Ending']",[],[],[]
https://golemlab.eu/graph/26198914,Memoirs of a Mistake,"A series of hook ups with Kim Seokjin, the college’s biggest fuckboy…",2020-08-30,43476,Explicit,F/M,Completed,167,seokjin,College AU | Friends With Benefits | Fuckbuddies | Humour | Oral Sex | Slight Breath Play | Slight Love/Hate relationship | butt stuff | smut mostly,"Kim Seokjin | Jin/Reader, Kim Seokjin | Jin/You Series: The Crystallised Saga [1]","['College AU', 'Friends With Benefits', 'Fuckbuddies', 'Humour', 'Oral Sex', 'Slight Breath Play', 'Slight Love/Hate relationship', 'butt stuff', 'smut mostly']","['Friends With Benefits', 'Fuckbuddies', 'Oral Sex']","['College AU', 'Humour', 'Slight Breath Play', 'Slight Love/Hate relationship', 'butt stuff', 'smut mostly']","['College AU', 'Humour', 'Slight Breath Play']",[]
https://golemlab.eu/graph/7271938,the dentist,“does this mean I get a discount?”,2016-06-22,3443,Explicit,F/M,Completed,166,seokjin,Alternate Universe – Dentist | Oral Sex | Smut | that one time I had a hot dentist and then I had a terrible terrible idea,Kim Seokjin | Jin/Reader Series: Personal Favourites From The Past [4],"['Alternate Universe – Dentist', 'Oral Sex', 'Smut', 'that one time I had a hot dentist and then I had a terrible terrible idea']","['Oral Sex', 'Smut']","['Alternate Universe – Dentist', 'that one time I had a hot dentist and then I had a terrible terrible idea']",['Alternate Universe – Dentist'],[]
https://golemlab.eu/graph/13817916,Stress Relief,"A Mystic Messenger AU (really just an excuse for me to write Jin as the son of a CEO and since Jumin is my fave man??? Easy decision.) in which Jin is stressed and goes to his babygirl (you) for some stress relief. This is shameless self-indulgent smut and I'm honestly sorry to anyone who didn't expect this from me, I know I disappointed my parents with this too. Happy reading!",2018-02-27,5074,Explicit,F/M,Completed,165,seokjin,Aftercare | Alternate Universe - Sugar Daddy | BDSM | Consensual Kink | Creampie | Daddy Kink | Dirty Talk | Dom/sub | Light Bondage | Multiple Orgasms | Oral Sex | Orgasm Delay/Denial | Orgasm Denial | Overstimulation | Riding | Rough Sex | Sex Toys | Spanking | Sugar Daddy | Tie Kink | Vaginal Fingering | Vaginal Sex | Verbal Humiliation | blowjob | dd/lg | throatfucking,Kim Seokjin | Jin/Reader,"['Aftercare', 'Alternate Universe - Sugar Daddy', 'BDSM', 'Consensual Kink', 'Creampie', 'Daddy Kink', 'Dirty Talk', 'Dom/sub', 'Light Bondage', 'Multiple Orgasms', 'Oral Sex', 'Orgasm Delay/Denial', 'Orgasm Denial', 'Overstimulation', 'Riding', 'Rough Sex', 'Sex Toys', 'Spanking', 'Sugar Daddy', 'Tie Kink', 'Vaginal Fingering', 'Vaginal Sex', 'Verbal Humiliation', 'blowjob', 'dd/lg', 'throatfucking']","['Aftercare', 'Alternate Universe - Sugar Daddy', 'BDSM', 'Consensual Kink', 'Creampie', 'Daddy Kink', 'Dirty Talk', 'Dom/sub', 'Light Bondage', 'Multiple Orgasms', 'Oral Sex', 'Orgasm Delay/Denial', 'Orgasm Denial', 'Overstimulation', 'Riding', 'Rough Sex', 'Sex Toys', 'Spanking', 'Sugar Daddy', 'Tie Kink', 'Vaginal Fingering', 'Vaginal Sex', 'Verbal Humiliation']","['blowjob', 'dd/lg', 'throatfucking']",[],[]
https://golemlab.eu/graph/24217330,A Woman of a Certain Age,"Y/N has known Seokjin since he was born. She has even helped change Seokjinnie's diapers. Growing apart when Y/N went to the U.S. for college, Seokjin runs into Y/N when she is hired by Big Hit as a top consultant. Sparks fly despite Seokjin nursing a broken heart and Y/N trying to make partner at her firm. Will this noona ever see Seokjin as the man he now is?",2020-05-17,29150,Explicit,F/M,Completed,164,seokjin,Canon Compliant | Depression | Eventual Happy Ending | Eventual Romance | Eventual Smut | Friends to Lovers | Noona Kink | Old Friends | Older Woman/Younger Man | Postpartum Depression | Pregnancy,Kim Seokjin | Jin/Reader Series: Her [2],"['Canon Compliant', 'Depression', 'Eventual Happy Ending', 'Eventual Romance', 'Eventual Smut', 'Friends to Lovers', 'Noona Kink', 'Old Friends', 'Older Woman/Younger Man', 'Postpartum Depression', 'Pregnancy']","['Canon Compliant', 'Depression', 'Eventual Happy Ending', 'Eventual Romance', 'Eventual Smut', 'Friends to Lovers', 'Noona Kink', 'Old Friends', 'Older Woman/Younger Man', 'Postpartum Depression', 'Pregnancy']",[],[],[]
https://golemlab.eu/graph/7865371,Worth It,"You do not wonder if the boy of books and ruffled hair and mint gum furrows his eyebrows at these gestures he sees every single day, curls his fingers into fists at the words hurled your way, grinds his teeth at the utter look of discomfort painted upon your pretty face that should not, for the life of him, be there.",2016-08-25,2155,Teen And Up Audiences,F/M,Completed,163,seokjin,Alternate Universe - High School | Fluff | Minor Violence | Non-Graphic Violence | injuries,Kim Seokjin | Jin/Reader,"['Alternate Universe - High School', 'Fluff', 'Minor Violence', 'Non-Graphic Violence', 'injuries']","['Alternate Universe - High School', 'Fluff', 'Minor Violence', 'Non-Graphic Violence']",['injuries'],[],[]
https://golemlab.eu/graph/15250182,A Kiss to Save a Life,"Being retainer to Prince of the Forest, Kim Seokjin is an exhausting job- he's selfish, he's impulsive and just has a knack for getting himself in trouble. But when an adventure out in the human realm leads to Seokjin falling in love with a human woman and he makes a deal that threatens your entire kingdom, it's time to start asking yourself: How far are you willing to go for your prince? Fairy prince!Jin x reader Loosely inspired by the Little Mermaid but with a few extra twists ;)",2018-07-11,20626,Teen And Up Audiences,F/M,Completed,160,seokjin,Fairy AU | Fluff | Little Mermaid AU | Pixie!Hoseok | Romance | Sorcerer!Yoongi | Unrequited Love | fairy prince!Jin | fairy tale | that eventually becomes requited | touch of angst,Kim Seokjin | Jin/Reader,"['Fairy AU', 'Fluff', 'Little Mermaid AU', 'Pixie!Hoseok', 'Romance', 'Sorcerer!Yoongi', 'Unrequited Love', 'fairy prince!Jin', 'fairy tale', 'that eventually becomes requited', 'touch of angst']","['Fluff', 'Romance', 'Unrequited Love']","['Fairy AU', 'Little Mermaid AU', 'Pixie!Hoseok', 'Sorcerer!Yoongi', 'fairy prince!Jin', 'fairy tale', 'that eventually becomes requited', 'touch of angst']","['Fairy AU', 'Little Mermaid AU', 'Pixie!Hoseok', 'Sorcerer!Yoongi']",[]
https://golemlab.eu/graph/7926829,Burnt Lasagna,"As much as he wants to admit he didn’t get an erection in the middle of a meeting, Kim Seokjin most definitely did , no thanks to you. Now he’s home and there’s hell to pay.",2016-09-01,3153,Explicit,F/M,Completed,160,seokjin,Alternate Universe | Breathplay | Explicit Sexual Content | Husband!Jin | Kitchen Sex | Light Bondage | Married Life | Rewrite | Smut,Kim Seokjin | Jin/Reader,"['Alternate Universe', 'Breathplay', 'Explicit Sexual Content', 'Husband!Jin', 'Kitchen Sex', 'Light Bondage', 'Married Life', 'Rewrite', 'Smut']","['Alternate Universe', 'Breathplay', 'Explicit Sexual Content', 'Kitchen Sex', 'Light Bondage', 'Married Life', 'Rewrite', 'Smut']",['Husband!Jin'],['Husband!Jin'],[]
https://golemlab.eu/graph/15715668,Carnival Rides,Working at your parents’ funnel cake stand during the summer sounds like a decent enough gig. But you didn’t quite plan for the exhausting heat or the cute gelato guy named Seokjin who would make it his mission to get you to like him. Warning: This ride will get you wet!,2018-08-17,11463,Explicit,F/M,Completed,159,seokjin,Bad Puns | Car Sex | Carnival | Explicit Language | Explicit Sexual Content | Fluff | Fluff and Smut | Jeon Jungkook is a Little Shit | Kim Seokjin | Jin is a Sweetheart | Sex in a Car | Smut | Summer | Unsafe Sex | Vaginal Sex,Kim Seokjin | Jin/Reader,"['Bad Puns', 'Car Sex', 'Carnival', 'Explicit Language', 'Explicit Sexual Content', 'Fluff', 'Fluff and Smut', 'Jeon Jungkook is a Little Shit', 'Kim Seokjin', 'Jin is a Sweetheart', 'Sex in a Car', 'Smut', 'Summer', 'Unsafe Sex', 'Vaginal Sex']","['Bad Puns', 'Car Sex', 'Carnival', 'Explicit Language', 'Explicit Sexual Content', 'Fluff', 'Fluff and Smut', 'Sex in a Car', 'Smut', 'Summer', 'Unsafe Sex', 'Vaginal Sex']","['Kim Seokjin', 'Jin is a Sweetheart']",['Kim Seokjin'],['Jeon Jungkook is a Little Shit']
https://golemlab.eu/graph/12325911,Don't Talk Back To Me,The pet bird that you have overlooking your balcony shit talks me whenever I go out on my own balcony AU. AKA Jin is yelling at a parrot.,2017-10-10,2033,Teen And Up Audiences,F/M,Completed,159,seokjin,Crack | Fluff | Fluff and Humor | Kim Seokjin | Jin-centric | One Shot,Kim Seokjin | Jin/Reader,"['Crack', 'Fluff', 'Fluff and Humor', 'Kim Seokjin', 'Jin-centric', 'One Shot']","['Crack', 'Fluff', 'Fluff and Humor', 'One Shot']","['Kim Seokjin', 'Jin-centric']",['Kim Seokjin'],[]
https://golemlab.eu/graph/22216570,Tears (Yandere Seokjin x Reader),Seokjin's determined to make you feel his love,2020-01-11,1213,Explicit,F/M,Completed,158,seokjin,Jealousy | Low Self Esteem | Oral Sex | Smut | Yandere Bangtan Boys | BTS | allusion to violence | jin’s Lips eating your pussy what more could you want | kpopyandere,"Kim Seokjin | Jin/Reader, Yandere!Seokjin/Reader","['Jealousy', 'Low Self Esteem', 'Oral Sex', 'Smut', 'Yandere Bangtan Boys', 'BTS', 'allusion to violence', 'jin’s Lips eating your pussy what more could you want', 'kpopyandere']","['Jealousy', 'Oral Sex', 'Smut']","['Low Self Esteem', 'Yandere Bangtan Boys', 'BTS', 'allusion to violence', 'jin’s Lips eating your pussy what more could you want', 'kpopyandere']","['Low Self Esteem', 'Yandere Bangtan Boys']",[]
https://golemlab.eu/graph/29723181,Don't Go Baking My Heart,"“I realized I had feelings for someone else. He’s smart, and kind, and handsome. And he makes me laugh,” you add quietly, leaning against the table. And then you’re pushing yourself up against Jin's mouth, soft and slow. You feel his tongue darting out to brush against your lips, and— “Couldn’t you tell me that earlier?” Jin protests, tearing himself away from you, and your eyes snap open. “I would have planned the best Valentine’s Day you’ve ever—” You groan and cut him off with another kiss, faster and harder this time. You moan in contentment into his mouth when he kisses you back, and you— “I wanted to make you an amazing strawberry cake! Now I don’t have any strawberries left!” “Jin, please,” you sigh, unable to tolerate any other interruption, “would you just shut up and kiss me?” And, finally, he does.",2021-02-26,14697,Explicit,F/M,Completed,155,seokjin,Alternate Universe - Bakery | Baker Kim Seokjin | Jin | Bakery and Coffee Shop | Cross-Posted on Tumblr | Fluff | Fluff and Smut | Insecurity | Pining | Slow Burn | Strangers to Friends to Lovers | Strangers to Lovers | Vaginal Sex | Valentine's Day | ish | it's mostly soft and fluffy | jin's bad jokes,Kim Seokjin | Jin/Reader,"['Alternate Universe - Bakery', 'Baker Kim Seokjin', 'Jin', 'Bakery and Coffee Shop', 'Cross-Posted on Tumblr', 'Fluff', 'Fluff and Smut', 'Insecurity', 'Pining', 'Slow Burn', 'Strangers to Friends to Lovers', 'Strangers to Lovers', 'Vaginal Sex', ""Valentine's Day"", 'ish', ""it's mostly soft and fluffy"", ""jin's bad jokes""]","['Alternate Universe - Bakery', 'Bakery and Coffee Shop', 'Cross-Posted on Tumblr', 'Fluff', 'Fluff and Smut', 'Insecurity', 'Pining', 'Slow Burn', 'Strangers to Lovers', 'Vaginal Sex', ""Valentine's Day""]","['Baker Kim Seokjin', 'Jin', 'Strangers to Friends to Lovers', 'ish', ""it's mostly soft and fluffy"", ""jin's bad jokes""]","['Baker Kim Seokjin', 'Jin']",[]
https://golemlab.eu/graph/21663934,Half-Baked Holiday,"Granny Park's Gossip: That Seokjin, don’t get me started on him. He’s worked hard to open and run that bakery of his, you know, and I’m so proud that it’s so successful now. Wish he would find a nice person to settle down with, though, he deserves it, as long as he’s been on his own. Well, I guess you can’t really call it alone when he’s got that grump of a best friend always hanging around him. He really should be paying her, what with all the time she spends at the bakery with him. She’s always waking up on the wrong side of the bed, but she’s not so bad when she brings me some of those cookies of his, or just around Seokjin in general, if I’m honest. Too distracted by staring at that pretty face of his, I suppose, though who can blame her?",2019-12-04,12631,Explicit,F/M,Completed,154,seokjin,Baker Kim Seokjin | Jin | Best Friends to Lovers | Explicit Smut | Grump!Reader | idiots to lovers,"Kim Seokjin | Jin/Reader, Kim Seokjin | Jin/You Series: The Snowball Effect [7]","['Baker Kim Seokjin', 'Jin', 'Best Friends to Lovers', 'Explicit Smut', 'Grump!Reader', 'idiots to lovers']",[],"['Baker Kim Seokjin', 'Jin', 'Best Friends to Lovers', 'Explicit Smut', 'Grump!Reader', 'idiots to lovers']","['Baker Kim Seokjin', 'Jin', 'Explicit Smut', 'Grump!Reader']",[]
https://golemlab.eu/graph/12589936,Mistletoe,It's a beautiful day to learn that mistletoe is hemiparasitic.,2017-11-01,1225,Teen And Up Audiences,F/M,Completed,154,seokjin,Alternate Universe - Vampire | First Kiss | Human/Vampire Relationship | Mistletoe | Vampire Kim Seokjin | Jin | Walks In The Park,Kim Seokjin | Jin/Reader Series: Vampire!Jin [3],"['Alternate Universe - Vampire', 'First Kiss', 'Human/Vampire Relationship', 'Mistletoe', 'Vampire Kim Seokjin', 'Jin', 'Walks In The Park']","['Alternate Universe - Vampire', 'First Kiss', 'Human/Vampire Relationship', 'Mistletoe', 'Walks In The Park']","['Vampire Kim Seokjin', 'Jin']","['Vampire Kim Seokjin', 'Jin']",[]
https://golemlab.eu/graph/19301776,Dear Authornim,"You’re a writer of BTS fanfiction. rockstarjin is your favorite reader that you’ve actually come to be friends with…and maybe had a bit of a crush on if you were honest. When they mention that they were in your area, you muster up all your courage and ask to meet up. You’re up for quite the surprise.",2019-06-21,2697,Explicit,F/M,In-Progress,151,seokjin,Crack | Fluff | Friends to Lovers | Gentle femdom | Kim Seokjin discovers fanfiction | Kim Seokjin | Jin-centric | Light Dom/sub | Online Relationship | Original Female Character - Freeform | Reader-Insert | because someone needs to take care of Seokjin right | idolverse | oh look there's smut now | please don't call me authornim lol | reader - Freeform | the title is a joke,Kim Seokjin | Jin/Reader,"['Crack', 'Fluff', 'Friends to Lovers', 'Gentle femdom', 'Kim Seokjin discovers fanfiction', 'Kim Seokjin', 'Jin-centric', 'Light Dom/sub', 'Online Relationship', 'Original Female Character - Freeform', 'Reader-Insert', 'because someone needs to take care of Seokjin right', 'idolverse', ""oh look there's smut now"", ""please don't call me authornim lol"", 'reader - Freeform', 'the title is a joke']","['Crack', 'Fluff', 'Friends to Lovers', 'Light Dom/sub', 'Online Relationship', 'Reader-Insert']","['Gentle femdom', 'Kim Seokjin discovers fanfiction', 'Kim Seokjin', 'Jin-centric', 'Original Female Character - Freeform', 'because someone needs to take care of Seokjin right', 'idolverse', ""oh look there's smut now"", ""please don't call me authornim lol"", 'reader - Freeform', 'the title is a joke']","['Kim Seokjin', 'Original Female Character - Freeform']",[]
https://golemlab.eu/graph/12635061,Plage,the suave champion swimmer is like a fish out of the water around the girl he is crushing on.,2017-11-07,10581,Mature,F/M,Completed,149,seokjin,Fluff | Smut | Swimmer!Jin | bad dad jokes but it's okay cause jin is a sweetie,Kim Seokjin | Jin/Reader,"['Fluff', 'Smut', 'Swimmer!Jin', ""bad dad jokes but it's okay cause jin is a sweetie""]","['Fluff', 'Smut']","['Swimmer!Jin', ""bad dad jokes but it's okay cause jin is a sweetie""]",['Swimmer!Jin'],[]
https://golemlab.eu/graph/19057186,Groove To My Vibe,"Everyone tends to assume that your boyfriend, for all his refusals to dish on your private life and his somewhat conservative preferences for PDA, is most likely about as vanilla as they come. Despite often being baited with jokes about being a ‘missionary man’ and the like, Jin has never once given the slightest hint as to what sorts of things the two of you get up to in the bedroom. And in the kitchen. Not to mention his car. And sometimes the bathroom at the coffee shop around the corner. He’d certainly never tell a soul about the remote tucked into his pants pocket or all the ways he intends to make you squirm for him during a group outing at the club. A private man though Jin may be, secretly playing around in public is one of his favorite past times and you do so love to join in on his particular idea of fun.",2019-06-01,18448,Explicit,F/M,Completed,144,seokjin,Bad Puns | Established Relationship | Fluff | Semi-Public Sex | Smut | Vibrators | a bit of edging | jin and reader are so whipped for each other | mild praise kink on jin and the reader's part,Kim Seokjin | Jin/Reader Series: Groove To My Vibe Series [1],"['Bad Puns', 'Established Relationship', 'Fluff', 'Semi-Public Sex', 'Smut', 'Vibrators', 'a bit of edging', 'jin and reader are so whipped for each other', ""mild praise kink on jin and the reader's part""]","['Bad Puns', 'Established Relationship', 'Fluff', 'Semi-Public Sex', 'Smut', 'Vibrators']","['a bit of edging', 'jin and reader are so whipped for each other', ""mild praise kink on jin and the reader's part""]",[],[]
https://golemlab.eu/graph/20594000,breakfast sweets,Your attempt to sneak out of the apartment of last night’s one-night stand doesn’t go as planned.,2019-09-10,2453,Explicit,F/M,Completed,142,seokjin,Crack | Daddy Kink | Dirty Talk | Fluff | One Night Stands | Oral Sex | Orgasm Delay/Denial | Smut,Kim Seokjin | Jin/Reader,"['Crack', 'Daddy Kink', 'Dirty Talk', 'Fluff', 'One Night Stands', 'Oral Sex', 'Orgasm Delay/Denial', 'Smut']","['Crack', 'Daddy Kink', 'Dirty Talk', 'Fluff', 'One Night Stands', 'Oral Sex', 'Orgasm Delay/Denial', 'Smut']",[],[],[]
https://golemlab.eu/graph/11559108,Mama Mo's,"This is the second in a BTS OneShot Series based on a prompt list I ran across! Jin's story is based on the prompt:The Classic™- The hotel only has a king sized bed, I guess we’re sharing.",2017-07-20,5363,Mature,F/M,Completed,142,seokjin,Fluff and Humor | One Shot | Romantic Comedy | Romantic Fluff,Kim Seokjin | Jin/Reader Series: BTS Bed Sharing Series [2],"['Fluff and Humor', 'One Shot', 'Romantic Comedy', 'Romantic Fluff']","['Fluff and Humor', 'One Shot', 'Romantic Comedy', 'Romantic Fluff']",[],[],[]
https://golemlab.eu/graph/14622950,Maybe Ever After,"Would you be you if you did not reread the same book for what is probably the hundredth time? No, probably not. When life becomes mundane and full of unhappy endings, you always turn to the large book with golden edged pages that your grandmother gave you years ago. You know this book probably more so than the back of your hand; from the red stain of spaghetti (that your mom told you would get on the book if you read at dinner time) to the exact moment when the prince will deliver his clever words. After reading this fairytale so many times, you could probably see his beautiful strands of hair in your sleep. However, if you know this book like the back of your hand, why is it so difficult for you to remember if his hair has always been so pink? You could have sworn Prince Seokjin has always been depicted with blonde…",2018-05-12,86196,Teen And Up Audiences,F/M,In-Progress,140,seokjin,Alternate Universe - Fairy Tale | Alternate Universe - Fantasy | Alternate Universe - Royalty | Angst | Angst and Fluff and Smut | Eventual Fluff | Eventual Smut | Fairy Tale Curses | Fluff | Fluff and Angst | Fluff and Smut | Light Angst | Mild Smut | Royalty | Slow Burn | Slow Romance,Kim Seokjin | Jin/Reader,"['Alternate Universe - Fairy Tale', 'Alternate Universe - Fantasy', 'Alternate Universe - Royalty', 'Angst', 'Angst and Fluff and Smut', 'Eventual Fluff', 'Eventual Smut', 'Fairy Tale Curses', 'Fluff', 'Fluff and Angst', 'Fluff and Smut', 'Light Angst', 'Mild Smut', 'Royalty', 'Slow Burn', 'Slow Romance']","['Alternate Universe - Fairy Tale', 'Alternate Universe - Fantasy', 'Alternate Universe - Royalty', 'Angst', 'Angst and Fluff and Smut', 'Eventual Fluff', 'Eventual Smut', 'Fairy Tale Curses', 'Fluff', 'Fluff and Angst', 'Fluff and Smut', 'Light Angst', 'Mild Smut', 'Royalty', 'Slow Burn', 'Slow Romance']",[],[],[]
https://golemlab.eu/graph/5013862,Ordinary,"""Like that?"" -Jin",2015-10-17,2243,Mature,F/M,Completed,138,seokjin,Dinner | Explicit Sexual Content | I Wrote This Instead of Sleeping | Kim Seokjin - Freeform | Other Additional Tags to Be Added | Relationship(s) | Rough Sex | Roughness | Sexual Content | Smut | Tags Are Hard | Tags May Change | i have a lack of tags to use for some reason | smh | surprise,Kim Seokjin | Jin/Reader,"['Dinner', 'Explicit Sexual Content', 'I Wrote This Instead of Sleeping', 'Kim Seokjin - Freeform', 'Other Additional Tags to Be Added', 'Relationship(s)', 'Rough Sex', 'Roughness', 'Sexual Content', 'Smut', 'Tags Are Hard', 'Tags May Change', 'i have a lack of tags to use for some reason', 'smh', 'surprise']","['Dinner', 'Explicit Sexual Content', 'I Wrote This Instead of Sleeping', 'Other Additional Tags to Be Added', 'Relationship(s)', 'Rough Sex', 'Roughness', 'Sexual Content', 'Smut', 'Tags Are Hard', 'Tags May Change']","['Kim Seokjin - Freeform', 'i have a lack of tags to use for some reason', 'smh', 'surprise']",['Kim Seokjin - Freeform'],[]
https://golemlab.eu/graph/25176322,Kairos,"kairos καιρός (greek, n.) - the perfect, delicate, crucial moment; the fleeting rightness of time and place that creates the opportune atmosphere for action, words, or movement When your financial aid falls through for your last year of school, you fear you’ll have to drop out and postpone your degree. Until Taehyung gives you a suggestion to make a lot of money, quick. His idea can’t possibly end well, can it?",2020-07-10,25656,Explicit,F/M,Completed,138,seokjin,Alpha Kim Seokjin | Jin | Alpha/Beta/Omega Dynamics | Alternate Universe - College/University | Creampie | Cunnilingus | Dirty Talk | Dom/sub Undertones | Dry Humping | Knotting | Marking | Mating Cycles/In Heat | Mild Blood | Multiple Orgasms | Omega Reader | Oral | Praise Kink | Teasing | Unprotected Sex | Vaginal Fingering | impreg kink,Kim Seokjin | Jin/Reader Series: Kairos [1],"['Alpha Kim Seokjin', 'Jin', 'Alpha/Beta/Omega Dynamics', 'Alternate Universe - College/University', 'Creampie', 'Cunnilingus', 'Dirty Talk', 'Dom/sub Undertones', 'Dry Humping', 'Knotting', 'Marking', 'Mating Cycles/In Heat', 'Mild Blood', 'Multiple Orgasms', 'Omega Reader', 'Oral', 'Praise Kink', 'Teasing', 'Unprotected Sex', 'Vaginal Fingering', 'impreg kink']","['Alpha/Beta/Omega Dynamics', 'Alternate Universe - College/University', 'Creampie', 'Cunnilingus', 'Dirty Talk', 'Dom/sub Undertones', 'Dry Humping', 'Knotting', 'Marking', 'Mating Cycles/In Heat', 'Mild Blood', 'Multiple Orgasms', 'Praise Kink', 'Teasing', 'Vaginal Fingering']","['Alpha Kim Seokjin', 'Jin', 'Omega Reader', 'Oral', 'Unprotected Sex', 'impreg kink']","['Alpha Kim Seokjin', 'Jin', 'Omega Reader', 'Oral', 'Unprotected Sex']",[]
https://golemlab.eu/graph/23214004,Admire,"You'd never needed anyone else. Growing up alone, living alone, existing alone. It all came naturally and effortlessly, quite like breathing. That was until your somewhat distant parents finally decided it was time to make good on a promise. One they'd made before you were even born. To you, an arranged marriage sounded like your averagely overused television plot or writing trope, yet now that it was actually happening there was nothing you could do but accept it and move on. At the end of the day, you were nothing more than a placeholder to represent and uphold your family name. Well, too bad your husband ended up being everything you were not expecting. *Also cross-posting to my tumblr. Please head on over there for general updates, or if you want to leave a message/chat with me!*",2020-03-19,24952,Teen And Up Audiences,F/M,In-Progress,136,seokjin,Absent Parents | Alternate Universe - Arranged Marriage | Angst and Fluff and Smut | Angst and Hurt/Comfort | Arranged Marriage | Bad Parenting | Domestic Fluff | Eventual Romance | Eventual Smut | First Meetings | Getting to Know Each Other | High-class parties | Jin is lowkey kuudere | Kim Namjoon | RM is a Sweetheart | Kim Seokjin | Jin is Bad at Feelings | Loneliness | Rich Kim Namjoon | RM | Rich Kim Seokjin | Jin | Rich Kim Taehyung | V | Self-Discovery | Slow Build | Slow Burn | Strangers to Lovers | Sweet Kim Seokjin | Jin | Touch-Starved | needs to open up,"Kim Seokjin | Jin/Reader, Kim Seokjin | Jin/You","['Absent Parents', 'Alternate Universe - Arranged Marriage', 'Angst and Fluff and Smut', 'Angst and Hurt/Comfort', 'Arranged Marriage', 'Bad Parenting', 'Domestic Fluff', 'Eventual Romance', 'Eventual Smut', 'First Meetings', 'Getting to Know Each Other', 'High-class parties', 'Jin is lowkey kuudere', 'Kim Namjoon', 'RM is a Sweetheart', 'Kim Seokjin', 'Jin is Bad at Feelings', 'Loneliness', 'Rich Kim Namjoon', 'RM', 'Rich Kim Seokjin', 'Jin', 'Rich Kim Taehyung', 'V', 'Self-Discovery', 'Slow Build', 'Slow Burn', 'Strangers to Lovers', 'Sweet Kim Seokjin', 'Jin', 'Touch-Starved', 'needs to open up']","['Absent Parents', 'Alternate Universe - Arranged Marriage', 'Angst and Fluff and Smut', 'Angst and Hurt/Comfort', 'Arranged Marriage', 'Bad Parenting', 'Domestic Fluff', 'Eventual Romance', 'Eventual Smut', 'First Meetings', 'Getting to Know Each Other', 'Loneliness', 'Self-Discovery', 'Slow Build', 'Slow Burn', 'Strangers to Lovers', 'Touch-Starved']","['High-class parties', 'Jin is lowkey kuudere', 'Kim Namjoon', 'RM is a Sweetheart', 'Kim Seokjin', 'Jin is Bad at Feelings', 'Rich Kim Namjoon', 'RM', 'Rich Kim Seokjin', 'Jin', 'Rich Kim Taehyung', 'V', 'Sweet Kim Seokjin', 'Jin', 'needs to open up']","['Kim Namjoon', 'Kim Seokjin', 'Rich Kim Namjoon', 'Rich Kim Seokjin', 'Jin', 'Rich Kim Taehyung', 'Sweet Kim Seokjin', 'Jin']",[]
https://golemlab.eu/graph/13268766,He Will See You Now | A BTS Fanfiction | Jin & Reader,"You’re a journalist for The Korean Herald, and suddenly you’re requested to interview the young CEO of Big Hit, Kim Seokjin.",2018-01-04,5504,Teen And Up Audiences,F/M,Completed,135,seokjin,Fluff | Jin x Reader | Reader Insert | bts - Freeform,Kim Seokjin | Jin/Reader,"['Fluff', 'Jin x Reader', 'Reader Insert', 'bts - Freeform']",['Fluff'],"['Jin x Reader', 'Reader Insert', 'bts - Freeform']",['Reader Insert'],[]
https://golemlab.eu/graph/15170663,Gluttony,"Jin has a surprise dinner planned for your anniversary. However, he was never too good with dessert. Not like you, anyway. Kim Seokjin commits the second sin: gluttony.",2018-07-05,3847,Explicit,F/M,Completed,134,seokjin,Anniversary | Baking | Chef Kim Seokjin | Jin | Dinner | Food Porn | Gluttony | Romance | Seven Deadly Sins | Smut,Kim Seokjin | Jin/Reader Series: Seven Deadly Sins [2],"['Anniversary', 'Baking', 'Chef Kim Seokjin', 'Jin', 'Dinner', 'Food Porn', 'Gluttony', 'Romance', 'Seven Deadly Sins', 'Smut']","['Anniversary', 'Baking', 'Dinner', 'Food Porn', 'Gluttony', 'Romance', 'Seven Deadly Sins', 'Smut']","['Chef Kim Seokjin', 'Jin']","['Chef Kim Seokjin', 'Jin']",[]
https://golemlab.eu/graph/18640195,Royally Fucked,"Kim Seokjin is a royal asshole. Literally. As the only heir to the throne of Cirenth he’s used to getting what he wants when he wants it. The only obstacle in his way is you, his rigidly moral assistant. He outranks you on both the social and hybrid hierarchies yet a shiver of fear runs down his spine whenever your claws come out. One rude interruption too many is the straw that breaks the camel’s back and he decides he must rid himself of you once and for all.",2019-04-29,14774,Teen And Up Audiences,F/M,Completed,134,seokjin,Angst | Cat/Human Hybrids | Exhibitionism | Fluff and Smut | Oral Sex | Smut | Unprotected Sex | face fucking | seokjin is a god damn dragon,Kim Seokjin | Jin/Reader,"['Angst', 'Cat/Human Hybrids', 'Exhibitionism', 'Fluff and Smut', 'Oral Sex', 'Smut', 'Unprotected Sex', 'face fucking', 'seokjin is a god damn dragon']","['Angst', 'Cat/Human Hybrids', 'Exhibitionism', 'Fluff and Smut', 'Oral Sex', 'Smut']","['Unprotected Sex', 'face fucking', 'seokjin is a god damn dragon']",['Unprotected Sex'],[]
https://golemlab.eu/graph/17296910,Recipe for Love,"A small twist of fate that lets you meet him. He is someone you didn't expect will change your life, but will it undo all the hard work that you've done to achieve all that you have so far? A SeokJin x Reader AU",2019-01-04,33435,General Audiences,F/M,Completed,132,seokjin,Café | Love | Manager - Freeform | Plot Twist | Romance | chaebol | noona,"Kim Seokjin | Jin/Reader, Kim Seokjin | Jin/You","['Café', 'Love', 'Manager - Freeform', 'Plot Twist', 'Romance', 'chaebol', 'noona']","['Love', 'Romance']","['Café', 'Manager - Freeform', 'Plot Twist', 'chaebol', 'noona']","['Café', 'Manager - Freeform', 'Plot Twist']",[]
https://golemlab.eu/graph/10671705,I'll Pick You Up | 데리러 갈게,"In which you, the reader, have a friend who is random and is named Kim Taehyung who gave you a mug as a birthday gift and because of that mug, a ((little)) twist of fate happened. A little love story happened. And stuff happened. Go figure.",2017-04-19,68495,General Audiences,F/M,Completed,130,seokjin,I suck at tagging | Random - Freeform | Taehyung is a cockblock | i ran out of characters :( | idk why i didn't put joonie | jimin deserves more i hate myself | jungkook is jeongguk | little reader x jimin | mentions of joonie | normal sized jungkook too ! | seokjin is cold | some weird shit i made in my notes | sometimes jeongbook,Kim Seokjin | Jin/Reader,"['I suck at tagging', 'Random - Freeform', 'Taehyung is a cockblock', 'i ran out of characters :(', ""idk why i didn't put joonie"", 'jimin deserves more i hate myself', 'jungkook is jeongguk', 'little reader x jimin', 'mentions of joonie', 'normal sized jungkook too !', 'seokjin is cold', 'some weird shit i made in my notes', 'sometimes jeongbook']",[],"['I suck at tagging', 'Random - Freeform', 'Taehyung is a cockblock', 'i ran out of characters :(', ""idk why i didn't put joonie"", 'jimin deserves more i hate myself', 'jungkook is jeongguk', 'little reader x jimin', 'mentions of joonie', 'normal sized jungkook too !', 'seokjin is cold', 'some weird shit i made in my notes', 'sometimes jeongbook']",['Random - Freeform'],[]
https://golemlab.eu/graph/10975611,Monstrous,"When you go over to your friends' house, you find Jin angry like you've never seen him before.",2017-05-22,4435,Explicit,F/M,Completed,127,seokjin,Angry Sex | Dom/sub | Hair-pulling | Implied/Referenced Rape/Non-con | Oppa Kink | Rough Sex,Kim Seokjin | Jin/Reader,"['Angry Sex', 'Dom/sub', 'Hair-pulling', 'Implied/Referenced Rape/Non-con', 'Oppa Kink', 'Rough Sex']","['Angry Sex', 'Dom/sub', 'Hair-pulling', 'Implied/Referenced Rape/Non-con', 'Oppa Kink', 'Rough Sex']",[],[],[]
https://golemlab.eu/graph/21529840,"So Show Me, I'll Show You","The other members of BTS take their teasing of their Hyung a little to far, so with the help of alcohol in your system you help your fiance to show them just how much of a MAN he really is.",2019-11-23,5004,Explicit,F/M,Completed,127,seokjin,Accidental Voyeurism | Angry Kim Seokjin | Jin | BTS Watches | Canon Compliant | Cunnilingus | Dirty Talk | Engaged Couple | Engagement Party | Exhibitionism | Grinding | Manhandling | Multiple Orgasms | Penis In Vagina Sex | Rimming | Rough Sex | Strength Kink | Vaginal Fingering | Vaginal Sex | Voyeurism | everyone is drunk | thigh riding,Kim Seokjin | Jin/Reader,"['Accidental Voyeurism', 'Angry Kim Seokjin', 'Jin', 'BTS Watches', 'Canon Compliant', 'Cunnilingus', 'Dirty Talk', 'Engaged Couple', 'Engagement Party', 'Exhibitionism', 'Grinding', 'Manhandling', 'Multiple Orgasms', 'Penis In Vagina Sex', 'Rimming', 'Rough Sex', 'Strength Kink', 'Vaginal Fingering', 'Vaginal Sex', 'Voyeurism', 'everyone is drunk', 'thigh riding']","['Accidental Voyeurism', 'Canon Compliant', 'Cunnilingus', 'Dirty Talk', 'Exhibitionism', 'Grinding', 'Manhandling', 'Multiple Orgasms', 'Penis In Vagina Sex', 'Rimming', 'Rough Sex', 'Strength Kink', 'Vaginal Fingering', 'Vaginal Sex', 'Voyeurism']","['Angry Kim Seokjin', 'Jin', 'BTS Watches', 'Engaged Couple', 'Engagement Party', 'everyone is drunk', 'thigh riding']","['Angry Kim Seokjin', 'Jin', 'BTS Watches', 'Engaged Couple', 'Engagement Party']",[]
https://golemlab.eu/graph/40536141,Your Eyes Tell,"""It's not a big deal, it's just that you're the woman we hang out with the most often. Sometimes you just... appear in our minds."" ""Yeah, it just happens,"" Namjoon chimes in, taking pity on Jimin. ""For most of us, we don't think about you on purpose."" Or all hell breaks loose when you find out the boys have all thought about you while jerking off.",2022-07-24,8945,Explicit,F/M,Completed,123,seokjin,All of Bangtan Being Idiots | Bangtan is kinky | Crack-ish | Dirty Talk | Fingerfucking | Hand Jobs | Mutual Masturbation | Never Have I Ever | Resolved Sexual Tension | Spoiler King Kim Namjoon | Unresolved Sexual Tension | seriously I don't know what this is | talk of masturbation,Kim Seokjin | Jin/Reader,"['All of Bangtan Being Idiots', 'Bangtan is kinky', 'Crack-ish', 'Dirty Talk', 'Fingerfucking', 'Hand Jobs', 'Mutual Masturbation', 'Never Have I Ever', 'Resolved Sexual Tension', 'Spoiler King Kim Namjoon', 'Unresolved Sexual Tension', ""seriously I don't know what this is"", 'talk of masturbation']","['Dirty Talk', 'Fingerfucking', 'Hand Jobs', 'Mutual Masturbation', 'Never Have I Ever', 'Resolved Sexual Tension', 'Unresolved Sexual Tension']","['All of Bangtan Being Idiots', 'Bangtan is kinky', 'Crack-ish', 'Spoiler King Kim Namjoon', ""seriously I don't know what this is"", 'talk of masturbation']",['Spoiler King Kim Namjoon'],[]
https://golemlab.eu/graph/16836049,All Along,"It’s no surprise when you learn you’ll soon be engaged to one of the Kim brothers. What does come as a shock, is just how determined Seokjin is to make sure that person is him.",2018-12-04,13450,Mature,F/M,Completed,121,seokjin,Alternate Universe - Arranged Marriage | Arranged Marriage | Dirty Talk | Fluff | Friends to Lovers | Light Angst | Oral Sex | Romance | Smut,Kim Seokjin | Jin/Reader,"['Alternate Universe - Arranged Marriage', 'Arranged Marriage', 'Dirty Talk', 'Fluff', 'Friends to Lovers', 'Light Angst', 'Oral Sex', 'Romance', 'Smut']","['Alternate Universe - Arranged Marriage', 'Arranged Marriage', 'Dirty Talk', 'Fluff', 'Friends to Lovers', 'Light Angst', 'Oral Sex', 'Romance', 'Smut']",[],[],[]
https://golemlab.eu/graph/12744894,His Dads Car,You like your best friends brother just a little too much.,2017-11-16,2817,Explicit,F/M,Completed,118,seokjin,Blow Job | Car Sex | Edit | Hand Job | Kim Seokjin | Jin-centric | Kinda | Smut | almost car sex | god i love jin so much | my first fic so pls be gentle on me | only underage because highschool | stILL NO CAR SEX,Kim Seokjin | Jin/Reader,"['Blow Job', 'Car Sex', 'Edit', 'Hand Job', 'Kim Seokjin', 'Jin-centric', 'Kinda', 'Smut', 'almost car sex', 'god i love jin so much', 'my first fic so pls be gentle on me', 'only underage because highschool', 'stILL NO CAR SEX']","['Car Sex', 'Smut']","['Blow Job', 'Edit', 'Hand Job', 'Kim Seokjin', 'Jin-centric', 'Kinda', 'almost car sex', 'god i love jin so much', 'my first fic so pls be gentle on me', 'only underage because highschool', 'stILL NO CAR SEX']","['Blow Job', 'Edit', 'Hand Job', 'Kim Seokjin', 'Kinda']",[]
https://golemlab.eu/graph/12589892,Pulchritude,Funny what a rainy day will do; funny how sometimes yearning simmers just beneath the surface.,2017-11-01,691,Teen And Up Audiences,F/M,Completed,117,seokjin,Alternate Universe - Vampire | Drabble | Dress Up | Human/Vampire Relationship | Texting | Unresolved Romantic Tension | Vampire Kim Seokjin | Jin,Kim Seokjin | Jin/Reader Series: Vampire!Jin [2],"['Alternate Universe - Vampire', 'Drabble', 'Dress Up', 'Human/Vampire Relationship', 'Texting', 'Unresolved Romantic Tension', 'Vampire Kim Seokjin', 'Jin']","['Alternate Universe - Vampire', 'Drabble', 'Dress Up', 'Human/Vampire Relationship', 'Texting', 'Unresolved Romantic Tension']","['Vampire Kim Seokjin', 'Jin']","['Vampire Kim Seokjin', 'Jin']",[]
https://golemlab.eu/graph/22933990,Danger,kim seokjin is a rich asshole. you are an ambitious attorney. smut ensues when he just won’t leave you alone.,2020-02-28,8613,Mature,F/M,Completed,116,seokjin,Blatant Misuse of Office Furniture | Explicit Language | Hate Sex | PWP | Shameless Smut | Smut | Terrible Ethical Decisions,"Kim Seokjin | Jin/Reader, Kim Seokjin | Jin/You","['Blatant Misuse of Office Furniture', 'Explicit Language', 'Hate Sex', 'PWP', 'Shameless Smut', 'Smut', 'Terrible Ethical Decisions']","['Explicit Language', 'Hate Sex', 'Shameless Smut', 'Smut']","['Blatant Misuse of Office Furniture', 'PWP', 'Terrible Ethical Decisions']",['Terrible Ethical Decisions'],[]
https://golemlab.eu/graph/16754710,Sehnsucht,An embarrassing run-in with your new boss is only the start of your destructive infatuation.,2018-11-26,7483,Explicit,F/M,Completed,116,seokjin,Alternate Universe - CEO | Choking | Degradation | Dom/sub | Dom/sub Undertones | Hair-pulling | Oral Sex | POV First Person | Smut,"Kim Seokjin | Jin/Reader, Kim Seokjin | Jin/You","['Alternate Universe - CEO', 'Choking', 'Degradation', 'Dom/sub', 'Dom/sub Undertones', 'Hair-pulling', 'Oral Sex', 'POV First Person', 'Smut']","['Choking', 'Dom/sub', 'Dom/sub Undertones', 'Hair-pulling', 'Oral Sex', 'POV First Person', 'Smut']","['Alternate Universe - CEO', 'Degradation']","['Alternate Universe - CEO', 'Degradation']",[]
https://golemlab.eu/graph/18094010,"Hello, Nurse","Along with your babies, it looked like the New Year would bring something much more unexpected.",2019-03-13,1269,General Audiences,F/M,Completed,113,seokjin,Alcohol | Doctor Kim Seokjin | Jin | Fluff | Originally Posted on Tumblr | POV Female Character | POV Second Person | Pregnant Reader | Reader-Insert,Kim Seokjin | Jin/Reader Series: A Heart's Direction [1],"['Alcohol', 'Doctor Kim Seokjin', 'Jin', 'Fluff', 'Originally Posted on Tumblr', 'POV Female Character', 'POV Second Person', 'Pregnant Reader', 'Reader-Insert']","['Alcohol', 'Fluff', 'Originally Posted on Tumblr', 'POV Female Character', 'POV Second Person', 'Reader-Insert']","['Doctor Kim Seokjin', 'Jin', 'Pregnant Reader']","['Doctor Kim Seokjin', 'Jin', 'Pregnant Reader']",[]
https://golemlab.eu/graph/11713272,No Hands (M),Jin likes to play. Even in bed.,2017-08-05,4042,Mature,F/M,Completed,112,seokjin,Ass Play | Dom/sub | Master/Pet | Overstimulation | Sex Toys | Squirting,Kim Seokjin | Jin/Reader,"['Ass Play', 'Dom/sub', 'Master/Pet', 'Overstimulation', 'Sex Toys', 'Squirting']","['Ass Play', 'Dom/sub', 'Master/Pet', 'Overstimulation', 'Sex Toys']",['Squirting'],['Squirting'],[]
https://golemlab.eu/graph/26880172,Take Flight,"Seokjin had caught your fancy the moment you’d met him. He’d seemed so intimidating at first with those wide shoulders, that gorgeous face and, heaven have mercy, those towering wings. But, not long after meeting him, still too shy to properly look him in the eye, he’d eyed your burger and cracked a dad joke about it, and that’s when you’d started to fall.",2020-10-07,5197,Mature,F/M,Completed,112,seokjin,Bad Puns | But Like Not Much | Developing Relationship | Dry Humping | First Dates | Fluff | Fluff and Smut | Humor | Hybrid Kim Seokjin | Jin | Kissing | Making Out | Smut | a teeny bit of | idk how to tag this | jinnie makes dad jokes okay? | they go on a date and then it develops from there,"Kim Seokjin | Jin/Reader, Kim Seokjin | Jin/You","['Bad Puns', 'But Like Not Much', 'Developing Relationship', 'Dry Humping', 'First Dates', 'Fluff', 'Fluff and Smut', 'Humor', 'Hybrid Kim Seokjin', 'Jin', 'Kissing', 'Making Out', 'Smut', 'a teeny bit of', 'idk how to tag this', 'jinnie makes dad jokes okay?', 'they go on a date and then it develops from there']","['Bad Puns', 'Developing Relationship', 'Dry Humping', 'First Dates', 'Fluff', 'Fluff and Smut', 'Humor', 'Kissing', 'Making Out', 'Smut']","['But Like Not Much', 'Hybrid Kim Seokjin', 'Jin', 'a teeny bit of', 'idk how to tag this', 'jinnie makes dad jokes okay?', 'they go on a date and then it develops from there']","['But Like Not Much', 'Hybrid Kim Seokjin', 'Jin']",[]
https://golemlab.eu/graph/30682940,Made-up Love Song Drabbles,More from the Made-up love song world!,2021-04-14,30864,Explicit,F/M,In-Progress,111,seokjin,Bath Sex | CEO Seokjin | Elementary school teacher OC | Fingering | Hand Jobs | OC is 30 Seokjin is 37 | Oral Sex | Penetrative Sex | Phone Sex | Romance | Seokjin had a lingerie kink lol | Sex Toys | Single Dad AU | Smut | Strangers to Lovers | age gap | dilf seokjin | face sitting/riding | slight angst | therapy sessions,"Kim Seokjin | Jin/Reader, Kim Seokjin | Jin/You Series: Made-up Love Song [2]","['Bath Sex', 'CEO Seokjin', 'Elementary school teacher OC', 'Fingering', 'Hand Jobs', 'OC is 30 Seokjin is 37', 'Oral Sex', 'Penetrative Sex', 'Phone Sex', 'Romance', 'Seokjin had a lingerie kink lol', 'Sex Toys', 'Single Dad AU', 'Smut', 'Strangers to Lovers', 'age gap', 'dilf seokjin', 'face sitting/riding', 'slight angst', 'therapy sessions']","['Bath Sex', 'Hand Jobs', 'Oral Sex', 'Phone Sex', 'Romance', 'Sex Toys', 'Smut', 'Strangers to Lovers']","['CEO Seokjin', 'Elementary school teacher OC', 'Fingering', 'OC is 30 Seokjin is 37', 'Penetrative Sex', 'Seokjin had a lingerie kink lol', 'Single Dad AU', 'age gap', 'dilf seokjin', 'face sitting/riding', 'slight angst', 'therapy sessions']","['CEO Seokjin', 'Fingering', 'Penetrative Sex', 'Single Dad AU']",[]
https://golemlab.eu/graph/12589844,Illuminate,He is so beautiful it simply hurts.,2017-11-01,400,Teen And Up Audiences,F/M,Completed,109,seokjin,Alternate Universe - Vampire | Drabble | Driving | Human/Vampire Relationship | Music | Unresolved Romantic Tension | Vampire Kim Seokjin | Jin,Kim Seokjin | Jin/Reader Series: Vampire!Jin [1],"['Alternate Universe - Vampire', 'Drabble', 'Driving', 'Human/Vampire Relationship', 'Music', 'Unresolved Romantic Tension', 'Vampire Kim Seokjin', 'Jin']","['Alternate Universe - Vampire', 'Drabble', 'Driving', 'Human/Vampire Relationship', 'Music', 'Unresolved Romantic Tension']","['Vampire Kim Seokjin', 'Jin']","['Vampire Kim Seokjin', 'Jin']",[]
https://golemlab.eu/graph/14545365,"Oh, Brother Why?","Kim Seokjin is tired. So when he got back for the break, all he want is to rest and relax after all the hard work he put through with the boys. But no, his sweet, retard little sister has to meddle in and pestering her beloved big brother. Well, people change. Jin may have been patient in the past, but now, he just don't feel like taking care of his sweet younger sister anymore. So he took care of her, just the way she wants him to.",2018-05-07,2376,Mature,F/M,In-Progress,109,seokjin,Brother/Sister Incest | Evil | Kim Seokjin | Jin is So Done | Loss of Innocence | Loss of Virginity | Mental Instability | Underage Rape/Non-con,Kim Seokjin | Jin/Reader,"['Brother/Sister Incest', 'Evil', 'Kim Seokjin', 'Jin is So Done', 'Loss of Innocence', 'Loss of Virginity', 'Mental Instability', 'Underage Rape/Non-con']","['Brother/Sister Incest', 'Evil', 'Loss of Innocence', 'Loss of Virginity', 'Mental Instability', 'Underage Rape/Non-con']","['Kim Seokjin', 'Jin is So Done']",['Kim Seokjin'],[]
https://golemlab.eu/graph/8160670,Accident,You were enjoying some time with Jin when things turn... Interesting. Basically is just a shameless Seokjin smut.,2016-09-29,1336,Explicit,F/M,Completed,108,seokjin,Daddy Kink | Plot What Plot/Porn Without Plot | but this is fun | idk why i wrote this | there's a bit of teasing too,Kim Seokjin | Jin/Reader,"['Daddy Kink', 'Plot What Plot/Porn Without Plot', 'but this is fun', 'idk why i wrote this', ""there's a bit of teasing too""]","['Daddy Kink', 'Plot What Plot/Porn Without Plot']","['but this is fun', 'idk why i wrote this', ""there's a bit of teasing too""]",[],[]
https://golemlab.eu/graph/23028466,Love Bites,"you’re stuck working the evening shift on valentine’s day at bangtan bistro. as the city’s most expensive and exclusive restaurant, the bistro draws in couples both old and new with partners looking to propose or to impress. your tolerance for PDA and cringey lovebirds has never been lower. throw a flirty chef into the mix and you’re in for a bumpy ride that might just conclude with a happy ending.",2020-03-05,5424,Mature,F/M,Completed,108,seokjin,Chef Kim Seokjin | Jin | Fluff | Fluff and Smut | Humor | Smut,Kim Seokjin | Jin/Reader,"['Chef Kim Seokjin', 'Jin', 'Fluff', 'Fluff and Smut', 'Humor', 'Smut']","['Fluff', 'Fluff and Smut', 'Humor', 'Smut']","['Chef Kim Seokjin', 'Jin']","['Chef Kim Seokjin', 'Jin']",[]
https://golemlab.eu/graph/19732204,lay me gently,"there is no time for loneliness among the fires of your forge, no room in your buzzing mind for thoughts of anything but your next invention and the pain in your leg. your life is tilted off its axis, though, when your parents arrange a marriage without your knowledge or consent, and your new husband begins to situate himself into your life despite protests from either of you. you don’t know what zeus and hera have planned, but a volcano is no place for a love god like seokjin.",2019-07-11,12992,Explicit,F/M,Completed,106,seokjin,Aphrodite!Jin | Arranged Marriage | Depictions of Chronic Pain | Dionysus!Jimin | Hephaestus!Reader | Hera is Not A Dick But Still Slightly Shady I Suppose | Mentions of A War God But Not Specifically Ares I Swear | Reader is Hephaestus | Seokjin is Aphrodite | Strangers to Lovers | There really aren't a lot of warnings for the smut | Unprotected Sex | Vaginal Fingering | Zeus is a DICK | because Hephaestus got thrown off Olympus so I mean | but like | depictions of disability | for not even five minutes | its the most vanilla thing I've ever written in my entire life | vague allusions to violence,Kim Seokjin | Jin/Reader Series: monsters and gods [2],"['Aphrodite!Jin', 'Arranged Marriage', 'Depictions of Chronic Pain', 'Dionysus!Jimin', 'Hephaestus!Reader', 'Hera is Not A Dick But Still Slightly Shady I Suppose', 'Mentions of A War God But Not Specifically Ares I Swear', 'Reader is Hephaestus', 'Seokjin is Aphrodite', 'Strangers to Lovers', ""There really aren't a lot of warnings for the smut"", 'Unprotected Sex', 'Vaginal Fingering', 'Zeus is a DICK', 'because Hephaestus got thrown off Olympus so I mean', 'but like', 'depictions of disability', 'for not even five minutes', ""its the most vanilla thing I've ever written in my entire life"", 'vague allusions to violence']","['Arranged Marriage', 'Strangers to Lovers', 'Vaginal Fingering']","['Aphrodite!Jin', 'Depictions of Chronic Pain', 'Dionysus!Jimin', 'Hephaestus!Reader', 'Hera is Not A Dick But Still Slightly Shady I Suppose', 'Mentions of A War God But Not Specifically Ares I Swear', 'Reader is Hephaestus', 'Seokjin is Aphrodite', ""There really aren't a lot of warnings for the smut"", 'Unprotected Sex', 'Zeus is a DICK', 'because Hephaestus got thrown off Olympus so I mean', 'but like', 'depictions of disability', 'for not even five minutes', ""its the most vanilla thing I've ever written in my entire life"", 'vague allusions to violence']","['Aphrodite!Jin', 'Dionysus!Jimin', 'Hephaestus!Reader', 'Unprotected Sex']",[]
https://golemlab.eu/graph/7271878,whalebone boy,"of all the whalebone spoons, diamond platters, and lonely mansions – she was his most prized possession.",2016-06-22,2746,Explicit,F/M,Completed,105,seokjin,Alternate Universe | Businessmen | Love Confessions | Rich Seokjin | Smut,Kim Seokjin | Jin/Reader Series: Personal Favourites From The Past [3],"['Alternate Universe', 'Businessmen', 'Love Confessions', 'Rich Seokjin', 'Smut']","['Alternate Universe', 'Businessmen', 'Love Confessions', 'Smut']",['Rich Seokjin'],['Rich Seokjin'],[]
https://golemlab.eu/graph/18231665,The Plan,"Jin’s been acting like a total dick ever since you got home from a business trip, so the boys ask you to join in on their idea to help the eldest relieve some stress.",2019-03-25,6141,Mature,F/M,Completed,104,seokjin,,Kim Seokjin | Jin/Reader,[],[],[],[],[]
https://golemlab.eu/graph/21492436,"Blood, Sweat and Tears","Vampires don't need to drink blood in order to survive, that is a tale that was created years ago before more research was put into the subject of their kind. Instead, when a vampire drinks from a human, their blood works more as an aphrodisiac then a nutritious substance. This story is what happened when you and your vampire boyfriend decide to see what your blood will do to him.",2019-11-19,867,Explicit,F/M,Completed,101,seokjin,Alternate Universe - Vampire | Biting | Blood Drinking | Interspecies Relationship(s) | Married Couple | Married Sex | Rough Sex | Vaginal Sex | Vampire Sex | Vampires,Kim Seokjin | Jin/Reader Series: Bangtan Monster Mash [1],"['Alternate Universe - Vampire', 'Biting', 'Blood Drinking', 'Interspecies Relationship(s)', 'Married Couple', 'Married Sex', 'Rough Sex', 'Vaginal Sex', 'Vampire Sex', 'Vampires']","['Alternate Universe - Vampire', 'Biting', 'Blood Drinking', 'Interspecies Relationship(s)', 'Married Couple', 'Married Sex', 'Rough Sex', 'Vaginal Sex', 'Vampire Sex', 'Vampires']",[],[],[]
https://golemlab.eu/graph/19482769,sleeping with a friend,,2019-07-05,1396,Explicit,F/M,Completed,100,seokjin,Awkward Sexual Situations | Fluff | Friends to Lovers | Smut,Kim Seokjin | Jin/Reader,"['Awkward Sexual Situations', 'Fluff', 'Friends to Lovers', 'Smut']","['Awkward Sexual Situations', 'Fluff', 'Friends to Lovers', 'Smut']",[],[],[]
https://golemlab.eu/graph/9125968,Submerged,You've known ever since you were little that you can't swim. The boys except for your boyfriend Seokjin decides to try and help you learn.,2016-12-31,4073,Teen And Up Audiences,F/M,Completed,99,seokjin,Angst | Arguing | Drowning | Fluff and Angst | Fluffy Ending | POV Second Person | Swimming | Swimming Pools,Kim Seokjin | Jin/Reader,"['Angst', 'Arguing', 'Drowning', 'Fluff and Angst', 'Fluffy Ending', 'POV Second Person', 'Swimming', 'Swimming Pools']","['Angst', 'Arguing', 'Drowning', 'Fluff and Angst', 'Fluffy Ending', 'POV Second Person', 'Swimming', 'Swimming Pools']",[],[],[]
https://golemlab.eu/graph/26879143,Sold My Soul,"Being a witch without any magical ability is hard, but when a wayward incubus appears in your apartment, offering a deal that’s too good to pass on, you’re more than willing to take him up on it.",2020-10-07,18917,Mature,F/M,Completed,98,seokjin,Fluff | Incubus Kim Seokjin | Jin | Sweet Kim Seokjin | Jin,Kim Seokjin | Jin/Reader,"['Fluff', 'Incubus Kim Seokjin', 'Jin', 'Sweet Kim Seokjin', 'Jin']",['Fluff'],"['Incubus Kim Seokjin', 'Jin', 'Sweet Kim Seokjin', 'Jin']","['Incubus Kim Seokjin', 'Jin', 'Sweet Kim Seokjin', 'Jin']",[]
https://golemlab.eu/graph/27862453,aubade.,"It was supposed to be one night—no more, no less. But when your city is hit with what newscasters are calling a once-in-a-lifetime storm and the blizzard of the century, you realize that Mother Nature isn’t going to let you leave that easily. And neither is Kim Seokjin. Jin x Reader [aubade (oh- bahd ; n): a poem or song, usually sung at dawn]",2020-12-03,9979,Explicit,F/M,Completed,98,seokjin,Fluff and Smut | One Night Stands | Oral Sex | Smut | Snowed In | choking but only a teeny tiny bit | jin tells terrible jokes | reader is emotionally constipated lmao | soft dom!jin | spanking but only a little | wacky cracky humor abounds,Kim Seokjin | Jin/Reader,"['Fluff and Smut', 'One Night Stands', 'Oral Sex', 'Smut', 'Snowed In', 'choking but only a teeny tiny bit', 'jin tells terrible jokes', 'reader is emotionally constipated lmao', 'soft dom!jin', 'spanking but only a little', 'wacky cracky humor abounds']","['Fluff and Smut', 'One Night Stands', 'Oral Sex', 'Smut', 'Snowed In']","['choking but only a teeny tiny bit', 'jin tells terrible jokes', 'reader is emotionally constipated lmao', 'soft dom!jin', 'spanking but only a little', 'wacky cracky humor abounds']",[],[]
https://golemlab.eu/graph/19035373,fume,"Maybe most husbands would treat you to a massage after a tough day. But Seokjin isn’t “most husbands,” and instead prefers to help you out by blowing your back out.",2019-05-31,10784,Mature,F/M,Completed,98,seokjin,Degradation | Doggy Style | Dom/sub | Domestic Fluff | Dominance | Face-Fucking | FaceFucking | Humiliation | Marking | Missionary | Mutual Pining | Name-Calling | Smut | Spanking | Verbal Humiliation | male dom | sir | spitting,Kim Seokjin | Jin/Reader,"['Degradation', 'Doggy Style', 'Dom/sub', 'Domestic Fluff', 'Dominance', 'Face-Fucking', 'FaceFucking', 'Humiliation', 'Marking', 'Missionary', 'Mutual Pining', 'Name-Calling', 'Smut', 'Spanking', 'Verbal Humiliation', 'male dom', 'sir', 'spitting']","['Doggy Style', 'Dom/sub', 'Domestic Fluff', 'Dominance', 'Face-Fucking', 'Humiliation', 'Marking', 'Mutual Pining', 'Name-Calling', 'Smut', 'Spanking', 'Verbal Humiliation']","['Degradation', 'FaceFucking', 'Missionary', 'male dom', 'sir', 'spitting']","['Degradation', 'FaceFucking', 'Missionary']",[]
https://golemlab.eu/graph/9303965,EatJin 171301,"Seokjin surprises fans with an EatJin, inviting you to join it and spend time with him.",2017-01-13,3399,General Audiences,F/M,Completed,97,seokjin,Attempt at Humor | Cell Phones | Cute | Eating | Fluff | Fluff and Humor | Food | POV Second Person,Kim Seokjin | Jin/Reader,"['Attempt at Humor', 'Cell Phones', 'Cute', 'Eating', 'Fluff', 'Fluff and Humor', 'Food', 'POV Second Person']","['Attempt at Humor', 'Cell Phones', 'Cute', 'Eating', 'Fluff', 'Fluff and Humor', 'Food', 'POV Second Person']",[],[],[]
https://golemlab.eu/graph/24243256,The IKEA Test,"One review on IKEA’s website called the BRIMNES bed frame the leading cause of divorce due to its difficult assembly. You and Seokjin had laughed when you read it. Now, you weren’t so sure.",2020-05-18,9075,Explicit,F/M,Completed,96,seokjin,Hair-pulling | Multiple Orgasms | Oral Sex | Orgasm Control | Overstimulation | Reader-Insert | Seokjin is basically the best bf but we all already knew that | Sir Kink | Spanking | Use of slut/whore | Vaginal Fingering | Vaginal Sex | belt spanking | dom!seokjin | sub!Reader,Kim Seokjin | Jin/Reader,"['Hair-pulling', 'Multiple Orgasms', 'Oral Sex', 'Orgasm Control', 'Overstimulation', 'Reader-Insert', 'Seokjin is basically the best bf but we all already knew that', 'Sir Kink', 'Spanking', 'Use of slut/whore', 'Vaginal Fingering', 'Vaginal Sex', 'belt spanking', 'dom!seokjin', 'sub!Reader']","['Hair-pulling', 'Multiple Orgasms', 'Oral Sex', 'Orgasm Control', 'Overstimulation', 'Reader-Insert', 'Spanking', 'Vaginal Fingering', 'Vaginal Sex']","['Seokjin is basically the best bf but we all already knew that', 'Sir Kink', 'Use of slut/whore', 'belt spanking', 'dom!seokjin', 'sub!Reader']",['Sir Kink'],[]
https://golemlab.eu/graph/7769449,I Missed You,"Jin gets to fly his girlfriend over seas from studying in America, and has permission to let her stay with the boys in their dorm for their week off.",2016-08-15,5219,Mature,F/M,Completed,96,seokjin,Airport struggle | BTS being BTS | Cute | Fluff | Gotta love naps | Hugs | Jin being a handsome muffin | Kisses | LMAO | Love | No Sex | No Smut | POV First Person | Sweet | just love | relationship,Kim Seokjin | Jin/Reader,"['Airport struggle', 'BTS being BTS', 'Cute', 'Fluff', 'Gotta love naps', 'Hugs', 'Jin being a handsome muffin', 'Kisses', 'LMAO', 'Love', 'No Sex', 'No Smut', 'POV First Person', 'Sweet', 'just love', 'relationship']","['Cute', 'Fluff', 'Hugs', 'Love', 'No Sex', 'No Smut', 'POV First Person', 'Sweet']","['Airport struggle', 'BTS being BTS', 'Gotta love naps', 'Jin being a handsome muffin', 'Kisses', 'LMAO', 'just love', 'relationship']",['Kisses'],[]
https://golemlab.eu/graph/32667484,Small Tuna Fish,"Kim Seokjin is a really nice guy. (Not to be confused with a ‘Nice Guy’). Too nice for someone like you, you’re sure. Which is why you’ve been attempting to ignore what’s going on between you. He couldn’t possibly be flirting with you. He couldn’t possibly like you. Could he? It the end, it takes one charity car wash event and one – or two, depending on how dirty your mind is – soakings to make things very clear.",2021-07-18,17103,Explicit,F/M,Completed,95,seokjin,College AU | Dry Humping | Fingering | Friends to Lovers | Groping | Inexperienced! Jin | Oral Sex | Protected Sex | Romance | Smut | big dick | kissing so much kissing,"Kim Seokjin | Jin/Reader, Kim Seokjin | Jin/You","['College AU', 'Dry Humping', 'Fingering', 'Friends to Lovers', 'Groping', 'Inexperienced! Jin', 'Oral Sex', 'Protected Sex', 'Romance', 'Smut', 'big dick', 'kissing so much kissing']","['Dry Humping', 'Friends to Lovers', 'Groping', 'Oral Sex', 'Romance', 'Smut']","['College AU', 'Fingering', 'Inexperienced! Jin', 'Protected Sex', 'big dick', 'kissing so much kissing']","['College AU', 'Fingering', 'Inexperienced! Jin', 'Protected Sex']",[]
https://golemlab.eu/graph/28199250,Final Sleigh,"You took an (almost) immediate dislike to Seokjin during his first week at the office and six months later that distaste is not only still going strong, but also mutual. Working in sales, you view one another as competition, so what happens when you’re forced to organise the Christmas office party together? It’s a recipe for disaster, but one thing’s for sure, it doesn’t end the way you imagined it… (Spoiler alert: you don’t wind up murdering him.)",2020-12-20,23389,Explicit,F/M,Completed,94,seokjin,Christmas AU | Dirty Talk | Enemies to Lovers | Fingering | Jin has a big dick | Office AU | Oral Sex | Rom-com | Romance | Smut | Workplace AU | Workplace Sex | holidays au | store room sex,"Kim Seokjin | Jin/Reader, Kim Seokjin | Jin/You Series: Final Sleigh [1]","['Christmas AU', 'Dirty Talk', 'Enemies to Lovers', 'Fingering', 'Jin has a big dick', 'Office AU', 'Oral Sex', 'Rom-com', 'Romance', 'Smut', 'Workplace AU', 'Workplace Sex', 'holidays au', 'store room sex']","['Dirty Talk', 'Enemies to Lovers', 'Oral Sex', 'Romance', 'Smut', 'Workplace Sex']","['Christmas AU', 'Fingering', 'Jin has a big dick', 'Office AU', 'Rom-com', 'Workplace AU', 'holidays au', 'store room sex']","['Christmas AU', 'Fingering', 'Office AU', 'Workplace AU']",[]
https://golemlab.eu/graph/28078185,Last November,"You and Seokjin broke up on good terms. Even seeing each other on your friends’ yearly end-of-November trip was never awkward. So why did this trip feel so different? And why does it feel like the end of something that wasn’t even there? (Seokjin x Reader, Exes to Lovers AU, Angst/Smut) // EDITED AND EXTENDED: March 27th, 2021",2020-12-14,24713,Mature,F/M,Completed,94,seokjin,Angst | Angst and Fluff and Smut | Bad Puns | Choking | Consent | Did I say angst? | Dirty Talk | Exes to Lovers | Foreplay | Hair-pulling | Light Dom/sub | Nipple Play | Oral Sex | Rough Sex | Smut | Spanking | Unprotected sex (wrap it up peeps) | also did i say bad puns? | seokjin is a consent king,"Kim Seokjin | Jin/Reader, Kim Seokjin | Jin/You","['Angst', 'Angst and Fluff and Smut', 'Bad Puns', 'Choking', 'Consent', 'Did I say angst?', 'Dirty Talk', 'Exes to Lovers', 'Foreplay', 'Hair-pulling', 'Light Dom/sub', 'Nipple Play', 'Oral Sex', 'Rough Sex', 'Smut', 'Spanking', 'Unprotected sex (wrap it up peeps)', 'also did i say bad puns?', 'seokjin is a consent king']","['Angst', 'Angst and Fluff and Smut', 'Bad Puns', 'Choking', 'Consent', 'Dirty Talk', 'Foreplay', 'Hair-pulling', 'Light Dom/sub', 'Nipple Play', 'Oral Sex', 'Rough Sex', 'Smut', 'Spanking']","['Did I say angst?', 'Exes to Lovers', 'Unprotected sex (wrap it up peeps)', 'also did i say bad puns?', 'seokjin is a consent king']",[],[]
https://golemlab.eu/graph/12967662,Tickled Pink,What makes Kim Seokjin blush?,2017-12-10,878,Explicit,F/M,Completed,93,seokjin,Fluff | Smut,Kim Seokjin | Jin/Reader,"['Fluff', 'Smut']","['Fluff', 'Smut']",[],[],[]
https://golemlab.eu/graph/15345402,a trip (into you),"When Hoseok said, 'camping trip,' it wasn't supposed to mean, 'get locked in the backseat with Seokjin.'",2018-07-19,3115,Teen And Up Audiences,M/M,Completed,93,seokjin,Cars | Comfort | Cute | Fluff | Humour | Making Out | Panicking | Road Trips | its all v gay | male!reader | naps | not gna add the other members cause they show up for one (1) second | you get stuck in the backseat,Kim Seokjin | Jin/Reader,"['Cars', 'Comfort', 'Cute', 'Fluff', 'Humour', 'Making Out', 'Panicking', 'Road Trips', 'its all v gay', 'male!reader', 'naps', 'not gna add the other members cause they show up for one (1) second', 'you get stuck in the backseat']","['Cars', 'Comfort', 'Cute', 'Fluff', 'Making Out', 'Road Trips']","['Humour', 'Panicking', 'its all v gay', 'male!reader', 'naps', 'not gna add the other members cause they show up for one (1) second', 'you get stuck in the backseat']","['Humour', 'Panicking']",[]
https://golemlab.eu/graph/25038136,Club Zombie,"In a world overrun by zombies, you’d think everyone was a goner, but the reality is much different. A steady diet of brains lets a zombie exist as a fully functioning human. Just ignore the part where they’re technically dead… In fact, these days, the number of zombies outweigh the humans. A lot jump at the chance to be turned. Beg for it. Kim Seokjin controls the underground of Seoul. No one would dare cross him. That’s how most of the world goes these days. You wouldn’t want to get on the wrong side of a zombie now, would you? However, you don’t quite see it like that. Spending most nights dancing at the club he owns, you catch his eye. It’s never the wrong side if you’re underneath him, right…?",2020-07-02,17112,Explicit,F/M,Completed,91,seokjin,Based off iZombie | Implied Smut | Jin is a zombie | Mafia Boss Jin | Oral Sex | Ring Kink | Romance | Smut | Vaginal Fingering | slight angst,"Kim Seokjin | Jin/Reader, Kim Seokjin | Jin/You","['Based off iZombie', 'Implied Smut', 'Jin is a zombie', 'Mafia Boss Jin', 'Oral Sex', 'Ring Kink', 'Romance', 'Smut', 'Vaginal Fingering', 'slight angst']","['Oral Sex', 'Romance', 'Smut', 'Vaginal Fingering']","['Based off iZombie', 'Implied Smut', 'Jin is a zombie', 'Mafia Boss Jin', 'Ring Kink', 'slight angst']","['Implied Smut', 'Mafia Boss Jin', 'Ring Kink']",[]
https://golemlab.eu/graph/12476916,Amort,“A love potion? But why would you need one of those?”,2017-10-24,697,Teen And Up Audiences,F/M,Completed,91,seokjin,Alternate Universe - Modern with Magic | Drabble | Love Potion/Spell | Mysticism | Witch Kim Seokjin | Jin | Witchcraft,Kim Seokjin | Jin/Reader Series: Halloween Drabbles 2k17 [4],"['Alternate Universe - Modern with Magic', 'Drabble', 'Love Potion/Spell', 'Mysticism', 'Witch Kim Seokjin', 'Jin', 'Witchcraft']","['Alternate Universe - Modern with Magic', 'Drabble', 'Love Potion/Spell', 'Mysticism', 'Witchcraft']","['Witch Kim Seokjin', 'Jin']","['Witch Kim Seokjin', 'Jin']",[]
https://golemlab.eu/graph/21376966,"princess, your crown is falling","An unpleasant visit with your family has you returning home in tears, seconds from slipping, but Seokjin is there for you, like he always is. ☆Caregiver!Jin • Little!Reader☆",2019-11-12,2761,Mature,F/M,Completed,91,seokjin,Abusive Parents | Age Play Caregiver Kim Seokjin | Jin | Age Play little Reader | DDLG | Emotional Hurt/Comfort | Emotional/Psychological Abuse | Fluff | Kim Seokjin | Jin is a Sweetheart | Non-Sexual Age Play | i just | needed this | not physical,Kim Seokjin | Jin/Reader Series: the little things [1],"['Abusive Parents', 'Age Play Caregiver Kim Seokjin', 'Jin', 'Age Play little Reader', 'DDLG', 'Emotional Hurt/Comfort', 'Emotional/Psychological Abuse', 'Fluff', 'Kim Seokjin', 'Jin is a Sweetheart', 'Non-Sexual Age Play', 'i just', 'needed this', 'not physical']","['Abusive Parents', 'Emotional Hurt/Comfort', 'Emotional/Psychological Abuse', 'Fluff', 'Non-Sexual Age Play']","['Age Play Caregiver Kim Seokjin', 'Jin', 'Age Play little Reader', 'DDLG', 'Kim Seokjin', 'Jin is a Sweetheart', 'i just', 'needed this', 'not physical']","['Jin', 'Kim Seokjin']",[]
https://golemlab.eu/graph/11716464,Bittersweet Chocolate,"Unable to comprehend your feelings for your best friend of many years, something sweet gives you a glimpse into your wildest dreams.",2017-08-05,8892,Teen And Up Audiences,F/M,Completed,91,seokjin,Chocolate | Dreams | Fluff | Fluff and Angst | Friends to Lovers | Friendship/Love | Magic | Romance | Supernatural Elements,Kim Seokjin | Jin/Reader Series: Chocolate Magic Series [1],"['Chocolate', 'Dreams', 'Fluff', 'Fluff and Angst', 'Friends to Lovers', 'Friendship/Love', 'Magic', 'Romance', 'Supernatural Elements']","['Chocolate', 'Dreams', 'Fluff', 'Fluff and Angst', 'Friends to Lovers', 'Friendship/Love', 'Magic', 'Romance', 'Supernatural Elements']",[],[],[]
https://golemlab.eu/graph/27890413,The Bodyguard,"As your bodyguard, keeping you safe from the world comes with rules. But you’re used to getting what you want, and you want him.",2020-12-05,4994,Explicit,F/M,Completed,90,seokjin,Attempted Seduction | Creampie | Exhibitionism | Fluff | Multiple Orgasms | Nudity | Oral Sex | Pining | Public Sex | Sex | Smut | Vaginal Fingering,Kim Seokjin | Jin/Reader,"['Attempted Seduction', 'Creampie', 'Exhibitionism', 'Fluff', 'Multiple Orgasms', 'Nudity', 'Oral Sex', 'Pining', 'Public Sex', 'Sex', 'Smut', 'Vaginal Fingering']","['Attempted Seduction', 'Creampie', 'Exhibitionism', 'Fluff', 'Multiple Orgasms', 'Nudity', 'Oral Sex', 'Pining', 'Public Sex', 'Sex', 'Smut', 'Vaginal Fingering']",[],[],[]
https://golemlab.eu/graph/19297849,adoration,morning sex with seokjin,2019-06-20,1371,Mature,F/M,Completed,90,seokjin,Creampie | Established Relationship | Fluff | PWP | Slice of Life | Smut | also i looked up the sex position and its called the plaid | it's nothing too smutty | just ... sideways sex | just ur regular run of the mill morning sex,Kim Seokjin | Jin/Reader,"['Creampie', 'Established Relationship', 'Fluff', 'PWP', 'Slice of Life', 'Smut', 'also i looked up the sex position and its called the plaid', ""it's nothing too smutty"", 'just ... sideways sex', 'just ur regular run of the mill morning sex']","['Creampie', 'Established Relationship', 'Fluff', 'Slice of Life', 'Smut']","['PWP', 'also i looked up the sex position and its called the plaid', ""it's nothing too smutty"", 'just ... sideways sex', 'just ur regular run of the mill morning sex']",[],[]
https://golemlab.eu/graph/12090129,Colorblind,"Jin x reader Seokjin lives his life in colorblindness and without detail. He always hoped for a cure, especially when it begins to affect his career. But he's giving up on it. (Based off a soulmate au)",2017-09-14,1985,General Audiences,F/M,Completed,89,seokjin,Fluff | Jin - Freeform | Jin/Reader - Freeform | No Smut | Reader-Insert | Romance | Seokjin/reader - Freeform | Yoongi - Freeform | bangtan boys - Freeform | bts - Freeform | hoseok - Freeform | jhope - Freeform | kpop | namjoon - Freeform | seokjin - Freeform | suga - Freeform,Kim Seokjin | Jin/Reader,"['Fluff', 'Jin - Freeform', 'Jin/Reader - Freeform', 'No Smut', 'Reader-Insert', 'Romance', 'Seokjin/reader - Freeform', 'Yoongi - Freeform', 'bangtan boys - Freeform', 'bts - Freeform', 'hoseok - Freeform', 'jhope - Freeform', 'kpop', 'namjoon - Freeform', 'seokjin - Freeform', 'suga - Freeform']","['Fluff', 'No Smut', 'Reader-Insert', 'Romance']","['Jin - Freeform', 'Jin/Reader - Freeform', 'Seokjin/reader - Freeform', 'Yoongi - Freeform', 'bangtan boys - Freeform', 'bts - Freeform', 'hoseok - Freeform', 'jhope - Freeform', 'kpop', 'namjoon - Freeform', 'seokjin - Freeform', 'suga - Freeform']","['Jin - Freeform', 'Jin/Reader - Freeform', 'Yoongi - Freeform']",[]
https://golemlab.eu/graph/13774659,Blackout,"You and Seokjin are head back to his apartment after a study session, only to find that the weather has left you stranded there with no way to get home. The electricity is off, and it's just you and the guy you like. What could happen?",2018-02-23,4507,Teen And Up Audiences,F/M,Completed,88,seokjin,Alternate Universe - College/University | Female The Reader (Pyre) | First Time | He's a little awkward | Jin - Freeform | Kim Seokjin - Freeform | Kissing | Oral Sex | Reader Insert | Sex | Smut | seokjin is a gentleman | so are you | soekjin,Kim Seokjin | Jin/Reader Series: Bangtan One-shots [5],"['Alternate Universe - College/University', 'Female The Reader (Pyre)', 'First Time', ""He's a little awkward"", 'Jin - Freeform', 'Kim Seokjin - Freeform', 'Kissing', 'Oral Sex', 'Reader Insert', 'Sex', 'Smut', 'seokjin is a gentleman', 'so are you', 'soekjin']","['Alternate Universe - College/University', 'Female The Reader (Pyre)', 'First Time', 'Kissing', 'Oral Sex', 'Sex', 'Smut']","[""He's a little awkward"", 'Jin - Freeform', 'Kim Seokjin - Freeform', 'Reader Insert', 'seokjin is a gentleman', 'so are you', 'soekjin']","['Jin - Freeform', 'Kim Seokjin - Freeform', 'Reader Insert']",[]
https://golemlab.eu/graph/14397327,best mistake,,2018-04-22,3726,Explicit,F/M,Completed,88,seokjin,Friends to Lovers | Smut | soft and caring seokjin,Kim Seokjin | Jin/Reader,"['Friends to Lovers', 'Smut', 'soft and caring seokjin']","['Friends to Lovers', 'Smut']",['soft and caring seokjin'],[],[]
https://golemlab.eu/graph/24392146,Ambrosia,"“You taste delicious, sweet cheeks.”",2020-05-26,29457,Explicit,F/M,Completed,85,seokjin,Fluff | Humor | S2l | Smut,Kim Seokjin | Jin/Reader Series: Dionysus ·pub· [1],"['Fluff', 'Humor', 'S2l', 'Smut']","['Fluff', 'Humor', 'Smut']",['S2l'],[],[]
https://golemlab.eu/graph/25613422,Takeout,"You’re just a simple food deliverer for your parents’ restaurant, unknowingly delivering food to world renowned band BTS and catching the eye of Mr. World Wide Handsome.",2020-07-30,2227,Teen And Up Audiences,F/M,Completed,84,seokjin,Fluff | Idol!AU | full of cuteness,Kim Seokjin | Jin/Reader,"['Fluff', 'Idol!AU', 'full of cuteness']",['Fluff'],"['Idol!AU', 'full of cuteness']",['Idol!AU'],[]
https://golemlab.eu/graph/25851223,Charming,"Prince Seokjin was as infuriating as he was beautiful. In line to one day be king, he requested your guidance in the ways of his people. In turn he will make you laugh, give your family fine gifts, and become an invaluable friend. Unfortunately, he will also make you fall in love with him. But the most unfortunate thing of all was his betrothal...to Snow White",2020-08-12,37100,Teen And Up Audiences,F/M,Completed,83,seokjin,Alternate Universe - Snow White Fusion | Angst | Fantasy | Fluff | Fluff and Angst | Kim Seokjin | Jin-centric | Reader-Insert | Sweet Kim Seokjin | Jin,Kim Seokjin | Jin/Reader,"['Alternate Universe - Snow White Fusion', 'Angst', 'Fantasy', 'Fluff', 'Fluff and Angst', 'Kim Seokjin', 'Jin-centric', 'Reader-Insert', 'Sweet Kim Seokjin', 'Jin']","['Alternate Universe - Snow White Fusion', 'Angst', 'Fantasy', 'Fluff', 'Fluff and Angst', 'Reader-Insert']","['Kim Seokjin', 'Jin-centric', 'Sweet Kim Seokjin', 'Jin']","['Kim Seokjin', 'Sweet Kim Seokjin', 'Jin']",[]
https://golemlab.eu/graph/21735139,"if i kiss you, i won't be able to stop",the mafia's daughter's crush on her bodyguard reaches breaking point,2019-12-09,2165,Explicit,F/M,Completed,82,seokjin,Bodyguard Kim Seokjin | Exhibitionism | Masturbation | Vaginal Fingering | Voyeurism | mafia's daughter reader,Kim Seokjin | Jin/Reader,"['Bodyguard Kim Seokjin', 'Exhibitionism', 'Masturbation', 'Vaginal Fingering', 'Voyeurism', ""mafia's daughter reader""]","['Exhibitionism', 'Masturbation', 'Vaginal Fingering', 'Voyeurism']","['Bodyguard Kim Seokjin', ""mafia's daughter reader""]",['Bodyguard Kim Seokjin'],[]
https://golemlab.eu/graph/12912444,Don't Spill [M],Jin finds an excuse to play a game with you.,2017-12-04,4180,Mature,F/M,Completed,82,seokjin,Smut,Kim Seokjin | Jin/Reader,['Smut'],['Smut'],[],[],[]
https://golemlab.eu/graph/14320710,Caught Ain The Act,,2018-04-15,1942,Explicit,F/M,Completed,82,seokjin,thigh riding,Kim Seokjin | Jin/Reader,['thigh riding'],[],['thigh riding'],[],[]
https://golemlab.eu/graph/5234777,Pink Ribbon,"You tease Jin in the morning, and he makes you pay for it that night.",2015-11-18,1675,Explicit,F/M,Completed,81,seokjin,Blow Jobs | Light Bondage | Light Dom/sub | Smut | Teasing,Kim Seokjin | Jin/Reader,"['Blow Jobs', 'Light Bondage', 'Light Dom/sub', 'Smut', 'Teasing']","['Blow Jobs', 'Light Bondage', 'Light Dom/sub', 'Smut', 'Teasing']",[],[],[]
https://golemlab.eu/graph/30131733,The Sevenfold Path - Seokjin,"As an apothecary, Kim Seokjin is a master of potions and remedies. As a friend, he is a master of making you laugh and feel at ease. His family has long been pushing for him to marry a powerful witch, but you always thought that he would laugh off the courtship once the time came. What will your future hold when your old friend shows you just how serious he can be? (Begin by reading The Sevenfold Path - Prologue)",2021-03-19,39550,Teen And Up Audiences,F/M,Completed,80,seokjin,Alternate Universe | Reader-Insert | WITCHES AU | magical au,Kim Seokjin | Jin/Reader Series: The Sevenfold Path [7],"['Alternate Universe', 'Reader-Insert', 'WITCHES AU', 'magical au']","['Alternate Universe', 'Reader-Insert']","['WITCHES AU', 'magical au']",[],[]
https://golemlab.eu/graph/16532210,Sushi Print,"Pun master, Kim Seokjin, finds your choice in socks very endearing.",2018-11-05,3175,Teen And Up Audiences,F/M,Completed,80,seokjin,Coffee | Cute | Dad Jokes | Fluff | I Wrote This Instead of Sleeping | Not Beta Read | Pun master | Romance | Socks | Uncontrollable laughter | jin's laughing face | pun daddy | puns | so stinking cute,Kim Seokjin | Jin/Reader,"['Coffee', 'Cute', 'Dad Jokes', 'Fluff', 'I Wrote This Instead of Sleeping', 'Not Beta Read', 'Pun master', 'Romance', 'Socks', 'Uncontrollable laughter', ""jin's laughing face"", 'pun daddy', 'puns', 'so stinking cute']","['Coffee', 'Cute', 'Fluff', 'I Wrote This Instead of Sleeping', 'Not Beta Read', 'Romance', 'Socks']","['Dad Jokes', 'Pun master', 'Uncontrollable laughter', ""jin's laughing face"", 'pun daddy', 'puns', 'so stinking cute']",['Dad Jokes'],[]
https://golemlab.eu/graph/21118136,666 butterfly kisses,"you’re a vampire in renaissance italy who likes earning favors from the most powerful men in the country. you just aren’t used to meeting handsome men that might be assassins and definitely give you the best orgasms of your life. or; the first time you meet the fae prince, although its not the last.",2019-10-21,4710,Explicit,F/M,Completed,80,seokjin,Creampie | Cunnilingus | Dirty Talk | Fae Jin | Fae Prince Jin | Minor Violence | Multiple Orgasms | Oral Sex | Overstimulation | Plot What Plot/Porn Without Plot | Praise | Smut | Sword Fighting | Throat riding | Unprotected Sex | bc vampire | literally its just | set in Renaissance Italy | slight blood drinking mentions at the end | specifically | theres no real danger i promise | this is basically just | vampire reader | yes - Freeform | you read that correctly,Kim Seokjin | Jin/Reader Series: lets get spooky [3],"['Creampie', 'Cunnilingus', 'Dirty Talk', 'Fae Jin', 'Fae Prince Jin', 'Minor Violence', 'Multiple Orgasms', 'Oral Sex', 'Overstimulation', 'Plot What Plot/Porn Without Plot', 'Praise', 'Smut', 'Sword Fighting', 'Throat riding', 'Unprotected Sex', 'bc vampire', 'literally its just', 'set in Renaissance Italy', 'slight blood drinking mentions at the end', 'specifically', 'theres no real danger i promise', 'this is basically just', 'vampire reader', 'yes - Freeform', 'you read that correctly']","['Creampie', 'Cunnilingus', 'Dirty Talk', 'Minor Violence', 'Multiple Orgasms', 'Oral Sex', 'Overstimulation', 'Plot What Plot/Porn Without Plot', 'Smut']","['Fae Jin', 'Fae Prince Jin', 'Praise', 'Sword Fighting', 'Throat riding', 'Unprotected Sex', 'bc vampire', 'literally its just', 'set in Renaissance Italy', 'slight blood drinking mentions at the end', 'specifically', 'theres no real danger i promise', 'this is basically just', 'vampire reader', 'yes - Freeform', 'you read that correctly']","['Fae Jin', 'Fae Prince Jin', 'Praise', 'Sword Fighting', 'Unprotected Sex']",[]
https://golemlab.eu/graph/25439272,Catch My Breath,"Things weren't the same as they were before. My ex always made me feel worthless and unlovable... but this man... this stranger I met in a bar on a random thursday night, he did something no one else has managed to do in a long time- he allowed me to catch my breath and learn how to be myself.",2020-07-22,9756,Explicit,F/M,Completed,80,seokjin,Body Image | Body Worship | Fluff and Smut | Friends to Lovers | Gratuitous Smut | Oral Sex | POV Female Character | POV First Person | Romantic Fluff | Romantic Soulmates | Sex | Soul Bond | Vaginal Fingering | plus sized reader,Kim Seokjin | Jin/Reader,"['Body Image', 'Body Worship', 'Fluff and Smut', 'Friends to Lovers', 'Gratuitous Smut', 'Oral Sex', 'POV Female Character', 'POV First Person', 'Romantic Fluff', 'Romantic Soulmates', 'Sex', 'Soul Bond', 'Vaginal Fingering', 'plus sized reader']","['Body Image', 'Body Worship', 'Fluff and Smut', 'Friends to Lovers', 'Gratuitous Smut', 'Oral Sex', 'POV Female Character', 'POV First Person', 'Romantic Fluff', 'Romantic Soulmates', 'Sex', 'Soul Bond', 'Vaginal Fingering']",['plus sized reader'],[],[]
https://golemlab.eu/graph/11128983,Love Potion,You've been best friends with Jin for years and nothing will ever change that...except a love potion.,2017-06-07,1404,General Audiences,F/M,Completed,77,seokjin,Fluff | One Shot | jin fluff | puns,Kim Seokjin | Jin/Reader,"['Fluff', 'One Shot', 'jin fluff', 'puns']","['Fluff', 'One Shot']","['jin fluff', 'puns']",[],[]
https://golemlab.eu/graph/25496347,Sweet Sugar,"losing your virginity to a sugar daddy wasn’t how you imagined your first time playing out, but you’re ready and willing to do it. thing is you don’t know how to break it to your sugar daddy that you’re a virgin",2020-07-29,4479,Mature,M/M,Completed,77,seokjin,(implied) - Freeform | Alternate Universe - Sugar Daddy | Anal Fingering | Anal Sex | Ass Play | Ass to Mouth | Dirty Talk | Dom Kim Seokjin | Jin | Dom/sub | Explicit Consent | Explicit Sexual Content | Gay Kim Seokjin | Jin | Gay Sex | Gentle Sex | Kim Taehyung | V Has a Foot Kink | Loss of Virginity | Lube | Mentioned Kim Taehyung | V | Mentioned Min Yoongi | Suga | Oral Sex | Overstimulation | Porn With Plot | Rough Oral Sex | Sir Kink | Soft Kim Seokjin | Jin | Sugar Daddy | Sugar Daddy Kim Seokjin | Jin | Top Kim Seokjin | Jin | male reader - Freeform,"Kim Seokjin | Jin/Reader, Kim Seokjin | Jin/You","['(implied) - Freeform', 'Alternate Universe - Sugar Daddy', 'Anal Fingering', 'Anal Sex', 'Ass Play', 'Ass to Mouth', 'Dirty Talk', 'Dom Kim Seokjin', 'Jin', 'Dom/sub', 'Explicit Consent', 'Explicit Sexual Content', 'Gay Kim Seokjin', 'Jin', 'Gay Sex', 'Gentle Sex', 'Kim Taehyung', 'V Has a Foot Kink', 'Loss of Virginity', 'Lube', 'Mentioned Kim Taehyung', 'V', 'Mentioned Min Yoongi', 'Suga', 'Oral Sex', 'Overstimulation', 'Porn With Plot', 'Rough Oral Sex', 'Sir Kink', 'Soft Kim Seokjin', 'Jin', 'Sugar Daddy', 'Sugar Daddy Kim Seokjin', 'Jin', 'Top Kim Seokjin', 'Jin', 'male reader - Freeform']","['Alternate Universe - Sugar Daddy', 'Anal Fingering', 'Anal Sex', 'Ass Play', 'Ass to Mouth', 'Dirty Talk', 'Dom/sub', 'Explicit Consent', 'Explicit Sexual Content', 'Gay Sex', 'Gentle Sex', 'Loss of Virginity', 'Lube', 'Oral Sex', 'Overstimulation', 'Porn With Plot', 'Rough Oral Sex', 'Sugar Daddy']","['(implied) - Freeform', 'Dom Kim Seokjin', 'Jin', 'Gay Kim Seokjin', 'Jin', 'Kim Taehyung', 'V Has a Foot Kink', 'Mentioned Kim Taehyung', 'V', 'Mentioned Min Yoongi', 'Suga', 'Sir Kink', 'Soft Kim Seokjin', 'Jin', 'Sugar Daddy Kim Seokjin', 'Jin', 'Top Kim Seokjin', 'Jin', 'male reader - Freeform']","['Dom Kim Seokjin', 'Jin', 'Gay Kim Seokjin', 'Jin', 'Kim Taehyung', 'Mentioned Kim Taehyung', 'Mentioned Min Yoongi', 'Suga', 'Sir Kink', 'Soft Kim Seokjin', 'Jin', 'Sugar Daddy Kim Seokjin', 'Jin', 'Top Kim Seokjin', 'Jin']",[]
https://golemlab.eu/graph/39159003,9 Months to Fall in Love Extras,Read for even more from 9 Months to Fall in Love!,2022-05-22,4845,Explicit,F/M,In-Progress,77,seokjin,Allusions to a Panic Attack | Angst | Dual POV | Romance | Slow Burn | Smut | Strangers to Lovers | Unplanned Pregnancy,"Kim Seokjin | Jin/Reader, Kim Seokjin | Jin/You Series: 9 Months to Fall in Love [2]","['Allusions to a Panic Attack', 'Angst', 'Dual POV', 'Romance', 'Slow Burn', 'Smut', 'Strangers to Lovers', 'Unplanned Pregnancy']","['Angst', 'Romance', 'Slow Burn', 'Smut', 'Strangers to Lovers', 'Unplanned Pregnancy']","['Allusions to a Panic Attack', 'Dual POV']",['Dual POV'],[]
https://golemlab.eu/graph/27406054,Crystallised And Beyond Drabbles,A collection of drabbles following the events of the Crystallised saga.,2020-11-05,20090,Explicit,F/M,In-Progress,77,seokjin,Domestic | Humour | Romance | Slice of Life | Smut,"Kim Seokjin | Jin/Reader, Kim Seokjin | Jin/You Series: The Crystallised Saga [6]","['Domestic', 'Humour', 'Romance', 'Slice of Life', 'Smut']","['Domestic', 'Romance', 'Slice of Life', 'Smut']",['Humour'],['Humour'],[]
https://golemlab.eu/graph/27078289,cozy?,"His shoulder is at a perfect height and you let your head roll forward until it lands with a dim thunk. Well on your way to total blackout, you feel a soft kiss on the top of your head, hand that was on your knee now coming up to stroke your hair, and you preen under the gentle touch.",2020-10-18,1314,Teen And Up Audiences,F/M,Completed,76,seokjin,Cuddling | Cute | Cute Ending | Domestic Fluff | Established Relationship | Fluff | Literal Sleeping Together | Sleep | Soft Kim Seokjin | Jin | Softness | idolverse | jin cooks when he can't sleep and yn gets cold when jin isn't there,Kim Seokjin | Jin/Reader Series: BTS [10],"['Cuddling', 'Cute', 'Cute Ending', 'Domestic Fluff', 'Established Relationship', 'Fluff', 'Literal Sleeping Together', 'Sleep', 'Soft Kim Seokjin', 'Jin', 'Softness', 'idolverse', ""jin cooks when he can't sleep and yn gets cold when jin isn't there""]","['Cute', 'Cute Ending', 'Domestic Fluff', 'Established Relationship', 'Fluff', 'Literal Sleeping Together', 'Sleep']","['Cuddling', 'Soft Kim Seokjin', 'Jin', 'Softness', 'idolverse', ""jin cooks when he can't sleep and yn gets cold when jin isn't there""]","['Cuddling', 'Soft Kim Seokjin', 'Jin', 'Softness']",[]
https://golemlab.eu/graph/15336432,Secrets,"Sneaking around and keeping secrets is nothing new to you. When Jin asks you to keep your relationship under wraps because he doesn’t want his frat brothers to make a big deal out of it, you have no problem agreeing. But as time goes on you start to think that maybe he isn’t trying to keep a secret from them, but rather keep a secret from you .",2018-07-18,10171,Mature,F/M,Completed,76,seokjin,Alternate Universe - College/University | Alternate Universe - Fraternity | Angst | Comedy | Fraternities & Sororities | Implied/Referenced Cheating | Secret Relationship | Secrets | Smut | University,Kim Seokjin | Jin/Reader,"['Alternate Universe - College/University', 'Alternate Universe - Fraternity', 'Angst', 'Comedy', 'Fraternities & Sororities', 'Implied/Referenced Cheating', 'Secret Relationship', 'Secrets', 'Smut', 'University']","['Alternate Universe - College/University', 'Alternate Universe - Fraternity', 'Angst', 'Comedy', 'Fraternities & Sororities', 'Implied/Referenced Cheating', 'Secret Relationship', 'Secrets', 'Smut', 'University']",[],[],[]
https://golemlab.eu/graph/11561037,A Language All Our Own,"‘I can’t believe it, I’m actually here. This is actually happening.’ You meet Jin at BTS's first fansign, things don't go quite how they should have, but that's okay. Actions speak louder than words.",2017-08-14,1921,General Audiences,F/M,Completed,75,seokjin,#heartsforjin | Ambiguous/Open Ending | Fluff | I love him | Light Angst | Meet-Cute | One Shot | Reader-Insert | Short & Sweet | fanmeetings | im trash | lowkey only wrote this cuz im whipped for Jin | other members appear briefly - Freeform | thank you Rei,Kim Seokjin | Jin/Reader,"['#heartsforjin', 'Ambiguous/Open Ending', 'Fluff', 'I love him', 'Light Angst', 'Meet-Cute', 'One Shot', 'Reader-Insert', 'Short & Sweet', 'fanmeetings', 'im trash', 'lowkey only wrote this cuz im whipped for Jin', 'other members appear briefly - Freeform', 'thank you Rei']","['Ambiguous/Open Ending', 'Fluff', 'Light Angst', 'Meet-Cute', 'One Shot', 'Reader-Insert', 'Short & Sweet']","['#heartsforjin', 'I love him', 'fanmeetings', 'im trash', 'lowkey only wrote this cuz im whipped for Jin', 'other members appear briefly - Freeform', 'thank you Rei']",[],[]
https://golemlab.eu/graph/6611560,Voix,He misses you. And all he needs is to hear the sound of your voice to keep moving on.,2016-04-21,3419,Teen And Up Audiences,F/M,Completed,75,seokjin,Angst | Heavy Angst,Kim Seokjin | Jin/Reader,"['Angst', 'Heavy Angst']","['Angst', 'Heavy Angst']",[],[],[]
https://golemlab.eu/graph/13499478,Cave Me In,Four hours remain before he leaves for tour and you decide to make it count,2018-01-28,6153,Mature,F/M,Completed,75,seokjin,Fluff | Idols | Light Dirty Talk | Light Hair Pulling | Oral Sex | Romance | Smut | Vaginal Fingering,Kim Seokjin | Jin/Reader,"['Fluff', 'Idols', 'Light Dirty Talk', 'Light Hair Pulling', 'Oral Sex', 'Romance', 'Smut', 'Vaginal Fingering']","['Fluff', 'Idols', 'Oral Sex', 'Romance', 'Smut', 'Vaginal Fingering']","['Light Dirty Talk', 'Light Hair Pulling']","['Light Dirty Talk', 'Light Hair Pulling']",[]
https://golemlab.eu/graph/25223359,Always Trust In Pixie Dust,"As a vegetable pixie, you weren’t exactly considered the most desirable in the pixie hierarchy. But the uncle of one of your student’s is convinced that you have a secret admirer, only made worse when your younger brother and sister get involved. Will they succeed in their matchmaking or will your admirer come forward before they can get into too much mischief?",2020-07-12,13977,Teen And Up Audiences,F/M,Completed,75,seokjin,Fantasy AU | Fluff | Pixie AU | Supernatural AU - Freeform | pixie jimin | pixie jin | pixie reader | pixie taehyung | slight angst,Kim Seokjin | Jin/Reader,"['Fantasy AU', 'Fluff', 'Pixie AU', 'Supernatural AU - Freeform', 'pixie jimin', 'pixie jin', 'pixie reader', 'pixie taehyung', 'slight angst']",['Fluff'],"['Fantasy AU', 'Pixie AU', 'Supernatural AU - Freeform', 'pixie jimin', 'pixie jin', 'pixie reader', 'pixie taehyung', 'slight angst']","['Fantasy AU', 'Pixie AU', 'Supernatural AU - Freeform']",[]
https://golemlab.eu/graph/28164459,Last Christmas,"it was bound to happen, eventually. after months of near misses at barbecues and birthdays, there’s no avoiding your ex-husband at hoseok’s annual christmas bash. but it’s fine, totally fine, because you’re both adults – and you’ve both brought dates and booze. what could go wrong?",2020-12-19,9010,Mature,F/M,Completed,74,seokjin,Bad Manners | Emotional Constipation | Exes to Lovers | Snark | Snarky Smut | So Much Snark | Unprotected Sex | and a partridge in a pear tree | angelic!namjoon | bickering during banging | inconsiderate behavior | instigator!yoongi | neurotic!hoseok | sniping during smutting | terrible accounting jokes,"Kim Seokjin | Jin/Reader, Kim Seokjin | Jin/You","['Bad Manners', 'Emotional Constipation', 'Exes to Lovers', 'Snark', 'Snarky Smut', 'So Much Snark', 'Unprotected Sex', 'and a partridge in a pear tree', 'angelic!namjoon', 'bickering during banging', 'inconsiderate behavior', 'instigator!yoongi', 'neurotic!hoseok', 'sniping during smutting', 'terrible accounting jokes']","['Emotional Constipation', 'Snark']","['Bad Manners', 'Exes to Lovers', 'Snarky Smut', 'So Much Snark', 'Unprotected Sex', 'and a partridge in a pear tree', 'angelic!namjoon', 'bickering during banging', 'inconsiderate behavior', 'instigator!yoongi', 'neurotic!hoseok', 'sniping during smutting', 'terrible accounting jokes']","['Bad Manners', 'Snarky Smut', 'So Much Snark', 'Unprotected Sex']",[]
https://golemlab.eu/graph/29246514,Midnight,"Unable to sleep, your boyfriend gives you a little midnight relief.",2021-02-06,1440,Explicit,F/M,Completed,74,seokjin,Boyfriend Seokjin | Creampie | Hair-pulling | Hickeys | Kim Seokjin | Jin Smut | Marking | Scratching | Unprotected Sex | Vaginal Fingering,Kim Seokjin | Jin/Reader,"['Boyfriend Seokjin', 'Creampie', 'Hair-pulling', 'Hickeys', 'Kim Seokjin', 'Jin Smut', 'Marking', 'Scratching', 'Unprotected Sex', 'Vaginal Fingering']","['Creampie', 'Hair-pulling', 'Marking', 'Scratching', 'Vaginal Fingering']","['Boyfriend Seokjin', 'Hickeys', 'Kim Seokjin', 'Jin Smut', 'Unprotected Sex']","['Boyfriend Seokjin', 'Hickeys', 'Kim Seokjin', 'Jin Smut', 'Unprotected Sex']",[]
https://golemlab.eu/graph/6768190,Hanker Sore,I hated him. He was so goddamn attractive. He was beautiful. He was practically perfect. I liked him.,2016-05-06,2405,General Audiences,F/M,Completed,74,seokjin,mentions of yoongi,Kim Seokjin | Jin/Reader,['mentions of yoongi'],[],['mentions of yoongi'],[],[]
https://golemlab.eu/graph/17401397,A Helping Hand,"Sexually frustrated, Jin offers you a hand.",2019-01-13,2941,Explicit,F/M,Completed,74,seokjin,Alcohol | Friends to Lovers | Marking | Oral Sex | Vaginal Fingering,Kim Seokjin | Jin/Reader,"['Alcohol', 'Friends to Lovers', 'Marking', 'Oral Sex', 'Vaginal Fingering']","['Alcohol', 'Friends to Lovers', 'Marking', 'Oral Sex', 'Vaginal Fingering']",[],[],[]
https://golemlab.eu/graph/18384503,Jealousy,"You’re happily married to Seokjin, for the most part, but seeing him co-host M Countdown with the gorgeous Jennie from BLACKPINK makes you feel entirely insecure and you don’t know how to deal with it.",2019-04-07,2029,Mature,F/M,Completed,74,seokjin,Angst with a Happy Ending | Jealousy | Seokjin is DADDY | a little bit angsty but mainly fluff | bts canon | but he is also HUBBIE | spoiler alert lol,Kim Seokjin | Jin/Reader,"['Angst with a Happy Ending', 'Jealousy', 'Seokjin is DADDY', 'a little bit angsty but mainly fluff', 'bts canon', 'but he is also HUBBIE', 'spoiler alert lol']","['Angst with a Happy Ending', 'Jealousy']","['Seokjin is DADDY', 'a little bit angsty but mainly fluff', 'bts canon', 'but he is also HUBBIE', 'spoiler alert lol']",[],[]
https://golemlab.eu/graph/21809275,Mistakes and Retakes,"You hate to admit it, but making bad decisions and being reckless seem to be your forte. From saying yes to a last minute meeting to ignoring your father’s warning about driving late at night on a slippery road. As if you haven’t gotten enough bad luck already, your high school nemesis decides to be a hero and comes to the rescue. Santa must have placed you in his naughty list for a dire punishment before Christmas.",2019-12-16,18601,Mature,F/M,Completed,74,seokjin,Enemies to Lovers | Fluff and Angst | Fluff and Smut | Outdoor Sex | Romance | Romantic Comedy | Smut | Winter | stranded for christmas,Kim Seokjin | Jin/Reader,"['Enemies to Lovers', 'Fluff and Angst', 'Fluff and Smut', 'Outdoor Sex', 'Romance', 'Romantic Comedy', 'Smut', 'Winter', 'stranded for christmas']","['Enemies to Lovers', 'Fluff and Angst', 'Fluff and Smut', 'Outdoor Sex', 'Romance', 'Romantic Comedy', 'Smut', 'Winter']",['stranded for christmas'],[],[]
https://golemlab.eu/graph/14773850,Favourite Kim Seokjin,"It’s either your favourite stuffed alpaca, Kim Seokjin or your favourite boyfriend, Kim Seokjin.",2018-05-28,684,General Audiences,F/M,Completed,73,seokjin,Fluffy jin | Jin is too sweet | Kim Seokjin - Freeform | bangtan - Freeform | bts - Freeform | i kinda wanna gag because Jin is so cute | sleepy boyfriend | soft,"Kim Seokjin | Jin/Reader, Kim Seokjin/Reader","['Fluffy jin', 'Jin is too sweet', 'Kim Seokjin - Freeform', 'bangtan - Freeform', 'bts - Freeform', 'i kinda wanna gag because Jin is so cute', 'sleepy boyfriend', 'soft']",[],"['Fluffy jin', 'Jin is too sweet', 'Kim Seokjin - Freeform', 'bangtan - Freeform', 'bts - Freeform', 'i kinda wanna gag because Jin is so cute', 'sleepy boyfriend', 'soft']",['Kim Seokjin - Freeform'],[]
https://golemlab.eu/graph/12510528,|ＮＯＴ  Ａ  ＳＯＵＮＤ |,a/n: Based on a dream I had,2017-10-27,2965,Mature,F/M,Completed,73,seokjin,Bangtan smut | Cunnilingus | Sex | Smut | bts jin smut | bts smut,Kim Seokjin | Jin/Reader,"['Bangtan smut', 'Cunnilingus', 'Sex', 'Smut', 'bts jin smut', 'bts smut']","['Cunnilingus', 'Sex', 'Smut']","['Bangtan smut', 'bts jin smut', 'bts smut']",[],[]
https://golemlab.eu/graph/22730593,Bespoke,Two one shots of Jin smut where he's behind bespoke luxury items and even better dicking From Lace: His ad stuck out. Independent lingerie maker in search of model and muse. Bespoke: Jin is a perfumer that crafts custom scents.,2020-02-15,9070,Explicit,F/M,Completed,73,seokjin,Blindfolds | Creampie | Cum Play | Dirty Talk | Dom Kim Seokjin | Jin | Dom/sub | Fingerfucking | Lingerie | Marking | Oral Sex | Restraints | Sensation Play | Shameless Smut | Spanking | Vaginal Sex,Kim Seokjin | Jin/Reader,"['Blindfolds', 'Creampie', 'Cum Play', 'Dirty Talk', 'Dom Kim Seokjin', 'Jin', 'Dom/sub', 'Fingerfucking', 'Lingerie', 'Marking', 'Oral Sex', 'Restraints', 'Sensation Play', 'Shameless Smut', 'Spanking', 'Vaginal Sex']","['Blindfolds', 'Creampie', 'Dirty Talk', 'Dom/sub', 'Fingerfucking', 'Lingerie', 'Marking', 'Oral Sex', 'Restraints', 'Sensation Play', 'Shameless Smut', 'Spanking', 'Vaginal Sex']","['Cum Play', 'Dom Kim Seokjin', 'Jin']","['Cum Play', 'Dom Kim Seokjin', 'Jin']",[]
https://golemlab.eu/graph/35499955,Cinnamon Bliss,"Ever since the day he walked through the front door of your cafe hand in hand with his sweet daughter on one gloomy afternoon in the middle of winter, he had captured your heart without him even knowing it. All the time, you had chosen to stay on the sidelines, watching him mend his broken heart in silence while he teaches his own daughter that it was okay to be a kid despite the pain that they shared. You know you shouldn’t be so infatuated with him or let this feeling go any deeper. Because nothing could prepare you when you are forced to watch him move on, completely unaware that he is about to be breaking your heart into pieces.",2021-12-04,55338,Mature,F/M,In-Progress,73,seokjin,Angst | Angst and Hurt/Comfort | Angst with a Happy Ending | Body Worship | Cafe Owner Reader | Eventual Smut | Explicit Sexual Content | Foreplay | Grief/Mourning | Healing | Kissing | Major Character Injury | Minor Character Death | Single Parent Kim Seokjin | Jin | Trauma | Unprotected Sex | Unrequited Love | Vanilla,Kim Seokjin | Jin/Reader,"['Angst', 'Angst and Hurt/Comfort', 'Angst with a Happy Ending', 'Body Worship', 'Cafe Owner Reader', 'Eventual Smut', 'Explicit Sexual Content', 'Foreplay', 'Grief/Mourning', 'Healing', 'Kissing', 'Major Character Injury', 'Minor Character Death', 'Single Parent Kim Seokjin', 'Jin', 'Trauma', 'Unprotected Sex', 'Unrequited Love', 'Vanilla']","['Angst', 'Angst and Hurt/Comfort', 'Angst with a Happy Ending', 'Body Worship', 'Eventual Smut', 'Explicit Sexual Content', 'Foreplay', 'Grief/Mourning', 'Healing', 'Kissing', 'Major Character Injury', 'Minor Character Death', 'Trauma', 'Unrequited Love', 'Vanilla']","['Cafe Owner Reader', 'Single Parent Kim Seokjin', 'Jin', 'Unprotected Sex']","['Cafe Owner Reader', 'Single Parent Kim Seokjin', 'Jin', 'Unprotected Sex']",[]
https://golemlab.eu/graph/25081279,Come Home -Jin x Reader-,"Tonight, Jin finally comes home.",2020-07-05,1207,General Audiences,F/M,Completed,72,seokjin,Angst | Emotional Hurt/Comfort | Established Relationship | Fluff | Idol Kim Seokjin | Jin | Jin makes 2 puns at the end | One-Shot | Only a tiny bit is angsty I promise | general tooth-rotting fluff,Kim Seokjin | Jin/Reader,"['Angst', 'Emotional Hurt/Comfort', 'Established Relationship', 'Fluff', 'Idol Kim Seokjin', 'Jin', 'Jin makes 2 puns at the end', 'One-Shot', 'Only a tiny bit is angsty I promise', 'general tooth-rotting fluff']","['Angst', 'Emotional Hurt/Comfort', 'Established Relationship', 'Fluff']","['Idol Kim Seokjin', 'Jin', 'Jin makes 2 puns at the end', 'One-Shot', 'Only a tiny bit is angsty I promise', 'general tooth-rotting fluff']","['Idol Kim Seokjin', 'Jin', 'One-Shot']",[]
https://golemlab.eu/graph/18102842,Radiant,You’re the one who was left behind.,2019-03-13,2162,Teen And Up Audiences,F/M,Completed,72,seokjin,Angst | Fluff,Kim Seokjin | Jin/Reader,"['Angst', 'Fluff']","['Angst', 'Fluff']",[],[],[]
https://golemlab.eu/graph/19837201,Best Summer Ever,You're home from college for the summer. The neighbors have gone away on vacation and you find out when you meet the house sitter they employed. Another boring summer is about to become your best summer ever.,2019-07-17,35714,Mature,F/M,In-Progress,71,seokjin,Cum Play | Drinking | Drunk Sex | Finger Sucking | Flirting | Guy next door | Hand & Finger Kink | Housesitter | Ice Play | Kissing | Masturbation | Mutual Masturbation | Mutual Pining | Oral Fixation | Oral Sex | Orgasm | Party | Rubbing | Semi-Public Sex | Sex | Slow Burn | Summer | Summer Love | Summer Vacation | Swallowing | Vaginal Fingering | hookup,Kim Seokjin | Jin/Reader Series: Stumble Upon [3],"['Cum Play', 'Drinking', 'Drunk Sex', 'Finger Sucking', 'Flirting', 'Guy next door', 'Hand & Finger Kink', 'Housesitter', 'Ice Play', 'Kissing', 'Masturbation', 'Mutual Masturbation', 'Mutual Pining', 'Oral Fixation', 'Oral Sex', 'Orgasm', 'Party', 'Rubbing', 'Semi-Public Sex', 'Sex', 'Slow Burn', 'Summer', 'Summer Love', 'Summer Vacation', 'Swallowing', 'Vaginal Fingering', 'hookup']","['Drinking', 'Drunk Sex', 'Finger Sucking', 'Flirting', 'Hand & Finger Kink', 'Ice Play', 'Kissing', 'Masturbation', 'Mutual Masturbation', 'Mutual Pining', 'Oral Fixation', 'Oral Sex', 'Orgasm', 'Party', 'Semi-Public Sex', 'Sex', 'Slow Burn', 'Summer', 'Summer Love', 'Summer Vacation', 'Vaginal Fingering']","['Cum Play', 'Guy next door', 'Housesitter', 'Rubbing', 'Swallowing', 'hookup']","['Cum Play', 'Housesitter', 'Rubbing', 'Swallowing']",[]
https://golemlab.eu/graph/24255529,the formula for love,"newly single and in the midst of a bitter divorce, with a custody battle thrown in, chemistry professor kim seokjin tries not to fall in love with the new library assistant. and fails, horribly",2020-05-18,4045,Teen And Up Audiences,F/M,In-Progress,71,seokjin,Angst and Feels | Eventual Smut | Fluff | Professor Kim Seokjin | Jin | Romance | Single Parent Kim Seokjin | Jin,Kim Seokjin | Jin/Reader Series: map of the hearts - drabble collection [4],"['Angst and Feels', 'Eventual Smut', 'Fluff', 'Professor Kim Seokjin', 'Jin', 'Romance', 'Single Parent Kim Seokjin', 'Jin']","['Angst and Feels', 'Eventual Smut', 'Fluff', 'Romance']","['Professor Kim Seokjin', 'Jin', 'Single Parent Kim Seokjin', 'Jin']","['Professor Kim Seokjin', 'Jin', 'Single Parent Kim Seokjin', 'Jin']",[]
https://golemlab.eu/graph/15382443,"Punishments, Starring Jin the Punisher™️",No pun intended.,2018-07-22,9485,General Audiences,F/M,In-Progress,71,seokjin,Bad Puns | But maybe not that bad | Fluff and Crack | I'm going to stop now | Jin and his puns are the best tho | POV Second Person | and i'm probably going to hell | they probably are,Kim Seokjin | Jin/Reader,"['Bad Puns', 'But maybe not that bad', 'Fluff and Crack', ""I'm going to stop now"", 'Jin and his puns are the best tho', 'POV Second Person', ""and i'm probably going to hell"", 'they probably are']","['Bad Puns', 'Fluff and Crack', 'POV Second Person']","['But maybe not that bad', ""I'm going to stop now"", 'Jin and his puns are the best tho', ""and i'm probably going to hell"", 'they probably are']",[],[]
https://golemlab.eu/graph/12245232,Mine,"Award shows could get a little boring sometimes, but you have a toy to keep you busy.",2017-10-02,1304,Mature,F/M,Completed,71,seokjin,In Public | Praise Kink | Sub Kim Seokjin | Jin,Kim Seokjin | Jin/Reader,"['In Public', 'Praise Kink', 'Sub Kim Seokjin', 'Jin']","['In Public', 'Praise Kink']","['Sub Kim Seokjin', 'Jin']","['Sub Kim Seokjin', 'Jin']",[]
https://golemlab.eu/graph/34124272,If By Chance (ksj),"Kim Seokjin is your drop dead gorgeous neighbor across the hall. One night after too many drinks, he helps make sure you're taken care of and safe. But the next morning, he has a proposition for you, and who are you to turn it down?",2021-09-27,19646,Explicit,F/M,In-Progress,71,seokjin,Alternate Universe - Neighbors | DILF Kim Seokjin | Jin | Fluff and Smut | Friends With Benefits | Kim Seokjin | Jin Has a Big Dick | Oral Sex | Smut | Strangers to Lovers | Vaginal Fingering | Wall Sex,Kim Seokjin | Jin/Reader,"['Alternate Universe - Neighbors', 'DILF Kim Seokjin', 'Jin', 'Fluff and Smut', 'Friends With Benefits', 'Kim Seokjin', 'Jin Has a Big Dick', 'Oral Sex', 'Smut', 'Strangers to Lovers', 'Vaginal Fingering', 'Wall Sex']","['Alternate Universe - Neighbors', 'Fluff and Smut', 'Friends With Benefits', 'Oral Sex', 'Smut', 'Strangers to Lovers', 'Vaginal Fingering', 'Wall Sex']","['DILF Kim Seokjin', 'Jin', 'Kim Seokjin', 'Jin Has a Big Dick']","['DILF Kim Seokjin', 'Jin', 'Kim Seokjin']",[]
https://golemlab.eu/graph/38275015,A Nice Walk Home,"Just a little fluff as you and your boyfriend walk home from a dinner with your friends, taking a moment to appreciate all the changes that lie ahead and all the things that will stay the same. Non-idol Seokjin x Y/N",2022-04-09,2283,General Audiences,F/M,Completed,71,seokjin,Domestic Fluff | Established Relationship | Fluff | Romance,Kim Seokjin | Jin/Reader Series: The Most Beautiful Moments in Life [1],"['Domestic Fluff', 'Established Relationship', 'Fluff', 'Romance']","['Domestic Fluff', 'Established Relationship', 'Fluff', 'Romance']",[],[],[]
https://golemlab.eu/graph/14021952,The City Comes Alive,Seokjin is a street performer who falls for a girl who is always passing him by.,2018-03-25,17111,Mature,F/M,In-Progress,70,seokjin,Angst | Fluff | Romantic Comedy | Smut,Kim Seokjin | Jin/Reader,"['Angst', 'Fluff', 'Romantic Comedy', 'Smut']","['Angst', 'Fluff', 'Romantic Comedy', 'Smut']",[],[],[]
https://golemlab.eu/graph/12262461,The Chocolatier,You never forgot about the day a young boy from the chocolate shop wiped away your tears and gave you the sweetest truffle you've ever had.,2017-10-04,6164,General Audiences,Gen,Completed,70,seokjin,Angst | Fluff | and some chocolate,Kim Seokjin | Jin/Reader,"['Angst', 'Fluff', 'and some chocolate']","['Angst', 'Fluff']",['and some chocolate'],[],[]
https://golemlab.eu/graph/7468155,A Thousand Stars,"2,529 words of pure fluff starring Kim Seokjin and you (reader)",2016-07-12,2550,General Audiences,F/M,Completed,70,seokjin,,Kim Seokjin | Jin/Reader,[],[],[],[],[]
https://golemlab.eu/graph/30066180,An Inspection,"“There–there is a unit that was making trouble recently, and I need to, no, I have to inspect it, Your Majesty,” he panted out pressing his forehead against the solid wood. “And I have to inspect your beautiful backside, general Kim,” you shrugged with a smirk while tugging his pants down to expose said backside. “And let me tell you, general Kim, that it’s also a matter of great importance.”",2021-03-15,2545,Mature,F/M,Completed,70,seokjin,Alternate Universe - Royalty | Bottom Kim Seokjin | Jin | Cisgender | Ciswoman | Clothed Sex | Dirty Talk | Femdom | Fluff and Smut | Hand Jobs | Kim Seokjin | Jin is Whipped | Kissing | Military General Kim Seokjin | Jin | Pegging | Praise Kink | Reader-Insert | Royalty | Sex Toys | Shameless Smut | Spanking | Sub Kim Seokjin | Jin | empress Reader - Freeform,Kim Seokjin | Jin/Reader Series: Her Beloved Consorts [1],"['Alternate Universe - Royalty', 'Bottom Kim Seokjin', 'Jin', 'Cisgender', 'Ciswoman', 'Clothed Sex', 'Dirty Talk', 'Femdom', 'Fluff and Smut', 'Hand Jobs', 'Kim Seokjin', 'Jin is Whipped', 'Kissing', 'Military General Kim Seokjin', 'Jin', 'Pegging', 'Praise Kink', 'Reader-Insert', 'Royalty', 'Sex Toys', 'Shameless Smut', 'Spanking', 'Sub Kim Seokjin', 'Jin', 'empress Reader - Freeform']","['Alternate Universe - Royalty', 'Cisgender', 'Clothed Sex', 'Dirty Talk', 'Femdom', 'Fluff and Smut', 'Hand Jobs', 'Kissing', 'Pegging', 'Praise Kink', 'Reader-Insert', 'Royalty', 'Sex Toys', 'Shameless Smut', 'Spanking']","['Bottom Kim Seokjin', 'Jin', 'Ciswoman', 'Kim Seokjin', 'Jin is Whipped', 'Military General Kim Seokjin', 'Jin', 'Sub Kim Seokjin', 'Jin', 'empress Reader - Freeform']","['Bottom Kim Seokjin', 'Jin', 'Ciswoman', 'Kim Seokjin', 'Military General Kim Seokjin', 'Jin', 'Sub Kim Seokjin', 'Jin']",[]
https://golemlab.eu/graph/14158545,Intruder,"When a threat arises the alpha instantly reacts, the safety of her pack the only thing in her mind. What she doesn’t expect is to get a runaway wolf and an unpleasant meeting with the other wilder pack of wolves. In the end its in her hands to decide the strangers fate if she’s going to help him or not.",2018-03-31,27098,Mature,F/M,Completed,68,seokjin,Blood and Gore | Blow Jobs | Fluff | Full Shift Werewolves | Hurt/Comfort | Oral Sex | Past Abuse | Past Violence | Romance | Sex | Soulmates | Threats of Violence | Vaginal Sex | Violence | Werewolves,Kim Seokjin | Jin/Reader,"['Blood and Gore', 'Blow Jobs', 'Fluff', 'Full Shift Werewolves', 'Hurt/Comfort', 'Oral Sex', 'Past Abuse', 'Past Violence', 'Romance', 'Sex', 'Soulmates', 'Threats of Violence', 'Vaginal Sex', 'Violence', 'Werewolves']","['Blood and Gore', 'Blow Jobs', 'Fluff', 'Full Shift Werewolves', 'Hurt/Comfort', 'Oral Sex', 'Past Abuse', 'Past Violence', 'Romance', 'Sex', 'Soulmates', 'Threats of Violence', 'Vaginal Sex', 'Violence', 'Werewolves']",[],[],[]
https://golemlab.eu/graph/13584144,Princess,A Kim Seokjin x reader fanfic where he buys you underwear and smut ensues,2018-02-05,1729,Explicit,F/M,Completed,68,seokjin,Jin - Freeform | Kim Seokjin - Freeform | Making Love | Pink - Freeform | Princess - Freeform | Smut | bangtan - Freeform | bangtan boys - Freeform | bangtan sonyeondan - Freeform | bts - Freeform | princess kink | seokjin - Freeform,Kim Seokjin | Jin/Reader,"['Jin - Freeform', 'Kim Seokjin - Freeform', 'Making Love', 'Pink - Freeform', 'Princess - Freeform', 'Smut', 'bangtan - Freeform', 'bangtan boys - Freeform', 'bangtan sonyeondan - Freeform', 'bts - Freeform', 'princess kink', 'seokjin - Freeform']","['Making Love', 'Smut']","['Jin - Freeform', 'Kim Seokjin - Freeform', 'Pink - Freeform', 'Princess - Freeform', 'bangtan - Freeform', 'bangtan boys - Freeform', 'bangtan sonyeondan - Freeform', 'bts - Freeform', 'princess kink', 'seokjin - Freeform']","['Jin - Freeform', 'Kim Seokjin - Freeform', 'Pink - Freeform', 'Princess - Freeform']",[]
https://golemlab.eu/graph/19783351,Tulips,“A tulip doesn’t strive to impress anyone. It doesn’t struggle to be different than a rose. It doesn’t have to. It is different.” (Marianne Williamson) or You think he doesn't love you and that can have disastrous consequences.,2019-07-12,3071,Mature,F/M,Completed,67,seokjin,Alternate Universe - Not K-Pop Idols | Hanahaki Disease | Professor!Seokjin | Student!Reader - Freeform,Kim Seokjin | Jin/Reader Series: Flora & Fauna [2],"['Alternate Universe - Not K-Pop Idols', 'Hanahaki Disease', 'Professor!Seokjin', 'Student!Reader - Freeform']","['Alternate Universe - Not K-Pop Idols', 'Hanahaki Disease']","['Professor!Seokjin', 'Student!Reader - Freeform']","['Professor!Seokjin', 'Student!Reader - Freeform']",[]
https://golemlab.eu/graph/11508465,Pretty Baby,"You have a special gift to give Jin on your anniversary. Sadly you don't get to give it to him in person, but Jin gives you a surprise of your own.",2017-07-15,2387,Explicit,F/M,Completed,67,seokjin,Come Eating | Cross-Posted on Tumblr | Dom/sub Undertones | Masturbation | Sub Kim Seokjin | Jin | Voyeurism (sort of?) | men wearing lingerie | sex on camera,"Kim Seokjin | Jin/Reader, Kim Seokjin/Reader","['Come Eating', 'Cross-Posted on Tumblr', 'Dom/sub Undertones', 'Masturbation', 'Sub Kim Seokjin', 'Jin', 'Voyeurism (sort of?)', 'men wearing lingerie', 'sex on camera']","['Come Eating', 'Cross-Posted on Tumblr', 'Dom/sub Undertones', 'Masturbation']","['Sub Kim Seokjin', 'Jin', 'Voyeurism (sort of?)', 'men wearing lingerie', 'sex on camera']","['Sub Kim Seokjin', 'Jin']",[]
https://golemlab.eu/graph/18883477,Photo Booth,You’re the twerpy best friend of his little brother. Or maybe more.—fluff,2019-05-19,5668,Teen And Up Audiences,F/M,Completed,66,seokjin,Alternate Universe - High School | Fluff | Non-Idol AU,Kim Seokjin | Jin/Reader,"['Alternate Universe - High School', 'Fluff', 'Non-Idol AU']","['Alternate Universe - High School', 'Fluff']",['Non-Idol AU'],['Non-Idol AU'],[]
https://golemlab.eu/graph/9067756,Hazy,“You have no idea what you have gotten yourself into.” A little tease which earns you a little reward. Time for him to make your wild imagination come true.,2016-12-26,2900,Mature,F/M,Completed,64,seokjin,Alternate Universe - Bar/Pub | Fluff and Smut | Pub Sex | Public Sex | Smut,Kim Seokjin | Jin/Reader,"['Alternate Universe - Bar/Pub', 'Fluff and Smut', 'Pub Sex', 'Public Sex', 'Smut']","['Alternate Universe - Bar/Pub', 'Fluff and Smut', 'Pub Sex', 'Public Sex', 'Smut']",[],[],[]
https://golemlab.eu/graph/15375048,coasting,"All you wanted was to talk to the mysterious handsome guy who came in every day to pick up some lunch in your friend’s diner; but when you discover the mystery that lies behind the face, you jump into much more than you ever bargained for.",2018-07-21,21167,Explicit,F/M,In-Progress,64,seokjin,Alternate Universe - College/University | Alternate Universe - Drug Dealer | Angst | Bad Boy Kim Seokjin | Jin | Bad Boy Kim Taehyung | V | Bad Boy Park Jimin | Eventual Smut | Explicit Language | Explicit Sexual Content | On Hiatus | Out of Character | Slightly slow burn | Smut,Kim Seokjin | Jin/Reader,"['Alternate Universe - College/University', 'Alternate Universe - Drug Dealer', 'Angst', 'Bad Boy Kim Seokjin', 'Jin', 'Bad Boy Kim Taehyung', 'V', 'Bad Boy Park Jimin', 'Eventual Smut', 'Explicit Language', 'Explicit Sexual Content', 'On Hiatus', 'Out of Character', 'Slightly slow burn', 'Smut']","['Alternate Universe - College/University', 'Angst', 'Eventual Smut', 'Explicit Language', 'Explicit Sexual Content', 'On Hiatus', 'Out of Character', 'Smut']","['Alternate Universe - Drug Dealer', 'Bad Boy Kim Seokjin', 'Jin', 'Bad Boy Kim Taehyung', 'V', 'Bad Boy Park Jimin', 'Slightly slow burn']","['Alternate Universe - Drug Dealer', 'Bad Boy Kim Seokjin', 'Jin', 'Bad Boy Kim Taehyung', 'Bad Boy Park Jimin']",[]
https://golemlab.eu/graph/27470014,Love And Lies,"You are a simple maid. When your lady and dearest friend need help escaping an arranged marriage with King Seokjin so they might be together, you do the only thing you can - take her place.",2020-11-09,8152,Mature,F/M,In-Progress,64,seokjin,Alternate Universe - Historical | Alternate Universe - Medieval | Arranged Marriage | False Identity | King Kim Seokjin | Jin | Knight Jeon Jungkook | Maids | Rags to Riches | Reader-Insert | Sweet Kim Seokjin | Jin | medieval romance,Kim Seokjin | Jin/Reader,"['Alternate Universe - Historical', 'Alternate Universe - Medieval', 'Arranged Marriage', 'False Identity', 'King Kim Seokjin', 'Jin', 'Knight Jeon Jungkook', 'Maids', 'Rags to Riches', 'Reader-Insert', 'Sweet Kim Seokjin', 'Jin', 'medieval romance']","['Alternate Universe - Historical', 'Alternate Universe - Medieval', 'Arranged Marriage', 'False Identity', 'Maids', 'Rags to Riches', 'Reader-Insert']","['King Kim Seokjin', 'Jin', 'Sweet Kim Seokjin', 'Jin', 'medieval romance']","['King Kim Seokjin', 'Jin', 'Sweet Kim Seokjin', 'Jin']",['Knight Jeon Jungkook']
https://golemlab.eu/graph/26510596,Rock that Boat,"In the midsts of quarantine and your boyfriend’s tour being cancelled, the little trip back to the riverside he and his friends plan provides you with a perfect opportunity to spend more time with him without hiding your relationship, but what seokjin wants is just to sit and fish undisturbed for hours.",2020-09-17,3874,Explicit,F/M,Completed,64,seokjin,Boat Sex | Boyfriend Seokjin | Camping | Dad Jokes | Domestic Fluff | Established Relationship | Fishing | Fluff | Fluff and Crack | In The SOOP (BTS) | Jacking off | Male Masturbation | Masturbation | Semi-Public Sex | Soft Kim Seokjin | Jin | Vouyerism | boat falls over | clitoral stimulation | girl on top,Kim Seokjin | Jin/Reader,"['Boat Sex', 'Boyfriend Seokjin', 'Camping', 'Dad Jokes', 'Domestic Fluff', 'Established Relationship', 'Fishing', 'Fluff', 'Fluff and Crack', 'In The SOOP (BTS)', 'Jacking off', 'Male Masturbation', 'Masturbation', 'Semi-Public Sex', 'Soft Kim Seokjin', 'Jin', 'Vouyerism', 'boat falls over', 'clitoral stimulation', 'girl on top']","['Boat Sex', 'Camping', 'Domestic Fluff', 'Established Relationship', 'Fishing', 'Fluff', 'Fluff and Crack', 'In The SOOP (BTS)', 'Masturbation', 'Semi-Public Sex']","['Boyfriend Seokjin', 'Dad Jokes', 'Jacking off', 'Male Masturbation', 'Soft Kim Seokjin', 'Jin', 'Vouyerism', 'boat falls over', 'clitoral stimulation', 'girl on top']","['Boyfriend Seokjin', 'Dad Jokes', 'Male Masturbation', 'Soft Kim Seokjin', 'Jin', 'Vouyerism']",[]
https://golemlab.eu/graph/10909893,Freedom of the Fae,"When you lose yourself in the middle of a forest, you don’t expect a random, handsome stranger to help you on your way. You also don’t expect him to offer you anything. You can’t be blamed for forgetting a rule you never learned, about a race you never believed in. You learn the rule soon enough, anyways; Fair of face and Fair of mood, accept what they offer, except for food.",2017-05-15,7134,Teen And Up Audiences,F/M,Completed,63,seokjin,Alternate Universe - Fantasy | Fae & Fairies | Fluff | Rating May Change | Swearing | To Be Continued,Kim Seokjin | Jin/Reader,"['Alternate Universe - Fantasy', 'Fae & Fairies', 'Fluff', 'Rating May Change', 'Swearing', 'To Be Continued']","['Alternate Universe - Fantasy', 'Fae & Fairies', 'Fluff', 'Rating May Change', 'Swearing', 'To Be Continued']",[],[],[]
https://golemlab.eu/graph/40054500,Decent,"You help Jin out when he needs it, because he seems like a good guy. You're not expecting him to want to stay in your life.",2022-07-03,5101,Explicit,F/M,Completed,63,seokjin,Chaebol Kim Seokjin | Jin | Explicit Language | Explicit Sexual Content,Kim Seokjin | Jin/Reader,"['Chaebol Kim Seokjin', 'Jin', 'Explicit Language', 'Explicit Sexual Content']","['Explicit Language', 'Explicit Sexual Content']","['Chaebol Kim Seokjin', 'Jin']","['Chaebol Kim Seokjin', 'Jin']",[]
https://golemlab.eu/graph/18389633,Easter Sunday,An Easter announcement for Jin.,2019-04-07,1524,Mature,F/M,Completed,62,seokjin,Anxiety | Easter | Easter Eggs | Morning Sickness | Pregnancy | husband au,Kim Seokjin | Jin/Reader,"['Anxiety', 'Easter', 'Easter Eggs', 'Morning Sickness', 'Pregnancy', 'husband au']","['Anxiety', 'Easter', 'Easter Eggs', 'Morning Sickness', 'Pregnancy']",['husband au'],[],[]
https://golemlab.eu/graph/31585436,thunder,"you allow your best friend Jin to take you backpacking once per year.  apparently, this year’s outing would be the wettest yet.",2021-05-28,6089,Explicit,F/M,Completed,61,seokjin,Best Friends | Come Eating | Comeplay | Creampie | Dirty Talk | Explicit Sexual Content | Fluff | Fluff and Smut | Friends to Lovers | Light Dom/sub | Possessive Sex | Sex | Smut | but only v lightly | light degradation,Kim Seokjin | Jin/Reader,"['Best Friends', 'Come Eating', 'Comeplay', 'Creampie', 'Dirty Talk', 'Explicit Sexual Content', 'Fluff', 'Fluff and Smut', 'Friends to Lovers', 'Light Dom/sub', 'Possessive Sex', 'Sex', 'Smut', 'but only v lightly', 'light degradation']","['Best Friends', 'Come Eating', 'Comeplay', 'Creampie', 'Dirty Talk', 'Explicit Sexual Content', 'Fluff', 'Fluff and Smut', 'Friends to Lovers', 'Light Dom/sub', 'Possessive Sex', 'Sex', 'Smut']","['but only v lightly', 'light degradation']",[],[]
https://golemlab.eu/graph/12142557,All Over Again,"Memory degradation, especially at a young age is hard to deal with, especially when your loved ones are forgotten. But, Kim Seokjin does all he can to make the best of (Y/N)'s condition, to show them his love and help them fall in love with him every day, all over again.",2017-09-20,2197,General Audiences,F/M,Completed,61,seokjin,Fluff | Reader-Insert | Romance,Kim Seokjin | Jin/Reader,"['Fluff', 'Reader-Insert', 'Romance']","['Fluff', 'Reader-Insert', 'Romance']",[],[],[]
https://golemlab.eu/graph/16030151,His Epiphany of Her,"Kim Seokjin, cursed with different eyes and cracked skin like a broken porcelain doll for the way he use to live, secluded himself and cut off all ties from the world around him they kept spinning while he seemed to stop moving. He found no point in continuing on if he couldn't be beautiful. So he stayed away, staying in place day after day.  He's content to try and wither away in his solitude where no one knows he exists, until she accidentally breaks into his house and sleeping in his guest room.  Who is she, where did she come from, how did she find him and why doesn't she just leave. Only by learning to care for another, and for himself will he ever begin to heal.  He seeks help from no one, but she still worms her way into his head, into his heart and maybe, one day you might just heal him.",2018-09-18,12532,Teen And Up Audiences,F/M,Completed,61,seokjin,AU | Angst | Bursts of anger | Drama | Hurt/Comfort | Lack of selfcare/love | Mentions of Binge/Starving cycles | One-Shot | Reader is amnesiac (for most of it) | Romance | Seokjin AU | Seokjin is cursed | Strangers to Lovers | curseAU | mentions of self harm | not proof read,Kim Seokjin | Jin/Reader,"['AU', 'Angst', 'Bursts of anger', 'Drama', 'Hurt/Comfort', 'Lack of selfcare/love', 'Mentions of Binge/Starving cycles', 'One-Shot', 'Reader is amnesiac (for most of it)', 'Romance', 'Seokjin AU', 'Seokjin is cursed', 'Strangers to Lovers', 'curseAU', 'mentions of self harm', 'not proof read']","['Angst', 'Drama', 'Hurt/Comfort', 'Romance', 'Strangers to Lovers']","['AU', 'Bursts of anger', 'Lack of selfcare/love', 'Mentions of Binge/Starving cycles', 'One-Shot', 'Reader is amnesiac (for most of it)', 'Seokjin AU', 'Seokjin is cursed', 'curseAU', 'mentions of self harm', 'not proof read']","['One-Shot', 'Seokjin AU']",[]
https://golemlab.eu/graph/18112523,Wash 'n Dry,The one where Seokjin is the cute RA who catches you doing laundry at 1 AM and you both have time to kill.,2019-03-14,1151,Mature,F/M,Completed,60,seokjin,Fluff | Mentions of Smut | the worst pickup line EVER,"Kim Seokjin | Jin/Reader, Kim Seokjin | Jin/You","['Fluff', 'Mentions of Smut', 'the worst pickup line EVER']",['Fluff'],"['Mentions of Smut', 'the worst pickup line EVER']",[],[]
https://golemlab.eu/graph/11385018,Newlywed Bliss,MY FIRST REQUEST SCREEEE Please enjoy this fic about Reader and Jin enjoying their honeymoon~ Hope you enjoy it Anon :3,2017-07-03,2788,Mature,F/M,Completed,60,seokjin,Cute | Fluff | Honeymoon | Jin being a sweetheart | Reader Insert | Sex | Sweet Sex | Vacation | he's so loveable | newlyweds,Kim Seokjin | Jin/Reader,"['Cute', 'Fluff', 'Honeymoon', 'Jin being a sweetheart', 'Reader Insert', 'Sex', 'Sweet Sex', 'Vacation', ""he's so loveable"", 'newlyweds']","['Cute', 'Fluff', 'Honeymoon', 'Sex', 'Vacation']","['Jin being a sweetheart', 'Reader Insert', 'Sweet Sex', ""he's so loveable"", 'newlyweds']","['Reader Insert', 'Sweet Sex']",[]
https://golemlab.eu/graph/14510433,gift.,"Sometimes, the best gifts are right in front of you. Jin x Reader",2018-05-02,2149,General Audiences,F/M,Completed,60,seokjin,Alternate Universe - Hogwarts | Christmas Fluff | Mistletoe | ft. useless taekook and sassy joon,Kim Seokjin | Jin/Reader Series: Stories from Hogwarts (BTS) [2],"['Alternate Universe - Hogwarts', 'Christmas Fluff', 'Mistletoe', 'ft. useless taekook and sassy joon']","['Alternate Universe - Hogwarts', 'Christmas Fluff', 'Mistletoe']",['ft. useless taekook and sassy joon'],[],[]
https://golemlab.eu/graph/30493803,My Tentacle Romance,"You didn't mean to scare him. You didn't mean to fall in love with him, either.",2021-04-05,7248,Explicit,Other,Completed,59,seokjin,Aftercare | Agender Character | Agender Reader | Bottom Kim Seokjin | Jin | Choking | Come Inflation | Come Swallowing | Dirty Talk | Eldritch | Eldritch Horror Reader | Face-Fucking | First Kiss | Gender-Neutral Pronouns | Getting Together | Hamster Hybrid Kim Seokjin | Jin | Hybrids | Monsterfucking | Multiple Orgasms | Multiple Penetration | Oviposition | Reader-Insert | Roommates | Switch Kim Seokjin | Jin | Tentacle Dick | Tentacle Sex | Tentacles | Top Kim Seokjin | Jin | gagging | gender neutral reader | meet weird,Kim Seokjin | Jin/Reader,"['Aftercare', 'Agender Character', 'Agender Reader', 'Bottom Kim Seokjin', 'Jin', 'Choking', 'Come Inflation', 'Come Swallowing', 'Dirty Talk', 'Eldritch', 'Eldritch Horror Reader', 'Face-Fucking', 'First Kiss', 'Gender-Neutral Pronouns', 'Getting Together', 'Hamster Hybrid Kim Seokjin', 'Jin', 'Hybrids', 'Monsterfucking', 'Multiple Orgasms', 'Multiple Penetration', 'Oviposition', 'Reader-Insert', 'Roommates', 'Switch Kim Seokjin', 'Jin', 'Tentacle Dick', 'Tentacle Sex', 'Tentacles', 'Top Kim Seokjin', 'Jin', 'gagging', 'gender neutral reader', 'meet weird']","['Aftercare', 'Agender Character', 'Choking', 'Come Inflation', 'Come Swallowing', 'Dirty Talk', 'Eldritch', 'Face-Fucking', 'First Kiss', 'Gender-Neutral Pronouns', 'Getting Together', 'Hybrids', 'Multiple Orgasms', 'Multiple Penetration', 'Oviposition', 'Reader-Insert', 'Roommates', 'Tentacle Dick', 'Tentacle Sex', 'Tentacles']","['Agender Reader', 'Bottom Kim Seokjin', 'Jin', 'Eldritch Horror Reader', 'Hamster Hybrid Kim Seokjin', 'Jin', 'Monsterfucking', 'Switch Kim Seokjin', 'Jin', 'Top Kim Seokjin', 'Jin', 'gagging', 'gender neutral reader', 'meet weird']","['Agender Reader', 'Bottom Kim Seokjin', 'Jin', 'Eldritch Horror Reader', 'Hamster Hybrid Kim Seokjin', 'Jin', 'Monsterfucking', 'Switch Kim Seokjin', 'Jin', 'Top Kim Seokjin', 'Jin']",[]
https://golemlab.eu/graph/26511484,The Devil's Family,"A collection of tidbits that stretch across certain points of your relationship with Seokjin; lover, husband, father and let’s not forget, Devil…",2020-09-17,13161,Explicit,F/M,Completed,59,seokjin,Devil Seokjin | Established Relationship | Pregnancy | Romance | Slice of Life AU | Smut | domestic AU | human reader,"Kim Seokjin | Jin/Reader, Kim Seokjin | Jin/You Series: The Devil Wears Armani Saga [3]","['Devil Seokjin', 'Established Relationship', 'Pregnancy', 'Romance', 'Slice of Life AU', 'Smut', 'domestic AU', 'human reader']","['Established Relationship', 'Pregnancy', 'Romance', 'Smut']","['Devil Seokjin', 'Slice of Life AU', 'domestic AU', 'human reader']",['Devil Seokjin'],[]
https://golemlab.eu/graph/16946889,"Satan, Baby","When the devil knocks, you’re only too happy to answer.",2018-12-11,2582,Explicit,F/M,Completed,59,seokjin,Alternate Universe - Devil | Angst | Body Horror | Creepy | Horror | Mild Smut | POV Second Person | Religious Imagery & Symbolism,"Kim Seokjin | Jin/Reader, Kim Seokjin | Jin/You","['Alternate Universe - Devil', 'Angst', 'Body Horror', 'Creepy', 'Horror', 'Mild Smut', 'POV Second Person', 'Religious Imagery & Symbolism']","['Angst', 'Body Horror', 'Creepy', 'Horror', 'Mild Smut', 'POV Second Person', 'Religious Imagery & Symbolism']",['Alternate Universe - Devil'],['Alternate Universe - Devil'],[]
https://golemlab.eu/graph/21290039,"Dr. Kim, M.D.",,2019-11-03,1678,Explicit,F/M,Completed,58,seokjin,Dirty Talk | Doctor Kim Seokjin | Jin | Doctor/Patient | Dom Kim Seokjin | Jin | Don't Ask Don't Tell | Don't Examine This Too Closely | I Don't Even Know | Jin has a mild praise kink | Masturbation | Oral Sex | Plot What Plot/Porn Without Plot | Shameless Smut | Smut | Vaginal Fingering | this just came to me suddenly,Kim Seokjin | Jin/Reader,"['Dirty Talk', 'Doctor Kim Seokjin', 'Jin', 'Doctor/Patient', 'Dom Kim Seokjin', 'Jin', ""Don't Ask Don't Tell"", ""Don't Examine This Too Closely"", ""I Don't Even Know"", 'Jin has a mild praise kink', 'Masturbation', 'Oral Sex', 'Plot What Plot/Porn Without Plot', 'Shameless Smut', 'Smut', 'Vaginal Fingering', 'this just came to me suddenly']","['Dirty Talk', 'Doctor/Patient', ""Don't Ask Don't Tell"", ""Don't Examine This Too Closely"", ""I Don't Even Know"", 'Masturbation', 'Oral Sex', 'Plot What Plot/Porn Without Plot', 'Shameless Smut', 'Smut', 'Vaginal Fingering']","['Doctor Kim Seokjin', 'Jin', 'Dom Kim Seokjin', 'Jin', 'Jin has a mild praise kink', 'this just came to me suddenly']","['Doctor Kim Seokjin', 'Jin', 'Dom Kim Seokjin', 'Jin']",[]
https://golemlab.eu/graph/38163625,Pay Attention,"You’ve seen the TikTok challenge going around, people walking up to their SOs naked while the other is gaming and seeing what their reaction it. Lucky for you, your boyfriend just happens to be an avid gamer and so you decide to try the challenge out for yourself.",2022-04-04,2138,Explicit,F/M,Completed,58,seokjin,Bratty Reader | Clothed Sex | Cock Warming | Creampie | Dom Kim Seokjin | Jin | Masturbation | Multiple Orgasms | Overstimulation | Praise Kink | Riding | Spanking | Teasing | Vaginal Fingering | pussy slapping,Kim Seokjin | Jin/Reader,"['Bratty Reader', 'Clothed Sex', 'Cock Warming', 'Creampie', 'Dom Kim Seokjin', 'Jin', 'Masturbation', 'Multiple Orgasms', 'Overstimulation', 'Praise Kink', 'Riding', 'Spanking', 'Teasing', 'Vaginal Fingering', 'pussy slapping']","['Clothed Sex', 'Cock Warming', 'Creampie', 'Masturbation', 'Multiple Orgasms', 'Overstimulation', 'Praise Kink', 'Riding', 'Spanking', 'Teasing', 'Vaginal Fingering']","['Bratty Reader', 'Dom Kim Seokjin', 'Jin', 'pussy slapping']","['Bratty Reader', 'Dom Kim Seokjin', 'Jin']",[]
https://golemlab.eu/graph/26511394,My Sweet 666,"It’s been three months since you started working with Seokjin, Devil CEO— your Devil CEO, and while things should’ve taken a turn for the positive, nothing has changed since that fated Halloween night… You begin to realise that humans and devils aren’t a match made in heaven… hell…? Is it that you and Seokjin just aren’t meant to be? Or is it that you’re both too stubborn and scared to tell each other how you really feel…",2020-09-17,26946,Explicit,F/M,Completed,57,seokjin,Angst | CEO Seokjin | Devil BTS | Devil Seokjin | Romance | Slow Burn | Smut | human reader,"Kim Seokjin | Jin/Reader, Kim Seokjin | Jin/You Series: The Devil Wears Armani Saga [2]","['Angst', 'CEO Seokjin', 'Devil BTS', 'Devil Seokjin', 'Romance', 'Slow Burn', 'Smut', 'human reader']","['Angst', 'Romance', 'Slow Burn', 'Smut']","['CEO Seokjin', 'Devil BTS', 'Devil Seokjin', 'human reader']","['CEO Seokjin', 'Devil BTS', 'Devil Seokjin']",[]
https://golemlab.eu/graph/17987825,One Missed Call,You have one missed call. Please pick up. He's begging you. (Also on Wattpad).,2019-03-03,2093,Teen And Up Audiences,F/M,Completed,57,seokjin,Angst | Angst with a Happy Ending | Hospitals | Hurt/Comfort | Injury | Kidnapping | Sad Kim Seokjin | Jin | Texting,Kim Seokjin | Jin/Reader,"['Angst', 'Angst with a Happy Ending', 'Hospitals', 'Hurt/Comfort', 'Injury', 'Kidnapping', 'Sad Kim Seokjin', 'Jin', 'Texting']","['Angst', 'Angst with a Happy Ending', 'Hospitals', 'Hurt/Comfort', 'Injury', 'Kidnapping', 'Texting']","['Sad Kim Seokjin', 'Jin']","['Sad Kim Seokjin', 'Jin']",[]
https://golemlab.eu/graph/13546746,Awake,A collection of moments with Kim Seokjin.,2018-02-01,1247,Teen And Up Audiences,F/M,In-Progress,56,seokjin,Drabbles | Fluff | Light Angst | Romance | YNWA spinoff | oneshots,Kim Seokjin | Jin/Reader Series: The Red String of Fate [9],"['Drabbles', 'Fluff', 'Light Angst', 'Romance', 'YNWA spinoff', 'oneshots']","['Fluff', 'Light Angst', 'Romance']","['Drabbles', 'YNWA spinoff', 'oneshots']",['Drabbles'],[]
https://golemlab.eu/graph/36402241,Pretend,"A year after a terrible breakup, one of your best friends and roommate Kim Seokjin asks you to be his date for an upcoming work Gala. The catch is, his ex that broke is heart will not only be there, but is now engaged to one of his co-workers. The gag is, you're in love with Seokjin, have been for years, but it just has never been the right time to tell him until now. Maybe.",2022-01-13,22159,Mature,F/M,In-Progress,56,seokjin,Alternate Universe - Modern Setting | Drunken Kissing | Eventual Smut | Friends to Lovers | Humor | Light Angst | Mental Health Issues | Mentions of Emotional Abuse | Past Abuse | Slow Burn | mentions of mental abuse,Kim Seokjin | Jin/Reader,"['Alternate Universe - Modern Setting', 'Drunken Kissing', 'Eventual Smut', 'Friends to Lovers', 'Humor', 'Light Angst', 'Mental Health Issues', 'Mentions of Emotional Abuse', 'Past Abuse', 'Slow Burn', 'mentions of mental abuse']","['Alternate Universe - Modern Setting', 'Drunken Kissing', 'Eventual Smut', 'Friends to Lovers', 'Humor', 'Light Angst', 'Mental Health Issues', 'Past Abuse', 'Slow Burn']","['Mentions of Emotional Abuse', 'mentions of mental abuse']",[],[]
https://golemlab.eu/graph/13200171,Lost & Found,"How were you supposed to know that beautiful sealskin coat you picked up on the beach belonged to none other than your friend Kim Seokjin, the most beautiful man alive and the keeper of your heart?",2017-12-30,9069,General Audiences,F/M,Completed,56,seokjin,Fluff | Selkies,Kim Seokjin | Jin/Reader Series: rbuns [3],"['Fluff', 'Selkies']","['Fluff', 'Selkies']",[],[],[]
https://golemlab.eu/graph/11604591,Mine,"""Princess you know I like to claim what's mine. And you are mine, aren't you?"" ~ Originally part of a single fic (Don't Encourage Me So). Decided to break it up into oneshots since a cohesive fic ended up not working out ^_^'",2017-07-25,1500,Explicit,F/M,Completed,56,seokjin,Begging | Bondage | Dom Kim Seokjin | Jin | Dom/sub | Exhibitionism | Finger Sucking | Fingerfucking | Hand & Finger Kink | Light BDSM | Marking | Orgasm Delay/Denial | Power Play | Rough Sex | Sex | Smut | Vaginal Fingering | thigh riding,"Kim Seokjin | Jin/Reader, Kim Seokjin | Jin/You Series: Don't Encourage Me So [1]","['Begging', 'Bondage', 'Dom Kim Seokjin', 'Jin', 'Dom/sub', 'Exhibitionism', 'Finger Sucking', 'Fingerfucking', 'Hand & Finger Kink', 'Light BDSM', 'Marking', 'Orgasm Delay/Denial', 'Power Play', 'Rough Sex', 'Sex', 'Smut', 'Vaginal Fingering', 'thigh riding']","['Begging', 'Bondage', 'Dom/sub', 'Exhibitionism', 'Finger Sucking', 'Fingerfucking', 'Hand & Finger Kink', 'Light BDSM', 'Marking', 'Orgasm Delay/Denial', 'Power Play', 'Rough Sex', 'Sex', 'Smut', 'Vaginal Fingering']","['Dom Kim Seokjin', 'Jin', 'thigh riding']","['Dom Kim Seokjin', 'Jin']",[]
https://golemlab.eu/graph/23202844,In Need of Orders,"After a disastrous mission, which lead to the destruction of your prized invention and the compromise of his cover, Seokjin is confined to your base, and placed under your command. Now that he’s stuck with little to do, he uses his time to investigate a past you simply want to forget.",2020-03-18,15162,Explicit,F/M,Completed,56,seokjin,Action/Adventure | Alternate Universe - Spies & Secret Agents | Comedy | Drama | Kingsman AU | Light Bondage | Light Dom/sub | Masturbation | Oral Sex | Public Foreplay | Rivals to Lovers | Romance | Smut | Voyeurism,Kim Seokjin | Jin/Reader,"['Action/Adventure', 'Alternate Universe - Spies & Secret Agents', 'Comedy', 'Drama', 'Kingsman AU', 'Light Bondage', 'Light Dom/sub', 'Masturbation', 'Oral Sex', 'Public Foreplay', 'Rivals to Lovers', 'Romance', 'Smut', 'Voyeurism']","['Action/Adventure', 'Alternate Universe - Spies & Secret Agents', 'Comedy', 'Drama', 'Light Bondage', 'Light Dom/sub', 'Masturbation', 'Oral Sex', 'Romance', 'Smut', 'Voyeurism']","['Kingsman AU', 'Public Foreplay', 'Rivals to Lovers']","['Kingsman AU', 'Public Foreplay']",[]
https://golemlab.eu/graph/36019069,"A Picture, A Thousand Words","""What is it about me being blonde that has people so... fired up anyway?"" ""Maybe it's because people think blonde Jin looks like someone who would finger fuck them in a supply closet, have them come in two minutes, and then walk out leaving them a trembling mess on the floor.""",2021-12-28,6412,Mature,F/M,In-Progress,55,seokjin,Blonde Kim Seokjin | Jin | Blow Jobs | Fingerfucking | Purple-Haired Kim Seokjin | Jin | Social Media Consultant Reader | Vaginal Fingering | but not in the way you think,Kim Seokjin | Jin/Reader Series: Bighit Staff Series [1],"['Blonde Kim Seokjin', 'Jin', 'Blow Jobs', 'Fingerfucking', 'Purple-Haired Kim Seokjin', 'Jin', 'Social Media Consultant Reader', 'Vaginal Fingering', 'but not in the way you think']","['Blow Jobs', 'Fingerfucking', 'Vaginal Fingering']","['Blonde Kim Seokjin', 'Jin', 'Purple-Haired Kim Seokjin', 'Jin', 'Social Media Consultant Reader', 'but not in the way you think']","['Blonde Kim Seokjin', 'Jin', 'Purple-Haired Kim Seokjin', 'Jin', 'Social Media Consultant Reader']",[]
https://golemlab.eu/graph/40981833,It's Evolution Or Whatever,"""Just like that, Seokjin started opening drawers and cupboards, taking out ingredients to start preparing dinner, as if he hadn't just dropped a thousand dollar phone in your lap like it was nothing. And that's when it dawned on you. Your boyfriend, Kim Seokjin, is rich."" You find it extremely sexy whenever Seokjin flexes his wealth. Seokjin doesn't get it. Until he does.",2022-08-12,8746,Explicit,F/M,Completed,54,seokjin,Banter | Established Relationship | Fluff | Fluff and Smut | Foot Jobs | Mommy Kink | Not sponsored by Samsung | Rich Kim Seokjin | Jin | Smut | Sub Kim Seokjin | Jin,Kim Seokjin | Jin/Reader,"['Banter', 'Established Relationship', 'Fluff', 'Fluff and Smut', 'Foot Jobs', 'Mommy Kink', 'Not sponsored by Samsung', 'Rich Kim Seokjin', 'Jin', 'Smut', 'Sub Kim Seokjin', 'Jin']","['Banter', 'Established Relationship', 'Fluff', 'Fluff and Smut', 'Foot Jobs', 'Smut']","['Mommy Kink', 'Not sponsored by Samsung', 'Rich Kim Seokjin', 'Jin', 'Sub Kim Seokjin', 'Jin']","['Mommy Kink', 'Rich Kim Seokjin', 'Jin', 'Sub Kim Seokjin', 'Jin']",[]
https://golemlab.eu/graph/26511550,TDWA Drabbles,A collection of drabbles spanning across the whole of the 'The Devil Wears Armani' saga...,2020-09-17,2338,Explicit,F/M,In-Progress,54,seokjin,Forever domestic | Smut | lots of love,"Kim Seokjin | Jin/Reader, Kim Seokjin | Jin/You Series: The Devil Wears Armani Saga [4]","['Forever domestic', 'Smut', 'lots of love']",['Smut'],"['Forever domestic', 'lots of love']",[],[]
https://golemlab.eu/graph/13236795,Hair Dye (Jin x Reader),"“Can you come here? I know it’s your day off, but I have to pick a color and I don’t know what to do. Kookie and Tae say I should do it rainbow and Namjoon says I should do it neon yellow. Help me. Please.”",2018-01-02,994,General Audiences,Other,Completed,54,seokjin,,Kim Seokjin | Jin/Reader,[],[],[],[],[]
https://golemlab.eu/graph/27458566,Coming up Roses,One of Seokjin’s customers has a specific request for him.,2020-11-08,1111,General Audiences,F/M,Completed,53,seokjin,Alternate Universe - Flower Shop | Cheesy | Fluff | Gender-neutral Reader,Kim Seokjin | Jin/Reader,"['Alternate Universe - Flower Shop', 'Cheesy', 'Fluff', 'Gender-neutral Reader']","['Alternate Universe - Flower Shop', 'Cheesy', 'Fluff']",['Gender-neutral Reader'],[],[]
https://golemlab.eu/graph/24525619,Make You Scream,"there’s a monster in your closet, but you want him in your bed. [yes, it's a Monsters Inc. AU]",2020-06-03,2072,Mature,F/M,Completed,53,seokjin,Crack | Monster Seokjin | Smut,Kim Seokjin | Jin/Reader Series: BTS Drabbles [1],"['Crack', 'Monster Seokjin', 'Smut']","['Crack', 'Smut']",['Monster Seokjin'],['Monster Seokjin'],[]
https://golemlab.eu/graph/18256031,The Devil Wears Zara,"“You see… Y/N… I’m a really possessive man and when I set my eyes onto something or someone, in this case, that someone will be mine at some point” he explained. Request from my friend Federica ❤️ TW: mentions of attempted non-consensual sex",2019-03-27,5257,Explicit,F/M,Completed,53,seokjin,Alternate Universe | Control | Deepthroating | Doggy Style | Dom Kim Seokjin | Jin | Enemies to Lovers | Evil Kim Seokjin | Female Protagonist | First Kiss | French Kissing | Handsome boss | Interns & Internships | Job - Freeform | Kissing | Missionary Position | Mouth-to-Mouth | NSFW | NSFW Art | Neck Kissing | Oral Sex | Orgasm Control | POV Female Character | POV Second Person | Porn | Porn With Plot | Porn with Feelings | Rough KIm Seokjin | Rough Kissing | Rough Oral Sex | Rough Sex | Second Chances | Semi-Public Sex | Sex | Storage Room | Sweet Kim Seokjin | Jin | Top Kim Seokjin | Jin | Vaginal Fingering | Vaginal Sex | Wall Sex | control play | storage room sex | working | zara - Freeform,"Kim Seokjin | Jin/Reader, enemies to lovers - Relationship","['Alternate Universe', 'Control', 'Deepthroating', 'Doggy Style', 'Dom Kim Seokjin', 'Jin', 'Enemies to Lovers', 'Evil Kim Seokjin', 'Female Protagonist', 'First Kiss', 'French Kissing', 'Handsome boss', 'Interns & Internships', 'Job - Freeform', 'Kissing', 'Missionary Position', 'Mouth-to-Mouth', 'NSFW', 'NSFW Art', 'Neck Kissing', 'Oral Sex', 'Orgasm Control', 'POV Female Character', 'POV Second Person', 'Porn', 'Porn With Plot', 'Porn with Feelings', 'Rough KIm Seokjin', 'Rough Kissing', 'Rough Oral Sex', 'Rough Sex', 'Second Chances', 'Semi-Public Sex', 'Sex', 'Storage Room', 'Sweet Kim Seokjin', 'Jin', 'Top Kim Seokjin', 'Jin', 'Vaginal Fingering', 'Vaginal Sex', 'Wall Sex', 'control play', 'storage room sex', 'working', 'zara - Freeform']","['Alternate Universe', 'Control', 'Deepthroating', 'Doggy Style', 'Enemies to Lovers', 'Female Protagonist', 'First Kiss', 'French Kissing', 'Interns & Internships', 'Kissing', 'Missionary Position', 'Mouth-to-Mouth', 'NSFW Art', 'Neck Kissing', 'Oral Sex', 'Orgasm Control', 'POV Female Character', 'POV Second Person', 'Porn', 'Porn With Plot', 'Porn with Feelings', 'Rough Kissing', 'Rough Oral Sex', 'Rough Sex', 'Second Chances', 'Semi-Public Sex', 'Sex', 'Vaginal Fingering', 'Vaginal Sex', 'Wall Sex']","['Dom Kim Seokjin', 'Jin', 'Evil Kim Seokjin', 'Handsome boss', 'Job - Freeform', 'NSFW', 'Rough KIm Seokjin', 'Storage Room', 'Sweet Kim Seokjin', 'Jin', 'Top Kim Seokjin', 'Jin', 'control play', 'storage room sex', 'working', 'zara - Freeform']","['Dom Kim Seokjin', 'Jin', 'Evil Kim Seokjin', 'Job - Freeform', 'Rough KIm Seokjin', 'Storage Room', 'Sweet Kim Seokjin', 'Jin', 'Top Kim Seokjin', 'Jin']",[]
https://golemlab.eu/graph/8731705,Bad Timing,"Seokjin being your partner in crime, comes to the rescue.",2016-12-03,2569,Teen And Up Audiences,F/M,Completed,53,seokjin,Fluff | High School | Humor | POV Second Person | This might be short | but it's kinda cool | check it out | in my opinion | oh boi | this solely off of what I was requested to write,Kim Seokjin | Jin/Reader,"['Fluff', 'High School', 'Humor', 'POV Second Person', 'This might be short', ""but it's kinda cool"", 'check it out', 'in my opinion', 'oh boi', 'this solely off of what I was requested to write']","['Fluff', 'High School', 'Humor', 'POV Second Person']","['This might be short', ""but it's kinda cool"", 'check it out', 'in my opinion', 'oh boi', 'this solely off of what I was requested to write']",[],[]
https://golemlab.eu/graph/23670379,Talk to Me,"“What is it?” You pressed as he hung up the phone, desperate to know the contents of the call. “Jungkook got into a fist fight.” “No!” You gasped, absolutely shocked at the thought. “Our Jungkook?” “Our Jungkook.” Jin sighed, starting up the car and backing out of the parking space. Jungkook has been avoiding school like the plague. Jin thinks it's a bad case of senioritis, you wonder if something more is going on. AKA Jungkook gets into a fight at school, Jin tries his best, you keep everyone calm.",2020-04-15,4021,General Audiences,F/M,Completed,52,seokjin,Fluff | High School | Hurt/Comfort | Jungkook loves his hyung | Kim Seokjin | Jin Being a Mom | Kim Seokjin | Jin is a Good Hyung | Sad Jeon Jungkook,Kim Seokjin | Jin/Reader,"['Fluff', 'High School', 'Hurt/Comfort', 'Jungkook loves his hyung', 'Kim Seokjin', 'Jin Being a Mom', 'Kim Seokjin', 'Jin is a Good Hyung', 'Sad Jeon Jungkook']","['Fluff', 'High School', 'Hurt/Comfort']","['Jungkook loves his hyung', 'Kim Seokjin', 'Jin Being a Mom', 'Kim Seokjin', 'Jin is a Good Hyung']","['Kim Seokjin', 'Kim Seokjin']",['Sad Jeon Jungkook']
https://golemlab.eu/graph/16361843,PEONIES,"Reader decides they are finally going  to get their crush (Seokjin) a bouquet of flowers and confess,  but when they come to the flower shop they find to their horror that Seokjin is the one working there.",2018-10-21,4176,General Audiences,F/M,Completed,52,seokjin,Fluff I guess | University AU | comfessing | flower shop boi | idk - Freeform | pink haired jin | valentine's day stuff,Kim Seokjin | Jin/Reader,"['Fluff I guess', 'University AU', 'comfessing', 'flower shop boi', 'idk - Freeform', 'pink haired jin', ""valentine's day stuff""]",[],"['Fluff I guess', 'University AU', 'comfessing', 'flower shop boi', 'idk - Freeform', 'pink haired jin', ""valentine's day stuff""]",['University AU'],[]
https://golemlab.eu/graph/23060485,Thnks Fr th Mmrs,You help Seokjin sort through his old things at his parents' house. You stumble upon Jin's emo years and relive the memories.,2020-03-08,4783,Explicit,F/M,Completed,52,seokjin,18 emo song references | Bad Puns | Blow Jobs | Brief mentions of boy on boy kissing | Emo boy Jin | Established Relationship | Plot What Plot/Porn Without Plot | Puns & Word Play | Reader-Insert | Smut | So it's a little crack,"Kim Seokjin | Jin/Reader, Kim Seokjin | Jin/You Series: BTS Drabbles/Imagines [3]","['18 emo song references', 'Bad Puns', 'Blow Jobs', 'Brief mentions of boy on boy kissing', 'Emo boy Jin', 'Established Relationship', 'Plot What Plot/Porn Without Plot', 'Puns & Word Play', 'Reader-Insert', 'Smut', ""So it's a little crack""]","['Bad Puns', 'Blow Jobs', 'Established Relationship', 'Plot What Plot/Porn Without Plot', 'Puns & Word Play', 'Reader-Insert', 'Smut']","['18 emo song references', 'Brief mentions of boy on boy kissing', 'Emo boy Jin', ""So it's a little crack""]",[],[]
https://golemlab.eu/graph/14348322,Water's Breath,In which Seokjin is secretly a mermaid and you never knew. [Spelling errors corrected 3/13/19],2018-04-17,2529,General Audiences,F/M,Completed,52,seokjin,Mermaid!Seokjin | We need more mermaid jin fics | help i don't know how to add photos | i don't know how to intalize or bold or indent fml | mermaid!au | model!seokjin,Kim Seokjin | Jin/Reader,"['Mermaid!Seokjin', 'We need more mermaid jin fics', ""help i don't know how to add photos"", ""i don't know how to intalize or bold or indent fml"", 'mermaid!au', 'model!seokjin']",[],"['Mermaid!Seokjin', 'We need more mermaid jin fics', ""help i don't know how to add photos"", ""i don't know how to intalize or bold or indent fml"", 'mermaid!au', 'model!seokjin']",['Mermaid!Seokjin'],[]
https://golemlab.eu/graph/18462035,Gin Tonic,in which Kim Seokjin tries seducing you with cheesy pick up lines and tries to convince you that one alcoholic beverage is named after him,2019-04-14,4742,Mature,F/M,Completed,52,seokjin,Daddy Kink | Dirty Talk | Exhibitionism | Explicit Sexual Content | Fingering | Implied Masturbation | Oral | Public Sex | alcohol drinking | blind date au | cursing | intercourse,Kim Seokjin | Jin/Reader Series: The Alcohol Series [2],"['Daddy Kink', 'Dirty Talk', 'Exhibitionism', 'Explicit Sexual Content', 'Fingering', 'Implied Masturbation', 'Oral', 'Public Sex', 'alcohol drinking', 'blind date au', 'cursing', 'intercourse']","['Daddy Kink', 'Dirty Talk', 'Exhibitionism', 'Explicit Sexual Content', 'Public Sex']","['Fingering', 'Implied Masturbation', 'Oral', 'alcohol drinking', 'blind date au', 'cursing', 'intercourse']","['Fingering', 'Implied Masturbation', 'Oral']",[]
https://golemlab.eu/graph/25629190,Jinnuendo,Camping with your friends was supposed to be fun - You could only agree; especially now that Jin had made camping even funner. Crossposted to Tumblr on itshardcandy,2020-07-31,8806,Explicit,F/M,Completed,51,seokjin,Dirty Talk | Drinking | Fluff and Crack | Fluff and Smut | Friends to Lovers | Friendship | Outdoor Sex | Plot What Plot/Porn Without Plot | Semi-Public Sex | Smut | Vaginal Fingering,Kim Seokjin | Jin/Reader,"['Dirty Talk', 'Drinking', 'Fluff and Crack', 'Fluff and Smut', 'Friends to Lovers', 'Friendship', 'Outdoor Sex', 'Plot What Plot/Porn Without Plot', 'Semi-Public Sex', 'Smut', 'Vaginal Fingering']","['Dirty Talk', 'Drinking', 'Fluff and Crack', 'Fluff and Smut', 'Friends to Lovers', 'Friendship', 'Outdoor Sex', 'Plot What Plot/Porn Without Plot', 'Semi-Public Sex', 'Smut', 'Vaginal Fingering']",[],[],[]
https://golemlab.eu/graph/21529186,Mukbang,A...rather interesting episode of Eat Jin.,2019-11-23,671,Explicit,F/M,Completed,51,seokjin,Eat Jin (Vlog) | Hair-pulling | Just smut | Kim Seokjin | Jin-centric | Smut | Top Kim Seokjin | Jin | rough jin,Kim Seokjin | Jin/Reader,"['Eat Jin (Vlog)', 'Hair-pulling', 'Just smut', 'Kim Seokjin', 'Jin-centric', 'Smut', 'Top Kim Seokjin', 'Jin', 'rough jin']","['Eat Jin (Vlog)', 'Hair-pulling', 'Smut']","['Just smut', 'Kim Seokjin', 'Jin-centric', 'Top Kim Seokjin', 'Jin', 'rough jin']","['Kim Seokjin', 'Top Kim Seokjin', 'Jin']",[]
https://golemlab.eu/graph/11604513,Toy With Me,"The game with Seokjin had gone on for weeks. If I teased him, he’d plot his revenge and make me love every moment of it. ~ Originally part of a single fic (Don't Encourage Me So). Decided to break it up into oneshots since a cohesive fic ended up not working out ^_^'",2017-07-25,2803,Explicit,F/M,Completed,51,seokjin,Blow Jobs | Come Swallowing | Jin's bulge in tight pants | Kim Seokjin is a sex god | Light Dom/sub | Oppa Kink | Oral Sex | Rough Sex | Sex | Smut | Teasing | it didn't work | omg | snacks | tried to dom Jin,"Kim Seokjin | Jin/Reader, Kim Seokjin | Jin/You Series: Don't Encourage Me So [2]","['Blow Jobs', 'Come Swallowing', ""Jin's bulge in tight pants"", 'Kim Seokjin is a sex god', 'Light Dom/sub', 'Oppa Kink', 'Oral Sex', 'Rough Sex', 'Sex', 'Smut', 'Teasing', ""it didn't work"", 'omg', 'snacks', 'tried to dom Jin']","['Blow Jobs', 'Come Swallowing', 'Light Dom/sub', 'Oppa Kink', 'Oral Sex', 'Rough Sex', 'Sex', 'Smut', 'Teasing']","[""Jin's bulge in tight pants"", 'Kim Seokjin is a sex god', ""it didn't work"", 'omg', 'snacks', 'tried to dom Jin']",[],[]
https://golemlab.eu/graph/18649513,My Love,"You can't appreciate what you have until it's gone.—angst, idol!au",2019-04-29,5093,General Audiences,F/M,Completed,51,seokjin,Alternate Universe - Idols | Angst,Kim Seokjin | Jin/Reader,"['Alternate Universe - Idols', 'Angst']","['Alternate Universe - Idols', 'Angst']",[],[],[]
https://golemlab.eu/graph/11427219,Good Boy,Jin thinks he's coming to your apartment to watch a movie. You had other plans.,2017-07-07,6765,Explicit,F/M,Completed,50,seokjin,Blindfolds | But like sweet bdsm | Cock Rings | Dom/sub Play | Established Relationship | Light Bondage | Orgasm Delay/Denial | Pet Names | Plot What Plot/Porn Without Plot | Porn with Feelings | Praise Kink | Secret Relationship | Sub!Jin | Theres a safeword dont worry | What Have I Done | sinning | so much sinning,Kim Seokjin | Jin/Reader,"['Blindfolds', 'But like sweet bdsm', 'Cock Rings', 'Dom/sub Play', 'Established Relationship', 'Light Bondage', 'Orgasm Delay/Denial', 'Pet Names', 'Plot What Plot/Porn Without Plot', 'Porn with Feelings', 'Praise Kink', 'Secret Relationship', 'Sub!Jin', 'Theres a safeword dont worry', 'What Have I Done', 'sinning', 'so much sinning']","['Blindfolds', 'Cock Rings', 'Dom/sub Play', 'Established Relationship', 'Light Bondage', 'Orgasm Delay/Denial', 'Pet Names', 'Plot What Plot/Porn Without Plot', 'Porn with Feelings', 'Praise Kink', 'Secret Relationship', 'What Have I Done']","['But like sweet bdsm', 'Sub!Jin', 'Theres a safeword dont worry', 'sinning', 'so much sinning']",['Sub!Jin'],[]
https://golemlab.eu/graph/10772406,Stupid Juice,this was stupid. everything was stupid. your feelings were stupid. your thoughts were stupid. everything. the pricking at your eyes was stupid. sliding down the fridge to sit on the floor was stupid. putting a hand over you mouth so seokjin wouldn’t hear you was stupid. this whole day was stupid. everything was stupid. and you hated it. completely hated it.,2017-04-30,5548,Teen And Up Audiences,Other,Completed,50,seokjin,First work - Freeform | Mentioned Jeon Jungkook | Mentioned Jung Hoseok | J-Hope | Mentioned Min Yoongi | Suga | i believe this is gender neutral | im sorry | interpret their relationship as you wish | nothing is capitalized | this is really long,Kim Seokjin | Jin/Reader Series: For The Hard Times [1],"['First work - Freeform', 'Mentioned Jeon Jungkook', 'Mentioned Jung Hoseok', 'J-Hope', 'Mentioned Min Yoongi', 'Suga', 'i believe this is gender neutral', 'im sorry', 'interpret their relationship as you wish', 'nothing is capitalized', 'this is really long']",[],"['First work - Freeform', 'Mentioned Jung Hoseok', 'J-Hope', 'Mentioned Min Yoongi', 'Suga', 'i believe this is gender neutral', 'im sorry', 'interpret their relationship as you wish', 'nothing is capitalized', 'this is really long']","['Mentioned Jung Hoseok', 'J-Hope', 'Mentioned Min Yoongi', 'Suga']",['Mentioned Jeon Jungkook']
https://golemlab.eu/graph/29617338,"no pain, no gain","All your life, you romanticized the idea of true love until a failed marriage taught you that it wasn’t as euphoric as you had hoped. But when you think about it, it also gave you your greatest blessing, so at least you can say you did something right. You promised that it wasn’t worth entertaining the thought of finding a suitor as long as you had Sooyoung, a ball of sunshine who would never hurt you in any way. That is, until Kim Seokjin enters your life, serving much more purpose than to kick your ass during a workout session.",2021-02-21,16482,Mature,F/M,Completed,50,seokjin,Dirty Talk | Dom Kim Seokjin | Jin | Fingering | Multiple Orgasms | Oral Sex | Pining | Single Parent OC | Smut | Strangers to Lovers | Sub OC | Teasing | Unprotected Sex | lots of fluff | mentions of failed marriages and divorce | personal trainer seokjin | slight angst,"Kim Seokjin | Jin/Reader, Kim Seokjin | Jin/You","['Dirty Talk', 'Dom Kim Seokjin', 'Jin', 'Fingering', 'Multiple Orgasms', 'Oral Sex', 'Pining', 'Single Parent OC', 'Smut', 'Strangers to Lovers', 'Sub OC', 'Teasing', 'Unprotected Sex', 'lots of fluff', 'mentions of failed marriages and divorce', 'personal trainer seokjin', 'slight angst']","['Dirty Talk', 'Multiple Orgasms', 'Oral Sex', 'Pining', 'Smut', 'Strangers to Lovers', 'Teasing']","['Dom Kim Seokjin', 'Jin', 'Fingering', 'Single Parent OC', 'Sub OC', 'Unprotected Sex', 'lots of fluff', 'mentions of failed marriages and divorce', 'personal trainer seokjin', 'slight angst']","['Dom Kim Seokjin', 'Jin', 'Fingering', 'Single Parent OC', 'Sub OC', 'Unprotected Sex']",[]
https://golemlab.eu/graph/12201963,Home is Wherever You Are,"Kim Seokjin believes he can face any and all things with dignity and strength - prides himself in his resilience and armoured heart. He is a brave man, through and through. The only fear he has is the inability to find his way back into your arms, which in turn would mean he has lost his way home. Because home is wherever you are.",2017-09-27,3592,Mature,F/M,Completed,50,seokjin,Alternate Universe - War | Angst | Army Boys | Cross-Posted on Tumblr | Jin's POV | Minor Character Death | Minor Violence | light fluff | sergeant!jin,Kim Seokjin | Jin/Reader,"['Alternate Universe - War', 'Angst', 'Army Boys', 'Cross-Posted on Tumblr', ""Jin's POV"", 'Minor Character Death', 'Minor Violence', 'light fluff', 'sergeant!jin']","['Alternate Universe - War', 'Angst', 'Cross-Posted on Tumblr', 'Minor Character Death', 'Minor Violence']","['Army Boys', ""Jin's POV"", 'light fluff', 'sergeant!jin']",['Army Boys'],[]
https://golemlab.eu/graph/35279947,5 Times You See Seokjin Kim and 1 Time You Do Not,"The first time you see Seokjin Kim, it is the first week of your first quarter ever at university. He is walking towards his dorm room down the hall from yours and you pretend he does not exist. After all, no human should look that good at 9 in the morning — especially a human who makes slightly shaggy black hair that is still wet look good and purposefully walks from the men’s room with nothing but a towel wrapped around his waist and his toiletries in a shower caddy.",2021-11-22,11701,Explicit,F/M,Completed,50,seokjin,Alcohol | Alternate Universe - College/University | Angst and Fluff and Smut | Fluff | Fluff and Angst | Fluff and Humor | Fluff and Smut | Friends to Lovers | Idiots in Love | Slow Burn | Swearing | Underage Drinking | this is the closest to fluff i can do okay,Kim Seokjin | Jin/Reader Series: 5 Times [3],"['Alcohol', 'Alternate Universe - College/University', 'Angst and Fluff and Smut', 'Fluff', 'Fluff and Angst', 'Fluff and Humor', 'Fluff and Smut', 'Friends to Lovers', 'Idiots in Love', 'Slow Burn', 'Swearing', 'Underage Drinking', 'this is the closest to fluff i can do okay']","['Alcohol', 'Alternate Universe - College/University', 'Angst and Fluff and Smut', 'Fluff', 'Fluff and Angst', 'Fluff and Humor', 'Fluff and Smut', 'Friends to Lovers', 'Idiots in Love', 'Slow Burn', 'Swearing', 'Underage Drinking']",['this is the closest to fluff i can do okay'],[],[]
https://golemlab.eu/graph/16642289,Time and Time Again,"He and you are meant to be, from your first lives to your last.",2018-11-16,2257,Teen And Up Audiences,F/M,Completed,50,seokjin,Alternate Universe - Soulmates | Angst | Fluff | Humor | Implied/Referenced Character Death | Love | Soulmates | ill just say that | kim seokjin being a huge dork | mannnn theres a lot here | there's a lot of universes here bro,Kim Seokjin | Jin/Reader Series: fluffy one-shots [4],"['Alternate Universe - Soulmates', 'Angst', 'Fluff', 'Humor', 'Implied/Referenced Character Death', 'Love', 'Soulmates', 'ill just say that', 'kim seokjin being a huge dork', 'mannnn theres a lot here', ""there's a lot of universes here bro""]","['Alternate Universe - Soulmates', 'Angst', 'Fluff', 'Humor', 'Implied/Referenced Character Death', 'Love', 'Soulmates']","['ill just say that', 'kim seokjin being a huge dork', 'mannnn theres a lot here', ""there's a lot of universes here bro""]",[],[]
https://golemlab.eu/graph/37088764,Second first meeting,"Four months. You’ve been speaking to, falling slowly in love with, and seemingly getting made a fool of by a man you matched with online for four months. There’s always an excuse why he can’t meet you, always some convenient reason why he can’t make something. But it’s valentines and he’s booked a fancy meal and that’s him, sat at a table, finally ready to meet you. Only it might look like the guy you know but it’s not the person you’ve been speaking to, no, this guy has no idea who you are.",2022-02-14,12608,Mature,F/M,Completed,50,seokjin,Angst | Explicit Sexual Content | Fluff | Penetrative Sex | Relationship Break Up | Sex | Smut | Strangers to Lovers | Valentines | catfishing gone wrong | safe sex,Kim Seokjin | Jin/Reader,"['Angst', 'Explicit Sexual Content', 'Fluff', 'Penetrative Sex', 'Relationship Break Up', 'Sex', 'Smut', 'Strangers to Lovers', 'Valentines', 'catfishing gone wrong', 'safe sex']","['Angst', 'Explicit Sexual Content', 'Fluff', 'Sex', 'Smut', 'Strangers to Lovers']","['Penetrative Sex', 'Relationship Break Up', 'Valentines', 'catfishing gone wrong', 'safe sex']","['Penetrative Sex', 'Relationship Break Up', 'Valentines']",[]
https://golemlab.eu/graph/23789668,Freezer Burn,"You're a new waitress at a Michelin Star restaurant. No one accepts less than perfection and the pressure is always sky high. So far, you're starting to adjust to the atmosphere and learn the ins and outs of the restaurant, but there is one area where you're struggling - Kim Seokjin is a sous chef who, much like the rest of the staff, takes his job incredibly seriously. Unlike some of your other coworkers, however, he is reserved and icy. Despite all the tasks you are responsible for, you assign yourself a new challenge: get Seokjin to lighten up.",2020-04-22,2971,Explicit,F/M,Completed,50,seokjin,Alternate Universe - Restaurant | Chef Kim Seokjin | Jin | Kitchen Sex | Smut | tsundere jin,Kim Seokjin | Jin/Reader,"['Alternate Universe - Restaurant', 'Chef Kim Seokjin', 'Jin', 'Kitchen Sex', 'Smut', 'tsundere jin']","['Alternate Universe - Restaurant', 'Kitchen Sex', 'Smut']","['Chef Kim Seokjin', 'Jin', 'tsundere jin']","['Chef Kim Seokjin', 'Jin']",[]
https://golemlab.eu/graph/36881572,Kiss Me,Somehow all the videos you've taken all year star no one but Kim Seokjin. When did you fall in love with your best friend?,2022-02-04,5857,Explicit,F/M,Completed,49,seokjin,Alternate Universe - 1990s | Alternate Universe - College/University | Dirty Talk | Dry Humping | Everyone Loves Kim Seokjin | Jin | Fingerfucking | First Kiss | Fluff and Smut | Friends to Lovers | Idiots in Love | Inspired by Music | Jimin is a meddling Cupid kinda | Jin is a dreamy BMOC heartthrob | Kim Seokjin | Jin Has a Crush | Kim Seokjin | Jin is Whipped | Kissing | Nipple Licking | Park Jimin is So Done (BTS) | Smut | Song: Kiss Me (Sixpence None the Richer) | Swearing | Sweet Kim Seokjin | Jin | University Student Park Jimin (BTS) | Vaginal Fingering | but mostly fluff and smut | jin's basically just a 90's dreamboat living in modern times | just a little bit of angst in there,"Kim Seokjin | Jin/Reader, Kim Seokjin | Jin/You","['Alternate Universe - 1990s', 'Alternate Universe - College/University', 'Dirty Talk', 'Dry Humping', 'Everyone Loves Kim Seokjin', 'Jin', 'Fingerfucking', 'First Kiss', 'Fluff and Smut', 'Friends to Lovers', 'Idiots in Love', 'Inspired by Music', 'Jimin is a meddling Cupid kinda', 'Jin is a dreamy BMOC heartthrob', 'Kim Seokjin', 'Jin Has a Crush', 'Kim Seokjin', 'Jin is Whipped', 'Kissing', 'Nipple Licking', 'Park Jimin is So Done (BTS)', 'Smut', 'Song: Kiss Me (Sixpence None the Richer)', 'Swearing', 'Sweet Kim Seokjin', 'Jin', 'University Student Park Jimin (BTS)', 'Vaginal Fingering', 'but mostly fluff and smut', ""jin's basically just a 90's dreamboat living in modern times"", 'just a little bit of angst in there']","['Alternate Universe - 1990s', 'Alternate Universe - College/University', 'Dirty Talk', 'Dry Humping', 'Fingerfucking', 'First Kiss', 'Fluff and Smut', 'Friends to Lovers', 'Idiots in Love', 'Inspired by Music', 'Kissing', 'Nipple Licking', 'Smut', 'Swearing', 'Vaginal Fingering']","['Everyone Loves Kim Seokjin', 'Jin', 'Jimin is a meddling Cupid kinda', 'Jin is a dreamy BMOC heartthrob', 'Kim Seokjin', 'Jin Has a Crush', 'Kim Seokjin', 'Jin is Whipped', 'Song: Kiss Me (Sixpence None the Richer)', 'Sweet Kim Seokjin', 'Jin', 'but mostly fluff and smut', ""jin's basically just a 90's dreamboat living in modern times"", 'just a little bit of angst in there']","['Everyone Loves Kim Seokjin', 'Jin', 'Kim Seokjin', 'Kim Seokjin', 'Sweet Kim Seokjin', 'Jin']","['Park Jimin is So Done (BTS)', 'University Student Park Jimin (BTS)']"
https://golemlab.eu/graph/15931421,Partition,After running out with no explanation he’s back 6 months later…but actions have consequences.,2018-09-08,1763,Teen And Up Audiences,F/M,Completed,49,seokjin,Angst,Kim Seokjin | Jin/Reader,['Angst'],['Angst'],[],[],[]
https://golemlab.eu/graph/20448347,My soulmate is gonna wHAT??,"[ Royal! Kim Seokjin x Reader ] In a world where the first words your soulmate says to you is permanently etched into your skin, the marks of the royal families were a heavily guarded secret. Yes, they brought joy, but those words also brought with it a certain amount of complication. So when Seokjin's mark appeared on his twelfth birthday, it sent the whole palace into a whirlwind of panic. With the appearance of the mark, the young prince's life was forever changed. And he hated it.",2019-08-30,4419,General Audiences,F/M,In-Progress,49,seokjin,Royalty AU | Soulmate AU | Soulmates | jin is a prince | mentions of attempted murder,Kim Seokjin | Jin/Reader,"['Royalty AU', 'Soulmate AU', 'Soulmates', 'jin is a prince', 'mentions of attempted murder']",['Soulmates'],"['Royalty AU', 'Soulmate AU', 'jin is a prince', 'mentions of attempted murder']","['Royalty AU', 'Soulmate AU']",[]
https://golemlab.eu/graph/26288929,Teacher's Pet,"Seokjin can't help falling in love with his algebra teacher. During a one on one session with you, he can't help but feel a certain way and you're happy to help.",2020-09-04,2195,Explicit,F/M,Completed,49,seokjin,Alternate Universe - College/University | Biting | Blow Jobs | Bottom Kim Seokjin | Jin | Crushes | Falling In Love | Femdom | Hand Jobs | Kim Seokjin | Jin is Whipped | Praise Kink | Sub Kim Seokjin | Jin | Teacher-Student Relationship | University Student Kim Seokjin | Jin,Kim Seokjin | Jin/Reader Series: Sub BTS One-Shots [5],"['Alternate Universe - College/University', 'Biting', 'Blow Jobs', 'Bottom Kim Seokjin', 'Jin', 'Crushes', 'Falling In Love', 'Femdom', 'Hand Jobs', 'Kim Seokjin', 'Jin is Whipped', 'Praise Kink', 'Sub Kim Seokjin', 'Jin', 'Teacher-Student Relationship', 'University Student Kim Seokjin', 'Jin']","['Alternate Universe - College/University', 'Biting', 'Blow Jobs', 'Crushes', 'Falling In Love', 'Femdom', 'Hand Jobs', 'Praise Kink', 'Teacher-Student Relationship']","['Bottom Kim Seokjin', 'Jin', 'Kim Seokjin', 'Jin is Whipped', 'Sub Kim Seokjin', 'Jin', 'University Student Kim Seokjin', 'Jin']","['Bottom Kim Seokjin', 'Jin', 'Kim Seokjin', 'Sub Kim Seokjin', 'Jin', 'University Student Kim Seokjin', 'Jin']",[]
https://golemlab.eu/graph/22633594,The language of flowers,"Your long term boyfriend, Kim Seokjin, had been acting quite strange lately. Distant, perhaps? Your undeserved uncertainty of his loyalty had him irritable, however adamant to show you just how much he worships you. With everything from flowers, gifts, & himself. Not to mention the one unexpected gift in particular being the solemn reason he was acting strange in the first place.",2020-02-09,5902,Mature,F/M,Completed,48,seokjin,BTS fluff | Bottom Kim Seokjin | Jin | Fluff and Smut | Good Boyfriend Kim Seokjin | Jin | Light Angst | Sweet Kim Seokjin | Jin | bts smut | kim seokjin smut,Kim Seokjin | Jin/Reader,"['BTS fluff', 'Bottom Kim Seokjin', 'Jin', 'Fluff and Smut', 'Good Boyfriend Kim Seokjin', 'Jin', 'Light Angst', 'Sweet Kim Seokjin', 'Jin', 'bts smut', 'kim seokjin smut']","['Fluff and Smut', 'Light Angst']","['BTS fluff', 'Bottom Kim Seokjin', 'Jin', 'Good Boyfriend Kim Seokjin', 'Jin', 'Sweet Kim Seokjin', 'Jin', 'bts smut', 'kim seokjin smut']","['Bottom Kim Seokjin', 'Jin', 'Good Boyfriend Kim Seokjin', 'Jin', 'Sweet Kim Seokjin', 'Jin']",[]
https://golemlab.eu/graph/16922970,Choking Gold,"An obedient mouth is all it takes when the cameras are running. Gladly, your co-pornstar Jin musters exactly that.",2018-12-09,1750,Explicit,F/M,Completed,48,seokjin,Aftercare | BDSM | Deepthroating | Dom/sub | Dominant Reader | Face-Fucking | Femdom | Forehead Kisses | Graphic Description | Hugs | Lube | MD/lb undertones | Mentioned Park Jimin (BTS) | Mommy Kink | Orgasm Denial | Plot What Plot/Porn Without Plot | Reader-Insert | Rough Oral Sex | Sex Toys | Smut | Spit Kink | Sub Jin | Teasing | Tickling | Vibrator | Whining | pornstar AU | ruined orgasm,Kim Seokjin | Jin/Reader,"['Aftercare', 'BDSM', 'Deepthroating', 'Dom/sub', 'Dominant Reader', 'Face-Fucking', 'Femdom', 'Forehead Kisses', 'Graphic Description', 'Hugs', 'Lube', 'MD/lb undertones', 'Mentioned Park Jimin (BTS)', 'Mommy Kink', 'Orgasm Denial', 'Plot What Plot/Porn Without Plot', 'Reader-Insert', 'Rough Oral Sex', 'Sex Toys', 'Smut', 'Spit Kink', 'Sub Jin', 'Teasing', 'Tickling', 'Vibrator', 'Whining', 'pornstar AU', 'ruined orgasm']","['Aftercare', 'BDSM', 'Deepthroating', 'Dom/sub', 'Face-Fucking', 'Femdom', 'Forehead Kisses', 'Graphic Description', 'Hugs', 'Lube', 'Orgasm Denial', 'Plot What Plot/Porn Without Plot', 'Reader-Insert', 'Rough Oral Sex', 'Sex Toys', 'Smut', 'Spit Kink', 'Sub Jin', 'Teasing', 'Tickling', 'Whining']","['Dominant Reader', 'MD/lb undertones', 'Mommy Kink', 'Vibrator', 'pornstar AU', 'ruined orgasm']","['Dominant Reader', 'Mommy Kink', 'Vibrator']",['Mentioned Park Jimin (BTS)']
https://golemlab.eu/graph/25132585,The Heart Wants What It Wants,"You thought what you had with him was solid, until it wasn’t.",2020-07-07,4083,Mature,F/M,Completed,48,seokjin,Angst | Angst and Smut | Cheating | Feelings Realization | Forgiving | Heartache | Heartbreak | Loss of Trust | Love | Oral Sex | Self-Worth | Self-Worth Issues | Sex | Smut | Smut and Angst | Vaginal Fingering | Vaginal Sex | being in love,"Kim Seokjin | Jin/Reader, Kim Seokjin | Jin/You, Kim Seokjin/Reader, kim seokjin/you","['Angst', 'Angst and Smut', 'Cheating', 'Feelings Realization', 'Forgiving', 'Heartache', 'Heartbreak', 'Loss of Trust', 'Love', 'Oral Sex', 'Self-Worth', 'Self-Worth Issues', 'Sex', 'Smut', 'Smut and Angst', 'Vaginal Fingering', 'Vaginal Sex', 'being in love']","['Angst', 'Cheating', 'Feelings Realization', 'Heartache', 'Heartbreak', 'Loss of Trust', 'Love', 'Oral Sex', 'Self-Worth', 'Self-Worth Issues', 'Sex', 'Smut', 'Vaginal Fingering', 'Vaginal Sex']","['Angst and Smut', 'Forgiving', 'Smut and Angst', 'being in love']",['Forgiving'],[]
https://golemlab.eu/graph/16858423,He Loved [M],"The Kim forces’ leader Seokjin, is not just a powerful commander. Off the battlefield, Seokjin is a charming man with the personality and looks that leave countless broken hearts in his wake. You’ve sworn off him but circumstances reveal to you that there is more to him that meets the eye. Are you able to handle the truth that is Kim Seokjin?",2018-12-05,20361,Mature,F/M,Completed,48,seokjin,Angst | Fluff | Japanese Period | Smut,Kim Seokjin | Jin/Reader Series: He... [2018 Birthday One-Shot Series] [6],"['Angst', 'Fluff', 'Japanese Period', 'Smut']","['Angst', 'Fluff', 'Smut']",['Japanese Period'],['Japanese Period'],[]
https://golemlab.eu/graph/23402287,Swan || Seokjin x Reader,A love story about a young typewriter and a handsome young soldier that takes place in the 1940's and tragically ends in the mid autumn of 1964.,2020-03-30,29609,Teen And Up Audiences,F/M,In-Progress,48,seokjin,1940s | Alternate Universe - 1940s | Child Death | Cold War | Depressed Kim Seokjin | Jin | Eventual Smut | Fanfiction | Fluff and Angst | Heavy Angst | Historical | Historical References | Kim Seokjin | Jin is Whipped | Kim Seokjin | Jin is a Sweetheart | Korean War | Love at First Sight | Musical References | One of My Favorites | Post-Traumatic Stress Disorder - PTSD | Post-World War II | Realistic | References to Depression | Romance | Soldiers | Sweet Kim Seokjin | Jin | Unplanned Pregnancy | Vietnam War | Wartime Romance | World War II,"Kim Seokjin | Jin/Reader, Kim Seokjin | Jin/You","['1940s', 'Alternate Universe - 1940s', 'Child Death', 'Cold War', 'Depressed Kim Seokjin', 'Jin', 'Eventual Smut', 'Fanfiction', 'Fluff and Angst', 'Heavy Angst', 'Historical', 'Historical References', 'Kim Seokjin', 'Jin is Whipped', 'Kim Seokjin', 'Jin is a Sweetheart', 'Korean War', 'Love at First Sight', 'Musical References', 'One of My Favorites', 'Post-Traumatic Stress Disorder - PTSD', 'Post-World War II', 'Realistic', 'References to Depression', 'Romance', 'Soldiers', 'Sweet Kim Seokjin', 'Jin', 'Unplanned Pregnancy', 'Vietnam War', 'Wartime Romance', 'World War II']","['1940s', 'Alternate Universe - 1940s', 'Child Death', 'Cold War', 'Eventual Smut', 'Fanfiction', 'Fluff and Angst', 'Heavy Angst', 'Historical', 'Historical References', 'Korean War', 'Love at First Sight', 'Musical References', 'One of My Favorites', 'Post-Traumatic Stress Disorder - PTSD', 'Post-World War II', 'Realistic', 'References to Depression', 'Romance', 'Soldiers', 'Unplanned Pregnancy', 'Vietnam War', 'Wartime Romance', 'World War II']","['Depressed Kim Seokjin', 'Jin', 'Kim Seokjin', 'Jin is Whipped', 'Kim Seokjin', 'Jin is a Sweetheart', 'Sweet Kim Seokjin', 'Jin']","['Depressed Kim Seokjin', 'Jin', 'Kim Seokjin', 'Kim Seokjin', 'Sweet Kim Seokjin', 'Jin']",[]
https://golemlab.eu/graph/11069181,Jinsik,"It has been three years since you were last in Seoul, and it has been just as long since you saw Seokjin. In that time, since graduating culinary school, you toured Europe, learning as much about the culture and cuisine as you could. Jin went on to open the most successful restaurant in Korea. When you return home, you just know that this restaurant is where you’re supposed to be.",2017-06-02,12740,Mature,F/M,Completed,47,seokjin,Alternate Universe - Chefs | Chef Kim Seokjin | Jin,Kim Seokjin | Jin/Reader,"['Alternate Universe - Chefs', 'Chef Kim Seokjin', 'Jin']",['Alternate Universe - Chefs'],"['Chef Kim Seokjin', 'Jin']","['Chef Kim Seokjin', 'Jin']",[]
https://golemlab.eu/graph/37872763,Hit Play,"You met Seokjin during a difficult time in your life, and seeing him again reminds you of it.",2022-03-21,13738,Explicit,F/M,Completed,47,seokjin,Alternate Universe - College/University | Alternate Universe - Non-Famous | Medical Student Kim Seokjin | Jin | Mild Blood | Minor Character Death | References to Illness,Kim Seokjin | Jin/Reader,"['Alternate Universe - College/University', 'Alternate Universe - Non-Famous', 'Medical Student Kim Seokjin', 'Jin', 'Mild Blood', 'Minor Character Death', 'References to Illness']","['Alternate Universe - College/University', 'Alternate Universe - Non-Famous', 'Mild Blood', 'Minor Character Death', 'References to Illness']","['Medical Student Kim Seokjin', 'Jin']","['Medical Student Kim Seokjin', 'Jin']",[]
https://golemlab.eu/graph/33106879,You Deserve Butterflies,"""And for what it’s worth, I think you deserve to have everything you want in a partner, keep those standards and don’t budge on them. You deserve butterflies.” Roommates to friends to lovers, lets see how it unfolds.",2021-08-08,10190,Mature,F/M,Completed,47,seokjin,Angst | Communication is key kids | Couch Sex | Dry Humping | Fluff | Friends to Lovers | Friendship/Love | Heavy Petting | Mutual Pining | Oral Sex | Passionate Sex | Pianist!Jin | Pining | Roommate!Jin | Roommates | Sex | Smut | Yoonmin lives but is only briefly mentioned | alcohol use | dear god the angst | roommate au | thigh grinding | thigh riding,"Kim Seokjin | Jin/Reader, Min Yoongi | Suga/Park Jimin","['Angst', 'Communication is key kids', 'Couch Sex', 'Dry Humping', 'Fluff', 'Friends to Lovers', 'Friendship/Love', 'Heavy Petting', 'Mutual Pining', 'Oral Sex', 'Passionate Sex', 'Pianist!Jin', 'Pining', 'Roommate!Jin', 'Roommates', 'Sex', 'Smut', 'Yoonmin lives but is only briefly mentioned', 'alcohol use', 'dear god the angst', 'roommate au', 'thigh grinding', 'thigh riding']","['Angst', 'Couch Sex', 'Dry Humping', 'Fluff', 'Friends to Lovers', 'Friendship/Love', 'Heavy Petting', 'Mutual Pining', 'Oral Sex', 'Pining', 'Roommates', 'Sex', 'Smut']","['Communication is key kids', 'Passionate Sex', 'Pianist!Jin', 'Roommate!Jin', 'Yoonmin lives but is only briefly mentioned', 'alcohol use', 'dear god the angst', 'roommate au', 'thigh grinding', 'thigh riding']","['Passionate Sex', 'Pianist!Jin', 'Roommate!Jin']",[]
https://golemlab.eu/graph/22984363,Hold On,Seokjin and the reader have a fantastic relationship until she keeps a secret that starts to eat her alive. She holds on until she can't anymore.,2020-03-02,31021,Teen And Up Audiences,F/M,Completed,46,seokjin,Blood | Hospitalization | Mental Anguish | Mental Breakdown | Miscarriage | Panic Attacks | Past Rape/Non-con | Suicide Attempt,Kim Seokjin | Jin/Reader,"['Blood', 'Hospitalization', 'Mental Anguish', 'Mental Breakdown', 'Miscarriage', 'Panic Attacks', 'Past Rape/Non-con', 'Suicide Attempt']","['Blood', 'Hospitalization', 'Mental Anguish', 'Mental Breakdown', 'Miscarriage', 'Panic Attacks', 'Past Rape/Non-con', 'Suicide Attempt']",[],[],[]
https://golemlab.eu/graph/20245714,Bad Timing,"You've known him almost your entire life. He's your friend, your best-friend's older brother and your crush. Kim Seokjin. You've always wanted to tell him how you really feel, but it just never felt like the right time. Now that you're back from a long trip abroad, everything has changed. Suddenly he's giving you the cold shoulder. What happened while you were away? Or is it all just bad timing?",2019-08-18,18063,Teen And Up Audiences,F/M,In-Progress,46,seokjin,Alternate Universe - Childhood Friends | Alternate Universe - College/University | Friends to Lovers | Jin is conflicted | Light Angst | Mild Smut | Namjoon an intellectual | What am I doing | fuckboy jimin | jungkook is a cutie | starts slow in the beginning | this is my first fic ever help | this might get messy,Kim Seokjin | Jin/Reader,"['Alternate Universe - Childhood Friends', 'Alternate Universe - College/University', 'Friends to Lovers', 'Jin is conflicted', 'Light Angst', 'Mild Smut', 'Namjoon an intellectual', 'What am I doing', 'fuckboy jimin', 'jungkook is a cutie', 'starts slow in the beginning', 'this is my first fic ever help', 'this might get messy']","['Alternate Universe - Childhood Friends', 'Alternate Universe - College/University', 'Friends to Lovers', 'Light Angst', 'Mild Smut']","['Jin is conflicted', 'Namjoon an intellectual', 'What am I doing', 'fuckboy jimin', 'jungkook is a cutie', 'starts slow in the beginning', 'this is my first fic ever help', 'this might get messy']",[],[]
https://golemlab.eu/graph/10671624,on the topic of eating on the bed,in which jin catches you eating his oreos on the bed and it’s probably not the first time this has happened but it’s definitely not gonna be the last – jin/reader,2017-04-19,544,Teen And Up Audiences,F/M,Completed,46,seokjin,Tickle Fights | WITH JIN | how do you tag | im a sucker for those | more like reader ate most of the oreos | neck kisses | oh noesssss what's jin gonna do to you | there are oreos | they were jin's oreos too,Kim Seokjin | Jin/Reader,"['Tickle Fights', 'WITH JIN', 'how do you tag', 'im a sucker for those', 'more like reader ate most of the oreos', 'neck kisses', ""oh noesssss what's jin gonna do to you"", 'there are oreos', ""they were jin's oreos too""]",['Tickle Fights'],"['WITH JIN', 'how do you tag', 'im a sucker for those', 'more like reader ate most of the oreos', 'neck kisses', ""oh noesssss what's jin gonna do to you"", 'there are oreos', ""they were jin's oreos too""]",[],[]
https://golemlab.eu/graph/12613956,cast,you'd choose him over heaven always. always.,2017-11-03,817,General Audiences,Multi,Completed,45,seokjin,Alternate Universe - Angels | Fluff,Kim Seokjin | Jin/Reader Series: mortality with you [1],"['Alternate Universe - Angels', 'Fluff']","['Alternate Universe - Angels', 'Fluff']",[],[],[]
https://golemlab.eu/graph/20891888,A Little Party Never Killed Nobody,"Being the wife to one of the Seoul cartels best business men definitely had its perks. The glitz and the glamour was custom now, the dancing, the champagne and the money was your daily life. But sometimes business and pleasure has a way of mixing. And although sometimes your husbands hands are stained with the blood of a wasted investment, there really was nothing better than your husband in a suit.",2019-10-04,1325,Teen And Up Audiences,F/M,Completed,45,seokjin,BTS Mafia AU | Blood | Cartel | Mafia AU | brief descriptions of blood and violence | brief descriptions of drug use | slight descriptions of sexual content,Kim Seokjin | Jin/Reader,"['BTS Mafia AU', 'Blood', 'Cartel', 'Mafia AU', 'brief descriptions of blood and violence', 'brief descriptions of drug use', 'slight descriptions of sexual content']",['Blood'],"['BTS Mafia AU', 'Cartel', 'Mafia AU', 'brief descriptions of blood and violence', 'brief descriptions of drug use', 'slight descriptions of sexual content']","['BTS Mafia AU', 'Cartel', 'Mafia AU']",[]
https://golemlab.eu/graph/41536224,Playing Games,"The thing about Seokjin though is that while it's hot whenever he's confident about himself, it's downright sinfully sexy when he's pissed off.",2022-09-06,5118,Explicit,F/M,Completed,45,seokjin,Established Relationship | Jealous Kim Seokjin | Jin | Kim Seokjin is pissed off | Sexual Tension | both of them are pretty bratty tbh | brat reader | brat tamer Kim Seokjin | reader has a gay ex-boyfriend,Kim Seokjin | Jin/Reader,"['Established Relationship', 'Jealous Kim Seokjin', 'Jin', 'Kim Seokjin is pissed off', 'Sexual Tension', 'both of them are pretty bratty tbh', 'brat reader', 'brat tamer Kim Seokjin', 'reader has a gay ex-boyfriend']","['Established Relationship', 'Sexual Tension']","['Jealous Kim Seokjin', 'Jin', 'Kim Seokjin is pissed off', 'both of them are pretty bratty tbh', 'brat reader', 'brat tamer Kim Seokjin', 'reader has a gay ex-boyfriend']","['Jealous Kim Seokjin', 'Jin']",[]
https://golemlab.eu/graph/19389868,8. Are You On The Menu?,Prompt: Pick-Up Lines Week 2 Day 1,2019-06-28,781,Teen And Up Audiences,F/M,Completed,45,seokjin,Cute | Kim Seokjin | Jin is a Sweetheart | Pick-Up Lines | Waiter Kim Seokjin | fluff?? | one shots,Kim Seokjin | Jin/Reader Series: 50 Days of One Shots [8],"['Cute', 'Kim Seokjin', 'Jin is a Sweetheart', 'Pick-Up Lines', 'Waiter Kim Seokjin', 'fluff??', 'one shots']","['Cute', 'Pick-Up Lines']","['Kim Seokjin', 'Jin is a Sweetheart', 'Waiter Kim Seokjin', 'fluff??', 'one shots']","['Kim Seokjin', 'Waiter Kim Seokjin']",[]
https://golemlab.eu/graph/20679056,Dating... Kim Seokjin,"You've known Jin for years and, after an intense game of 'dares', you find your relationship evolving into something more - Part of the Dating BTS series, written in a bullet point style. Complete series can be found on my tumblr.",2019-09-17,2476,Mature,F/M,Completed,45,seokjin,Angst | Dating | Friends to Lovers | Humour | Marriage Proposal | Mentions of Smut | Sex | Smut | non idol,Kim Seokjin | Jin/Reader Series: Dating BTS [1],"['Angst', 'Dating', 'Friends to Lovers', 'Humour', 'Marriage Proposal', 'Mentions of Smut', 'Sex', 'Smut', 'non idol']","['Angst', 'Dating', 'Friends to Lovers', 'Marriage Proposal', 'Sex', 'Smut']","['Humour', 'Mentions of Smut', 'non idol']",['Humour'],[]
https://golemlab.eu/graph/26095639,Breaking Down Walls,"Being suddenly outcasted and judged by everyone really forces one to build up walls. Having gotten used to not having friends and dealing with the snide comments, you plan on just keeping your head down until you graduate next year. That is, until someone decides they’re going to tear your walls down.",2020-08-25,17951,Teen And Up Audiences,F/M,Completed,44,seokjin,Angst | Fluff | Fluff and Angst | Friends to Lovers,Kim Seokjin | Jin/Reader,"['Angst', 'Fluff', 'Fluff and Angst', 'Friends to Lovers']","['Angst', 'Fluff', 'Fluff and Angst', 'Friends to Lovers']",[],[],[]
https://golemlab.eu/graph/17488565,Sundays,,2019-01-20,771,Explicit,F/M,Completed,44,seokjin,Fluff | Smut,"Kim Seokjin | Jin/Reader, Kim Seokjin | Jin/You","['Fluff', 'Smut']","['Fluff', 'Smut']",[],[],[]
https://golemlab.eu/graph/21776668,Fairytales and Bullshit,"Take a look at this bull shit, she showed her studious friend, Jin. “The omega succumbed to the Alpha’s rut, wanting to..” Jin began to read from the phone before him. “Aye, you don’t have to read out loud,'' she scolded. She discovers that maybe this abnormal fantasy smut, may be real after all.",2019-12-13,2637,Explicit,F/M,Completed,44,seokjin,Alpha Kim Seokjin | Jin | Alpha/Beta/Omega Dynamics | Awkward Sexual Situations | Best Friends | Don't Judge Me | Explicit Sexual Content | First Time | Friends to Lovers | Friendship/Love | Kim Seokjin | Jin-centric | Loss of Virginity | Medical students | Non-Traditional Alpha/Beta/Omega Dynamics | Reader-Insert | Reader-Interactive | Sex | Sexual Coercion | Sexual Fantasy | Sexual Humor | Sexual Tension | Top Kim Seokjin | Jin | Vaginal Sex | kim seokjin has a big dick | sexual intercou,Kim Seokjin | Jin/Reader,"['Alpha Kim Seokjin', 'Jin', 'Alpha/Beta/Omega Dynamics', 'Awkward Sexual Situations', 'Best Friends', ""Don't Judge Me"", 'Explicit Sexual Content', 'First Time', 'Friends to Lovers', 'Friendship/Love', 'Kim Seokjin', 'Jin-centric', 'Loss of Virginity', 'Medical students', 'Non-Traditional Alpha/Beta/Omega Dynamics', 'Reader-Insert', 'Reader-Interactive', 'Sex', 'Sexual Coercion', 'Sexual Fantasy', 'Sexual Humor', 'Sexual Tension', 'Top Kim Seokjin', 'Jin', 'Vaginal Sex', 'kim seokjin has a big dick', 'sexual intercou']","['Alpha/Beta/Omega Dynamics', 'Awkward Sexual Situations', 'Best Friends', ""Don't Judge Me"", 'Explicit Sexual Content', 'First Time', 'Friends to Lovers', 'Friendship/Love', 'Loss of Virginity', 'Non-Traditional Alpha/Beta/Omega Dynamics', 'Reader-Insert', 'Reader-Interactive', 'Sex', 'Sexual Coercion', 'Sexual Fantasy', 'Sexual Humor', 'Sexual Tension', 'Vaginal Sex']","['Alpha Kim Seokjin', 'Jin', 'Kim Seokjin', 'Jin-centric', 'Medical students', 'Top Kim Seokjin', 'Jin', 'kim seokjin has a big dick', 'sexual intercou']","['Alpha Kim Seokjin', 'Jin', 'Kim Seokjin', 'Top Kim Seokjin', 'Jin']",[]
https://golemlab.eu/graph/24270295,𝔻𝕣𝕦𝕟𝕜𝕖𝕟 𝕃𝕦𝕝𝕝𝕒𝕓𝕚𝕖𝕤 |𝕜.𝕤𝕛| 𝑜𝓃𝑒𝓈𝒽𝑜𝓉,"After a drunken hook-up with your roommate, you can't stop touching yourself to memories of it... Until you get caught. (Short one shot, crossposted from twitter.)",2020-05-19,1603,Explicit,F/M,Completed,44,seokjin,Friends to Lovers | Roommates to lovers | Smut | hisunshiine,"Kim Seokjin | Jin/Reader, Kim Seokjin | Jin/You","['Friends to Lovers', 'Roommates to lovers', 'Smut', 'hisunshiine']","['Friends to Lovers', 'Smut']","['Roommates to lovers', 'hisunshiine']",[],[]
https://golemlab.eu/graph/27611594,River lead me home,"Ever since coming to the human realm when you were child, nothing seems to fit, and this was just supposed to be a simple roadtrip to help you find yourself. Is that too much to ask for? Spin-off to A long journey home Seokjin x reader featuring pixie!kook",2020-11-18,66578,Teen And Up Audiences,F/M,Completed,44,seokjin,Adventure | Angst | Fantasy | Fantasy Violence | Fluff | Slow Burn | and the oc starts out kind of annoying | but there's | but they grow up as time goes on I promise! | jin starts out kind of mean | pixie!kook | really slow burn | seriously guys this is a very slow burn prepare urselves | there's no baby dragon this time | who can resist pixie!kook?,Kim Seokjin | Jin/Reader Series: Finding home [2],"['Adventure', 'Angst', 'Fantasy', 'Fantasy Violence', 'Fluff', 'Slow Burn', 'and the oc starts out kind of annoying', ""but there's"", 'but they grow up as time goes on I promise!', 'jin starts out kind of mean', 'pixie!kook', 'really slow burn', 'seriously guys this is a very slow burn prepare urselves', ""there's no baby dragon this time"", 'who can resist pixie!kook?']","['Adventure', 'Angst', 'Fantasy', 'Fluff', 'Slow Burn']","['Fantasy Violence', 'and the oc starts out kind of annoying', ""but there's"", 'but they grow up as time goes on I promise!', 'jin starts out kind of mean', 'pixie!kook', 'really slow burn', 'seriously guys this is a very slow burn prepare urselves', ""there's no baby dragon this time"", 'who can resist pixie!kook?']",['Fantasy Violence'],[]
https://golemlab.eu/graph/19213543,Love Potion: Kim Seokjin,,2019-06-14,5370,Teen And Up Audiences,F/M,Completed,44,seokjin,Fanfiction | Fluff | Magic | Witches,Kim Seokjin | Jin/Reader,"['Fanfiction', 'Fluff', 'Magic', 'Witches']","['Fanfiction', 'Fluff', 'Magic', 'Witches']",[],[],[]
https://golemlab.eu/graph/17802866,Not Meant for Fame,"You’re on tour with your boyfriend for the very first time, but the airport is too overwhelming. You already can’t hear well with all of the fans, but the flashing lights lead you away from Seokjin.",2019-02-15,3390,Teen And Up Audiences,F/M,Completed,44,seokjin,American Sign Language | Anxiety | Being on tour | Deaf Reader | Disabled Character | Fluff | Fluff and Angst | Half deaf reader | Hospitals | Reader-Insert | Sign Language,Kim Seokjin | Jin/Reader Series: Bangtan One-shots [17],"['American Sign Language', 'Anxiety', 'Being on tour', 'Deaf Reader', 'Disabled Character', 'Fluff', 'Fluff and Angst', 'Half deaf reader', 'Hospitals', 'Reader-Insert', 'Sign Language']","['American Sign Language', 'Anxiety', 'Disabled Character', 'Fluff', 'Fluff and Angst', 'Hospitals', 'Reader-Insert', 'Sign Language']","['Being on tour', 'Deaf Reader', 'Half deaf reader']",['Deaf Reader'],[]
https://golemlab.eu/graph/28225635,yule be sorry!,"another year rolls around where you have to compete in the company bake sale, and for some reason, the five-year-long rivalry you’ve built with annoying co-worker kim seokjin reaches an unexpected climax…",2020-12-21,2236,Teen And Up Audiences,F/F,Completed,44,seokjin,Christmas Fluff | Co-workers | Rivals to Lovers,Kim Seokjin | Jin/Reader Series: a very cliché christmas - a collection of festive drabbles [1],"['Christmas Fluff', 'Co-workers', 'Rivals to Lovers']","['Christmas Fluff', 'Co-workers']",['Rivals to Lovers'],[],[]
https://golemlab.eu/graph/21677935,Up in the Mountains,"Instead of going on a beach getaway or touring any lovely city, you drag Seokjin to the mountains in the freezing cold for your honeymoon. Initially he is not pleased, but there’s good things about being up there in the cold",2019-12-05,2405,Explicit,F/M,Completed,43,seokjin,Fluff | Horny Reader | Married Sex | Oral Sex | PWP | Riding | Smut | blowing Seokjin’s big dick | i still don’t know how to tag | im not sorry | seokjin is my baby | too much kissing,Kim Seokjin | Jin/Reader,"['Fluff', 'Horny Reader', 'Married Sex', 'Oral Sex', 'PWP', 'Riding', 'Smut', 'blowing Seokjin’s big dick', 'i still don’t know how to tag', 'im not sorry', 'seokjin is my baby', 'too much kissing']","['Fluff', 'Married Sex', 'Oral Sex', 'Riding', 'Smut']","['Horny Reader', 'PWP', 'blowing Seokjin’s big dick', 'i still don’t know how to tag', 'im not sorry', 'seokjin is my baby', 'too much kissing']",['Horny Reader'],[]
https://golemlab.eu/graph/11202738,Summer Days,"Some days, nothing goes right. In fact, things take turns for the worse. And out of nowhere, just as you seem to be getting close to your goal, you hit an obstacle. In your case, it was Kim Seokjin's pink clad shoulder. And after a little trip to the ER, he insists to treat you to a drink.",2017-06-15,1727,General Audiences,F/M,Completed,43,seokjin,Fainting | Fluff and Angst | Hospitalization | Summer,Kim Seokjin | Jin/Reader,"['Fainting', 'Fluff and Angst', 'Hospitalization', 'Summer']","['Fainting', 'Fluff and Angst', 'Hospitalization', 'Summer']",[],[],[]
https://golemlab.eu/graph/18102947,New Rules,You need some new rules; otherwise you’ll just live in a fantasy where Seokjin sees you as more than a friend.,2019-03-13,4774,Explicit,F/M,Completed,43,seokjin,Dirty Talk | Friends With Benefits | intercourse | sex toy | slight angst,"Kim Seokjin | Jin/Reader, Park Sooyoung | Joy & Reader","['Dirty Talk', 'Friends With Benefits', 'intercourse', 'sex toy', 'slight angst']","['Dirty Talk', 'Friends With Benefits']","['intercourse', 'sex toy', 'slight angst']",[],[]
https://golemlab.eu/graph/16557197,Banter,"Drabble Requests: “It’s six o’clock in the morning, you’re not having vodka.” & “The diamond in your engagement ring is fake.” with Seokjin",2018-11-08,1015,General Audiences,F/M,Completed,42,seokjin,Slice of Life,"Kim Seokjin | Jin/Reader, Kim Seokjin | Jin/You",['Slice of Life'],['Slice of Life'],[],[],[]
https://golemlab.eu/graph/16330616,Whatever You Want,"Kids are annoying, but somehow it's okay when they're just so cute This piece can be considered as a sequel to ""cramps and i love you's"" or you can read it on its own",2018-10-17,2750,Teen And Up Audiences,F/M,Completed,42,seokjin,Cuties | Domestic Fluff | Jeon Jungkook is a Little Shit | Kim Namjoon | RM is a Dork | Married Life | Sweet Kim Seokjin | Jin | Why Did I Write This? | bangtan - Freeform | bts - Freeform | daddy seokjin | i wrote this instead of working | they're just dorky dads,Kim Seokjin | Jin/Reader,"['Cuties', 'Domestic Fluff', 'Jeon Jungkook is a Little Shit', 'Kim Namjoon', 'RM is a Dork', 'Married Life', 'Sweet Kim Seokjin', 'Jin', 'Why Did I Write This?', 'bangtan - Freeform', 'bts - Freeform', 'daddy seokjin', 'i wrote this instead of working', ""they're just dorky dads""]","['Cuties', 'Domestic Fluff', 'Married Life', 'Why Did I Write This?']","['Kim Namjoon', 'RM is a Dork', 'Sweet Kim Seokjin', 'Jin', 'bangtan - Freeform', 'bts - Freeform', 'daddy seokjin', 'i wrote this instead of working', ""they're just dorky dads""]","['Kim Namjoon', 'Sweet Kim Seokjin', 'Jin']",['Jeon Jungkook is a Little Shit']
https://golemlab.eu/graph/35595889,Appetence,"appetence (n.) - an eager desire, an instinctive inclination; an attraction or a natural bond It’s time for Seokjin’s rut. Are either of you prepared for this step?",2021-12-09,7858,Explicit,F/M,Completed,42,seokjin,Aftercare | Alpha Kim Seokjin | Jin | Alpha/Beta/Omega Dynamics | Biting | Blow Jobs | Breeding | Bruises | Come Swallowing | Creampie | Cum Play | Cunnilingus | Deepthroating | Dirty Talk | Dom Kim Seokjin | Jin | Dom/sub | Face-Fucking | Facials | Feral Behavior | Kim Seokjin | Jin Has a Big Dick | Knotting | Manhandling | Mating Cycles/In Heat | Multiple Orgasms | Oral Sex | Overstimulation | Rough Sex | Rutting | Spit Kink | Squirting | Teasing | Unprotected Sex | Vaginal Fingering,Kim Seokjin | Jin/Reader Series: Kairos [2],"['Aftercare', 'Alpha Kim Seokjin', 'Jin', 'Alpha/Beta/Omega Dynamics', 'Biting', 'Blow Jobs', 'Breeding', 'Bruises', 'Come Swallowing', 'Creampie', 'Cum Play', 'Cunnilingus', 'Deepthroating', 'Dirty Talk', 'Dom Kim Seokjin', 'Jin', 'Dom/sub', 'Face-Fucking', 'Facials', 'Feral Behavior', 'Kim Seokjin', 'Jin Has a Big Dick', 'Knotting', 'Manhandling', 'Mating Cycles/In Heat', 'Multiple Orgasms', 'Oral Sex', 'Overstimulation', 'Rough Sex', 'Rutting', 'Spit Kink', 'Squirting', 'Teasing', 'Unprotected Sex', 'Vaginal Fingering']","['Aftercare', 'Alpha/Beta/Omega Dynamics', 'Biting', 'Blow Jobs', 'Breeding', 'Bruises', 'Come Swallowing', 'Creampie', 'Cunnilingus', 'Deepthroating', 'Dirty Talk', 'Dom/sub', 'Face-Fucking', 'Facials', 'Feral Behavior', 'Knotting', 'Manhandling', 'Mating Cycles/In Heat', 'Multiple Orgasms', 'Oral Sex', 'Overstimulation', 'Rough Sex', 'Rutting', 'Spit Kink', 'Teasing', 'Vaginal Fingering']","['Alpha Kim Seokjin', 'Jin', 'Cum Play', 'Dom Kim Seokjin', 'Jin', 'Kim Seokjin', 'Jin Has a Big Dick', 'Squirting', 'Unprotected Sex']","['Alpha Kim Seokjin', 'Jin', 'Cum Play', 'Dom Kim Seokjin', 'Jin', 'Kim Seokjin', 'Squirting', 'Unprotected Sex']",[]
https://golemlab.eu/graph/33296026,Time fades away,Seokjin wants to play…,2021-08-16,6035,Explicit,F/M,Completed,42,seokjin,Aftercare | Biting | Breast Play | Dom Seokjin | Fingering | Hair-pulling | Kissing | Light Dom/sub | Light breath play | Manhandling | Mention of safe word | Naked Female Clothed Male | Nipple Play | Orgasm Control | Orgasm Denial | POV Second Person | Seokjin calls reader his toy | Sir Kink | Smut | Spanking | female orgasm | implied aftercare | light ass play | slight ass worship | slightly mean Seokjin | soft dom seokjin | sub Reader,"Kim Seokjin | Jin/Reader, Kim Seokjin | Jin/You","['Aftercare', 'Biting', 'Breast Play', 'Dom Seokjin', 'Fingering', 'Hair-pulling', 'Kissing', 'Light Dom/sub', 'Light breath play', 'Manhandling', 'Mention of safe word', 'Naked Female Clothed Male', 'Nipple Play', 'Orgasm Control', 'Orgasm Denial', 'POV Second Person', 'Seokjin calls reader his toy', 'Sir Kink', 'Smut', 'Spanking', 'female orgasm', 'implied aftercare', 'light ass play', 'slight ass worship', 'slightly mean Seokjin', 'soft dom seokjin', 'sub Reader']","['Aftercare', 'Biting', 'Hair-pulling', 'Kissing', 'Light Dom/sub', 'Manhandling', 'Naked Female Clothed Male', 'Nipple Play', 'Orgasm Control', 'Orgasm Denial', 'POV Second Person', 'Smut', 'Spanking']","['Breast Play', 'Dom Seokjin', 'Fingering', 'Light breath play', 'Mention of safe word', 'Seokjin calls reader his toy', 'Sir Kink', 'female orgasm', 'implied aftercare', 'light ass play', 'slight ass worship', 'slightly mean Seokjin', 'soft dom seokjin', 'sub Reader']","['Breast Play', 'Dom Seokjin', 'Fingering', 'Sir Kink']",[]
https://golemlab.eu/graph/31569026,kiss it better,your best friend Kim Seokjin makes you an offer you can’t refuse,2021-05-27,3776,Explicit,F/M,Completed,41,seokjin,Alternate Universe | Daddy Kink | Explicit Sexual Content | Fluff | Fluff and Smut | Friends to Lovers | Light Dom/sub | Lots of bad puns | Oral Sex | Roommates | Smut | Use of daddy | jin is a master of oral come on we know those lips are made for it,Kim Seokjin | Jin/Reader,"['Alternate Universe', 'Daddy Kink', 'Explicit Sexual Content', 'Fluff', 'Fluff and Smut', 'Friends to Lovers', 'Light Dom/sub', 'Lots of bad puns', 'Oral Sex', 'Roommates', 'Smut', 'Use of daddy', 'jin is a master of oral come on we know those lips are made for it']","['Alternate Universe', 'Daddy Kink', 'Explicit Sexual Content', 'Fluff', 'Fluff and Smut', 'Friends to Lovers', 'Light Dom/sub', 'Oral Sex', 'Roommates', 'Smut']","['Lots of bad puns', 'Use of daddy', 'jin is a master of oral come on we know those lips are made for it']",[],[]
https://golemlab.eu/graph/32020996,Read at 4 am,"When you received a voice mail from your boss, you didn’t expect him to tell you how good had it been dreaming about you tying him down and fucking him senseless. What kind of face could you use to look at him the next morning, knowing he hasn’t realized he texted the wrong person?",2021-06-18,2798,Explicit,F/M,Completed,41,seokjin,Alternate Universe - Office | CEO Kim Seokjin | Jin | Embarrassment | Face-Sitting | Female Reader | Femdom | Office Sex | Power Play | Semi-Public Sex | Smut | Sub Kim Seokjin | Jin | Verbal Humiliation | dom reader | kinda choking kink? | rope bunny!jin,Kim Seokjin | Jin/Reader,"['Alternate Universe - Office', 'CEO Kim Seokjin', 'Jin', 'Embarrassment', 'Face-Sitting', 'Female Reader', 'Femdom', 'Office Sex', 'Power Play', 'Semi-Public Sex', 'Smut', 'Sub Kim Seokjin', 'Jin', 'Verbal Humiliation', 'dom reader', 'kinda choking kink?', 'rope bunny!jin']","['Alternate Universe - Office', 'Embarrassment', 'Face-Sitting', 'Femdom', 'Office Sex', 'Power Play', 'Semi-Public Sex', 'Smut', 'Verbal Humiliation']","['CEO Kim Seokjin', 'Jin', 'Female Reader', 'Sub Kim Seokjin', 'Jin', 'dom reader', 'kinda choking kink?', 'rope bunny!jin']","['CEO Kim Seokjin', 'Jin', 'Female Reader', 'Sub Kim Seokjin', 'Jin']",[]
https://golemlab.eu/graph/26606146,husband!seokjin (commission #1),seokjin takes care of you after a hard day at work,2020-09-23,1987,Teen And Up Audiences,F/M,Completed,41,seokjin,Domestic Fluff | Slice of Life,Kim Seokjin | Jin/Reader Series: commissions [1],"['Domestic Fluff', 'Slice of Life']","['Domestic Fluff', 'Slice of Life']",[],[],[]
https://golemlab.eu/graph/8812417,I want to scratch you but i love you,The bad luck never fails to pop up in your life . But meeting a cute sassy fur ball will change everything and make your cold heart warm You never thought that hybrids are this beautiful and hot .,2016-12-11,4324,Explicit,F/M,Completed,41,seokjin,Alternate Universe - Crack | Bad Luck | Cat/Human Hybrids | Daddy Kink | Dirty Talk | Explicit Language | Fluff | Fluff and Smut | Food Love | I suck at this | I'm Bad At Tagging | Master/Pet | Pink love | Sex Toys | Sexual Humor | Smut,Kim Seokjin | Jin/Reader,"['Alternate Universe - Crack', 'Bad Luck', 'Cat/Human Hybrids', 'Daddy Kink', 'Dirty Talk', 'Explicit Language', 'Fluff', 'Fluff and Smut', 'Food Love', 'I suck at this', ""I'm Bad At Tagging"", 'Master/Pet', 'Pink love', 'Sex Toys', 'Sexual Humor', 'Smut']","['Alternate Universe - Crack', 'Cat/Human Hybrids', 'Daddy Kink', 'Dirty Talk', 'Explicit Language', 'Fluff', 'Fluff and Smut', ""I'm Bad At Tagging"", 'Master/Pet', 'Sex Toys', 'Sexual Humor', 'Smut']","['Bad Luck', 'Food Love', 'I suck at this', 'Pink love']","['Bad Luck', 'Food Love']",[]
https://golemlab.eu/graph/17390897,game on,"“heeyeon? please give the suspicious man at the front desk a visitor’s pass and give him directions to the gym… yes, it’s him… i know he’s kind of ridiculous, but what can you do? i fell in love with the guy.”",2019-01-18,885,General Audiences,M/M,Completed,41,seokjin,,Kim Seokjin | Jin/Reader,[],[],[],[],[]
https://golemlab.eu/graph/23560954,Meals and Manners,Jin comes home late after a work trip (Thank you for 600).,2020-04-09,3020,Explicit,F/M,Completed,41,seokjin,Cunnilingus | Fingerfucking | Hand Jobs | Light Dom/sub | Reader-Insert | Sub Kim Seokjin | Jin | brief Kim Taehyung | references to threesomes,"Kim Seokjin | Jin/Reader, Kim Seokjin | Jin/You Series: Total Trash But Why Not [2]","['Cunnilingus', 'Fingerfucking', 'Hand Jobs', 'Light Dom/sub', 'Reader-Insert', 'Sub Kim Seokjin', 'Jin', 'brief Kim Taehyung', 'references to threesomes']","['Cunnilingus', 'Fingerfucking', 'Hand Jobs', 'Light Dom/sub', 'Reader-Insert']","['Sub Kim Seokjin', 'Jin', 'brief Kim Taehyung', 'references to threesomes']","['Sub Kim Seokjin', 'Jin']",[]
https://golemlab.eu/graph/6590302,Bewildered Demeanor,"While you are alone your heart beats so fast, the fear but excitement of the next actions he will do settling over your entire figure.",2016-04-18,6738,Mature,F/M,Completed,41,seokjin,Explicit Sexual Content | Jealousy | Light BDSM | Oral Sex | Sex | Sexual Content | Smut,Kim Seokjin | Jin/Reader,"['Explicit Sexual Content', 'Jealousy', 'Light BDSM', 'Oral Sex', 'Sex', 'Sexual Content', 'Smut']","['Explicit Sexual Content', 'Jealousy', 'Light BDSM', 'Oral Sex', 'Sex', 'Sexual Content', 'Smut']",[],[],[]
https://golemlab.eu/graph/19869367,It's not all fun and games,After a night of calling the spirits over a Ouija board you found in your basement your best friend needs a little distraction to not think about the scary ghosts.,2019-07-26,5078,Explicit,F/M,Completed,41,seokjin,Crack | Fluff | Oral Sex | Penetrative Sex | Smut | jin is scared but is he | safe sex,Kim Seokjin | Jin/Reader Series: The Devil's Works [1],"['Crack', 'Fluff', 'Oral Sex', 'Penetrative Sex', 'Smut', 'jin is scared but is he', 'safe sex']","['Crack', 'Fluff', 'Oral Sex', 'Smut']","['Penetrative Sex', 'jin is scared but is he', 'safe sex']",['Penetrative Sex'],[]
https://golemlab.eu/graph/17362580,Leave Me Breathless,Our Worldwide Handsome getting it in.,2019-01-09,1110,Explicit,F/M,Completed,41,seokjin,Couch Cuddles | Cute Kim Seokjin | Jin | Multiple Orgasms | Oral Sex | Plot What Plot/Porn Without Plot | Tags May Change,Kim Seokjin | Jin/Reader,"['Couch Cuddles', 'Cute Kim Seokjin', 'Jin', 'Multiple Orgasms', 'Oral Sex', 'Plot What Plot/Porn Without Plot', 'Tags May Change']","['Couch Cuddles', 'Multiple Orgasms', 'Oral Sex', 'Plot What Plot/Porn Without Plot', 'Tags May Change']","['Cute Kim Seokjin', 'Jin']","['Cute Kim Seokjin', 'Jin']",[]
https://golemlab.eu/graph/8684134,It Would Never Happen Again (College!Au) (Kim Seokjin),"Together in college you were free together, but careers take off, and so does he.",2016-11-28,1176,General Audiences,F/M,Completed,40,seokjin,College | College!AU,Kim Seokjin | Jin/Reader Series: Bangtan One-shots [30],"['College', 'College!AU']",['College'],['College!AU'],['College!AU'],[]
https://golemlab.eu/graph/39998676,A Good Idea,"""Jagiya wake up!"" You feel a heavy weight land on the bed and a hand smack your ass and groan. You can feel sun rays hitting your face and you burrow deeper into your pillow. Maybe if you pretended to still be asleep, whatever is disturbing you will go away. Or rather, whoever. ""I had an idea! What do you think about going to Jeju island today?"" Inspired by Seokjin's Jeju Island instagram spree and THAT picture. Disclaimer: I have zero knowledge of Jeju Island, I apologise for any inaccuracies.",2022-07-01,5467,Explicit,F/M,Completed,40,seokjin,Beach sex that turns into shower sex | Fluff | Mirror Sex | Smut | seokjin's tattoo,Kim Seokjin | Jin/Reader,"['Beach sex that turns into shower sex', 'Fluff', 'Mirror Sex', 'Smut', ""seokjin's tattoo""]","['Fluff', 'Mirror Sex', 'Smut']","['Beach sex that turns into shower sex', ""seokjin's tattoo""]",[],[]
https://golemlab.eu/graph/20013250,Sticky Business,"Haewon and Seokjin meet up for a casual heat/rut arrangement, and they might get just a little bit more.",2019-07-28,13210,Mature,F/M,Completed,40,seokjin,Alpha/Beta/Omega Dynamics | Begging | Blow Jobs | Mating Cycles/In Heat | Pet Names | Plot What Plot/Porn Without Plot | Porn with Feelings,Kim Seokjin | Jin/Reader,"['Alpha/Beta/Omega Dynamics', 'Begging', 'Blow Jobs', 'Mating Cycles/In Heat', 'Pet Names', 'Plot What Plot/Porn Without Plot', 'Porn with Feelings']","['Alpha/Beta/Omega Dynamics', 'Begging', 'Blow Jobs', 'Mating Cycles/In Heat', 'Pet Names', 'Plot What Plot/Porn Without Plot', 'Porn with Feelings']",[],[],[]
https://golemlab.eu/graph/16915317,oppa,"For as long as I could remember, Kim Seokjin has always been apart of my life. He is my best friend after all. I wouldn’t have it any other way…right?",2018-12-09,16889,Teen And Up Audiences,F/M,Completed,40,seokjin,Friends to Lovers | Friendship | NSFW | Romance | Smut | bestfriend!jin | sfw,Kim Seokjin | Jin/Reader,"['Friends to Lovers', 'Friendship', 'NSFW', 'Romance', 'Smut', 'bestfriend!jin', 'sfw']","['Friends to Lovers', 'Friendship', 'Romance', 'Smut']","['NSFW', 'bestfriend!jin', 'sfw']",[],[]
https://golemlab.eu/graph/39025404,Charming,"You and Seokjin are in an arrangement of convenience, one that will enable each of you to claim your inheritance in a year. You've got an iron-clad contract, one that takes into account all eventualities, including romance. What could go wrong?",2022-05-16,8008,Explicit,F/M,Completed,40,seokjin,Chaebol Kim Seokjin | Jin | Explicit Language | Explicit Sexual Content,Kim Seokjin | Jin/Reader Series: Gemini [4],"['Chaebol Kim Seokjin', 'Jin', 'Explicit Language', 'Explicit Sexual Content']","['Explicit Language', 'Explicit Sexual Content']","['Chaebol Kim Seokjin', 'Jin']","['Chaebol Kim Seokjin', 'Jin']",[]
https://golemlab.eu/graph/24662197,His Holy Waters,You need to be punished to atone for your sins.,2020-06-11,2497,Explicit,F/M,Completed,39,seokjin,BDSM | Blasphemy | Degradation | Dom Kim Seokjin | Jin | Dom/sub | Name-Calling | Paddling | Watersports | Whipping | jin calls her a slut,"Kim Seokjin | Jin/Reader, Kim Seokjin | Jin/You","['BDSM', 'Blasphemy', 'Degradation', 'Dom Kim Seokjin', 'Jin', 'Dom/sub', 'Name-Calling', 'Paddling', 'Watersports', 'Whipping', 'jin calls her a slut']","['BDSM', 'Blasphemy', 'Dom/sub', 'Name-Calling', 'Paddling', 'Watersports', 'Whipping']","['Degradation', 'Dom Kim Seokjin', 'Jin', 'jin calls her a slut']","['Degradation', 'Dom Kim Seokjin', 'Jin']",[]
https://golemlab.eu/graph/13957389,pizza?,"what was supposed to be a nice, cozy date at home turns into a food-making party but you know what? he's worth it.",2018-03-14,1404,General Audiences,M/M,Completed,39,seokjin,it's a stay-at-home date | which the guys crash yanno nbd,Kim Seokjin | Jin/Reader,"[""it's a stay-at-home date"", 'which the guys crash yanno nbd']",[],"[""it's a stay-at-home date"", 'which the guys crash yanno nbd']",[],[]
https://golemlab.eu/graph/30895733,Her.,You're his wife’s best friend whom he can't seem to shake even if he wanted to. He can’t seem to figure out why he’s so enamored with you the moment you move to town and he knows he shouldn’t but... he really wants to.,2021-04-26,6878,Mature,F/M,In-Progress,39,seokjin,Begging | Cheating | Cheating Kim Seokjin | Jin | Cock & Ball Torture | Cock Tease | Come Eating | Confused Kim Seokjin | Jin | Cum Eating | Degrading kink | Emotional Manipulation | Forced Orgasm | Grinding | Infidelity | Kim Seokjin | Jin is a Mess | Kissing | Orgasm Denial | Pet Names | Praise Kink | Rough Kissing | Rubbing Sex together | Seokjin getting off with your shoe | Sub Kim Seokjin | Jin | Teasing | Whining | dick stepping | domme reader | handjob | openly cheating | physical attraction | you're his wife best friend,"Kim Seokjin | Jin/Reader, kim seokjin/wife Series: Sub!BTS [16]","['Begging', 'Cheating', 'Cheating Kim Seokjin', 'Jin', 'Cock & Ball Torture', 'Cock Tease', 'Come Eating', 'Confused Kim Seokjin', 'Jin', 'Cum Eating', 'Degrading kink', 'Emotional Manipulation', 'Forced Orgasm', 'Grinding', 'Infidelity', 'Kim Seokjin', 'Jin is a Mess', 'Kissing', 'Orgasm Denial', 'Pet Names', 'Praise Kink', 'Rough Kissing', 'Rubbing Sex together', 'Seokjin getting off with your shoe', 'Sub Kim Seokjin', 'Jin', 'Teasing', 'Whining', 'dick stepping', 'domme reader', 'handjob', 'openly cheating', 'physical attraction', ""you're his wife best friend""]","['Begging', 'Cheating', 'Cock & Ball Torture', 'Cock Tease', 'Come Eating', 'Emotional Manipulation', 'Forced Orgasm', 'Grinding', 'Infidelity', 'Kissing', 'Orgasm Denial', 'Pet Names', 'Praise Kink', 'Rough Kissing', 'Teasing', 'Whining']","['Cheating Kim Seokjin', 'Jin', 'Confused Kim Seokjin', 'Jin', 'Cum Eating', 'Degrading kink', 'Kim Seokjin', 'Jin is a Mess', 'Rubbing Sex together', 'Seokjin getting off with your shoe', 'Sub Kim Seokjin', 'Jin', 'dick stepping', 'domme reader', 'handjob', 'openly cheating', 'physical attraction', ""you're his wife best friend""]","['Cheating Kim Seokjin', 'Jin', 'Confused Kim Seokjin', 'Jin', 'Cum Eating', 'Kim Seokjin', 'Sub Kim Seokjin', 'Jin']",[]
https://golemlab.eu/graph/40486470,you suck!,"“Geez, I’m joking!” he assures you. Is it weird to find a vampire’s laugh endearing? Because you do, and you question all of your life choices in the span of six seconds. “Wow, you’re really uptight, huh?” “Maybe I wouldn’t be if you hadn’t tried to bite me ,” you quip, face beginning to flush with anger. He just laughs harder. “Okay, that’s fair.” “Not to mention,” you continue, a manicured finger jabbing into his chest, “you totally ruined my night. My friends dragged me out to celebrate me, you know? I finally got that promotion at work that should’ve been mine years ago, but my shitty boss gave it to Steve! Fucking Steve . But I finally got it, so my friends were like, ‘Oh my god, let’s go out to celebrate! We’ll buy all your drinks!’ Which—do you know how fucking cheap my friends are? They never pay for drinks! I was drinking on an unlimited tab, and you ruined it, you fucking dickhead! And I’m gonna have to go back to therapy!” (or, the one where everything goes very wrong but a lot more goes very right.)",2022-07-22,18259,Explicit,F/M,Completed,39,seokjin,Alcohol | Alternate Universe - Vampire | Awkward Sexual Situations | Emotional Hurt/Comfort | Fluff and Humor | Found Family | Human/Vampire Relationship | Light Angst | Mentions of sex work | Oral Sex | Roommates | Strangers to Lovers | Swearing | Vaginal Sex | Vampire Kim Seokjin | Jin | completely made up vampire lore,"Kim Seokjin | Jin/Reader, Kim Seokjin | Jin/You","['Alcohol', 'Alternate Universe - Vampire', 'Awkward Sexual Situations', 'Emotional Hurt/Comfort', 'Fluff and Humor', 'Found Family', 'Human/Vampire Relationship', 'Light Angst', 'Mentions of sex work', 'Oral Sex', 'Roommates', 'Strangers to Lovers', 'Swearing', 'Vaginal Sex', 'Vampire Kim Seokjin', 'Jin', 'completely made up vampire lore']","['Alcohol', 'Alternate Universe - Vampire', 'Awkward Sexual Situations', 'Emotional Hurt/Comfort', 'Fluff and Humor', 'Human/Vampire Relationship', 'Light Angst', 'Oral Sex', 'Roommates', 'Strangers to Lovers', 'Swearing', 'Vaginal Sex']","['Found Family', 'Mentions of sex work', 'Vampire Kim Seokjin', 'Jin', 'completely made up vampire lore']","['Found Family', 'Vampire Kim Seokjin', 'Jin']",[]
https://golemlab.eu/graph/11610672,Just Friends,in which two people meet over a skype call due to a friend and become best friends with each other.,2017-07-25,3289,Teen And Up Audiences,F/M,In-Progress,39,seokjin,Alternate Universe | Fluff | Friends to Lovers | online best friends au | plus sized reader,Kim Seokjin | Jin/Reader,"['Alternate Universe', 'Fluff', 'Friends to Lovers', 'online best friends au', 'plus sized reader']","['Alternate Universe', 'Fluff', 'Friends to Lovers']","['online best friends au', 'plus sized reader']",[],[]
https://golemlab.eu/graph/21200771,ways to trick your husband at 3am,"Ahh, the wonders of expecting a child… swollen feet, backaches, help to tie shoelaces. Cravings. Ah, those. When you–your baby–needs a certain thing, you must, by all means, have it. And Seokjin knows that, and even though he thinks he’s always one step ahead, he always loses.",2019-10-27,717,General Audiences,F/M,Completed,38,seokjin,Alternate Universe - Parents | Established Relationship | Expecting Parents | Fluff | Fluff and Humor | Humor,Kim Seokjin | Jin/Reader,"['Alternate Universe - Parents', 'Established Relationship', 'Expecting Parents', 'Fluff', 'Fluff and Humor', 'Humor']","['Alternate Universe - Parents', 'Established Relationship', 'Fluff', 'Fluff and Humor', 'Humor']",['Expecting Parents'],['Expecting Parents'],[]
https://golemlab.eu/graph/15365154,Berry Hunt,"""I'm going to beat you in the championship for hurting my heart this way!"" or, alternatively; the summer camp seokjin fluff no one asked for.",2018-07-20,17859,General Audiences,F/M,Completed,38,seokjin,Summer | Summer Camp | Summer Camp AU | and pickup lines | he's a sweetheart at heart but his head is filled with memes please save him | jin loves puns | summer sports,Kim Seokjin | Jin/Reader Series: You are my lake [3],"['Summer', 'Summer Camp', 'Summer Camp AU', 'and pickup lines', ""he's a sweetheart at heart but his head is filled with memes please save him"", 'jin loves puns', 'summer sports']","['Summer', 'Summer Camp']","['Summer Camp AU', 'and pickup lines', ""he's a sweetheart at heart but his head is filled with memes please save him"", 'jin loves puns', 'summer sports']",['Summer Camp AU'],[]
https://golemlab.eu/graph/25838515,Mea Culpa,"You've traveled long and far to seek out a warlock to be your teacher, but he ends up teaching you more than just magic...",2020-08-11,16935,Explicit,F/M,Completed,38,seokjin,Begging | Choking | Demon Summoning | Dirty Talk | Dom Seokjin | Explicit Sex | Licking | Marking | Mentions Of Infidelity | Mentions of Blood | Mentions of Death | Sir Kink | Swearing | Teasing | Unprotected Sex | hidden identity | impreg kink | kim seokjin x female reader - Freeform | kim seokjin x reader | kim seokjin x you - Freeform | mentions of smoke | mentions of the demon realm | oral after vaginal sex | oral male receiving | readers parents are dead | seokjin feels responsible for someones death | seokjin has a traumatic past | seokjin is charasmatic | seokjin is cunning | seokjin loses consciousness | seokjin passes out | seokjin tricks a demon | seokjin x female reader | seokjin x you - Freeform | slight praise kink | someone is briefly on fire | y/n is big dummy | your parents are dead,"Kim Seokjin | Jin/Reader, kim seokjin x female reader","['Begging', 'Choking', 'Demon Summoning', 'Dirty Talk', 'Dom Seokjin', 'Explicit Sex', 'Licking', 'Marking', 'Mentions Of Infidelity', 'Mentions of Blood', 'Mentions of Death', 'Sir Kink', 'Swearing', 'Teasing', 'Unprotected Sex', 'hidden identity', 'impreg kink', 'kim seokjin x female reader - Freeform', 'kim seokjin x reader', 'kim seokjin x you - Freeform', 'mentions of smoke', 'mentions of the demon realm', 'oral after vaginal sex', 'oral male receiving', 'readers parents are dead', 'seokjin feels responsible for someones death', 'seokjin has a traumatic past', 'seokjin is charasmatic', 'seokjin is cunning', 'seokjin loses consciousness', 'seokjin passes out', 'seokjin tricks a demon', 'seokjin x female reader', 'seokjin x you - Freeform', 'slight praise kink', 'someone is briefly on fire', 'y/n is big dummy', 'your parents are dead']","['Begging', 'Choking', 'Demon Summoning', 'Dirty Talk', 'Licking', 'Marking', 'Swearing', 'Teasing']","['Dom Seokjin', 'Explicit Sex', 'Mentions Of Infidelity', 'Mentions of Blood', 'Mentions of Death', 'Sir Kink', 'Unprotected Sex', 'hidden identity', 'impreg kink', 'kim seokjin x female reader - Freeform', 'kim seokjin x reader', 'kim seokjin x you - Freeform', 'mentions of smoke', 'mentions of the demon realm', 'oral after vaginal sex', 'oral male receiving', 'readers parents are dead', 'seokjin feels responsible for someones death', 'seokjin has a traumatic past', 'seokjin is charasmatic', 'seokjin is cunning', 'seokjin loses consciousness', 'seokjin passes out', 'seokjin tricks a demon', 'seokjin x female reader', 'seokjin x you - Freeform', 'slight praise kink', 'someone is briefly on fire', 'y/n is big dummy', 'your parents are dead']","['Dom Seokjin', 'Explicit Sex', 'Mentions Of Infidelity', 'Sir Kink', 'Unprotected Sex']",[]
https://golemlab.eu/graph/16911375,You Can Do It,Seokjin as a father in the return of superman show,2018-12-08,2356,Teen And Up Audiences,F/M,Completed,38,seokjin,Domestic Fluff | bts as fathers | bts fathers | dad seokjin | husband seokjin | seokjin as a father | the return of superman | tros,Kim Seokjin | Jin/Reader Series: TROS [1],"['Domestic Fluff', 'bts as fathers', 'bts fathers', 'dad seokjin', 'husband seokjin', 'seokjin as a father', 'the return of superman', 'tros']",['Domestic Fluff'],"['bts as fathers', 'bts fathers', 'dad seokjin', 'husband seokjin', 'seokjin as a father', 'the return of superman', 'tros']",[],[]
https://golemlab.eu/graph/29982741,Troublemaker,Jin hates you. You think he’s a typical uptight goody two shoes jock. So what happens when you put your differences aside?,2021-03-11,11869,Explicit,F/M,Completed,38,seokjin,Enemies to Friends to Lovers | Fluff and Smut | Jin/Reader - Freeform | Romantic Kim Seokjin | Jin | Sweet Kim Seokjin | Jin | Troublemaker - Freeform | boyfriend jin | girls who rock | goofy seokjin | jin fluff | jin smut | jock seokjin,Kim Seokjin | Jin/Reader,"['Enemies to Friends to Lovers', 'Fluff and Smut', 'Jin/Reader - Freeform', 'Romantic Kim Seokjin', 'Jin', 'Sweet Kim Seokjin', 'Jin', 'Troublemaker - Freeform', 'boyfriend jin', 'girls who rock', 'goofy seokjin', 'jin fluff', 'jin smut', 'jock seokjin']","['Enemies to Friends to Lovers', 'Fluff and Smut']","['Jin/Reader - Freeform', 'Romantic Kim Seokjin', 'Jin', 'Sweet Kim Seokjin', 'Jin', 'Troublemaker - Freeform', 'boyfriend jin', 'girls who rock', 'goofy seokjin', 'jin fluff', 'jin smut', 'jock seokjin']","['Jin/Reader - Freeform', 'Romantic Kim Seokjin', 'Jin', 'Sweet Kim Seokjin', 'Jin', 'Troublemaker - Freeform']",[]
https://golemlab.eu/graph/35236933,Crystallised Extra Drabbles,More from Crystallised!,2021-11-20,8762,Explicit,F/M,Completed,38,seokjin,College AU | Friends to Lovers | Hair Pulling | Lube | Masturbation | Minor Angst | Oral Sex | Romance | Sex | Smut | Spanking | idiots to lovers | mentions of anal sex | mentions of rimming,"Kim Seokjin | Jin/Reader, Kim Seokjin | Jin/You Series: The Crystallised Saga [5]","['College AU', 'Friends to Lovers', 'Hair Pulling', 'Lube', 'Masturbation', 'Minor Angst', 'Oral Sex', 'Romance', 'Sex', 'Smut', 'Spanking', 'idiots to lovers', 'mentions of anal sex', 'mentions of rimming']","['Friends to Lovers', 'Lube', 'Masturbation', 'Oral Sex', 'Romance', 'Sex', 'Smut', 'Spanking']","['College AU', 'Hair Pulling', 'Minor Angst', 'idiots to lovers', 'mentions of anal sex', 'mentions of rimming']","['College AU', 'Hair Pulling', 'Minor Angst']",[]
https://golemlab.eu/graph/13875162,Cursed,"""You found me in a mall crying over a bowl of noodles I dropped and I swear to god I'm not usually like this I'm just having a really bad week.""",2018-03-05,967,General Audiences,F/M,Completed,37,seokjin,First Meeting | Fluff | Oneshot | this is just pure and also unfortunate for alex tbh,Kim Seokjin | Jin/Reader,"['First Meeting', 'Fluff', 'Oneshot', 'this is just pure and also unfortunate for alex tbh']",['Fluff'],"['First Meeting', 'Oneshot', 'this is just pure and also unfortunate for alex tbh']","['First Meeting', 'Oneshot']",[]
https://golemlab.eu/graph/35492995,birthday surprise,"You should’ve known better. You really should’ve. It was the poor boy’s birthday and here you were, cocooned in blankets as you humped your vibrator dry. How could you be held responsible, what with the pandemic leaving you with endless hours to stick to Seokjin like glue? Don’t get you wrong, you were beyond happy that Jin and the rest of the boys were finally back on stage, performing to their heart’s content as they were reunited with their fans. But that wouldn’t stop you from craving him at all and any hours of the day. So here you are, awkwardly trying to pretend you were asleep with a vibe whirring inside you.",2021-12-04,4495,Explicit,F/M,Completed,37,seokjin,Blow Jobs | Choking | Cunnilingus | Established Relationship | Face-Fucking | Fluff | Fluff and Smut | Happy Birthday Kim Seokjin | Jin | Idol AU | Idol Kim Seokjin | Jin | Jin has a thing for your butt | Kim Seokjin | Jin-centric | Masturbation | Multiple Orgasms | Nipple Licking | Oral Sex | PWP without Porn | Sex Toys | Simultaneous Orgasm | Smut | So much kissing | Vaginal Fingering | Vaginal Sex | and im sick | and your boobs | basically you | jealousy is a goddamn disease | seokjinfest's Kim Seokjin Fest 2021 | so many i love yous,"Kim Seokjin | Jin/Reader, Kim Seokjin | Jin/You","['Blow Jobs', 'Choking', 'Cunnilingus', 'Established Relationship', 'Face-Fucking', 'Fluff', 'Fluff and Smut', 'Happy Birthday Kim Seokjin', 'Jin', 'Idol AU', 'Idol Kim Seokjin', 'Jin', 'Jin has a thing for your butt', 'Kim Seokjin', 'Jin-centric', 'Masturbation', 'Multiple Orgasms', 'Nipple Licking', 'Oral Sex', 'PWP without Porn', 'Sex Toys', 'Simultaneous Orgasm', 'Smut', 'So much kissing', 'Vaginal Fingering', 'Vaginal Sex', 'and im sick', 'and your boobs', 'basically you', 'jealousy is a goddamn disease', ""seokjinfest's Kim Seokjin Fest 2021"", 'so many i love yous']","['Blow Jobs', 'Choking', 'Cunnilingus', 'Established Relationship', 'Face-Fucking', 'Fluff', 'Fluff and Smut', 'Masturbation', 'Multiple Orgasms', 'Nipple Licking', 'Oral Sex', 'PWP without Porn', 'Sex Toys', 'Simultaneous Orgasm', 'Smut', 'Vaginal Fingering', 'Vaginal Sex']","['Happy Birthday Kim Seokjin', 'Jin', 'Idol AU', 'Idol Kim Seokjin', 'Jin', 'Jin has a thing for your butt', 'Kim Seokjin', 'Jin-centric', 'So much kissing', 'and im sick', 'and your boobs', 'basically you', 'jealousy is a goddamn disease', ""seokjinfest's Kim Seokjin Fest 2021"", 'so many i love yous']","['Happy Birthday Kim Seokjin', 'Jin', 'Idol AU', 'Idol Kim Seokjin', 'Jin', 'Kim Seokjin']",[]
https://golemlab.eu/graph/10523232,All For You (M),You start it but he soon takes the reins.,2017-04-02,2305,Mature,F/M,Completed,37,seokjin,Fluff and Smut | One Shot,Kim Seokjin | Jin/Reader,"['Fluff and Smut', 'One Shot']","['Fluff and Smut', 'One Shot']",[],[],[]
https://golemlab.eu/graph/19304164,Just A Taste,Jin loves two things: cooking and making you cum. Tonight he's doing both to celebrate your anniversary.,2019-06-26,4594,Mature,F/M,Completed,37,seokjin,Finger Sucking | Fingerfucking | Food Kink | Hand & Finger Kink | Licking | Oral Sex | Orgasm Delay | Orgasms | Smut | Vaginal Fingering,Kim Seokjin | Jin/Reader,"['Finger Sucking', 'Fingerfucking', 'Food Kink', 'Hand & Finger Kink', 'Licking', 'Oral Sex', 'Orgasm Delay', 'Orgasms', 'Smut', 'Vaginal Fingering']","['Finger Sucking', 'Fingerfucking', 'Food Kink', 'Hand & Finger Kink', 'Licking', 'Oral Sex', 'Orgasm Delay', 'Smut', 'Vaginal Fingering']",['Orgasms'],['Orgasms'],[]
https://golemlab.eu/graph/26533687,The Dream Job,"When you landed your dream job, you didn't expect to land on your dream man too.",2020-09-18,3942,Mature,F/M,Completed,37,seokjin,Car Sex | Fluff and Smut | I Don't Even Know | Oral Sex | Semi-Public Sex | Smut | Vaginal Sex,Kim Seokjin | Jin/Reader,"['Car Sex', 'Fluff and Smut', ""I Don't Even Know"", 'Oral Sex', 'Semi-Public Sex', 'Smut', 'Vaginal Sex']","['Car Sex', 'Fluff and Smut', ""I Don't Even Know"", 'Oral Sex', 'Semi-Public Sex', 'Smut', 'Vaginal Sex']",[],[],[]
https://golemlab.eu/graph/12763404,Dr. Kim Seok-Jin,"Today was the absolute worst day of your life- being late for school, forgetting about a hundred point test, and a sprained ankle as the cherry on top. However, this changes when you meet possibly the most handsome person ever.",2017-11-19,1906,General Audiences,F/M,Completed,37,seokjin,Alternate Universe - Jjeoreo | Dope | Doctor Jin | Fluff and Humor | I Don't Even Know | No Smut | not exactly,Kim Seokjin | Jin/Reader,"['Alternate Universe - Jjeoreo', 'Dope', 'Doctor Jin', 'Fluff and Humor', ""I Don't Even Know"", 'No Smut', 'not exactly']","['Fluff and Humor', ""I Don't Even Know"", 'No Smut']","['Alternate Universe - Jjeoreo', 'Dope', 'Doctor Jin', 'not exactly']","['Alternate Universe - Jjeoreo', 'Dope', 'Doctor Jin']",[]
https://golemlab.eu/graph/15434778,Shy Guy,"❝ Seokjin really didn’t care if playing Mario Games decreased his attractiveness from the point of view of some girls. He loved Mario. Plus, he was worldwide handsome. If anything, playing Mario only added to his handsomeness, he thought. ❞",2018-07-26,2122,General Audiences,F/M,Completed,37,seokjin,Airport Fluff | Fluff | Idol Kim Seokjin | Jin | Inspired by BTS Festa | literally just fluff,Kim Seokjin | Jin/Reader Series: oneshots [1],"['Airport Fluff', 'Fluff', 'Idol Kim Seokjin', 'Jin', 'Inspired by BTS Festa', 'literally just fluff']",['Fluff'],"['Airport Fluff', 'Idol Kim Seokjin', 'Jin', 'Inspired by BTS Festa', 'literally just fluff']","['Airport Fluff', 'Idol Kim Seokjin', 'Jin']",[]
https://golemlab.eu/graph/14158575,Car wash,"What better way to spend your only time off, if not doing absolutely nothing? Y/N goes to prove her boyfriend wrong by washing her car, which can be fun and productive as much as cooking. Will Jin ever see it as fun?",2018-03-31,4135,General Audiences,F/M,Completed,37,seokjin,Cheesy | Domestic Fluff | Established Relationship | Fluff | Love | Making Out | Romance,Kim Seokjin | Jin/Reader,"['Cheesy', 'Domestic Fluff', 'Established Relationship', 'Fluff', 'Love', 'Making Out', 'Romance']","['Cheesy', 'Domestic Fluff', 'Established Relationship', 'Fluff', 'Love', 'Making Out', 'Romance']",[],[],[]
https://golemlab.eu/graph/20871272,one kiss is all it takes,"""Someone you trust?"" ""Hm?"" ""You said you want your first kiss to be with someone you trust."" You nod, ""Yeah,"" thinking he's going to ask you more about how you picture your first kiss, or maybe suggest someone you both know. But what he says completely catches you off guard. ""Do you trust me? """,2019-10-03,900,Teen And Up Audiences,F/M,Completed,37,seokjin,CHEESY AF BUT IDC BECAUSE UWU | Cheesy | First Kiss | Fluff | Friends to Lovers | i'm so soft,Kim Seokjin | Jin/Reader,"['CHEESY AF BUT IDC BECAUSE UWU', 'Cheesy', 'First Kiss', 'Fluff', 'Friends to Lovers', ""i'm so soft""]","['Cheesy', 'First Kiss', 'Fluff', 'Friends to Lovers']","['CHEESY AF BUT IDC BECAUSE UWU', ""i'm so soft""]",[],[]
https://golemlab.eu/graph/6381022,Strangers,"Type: Scenario Pairing: Seokjin, You Genre: Fluff Words: 572",2016-03-28,553,General Audiences,Gen,Completed,36,seokjin,Fluff | One Shot | Scenario | imagine,Kim Seokjin | Jin/Reader Series: Scenarios [20],"['Fluff', 'One Shot', 'Scenario', 'imagine']","['Fluff', 'One Shot']","['Scenario', 'imagine']",['Scenario'],[]
https://golemlab.eu/graph/21354292,Rainy Days,The rain has a way of putting you in a mood.,2019-11-08,2586,Explicit,F/M,Completed,36,seokjin,Fluff and Smut,Kim Seokjin | Jin/Reader,['Fluff and Smut'],['Fluff and Smut'],[],[],[]
https://golemlab.eu/graph/18473410,dom jin,big long thing about what kind of dom jin is - see notes,2019-04-15,998,Mature,F/M,Completed,36,seokjin,,Kim Seokjin | Jin/Reader,[],[],[],[],[]
https://golemlab.eu/graph/21558883,definitely you,"money can buy you everything, well, not everything, it can’t buy love. seokjin had found that out and now he remained wifeless. little did he know he would find love where he least expected it.",2019-11-25,12263,Mature,F/M,Completed,36,seokjin,Originally Posted on Tumblr | Rich Kim Seokjin | Jin | forbiden love i guess | reader is a baker | seokjin used to be poor tho | the kim line are the kim brothers in this one | they get a happy ending i promise,Kim Seokjin | Jin/Reader Series: the history of us [3],"['Originally Posted on Tumblr', 'Rich Kim Seokjin', 'Jin', 'forbiden love i guess', 'reader is a baker', 'seokjin used to be poor tho', 'the kim line are the kim brothers in this one', 'they get a happy ending i promise']",['Originally Posted on Tumblr'],"['Rich Kim Seokjin', 'Jin', 'forbiden love i guess', 'reader is a baker', 'seokjin used to be poor tho', 'the kim line are the kim brothers in this one', 'they get a happy ending i promise']","['Rich Kim Seokjin', 'Jin']",[]
https://golemlab.eu/graph/21419821,Clink,"Genre: Smut with Kim Seokjin x Female Reader Warnings: Restraint, metal cuffs, without giving too much away you’re restrained to something making you kneel before him. A really bad movie reference but it makes sense. Voyeurism (sort of). Summary: You finally get a glimpse of Jin taking his Dominating role at an unexpected time. Reference: I Feel Like I’m Drowning by Two Feet. Request: Baby wants attention. Baby wants that one *points at Seokjin * please kiki I’ve been good 🍼💦✨ @sweet-teeth-mfs Notes: As I’ve mentioned before, I personally feel Jin is quite a dominating character so this might not be how you see Jinnie. I’ve written him how I see him so I hope you like. All rights reserved ©Gotmetalkinginmysleep",2019-11-13,1133,Explicit,F/M,Completed,36,seokjin,Begging | Bondage | Dom/sub | Male Solo | Oral Sex | Restraints | Voyeurism,Kim Seokjin | Jin/Reader,"['Begging', 'Bondage', 'Dom/sub', 'Male Solo', 'Oral Sex', 'Restraints', 'Voyeurism']","['Begging', 'Bondage', 'Dom/sub', 'Male Solo', 'Oral Sex', 'Restraints', 'Voyeurism']",[],[],[]
https://golemlab.eu/graph/14765735,Eat Jin,Short and tasty,2018-05-27,203,Explicit,F/M,Completed,36,seokjin,Food Kink | Smut,Kim Seokjin | Jin/Reader,"['Food Kink', 'Smut']","['Food Kink', 'Smut']",[],[],[]
https://golemlab.eu/graph/21419785,The Lift,"Genre: Implied smut and comedy with Seokjin x Female Reader (Y/N) Warnings: Spanking, reader is drunk, really bad jokes (not from Jin surprisingly), established relationship Summary: You have a free pass to go out with your friends instead of spending the night with Jin. However, being your ride home is a little more troublesome than he first thought. Reference: There’s Nothing Holdin’ Me Back by Shawn Mendes All rights reserved ©Gotmetalkinginmysleep",2019-11-13,900,Explicit,F/M,Completed,35,seokjin,Biting | Comedy | Drunkenness | Spanking,Kim Seokjin | Jin/Reader,"['Biting', 'Comedy', 'Drunkenness', 'Spanking']","['Biting', 'Comedy', 'Drunkenness', 'Spanking']",[],[],[]
https://golemlab.eu/graph/39147801,fwb with bts ♡ jin,how jin becomes your friend with benefits,2022-05-22,1030,Explicit,F/M,Completed,35,seokjin,Cunnilingus | Fingering | Friends to Lovers | Smut | Unprotected Sex | jin is a bit whipped | non-idol!au,Kim Seokjin | Jin/Reader Series: friends with benefits with bts [1],"['Cunnilingus', 'Fingering', 'Friends to Lovers', 'Smut', 'Unprotected Sex', 'jin is a bit whipped', 'non-idol!au']","['Cunnilingus', 'Friends to Lovers', 'Smut']","['Fingering', 'Unprotected Sex', 'jin is a bit whipped', 'non-idol!au']","['Fingering', 'Unprotected Sex']",[]
https://golemlab.eu/graph/19213570,Bon Appetit: Kim Seokjin,,2019-06-14,7070,Teen And Up Audiences,F/M,Completed,35,seokjin,Fanfic | Fluff | bts - Freeform,Kim Seokjin | Jin/Reader,"['Fanfic', 'Fluff', 'bts - Freeform']",['Fluff'],"['Fanfic', 'bts - Freeform']",['Fanfic'],[]
https://golemlab.eu/graph/26782240,Amaretto Sour,"Hongdae nights, alcoholic drinks, and last-minute decisions - these are a few of your favorite things.",2020-10-03,12374,Explicit,F/M,Completed,35,seokjin,Biting | Copious amounts of snarky flirting | Marking | Narcissistic!Jin | Rough Kissing | Rough Sex | Smoker!Jin | Tattooed!Jin | dirty words | lots and lots of alcohol | love motels,Kim Seokjin | Jin/Reader,"['Biting', 'Copious amounts of snarky flirting', 'Marking', 'Narcissistic!Jin', 'Rough Kissing', 'Rough Sex', 'Smoker!Jin', 'Tattooed!Jin', 'dirty words', 'lots and lots of alcohol', 'love motels']","['Biting', 'Marking', 'Rough Kissing', 'Rough Sex']","['Copious amounts of snarky flirting', 'Narcissistic!Jin', 'Smoker!Jin', 'Tattooed!Jin', 'dirty words', 'lots and lots of alcohol', 'love motels']","['Narcissistic!Jin', 'Smoker!Jin', 'Tattooed!Jin']",[]
https://golemlab.eu/graph/22321114,Ravenous,"Genre: Smut with Seokjin x Female Reader (Y/N) Warnings: Unprotected sex (please be safe folks), slightly public and driving, swearing, oral sex (female receiving) Summary: You held Jin in suspense all night after saying you had a naughty surprise for him. Reference: Confident by Justin Bieber All rights reserved ©Gotmetalkinginmysleep",2020-01-19,1567,Explicit,F/M,Completed,35,seokjin,Oral Sex | Semi-Public Sex | Swearing | Vaginal Sex,Kim Seokjin | Jin/Reader,"['Oral Sex', 'Semi-Public Sex', 'Swearing', 'Vaginal Sex']","['Oral Sex', 'Semi-Public Sex', 'Swearing', 'Vaginal Sex']",[],[],[]
https://golemlab.eu/graph/25420291,Shadows of the Moon,"In this Y/N x Kim Seokjin centered fanfic set in 1st person with interchanging POVs: No longer able to take the abuse from your dangerously rich fiance Hoseok, you pack all you can carry and quickly leave your old life behind one rainy night; running away to Seoul. You have to hide, think of a plan to start a new life, but with no money or a place to stay, you find yourself calling up your old best friend Jimin who takes you in. Knowing your struggle he offers you an open interview at Kim Conglomerate where he works in partner with Kim Taehyung and their boss. When you meet Kim Seokjin, CEO of the company and owner of the famous Moon Lounge, you feel a sudden spark with him you can't explain. Becoming his secretary pulls you into a world of glamour and darkness, with people crashing into your life who you never wanted or expected to meet. One of those people is gangster Min Yoongi, King of an underground drug-ring and part-owner of Jimin's nightclub The Black Swan. Another is Jeon Jungkook, a young punk who got himself caught up in Yoongi's game, while Officer Kim Namjoon works to take them all down. In these shadows filled with riches, romance and deceit, will you and your heart survive?",2020-07-21,16633,Mature,F/M,In-Progress,35,seokjin,Abusive Relationships | Alternate Universe - Gangsters | Angst and Hurt/Comfort | Angst and Romance | Bars and Pubs | Betrayal | Blood and Injury | Blood and Violence | Business Owner Kim Seokjin | Jin | Clubbing | Drama | Drug Dealing | Fluff | Gangsters | Guns | Implied/Referenced Abuse | Kim Seokjin | Jin-centric | Knives | Lies | Love | Love Triangles | Mild Smut | Money | Non-Graphic Smut | Passion | Police Officer Kim Namjoon | RM | Protectiveness | References to Drugs | Rich Jung Hoseok | J-Hope | Rich Kim Seokjin | Jin | Slow To Update,"Kim Seokjin | Jin/Reader, Kim Seokjin | Jin/You","['Abusive Relationships', 'Alternate Universe - Gangsters', 'Angst and Hurt/Comfort', 'Angst and Romance', 'Bars and Pubs', 'Betrayal', 'Blood and Injury', 'Blood and Violence', 'Business Owner Kim Seokjin', 'Jin', 'Clubbing', 'Drama', 'Drug Dealing', 'Fluff', 'Gangsters', 'Guns', 'Implied/Referenced Abuse', 'Kim Seokjin', 'Jin-centric', 'Knives', 'Lies', 'Love', 'Love Triangles', 'Mild Smut', 'Money', 'Non-Graphic Smut', 'Passion', 'Police Officer Kim Namjoon', 'RM', 'Protectiveness', 'References to Drugs', 'Rich Jung Hoseok', 'J-Hope', 'Rich Kim Seokjin', 'Jin', 'Slow To Update']","['Abusive Relationships', 'Alternate Universe - Gangsters', 'Angst and Hurt/Comfort', 'Angst and Romance', 'Bars and Pubs', 'Betrayal', 'Blood and Injury', 'Blood and Violence', 'Clubbing', 'Drama', 'Drug Dealing', 'Fluff', 'Gangsters', 'Guns', 'Implied/Referenced Abuse', 'Knives', 'Lies', 'Love', 'Love Triangles', 'Mild Smut', 'Money', 'Non-Graphic Smut', 'Passion', 'Protectiveness', 'References to Drugs', 'Slow To Update']","['Business Owner Kim Seokjin', 'Jin', 'Kim Seokjin', 'Jin-centric', 'Police Officer Kim Namjoon', 'RM', 'Rich Jung Hoseok', 'J-Hope', 'Rich Kim Seokjin', 'Jin']","['Business Owner Kim Seokjin', 'Jin', 'Kim Seokjin', 'Police Officer Kim Namjoon', 'Rich Jung Hoseok', 'J-Hope', 'Rich Kim Seokjin', 'Jin']",[]
https://golemlab.eu/graph/14808014,My Soft Psycho: He'll Treat You Right,"Y/N, Seokjin. Smartass, Psycho. What happens when these two correlate? Unpredictable things and a whirlwind of weird stuff. Both are broken in different ways, yet some are similar. But one thing they can agree on is the one phrase. ""Don't Leave Me."" . . . . . . If you want to read ahead, the rest of the chapters are on Wattpad. The story name is the same, but my username on Wattpad is oppaiscringe.",2018-05-31,4370,Teen And Up Audiences,F/M,In-Progress,35,seokjin,Assassin J-Hope | Brother-Sister Relationships | Graphic Violence | Information Broker Yoongi | Psycho Jin | Psycho RM | Psycho Taehyung | Reader is Yoongi's sister | Regular Jungkook | Yandere RM | Yandere Taehyung | You Have Been Warned | add more tags later | scientist jimin | yandere jin,Kim Seokjin | Jin/Reader,"['Assassin J-Hope', 'Brother-Sister Relationships', 'Graphic Violence', 'Information Broker Yoongi', 'Psycho Jin', 'Psycho RM', 'Psycho Taehyung', ""Reader is Yoongi's sister"", 'Regular Jungkook', 'Yandere RM', 'Yandere Taehyung', 'You Have Been Warned', 'add more tags later', 'scientist jimin', 'yandere jin']","['Brother-Sister Relationships', 'You Have Been Warned']","['Assassin J-Hope', 'Graphic Violence', 'Information Broker Yoongi', 'Psycho Jin', 'Psycho RM', 'Psycho Taehyung', ""Reader is Yoongi's sister"", 'Regular Jungkook', 'Yandere RM', 'Yandere Taehyung', 'add more tags later', 'scientist jimin', 'yandere jin']","['Assassin J-Hope', 'Graphic Violence', 'Information Broker Yoongi', 'Psycho Jin', 'Psycho RM', 'Psycho Taehyung', 'Regular Jungkook', 'Yandere RM', 'Yandere Taehyung']",[]
https://golemlab.eu/graph/5304698,Home,Thanks for reading :D,2015-12-26,410,General Audiences,F/M,Completed,35,seokjin,Drabble | Short | late night | sleepy,Kim Seokjin | Jin/Reader,"['Drabble', 'Short', 'late night', 'sleepy']","['Drabble', 'Short']","['late night', 'sleepy']",[],[]
https://golemlab.eu/graph/25854043,Joke's on You,"You blame everything on Jungkook. Sure, the prank war started because Jin and you wanted to put the brat in his place, but it takes an unexpected turn neither of you expected.",2020-08-12,2927,Teen And Up Audiences,F/M,Completed,34,seokjin,Fluff | Humor | Language | Prank War,Kim Seokjin | Jin/Reader,"['Fluff', 'Humor', 'Language', 'Prank War']","['Fluff', 'Humor', 'Language']",['Prank War'],['Prank War'],[]
https://golemlab.eu/graph/35122909,"Love, Lust, and Life Mushrooms","Jin has had a very specific fantasy for a long time, and he’s decided that he wants to make it a reality. Will your relationship be strong enough for the strain this puts on it? Or will the two of you come out of it stronger than ever?",2021-11-14,7049,Explicit,F/M,Completed,34,seokjin,Alternate Universe - Domestic | Apology Sex | Crack | Crack Treated Seriously | Established Relationship | Face-Fucking | Fluff | Mild Degradation | Oral Sex | Pet Names | Porn With Plot | Roleplay | Smut | Soft Dom Kim Seokjin | Jin | Squirting | Swearing | Unprotected Sex | Vaginal Sex | Vibrators | abundant use of semi-colons | bowser is just a friend | conversations about lying and withholding information | embarassing gifts in the work place | inappropriate use of a princess peach costume | jokes about kink-shaming | mario x peach fantasy | minor domestic disputes | no goombas were harmed in the making of this fic | one (1) vibrating mario mustache | seokjin refers to his dick as a mushroom at least twice | taking relationships to the next level | the barest hint of angst,Kim Seokjin | Jin/Reader,"['Alternate Universe - Domestic', 'Apology Sex', 'Crack', 'Crack Treated Seriously', 'Established Relationship', 'Face-Fucking', 'Fluff', 'Mild Degradation', 'Oral Sex', 'Pet Names', 'Porn With Plot', 'Roleplay', 'Smut', 'Soft Dom Kim Seokjin', 'Jin', 'Squirting', 'Swearing', 'Unprotected Sex', 'Vaginal Sex', 'Vibrators', 'abundant use of semi-colons', 'bowser is just a friend', 'conversations about lying and withholding information', 'embarassing gifts in the work place', 'inappropriate use of a princess peach costume', 'jokes about kink-shaming', 'mario x peach fantasy', 'minor domestic disputes', 'no goombas were harmed in the making of this fic', 'one (1) vibrating mario mustache', 'seokjin refers to his dick as a mushroom at least twice', 'taking relationships to the next level', 'the barest hint of angst']","['Alternate Universe - Domestic', 'Crack', 'Crack Treated Seriously', 'Established Relationship', 'Face-Fucking', 'Fluff', 'Oral Sex', 'Pet Names', 'Porn With Plot', 'Roleplay', 'Smut', 'Swearing', 'Vaginal Sex', 'Vibrators']","['Apology Sex', 'Mild Degradation', 'Soft Dom Kim Seokjin', 'Jin', 'Squirting', 'Unprotected Sex', 'abundant use of semi-colons', 'bowser is just a friend', 'conversations about lying and withholding information', 'embarassing gifts in the work place', 'inappropriate use of a princess peach costume', 'jokes about kink-shaming', 'mario x peach fantasy', 'minor domestic disputes', 'no goombas were harmed in the making of this fic', 'one (1) vibrating mario mustache', 'seokjin refers to his dick as a mushroom at least twice', 'taking relationships to the next level', 'the barest hint of angst']","['Apology Sex', 'Mild Degradation', 'Soft Dom Kim Seokjin', 'Jin', 'Squirting', 'Unprotected Sex']",[]
https://golemlab.eu/graph/16978839,Yandere Jin -1,,2018-12-13,378,Mature,F/M,Completed,34,seokjin,Obsession | Possessive Behavior | Yandere | Yandere BTS | Yandere series | bts - Freeform | bts fanfic | obsessed,Kim Seokjin | Jin/Reader Series: Yandere Jin [1],"['Obsession', 'Possessive Behavior', 'Yandere', 'Yandere BTS', 'Yandere series', 'bts - Freeform', 'bts fanfic', 'obsessed']","['Obsession', 'Possessive Behavior', 'Yandere']","['Yandere BTS', 'Yandere series', 'bts - Freeform', 'bts fanfic', 'obsessed']",['Yandere BTS'],[]
https://golemlab.eu/graph/16927749,Pretty,Because you love to be admired. And Seokjin loves to watch you.,2018-12-09,1422,Mature,F/M,Completed,34,seokjin,Lingerie | No Plot/Plotless | No Sex | Praise Kink | Voyeurism,Kim Seokjin | Jin/Reader Series: BTS x Reader Scenarios [2],"['Lingerie', 'No Plot/Plotless', 'No Sex', 'Praise Kink', 'Voyeurism']","['Lingerie', 'No Plot/Plotless', 'No Sex', 'Praise Kink', 'Voyeurism']",[],[],[]
https://golemlab.eu/graph/26475370,Burnt Pork | Kim Seokjin x reader,You decide to take an trip to see Seokjin in South Korea to surprise him.,2020-09-15,2097,General Audiences,F/M,Completed,33,seokjin,Fluff | surprising your boyfriend | traveling overseas,Kim Seokjin | Jin/Reader,"['Fluff', 'surprising your boyfriend', 'traveling overseas']",['Fluff'],"['surprising your boyfriend', 'traveling overseas']",[],[]
https://golemlab.eu/graph/30222459,Solitary Host,"""I've been dying for someone to walk through that door and aren't I lucky it's a pretty thing like you to keep me entertained.""",2021-03-23,9914,Mature,F/M,Completed,33,seokjin,Angst | Demon AU | Demon!Jin | Minor Character Death | Smut,Kim Seokjin | Jin/Reader,"['Angst', 'Demon AU', 'Demon!Jin', 'Minor Character Death', 'Smut']","['Angst', 'Minor Character Death', 'Smut']","['Demon AU', 'Demon!Jin']","['Demon AU', 'Demon!Jin']",[]
https://golemlab.eu/graph/16049645,Strings,"Warning: NSFW, NC-17+. Explicit Content.",2018-09-20,6296,Explicit,F/M,Completed,33,seokjin,Friends With Benefits | Smut,Kim Seokjin | Jin/Reader,"['Friends With Benefits', 'Smut']","['Friends With Benefits', 'Smut']",[],[],[]
https://golemlab.eu/graph/29458071,Just one night,,2021-02-15,2842,Explicit,F/M,Completed,33,seokjin,Blow Jobs | One Night Stands | One Shot | Oral Sex | Rough Sex | Vaginal Fingering | Vaginal Sex,Kim Seokjin | Jin/Reader,"['Blow Jobs', 'One Night Stands', 'One Shot', 'Oral Sex', 'Rough Sex', 'Vaginal Fingering', 'Vaginal Sex']","['Blow Jobs', 'One Night Stands', 'One Shot', 'Oral Sex', 'Rough Sex', 'Vaginal Fingering', 'Vaginal Sex']",[],[],[]
https://golemlab.eu/graph/18791041,I'm Sorry I'm Late,"Anonymous asked “2,4,5,2″ 2.Fluff 4.Jin 5.Campus 2.Sorry",2019-05-11,1044,General Audiences,F/M,Completed,33,seokjin,Fluff,Kim Seokjin | Jin/Reader Series: BTS Drabble Game [6],['Fluff'],['Fluff'],[],[],[]
https://golemlab.eu/graph/12287076,Extraordinary,"You were anything but extraordinary... until he came along. Connecting drabbles featuring Jin/reader, not necessarily in order. Loosely inspired by Jin's scenes in the Love Yourself highlight reel. Mainly a ""What if?"" scenario in which Jin commits the ultimate k-pop idol taboo.",2017-10-07,432,General Audiences,F/M,In-Progress,33,seokjin,Alternate Universe - Canon Divergence | Celebrity Crush | Dating | Domestic | Drabble | Drabble Collection | Falling In Love | Friends to Lovers | Friendship | Language Barrier | Meet-Cute | Online Friendship | Online Relationship | Reader-Insert | Slice of Life | This Is Why We Can't Have Nice Things | Why Did I Write This?,Kim Seokjin | Jin/Reader,"['Alternate Universe - Canon Divergence', 'Celebrity Crush', 'Dating', 'Domestic', 'Drabble', 'Drabble Collection', 'Falling In Love', 'Friends to Lovers', 'Friendship', 'Language Barrier', 'Meet-Cute', 'Online Friendship', 'Online Relationship', 'Reader-Insert', 'Slice of Life', ""This Is Why We Can't Have Nice Things"", 'Why Did I Write This?']","['Alternate Universe - Canon Divergence', 'Celebrity Crush', 'Dating', 'Domestic', 'Drabble', 'Drabble Collection', 'Falling In Love', 'Friends to Lovers', 'Friendship', 'Language Barrier', 'Meet-Cute', 'Online Friendship', 'Online Relationship', 'Reader-Insert', 'Slice of Life', ""This Is Why We Can't Have Nice Things"", 'Why Did I Write This?']",[],[],[]
https://golemlab.eu/graph/23499622,My Epiphany,"When a potion experiment goes wrong and turns you into a dog hybrid, Gryffindor Kim Seokjin takes you under his wing helping you adjust to your new self. ----- Prompt Credit: Ungnyeo's ""Hybrid Worldbuilding"". [ Completed ]",2020-04-05,18893,Teen And Up Audiences,F/M,Completed,33,seokjin,Angst | Clingy | Eventual Romance | Fluff | Friends to Lovers | Harry Potter AU | Hybrid AU | Mild Language | Scent Marking | Slow Burn,Kim Seokjin | Jin/Reader,"['Angst', 'Clingy', 'Eventual Romance', 'Fluff', 'Friends to Lovers', 'Harry Potter AU', 'Hybrid AU', 'Mild Language', 'Scent Marking', 'Slow Burn']","['Angst', 'Eventual Romance', 'Fluff', 'Friends to Lovers', 'Mild Language', 'Scent Marking', 'Slow Burn']","['Clingy', 'Harry Potter AU', 'Hybrid AU']","['Clingy', 'Harry Potter AU', 'Hybrid AU']",[]
https://golemlab.eu/graph/10856454,A Change in Seasons,Because with the turn of a new season comes change.,2017-05-08,1919,Teen And Up Audiences,F/M,Completed,33,seokjin,Angst | Fluff | photographer jin,Kim Seokjin | Jin/Reader,"['Angst', 'Fluff', 'photographer jin']","['Angst', 'Fluff']",['photographer jin'],[],[]
https://golemlab.eu/graph/16934691,Happy Birthday,,2018-12-10,652,Explicit,F/M,Completed,33,seokjin,Fluff | Smut,"Kim Seokjin | Jin/Reader, Kim Seokjin | Jin/You","['Fluff', 'Smut']","['Fluff', 'Smut']",[],[],[]
https://golemlab.eu/graph/11309130,Girl Meets Evil,,2017-06-26,5770,Explicit,F/M,Completed,32,seokjin,Alternate Universe - Demons | Blood | Blow Jobs | King of hell Jin | Oral Sex | Porn With Plot | Vaginal Sex,Kim Seokjin | Jin/Reader,"['Alternate Universe - Demons', 'Blood', 'Blow Jobs', 'King of hell Jin', 'Oral Sex', 'Porn With Plot', 'Vaginal Sex']","['Alternate Universe - Demons', 'Blood', 'Blow Jobs', 'Oral Sex', 'Porn With Plot', 'Vaginal Sex']",['King of hell Jin'],[],[]
https://golemlab.eu/graph/15998030,and then it rained bullets;,prompt: the world’s best marksman prepares to kill the world’s luckiest man.,2018-09-15,2325,Explicit,F/M,Completed,32,seokjin,Angst | DC AU - Freeform | Deadshot AU | Explicit Language | Fluff | Mafia AU | Non-Graphic Violence | Smut | bad words | honestly people get shot,Kim Seokjin | Jin/Reader,"['Angst', 'DC AU - Freeform', 'Deadshot AU', 'Explicit Language', 'Fluff', 'Mafia AU', 'Non-Graphic Violence', 'Smut', 'bad words', 'honestly people get shot']","['Angst', 'Explicit Language', 'Fluff', 'Non-Graphic Violence', 'Smut']","['DC AU - Freeform', 'Deadshot AU', 'Mafia AU', 'bad words', 'honestly people get shot']","['DC AU - Freeform', 'Deadshot AU', 'Mafia AU']",[]
https://golemlab.eu/graph/21955666,"burgers, fries and some ice","saying i love you to someone for the first time should not be in a diner in the middle of nowhere, but things never go the way you want them to be",2019-12-25,6874,Mature,F/M,Completed,32,seokjin,Christmas Eve | Established Relationship | Kim Seokjin | Jin is Whipped | Originally Posted on Tumblr | i love this one and it probably might be one of my best | snowy christmas fucks things up,Kim Seokjin | Jin/Reader,"['Christmas Eve', 'Established Relationship', 'Kim Seokjin', 'Jin is Whipped', 'Originally Posted on Tumblr', 'i love this one and it probably might be one of my best', 'snowy christmas fucks things up']","['Christmas Eve', 'Established Relationship', 'Originally Posted on Tumblr']","['Kim Seokjin', 'Jin is Whipped', 'i love this one and it probably might be one of my best', 'snowy christmas fucks things up']",['Kim Seokjin'],[]
https://golemlab.eu/graph/12235929,Wrecking Hotels,"The agency is trying to keep Jin and I apart, but what power do they have when it’s just the two of us?",2017-10-01,2128,General Audiences,F/M,Completed,32,seokjin,Dirty Talk | Fingering | Jin - Freeform | Male!Dom | Maledom | Oral | Sex | Smut | bts - Freeform | bts smut | soekjin | sub!fem | subfem,Kim Seokjin | Jin/Reader Series: Bangtan One-shots [4],"['Dirty Talk', 'Fingering', 'Jin - Freeform', 'Male!Dom', 'Maledom', 'Oral', 'Sex', 'Smut', 'bts - Freeform', 'bts smut', 'soekjin', 'sub!fem', 'subfem']","['Dirty Talk', 'Maledom', 'Sex', 'Smut']","['Fingering', 'Jin - Freeform', 'Male!Dom', 'Oral', 'bts - Freeform', 'bts smut', 'soekjin', 'sub!fem', 'subfem']","['Fingering', 'Jin - Freeform', 'Male!Dom', 'Oral']",[]
https://golemlab.eu/graph/14139255,Hands off my Man!,"When your boyfriend Kim Seokjin decides on taking part in a charity bachelor auction the city holds each year, you have a word to say about that and definitely an auction to win. Cause no one else than you takes home your man! --- This series consists of seven stand-alone stories. Some of the stories are loosely connected. So if you choose to read all of them… here is the best order to do that RM was first . Suga is following after RM. Jin is followed by Jungkook who is followed by Jimin. V is followed by J-Hope But you can read all them as a standalone. Please note if you read them all, there will be slight repetitions within these three groups.",2018-03-29,3131,Teen And Up Audiences,F/M,Completed,32,seokjin,Bachelor Auction | Baristas | Catfights | Chef!Jin,"Kim Seokjin | Jin/Reader Series: Going Once, Going Twice, Sold [3]","['Bachelor Auction', 'Baristas', 'Catfights', 'Chef!Jin']","['Bachelor Auction', 'Baristas']","['Catfights', 'Chef!Jin']","['Catfights', 'Chef!Jin']",[]
https://golemlab.eu/graph/25682215,Baby Boy Jin,,2020-08-03,1560,Explicit,F/M,Completed,32,seokjin,Anal | Dom/sub | Pegging | femme dom,Kim Seokjin | Jin/Reader Series: Baby Boy Bangtan [1],"['Anal', 'Dom/sub', 'Pegging', 'femme dom']","['Anal', 'Dom/sub', 'Pegging']",['femme dom'],[],[]
https://golemlab.eu/graph/15797838,Tongue Tied,"Curse tongues, why do they tend to get in the way of every word? And why did God feel the need to place a stutter atop your already useless tongue? Jin thinks it’s cute, why wouldn’t he really? The role of Supportive Best Friend is and always has been played perfectly by him. Then again, your stutter only grew in intensity when you spoke to those you didn’t know well, or your already shaky social skills teetered even closer to the edge of implosion. This curse laid upon you shines brightly like a neon sign when Jin suggests meeting his drop-dead gorgeous set of friends that you’ve only ever seen in pictures, and that alone had you choking on your overly zealous tongue and the endless supply of drool you hold.",2018-08-25,7253,Mature,F/M,Completed,32,seokjin,Best Friend Jin | Flirtatious BTS | Reader with a stutter | Slight Kim Seokjin | Reader | first meeting with BTS | stutter,Kim Seokjin | Jin/Reader,"['Best Friend Jin', 'Flirtatious BTS', 'Reader with a stutter', 'Slight Kim Seokjin', 'Reader', 'first meeting with BTS', 'stutter']",[],"['Best Friend Jin', 'Flirtatious BTS', 'Reader with a stutter', 'Slight Kim Seokjin', 'Reader', 'first meeting with BTS', 'stutter']","['Best Friend Jin', 'Flirtatious BTS', 'Slight Kim Seokjin', 'Reader']",[]
https://golemlab.eu/graph/20273035,48. Break,Prompt: Married! Week 7 Day 6,2019-08-16,1697,Teen And Up Audiences,F/M,Completed,32,seokjin,Married Life | one shots,Kim Seokjin | Jin/Reader Series: 50 Days of One Shots [48],"['Married Life', 'one shots']",['Married Life'],['one shots'],[],[]
https://golemlab.eu/graph/33307864,bass boosted,"you're curious to explore the theory about bassists having superior fingering techniques. lucky for you, there happens to be an incredibly attractive bass player to help you with your experiment.",2021-08-17,2090,Explicit,F/M,Completed,32,seokjin,Choking | Creampie | Hair-pulling | Hand & Finger Kink | Impact Play | Multiple Orgasms | Name-Calling | Nipple Play | Plot What Plot/Porn Without Plot | Vaginal Fingering | Wall Sex,"Kim Seokjin | Jin/Reader, Kim Seokjin | Jin/You","['Choking', 'Creampie', 'Hair-pulling', 'Hand & Finger Kink', 'Impact Play', 'Multiple Orgasms', 'Name-Calling', 'Nipple Play', 'Plot What Plot/Porn Without Plot', 'Vaginal Fingering', 'Wall Sex']","['Choking', 'Creampie', 'Hair-pulling', 'Hand & Finger Kink', 'Impact Play', 'Multiple Orgasms', 'Name-Calling', 'Nipple Play', 'Plot What Plot/Porn Without Plot', 'Vaginal Fingering', 'Wall Sex']",[],[],[]
https://golemlab.eu/graph/11225499,"Listen, Listen",It's one of those days where you really miss Seokjin and his warmth. Seokjin misses you just as much. Phone sex happens.,2017-06-17,925,Mature,F/M,Completed,32,seokjin,Established Relationship | I Can't Believe I Wrote This | I Tried | Jin is also a tease | Jin likes being called oppa | Mutual Masturbation | NSFW | Phone Sex | Plot What Plot/Porn Without Plot | Praise Kink,Kim Seokjin | Jin/Reader,"['Established Relationship', ""I Can't Believe I Wrote This"", 'I Tried', 'Jin is also a tease', 'Jin likes being called oppa', 'Mutual Masturbation', 'NSFW', 'Phone Sex', 'Plot What Plot/Porn Without Plot', 'Praise Kink']","['Established Relationship', ""I Can't Believe I Wrote This"", 'I Tried', 'Mutual Masturbation', 'Phone Sex', 'Plot What Plot/Porn Without Plot', 'Praise Kink']","['Jin is also a tease', 'Jin likes being called oppa', 'NSFW']",[],[]
https://golemlab.eu/graph/6381148,Thank You,"Type: Scenario Pairing: Seokjin, You Genre: Fluff Words: 1129",2016-03-28,1168,General Audiences,F/M,Completed,31,seokjin,Brother | One Shot | Scenario | imagine | jin oppa,Kim Seokjin | Jin/Reader Series: Scenarios [17],"['Brother', 'One Shot', 'Scenario', 'imagine', 'jin oppa']",['One Shot'],"['Brother', 'Scenario', 'imagine', 'jin oppa']","['Brother', 'Scenario']",[]
https://golemlab.eu/graph/28253037,Stranger Ways,"You meet a handsome stranger at a party, and you just can't resist him.",2020-12-23,893,Mature,F/M,Completed,31,seokjin,Drunken Shenanigans | Infidelity | Party | Reader-Insert | Smut | Stranger Sex | Strangers to Lovers | Surprise Ending | Wall Sex,Kim Seokjin | Jin/Reader Series: Blood Sweat & Tears (BTS x Reader Fics) [16],"['Drunken Shenanigans', 'Infidelity', 'Party', 'Reader-Insert', 'Smut', 'Stranger Sex', 'Strangers to Lovers', 'Surprise Ending', 'Wall Sex']","['Drunken Shenanigans', 'Infidelity', 'Party', 'Reader-Insert', 'Smut', 'Stranger Sex', 'Strangers to Lovers', 'Surprise Ending', 'Wall Sex']",[],[],[]
https://golemlab.eu/graph/7905031,Jin's Fingers,,2016-08-29,563,Teen And Up Audiences,F/M,Completed,31,seokjin,Fingering | Fluff and Smut | Mild Smut | Vaginal Fingering,Kim Seokjin | Jin/Reader Series: BTS Oneshots [5],"['Fingering', 'Fluff and Smut', 'Mild Smut', 'Vaginal Fingering']","['Fluff and Smut', 'Mild Smut', 'Vaginal Fingering']",['Fingering'],['Fingering'],[]
https://golemlab.eu/graph/18102959,Forever,"When Jin married you, he promised he’d love you forever.",2019-03-13,1198,General Audiences,F/M,Completed,31,seokjin,Angst,Kim Seokjin | Jin/Reader,['Angst'],['Angst'],[],[],[]
https://golemlab.eu/graph/28505148,Withering away,"As flowers continued to bloom in her chest, it became harder to hide the illness from the world. So when the doctors tell Y/N that time is running out, she has to make a decision; Get surgery to remove the blooming love or let herself wither away",2021-01-02,10733,Teen And Up Audiences,F/M,Completed,31,seokjin,Angst | Character Death | Fluff | Hanahaki Disease | Unrequited Love,Kim Seokjin | Jin/Reader,"['Angst', 'Character Death', 'Fluff', 'Hanahaki Disease', 'Unrequited Love']","['Angst', 'Character Death', 'Fluff', 'Hanahaki Disease', 'Unrequited Love']",[],[],[]
https://golemlab.eu/graph/17942885,Sorbet | Kim Seokjin ✔,He didn't want you to get frostbite.,2019-02-27,1931,General Audiences,F/M,Completed,31,seokjin,,Kim Seokjin | Jin/Reader,[],[],[],[],[]
https://golemlab.eu/graph/16116818,Chasing Yesterday,"Even after all these years, you're still the epitome of his existence.",2018-09-27,2387,General Audiences,F/M,Completed,31,seokjin,Alternate Universe | Alternate Universe - Modern Setting | Dialogue | Dialogue Heavy | Female Protagonist | Heavy Angst | Kim Seokjin | Jin-centric | Moving On | One Shot | Reader-Insert | Sad | Sad Ending | Slow Burn | Unrequited Love | bts - Freeform,Kim Seokjin | Jin/Reader,"['Alternate Universe', 'Alternate Universe - Modern Setting', 'Dialogue', 'Dialogue Heavy', 'Female Protagonist', 'Heavy Angst', 'Kim Seokjin', 'Jin-centric', 'Moving On', 'One Shot', 'Reader-Insert', 'Sad', 'Sad Ending', 'Slow Burn', 'Unrequited Love', 'bts - Freeform']","['Alternate Universe', 'Alternate Universe - Modern Setting', 'Dialogue', 'Dialogue Heavy', 'Female Protagonist', 'Heavy Angst', 'Moving On', 'One Shot', 'Reader-Insert', 'Sad', 'Sad Ending', 'Slow Burn', 'Unrequited Love']","['Kim Seokjin', 'Jin-centric', 'bts - Freeform']",['Kim Seokjin'],[]
https://golemlab.eu/graph/39658020,milestone drabbles: jin #1,you try to break things off with your friends with benefits,2022-06-15,1729,Explicit,F/M,Completed,30,seokjin,Friends With Benefits | Light Angst and Fluff | Smut | Unprotected Sex | gender neutral reader,Kim Seokjin | Jin/Reader Series: milestone celebration drabbles [1],"['Friends With Benefits', 'Light Angst and Fluff', 'Smut', 'Unprotected Sex', 'gender neutral reader']","['Friends With Benefits', 'Smut']","['Light Angst and Fluff', 'Unprotected Sex', 'gender neutral reader']",['Unprotected Sex'],[]
https://golemlab.eu/graph/13096071,The Nutcracker,First of a BTS Christmas series I want to do. Ft. An entire fucking novel for Jin because I am too extra sometimes smh. Reader is a poor girl in extremely misogynistic times who gets a present from her grandfather that ends up changing her life. Literally.,2017-12-22,4930,Teen And Up Audiences,F/M,Completed,30,seokjin,BTS Christmas | Christmas | Christmas Special | Ft. EMPOWERMENT | The Nutcracker,Kim Seokjin | Jin/Reader,"['BTS Christmas', 'Christmas', 'Christmas Special', 'Ft. EMPOWERMENT', 'The Nutcracker']","['Christmas', 'Christmas Special']","['BTS Christmas', 'Ft. EMPOWERMENT', 'The Nutcracker']","['BTS Christmas', 'Ft. EMPOWERMENT', 'The Nutcracker']",[]
https://golemlab.eu/graph/20589842,An Unexpected Roommate,"You think you have found a beautiful apartment in your city, for a ridiculously low price. Little do you know the ghost of the previous tenant is still lurking – and Kim Seokjin is refusing to leave without a fight. [Inspired by the film, Just Like Heaven.]",2019-09-10,6288,General Audiences,F/M,Completed,30,seokjin,AU | ghost!seokjin | ghostly one-shot | honestly there is so much fluff here I feel sick | little bit of enemies to lovers if you squint | namjoon and halsey are domestic af | pure fluffy goodness | yoongi appears as a VERY friendly neighbour,Kim Seokjin | Jin/Reader,"['AU', 'ghost!seokjin', 'ghostly one-shot', 'honestly there is so much fluff here I feel sick', 'little bit of enemies to lovers if you squint', 'namjoon and halsey are domestic af', 'pure fluffy goodness', 'yoongi appears as a VERY friendly neighbour']",[],"['AU', 'ghost!seokjin', 'ghostly one-shot', 'honestly there is so much fluff here I feel sick', 'little bit of enemies to lovers if you squint', 'namjoon and halsey are domestic af', 'pure fluffy goodness', 'yoongi appears as a VERY friendly neighbour']",[],[]
https://golemlab.eu/graph/14877678,winter stroll,"It was supposed to be warmer today, or so the weatherman said. Guess not? Jin is not happy but he loves you so somehow he puts up with your shit with all the love and patience",2018-06-08,683,General Audiences,F/M,Completed,30,seokjin,Couple goals | Cute | Established Relationship | Fluff | Jin - Freeform | Kim Seokjin - Freeform | Kim Seokjin | Jin is a Sweetheart | SO MUCH FLUFF | bangtan - Freeform | boyfriend kim seokjin | bts - Freeform | can you tell how smitten i am | fluffy kim seokjin | i think | omg im gagging,"Kim Seokjin | Jin/Reader, Kim Seokjin | Jin/You","['Couple goals', 'Cute', 'Established Relationship', 'Fluff', 'Jin - Freeform', 'Kim Seokjin - Freeform', 'Kim Seokjin', 'Jin is a Sweetheart', 'SO MUCH FLUFF', 'bangtan - Freeform', 'boyfriend kim seokjin', 'bts - Freeform', 'can you tell how smitten i am', 'fluffy kim seokjin', 'i think', 'omg im gagging']","['Cute', 'Established Relationship', 'Fluff']","['Couple goals', 'Jin - Freeform', 'Kim Seokjin - Freeform', 'Kim Seokjin', 'Jin is a Sweetheart', 'SO MUCH FLUFF', 'bangtan - Freeform', 'boyfriend kim seokjin', 'bts - Freeform', 'can you tell how smitten i am', 'fluffy kim seokjin', 'i think', 'omg im gagging']","['Jin - Freeform', 'Kim Seokjin - Freeform', 'Kim Seokjin']",[]
https://golemlab.eu/graph/40080690,Just Desserts,"Jin always manages to be there when you need him. Just like tonight, when he saved your dinner party by making the whole meal. To repay him you have an idea..but so does he.",2022-07-04,7085,Explicit,F/M,Completed,30,seokjin,Brother's Best Friend | Dinner Party | Dirty Talk | Fingering | Flirting | Multiple Orgasms | Oral Sex | Semi-Public Sex | Slow Burn | Squirting | Teasing | Unprotected Sex | party theme,Kim Seokjin | Jin/Reader Series: The College Years [11],"[""Brother's Best Friend"", 'Dinner Party', 'Dirty Talk', 'Fingering', 'Flirting', 'Multiple Orgasms', 'Oral Sex', 'Semi-Public Sex', 'Slow Burn', 'Squirting', 'Teasing', 'Unprotected Sex', 'party theme']","['Dirty Talk', 'Flirting', 'Multiple Orgasms', 'Oral Sex', 'Semi-Public Sex', 'Slow Burn', 'Teasing']","[""Brother's Best Friend"", 'Dinner Party', 'Fingering', 'Squirting', 'Unprotected Sex', 'party theme']","['Dinner Party', 'Fingering', 'Squirting', 'Unprotected Sex']",[]
https://golemlab.eu/graph/35407756,The Sea Prince,"for all your life, the kingdoms of the land and sea have been at war. determined to end it peacefully, your father found a solution. marry the sea king’s son.",2021-12-07,7815,Teen And Up Audiences,F/M,Completed,29,seokjin,Age Difference | Alternate Universe | Arranged Marriage | Cute | Fluff | Kissing | Mentioned violence | Mermaids | Merman Kim Seokjin | Jin | Prince Kim Seokjin | Jin | Reader-Insert | Strangers to Lovers | Swimming | Undressing | mentioned death,"Kim Seokjin | Jin/Reader, Kim Seokjin | Jin/You","['Age Difference', 'Alternate Universe', 'Arranged Marriage', 'Cute', 'Fluff', 'Kissing', 'Mentioned violence', 'Mermaids', 'Merman Kim Seokjin', 'Jin', 'Prince Kim Seokjin', 'Jin', 'Reader-Insert', 'Strangers to Lovers', 'Swimming', 'Undressing', 'mentioned death']","['Age Difference', 'Alternate Universe', 'Arranged Marriage', 'Cute', 'Fluff', 'Kissing', 'Reader-Insert', 'Strangers to Lovers', 'Swimming', 'Undressing']","['Mentioned violence', 'Mermaids', 'Merman Kim Seokjin', 'Jin', 'Prince Kim Seokjin', 'Jin', 'mentioned death']","['Mermaids', 'Merman Kim Seokjin', 'Jin', 'Prince Kim Seokjin', 'Jin']",[]
https://golemlab.eu/graph/20245063,Softy,"a freshman and senior seemingly despise each other, one says the other acts older than they are and one says the other acts like a child, a feud brewing within the estranged pair.",2019-08-14,7620,Explicit,F/M,Completed,29,seokjin,Explicit Language | Foreplay | Masturbation | Unprotected Sex | goodboy!jin | slight age gap | vanilla sex,Kim Seokjin | Jin/Reader,"['Explicit Language', 'Foreplay', 'Masturbation', 'Unprotected Sex', 'goodboy!jin', 'slight age gap', 'vanilla sex']","['Explicit Language', 'Foreplay', 'Masturbation']","['Unprotected Sex', 'goodboy!jin', 'slight age gap', 'vanilla sex']",['Unprotected Sex'],[]
https://golemlab.eu/graph/34938409,The Contract,"What happens when a Valentine’s night under the influence of alcohol you and Kim Seokjin sign a contract, where he says that if you two are still single in 6 years they should get married.",2021-11-04,35503,Teen And Up Audiences,F/M,Completed,29,seokjin,Angst and Fluff and Smut | Drama & Romance | Eventual Romance | Eventual Smut | Family Drama | Fluff and Angst | Friends to Lovers | Happy Ending | Light Angst | Mild Smut | Romance | Smut,Kim Seokjin | Jin/Reader,"['Angst and Fluff and Smut', 'Drama & Romance', 'Eventual Romance', 'Eventual Smut', 'Family Drama', 'Fluff and Angst', 'Friends to Lovers', 'Happy Ending', 'Light Angst', 'Mild Smut', 'Romance', 'Smut']","['Angst and Fluff and Smut', 'Drama & Romance', 'Eventual Romance', 'Eventual Smut', 'Family Drama', 'Fluff and Angst', 'Friends to Lovers', 'Happy Ending', 'Light Angst', 'Mild Smut', 'Romance', 'Smut']",[],[],[]
https://golemlab.eu/graph/11706255,Love You Goodbye,Jin just wants to be friends. You just want one last night with him.,2017-08-04,1577,Mature,F/M,Completed,29,seokjin,Break Up | Favors | Smut,Kim Seokjin | Jin/Reader,"['Break Up', 'Favors', 'Smut']","['Break Up', 'Smut']",['Favors'],['Favors'],[]
https://golemlab.eu/graph/18293906,The Bet,When the BTS members decided to find out who all the stylist's biases all your hidden feelings come to the surface,2019-03-30,1097,General Audiences,F/M,Completed,29,seokjin,Playful teasing | the members pretty much trying to figure out who everyone biases in the group,Kim Seokjin | Jin/Reader Series: BTS Drabbles [10],"['Playful teasing', 'the members pretty much trying to figure out who everyone biases in the group']",[],"['Playful teasing', 'the members pretty much trying to figure out who everyone biases in the group']",[],[]
https://golemlab.eu/graph/16914576,Falling in love with: Food,"You sign up for a cooking course and get more than what you paid for. Part of the ""Falling in love with... "" vignette series. Crossposted from my Tumblr blog honeyyvee.",2018-12-09,1777,General Audiences,F/M,Completed,29,seokjin,Drabble | Fluff | Slice of Life,"Kim Seokjin | Jin/Reader Series: ""Falling in love with... "" vignette series [4]","['Drabble', 'Fluff', 'Slice of Life']","['Drabble', 'Fluff', 'Slice of Life']",[],[],[]
https://golemlab.eu/graph/18194147,Breakfast At Jin's,"“Wow, I just need to put myself in the oven and I’d be ready to be eaten” you said sarcastically -- “I think you’d taste delicious even like this” he replied. For my friend Federica, enjoy 🥰",2019-03-22,3928,Explicit,F/M,Completed,29,seokjin,Alternate Universe | Alternate Universe - Modern Setting | Baking | Breakfast | Cake | Coffee | Cooking | Couch Sex | Crack | Deepthroating | Dom Kim Seokjin | Jin | Eating out | Everyday Life | Fingering | Fluff | Food Kink | Food Play | Food Porn | Food Sex | Friends to Lovers | Friendship | Happy | Happy Ending | Hot | I Love You | Kim Seokjin | Jin is Whipped | Kim Seokjin | Jin is a Sweetheart | Kink | Kitchen Sex | Love | Love Bites | Lovers | Making Love | Making Out | Messy | Missionary Position | NSFW | On the pill | Oral | Oral Sex | POV Female Character | POV Second Person | Pastries | Porn | Sex | Sexy | Sexy Times | Smut | Unprotected Sex | Vaginal | Vaginal Sex | Vanilla | Wet & Messy | Work | Your life | blowjob | friends - Freeform | hall sex | park | tongue | vanilla sex | wet,"Kim Seokjin | Jin/Reader, Strangers to Lovers - Relationship","['Alternate Universe', 'Alternate Universe - Modern Setting', 'Baking', 'Breakfast', 'Cake', 'Coffee', 'Cooking', 'Couch Sex', 'Crack', 'Deepthroating', 'Dom Kim Seokjin', 'Jin', 'Eating out', 'Everyday Life', 'Fingering', 'Fluff', 'Food Kink', 'Food Play', 'Food Porn', 'Food Sex', 'Friends to Lovers', 'Friendship', 'Happy', 'Happy Ending', 'Hot', 'I Love You', 'Kim Seokjin', 'Jin is Whipped', 'Kim Seokjin', 'Jin is a Sweetheart', 'Kink', 'Kitchen Sex', 'Love', 'Love Bites', 'Lovers', 'Making Love', 'Making Out', 'Messy', 'Missionary Position', 'NSFW', 'On the pill', 'Oral', 'Oral Sex', 'POV Female Character', 'POV Second Person', 'Pastries', 'Porn', 'Sex', 'Sexy', 'Sexy Times', 'Smut', 'Unprotected Sex', 'Vaginal', 'Vaginal Sex', 'Vanilla', 'Wet & Messy', 'Work', 'Your life', 'blowjob', 'friends - Freeform', 'hall sex', 'park', 'tongue', 'vanilla sex', 'wet']","['Alternate Universe', 'Alternate Universe - Modern Setting', 'Baking', 'Breakfast', 'Cake', 'Coffee', 'Cooking', 'Couch Sex', 'Crack', 'Deepthroating', 'Fluff', 'Food Kink', 'Food Porn', 'Food Sex', 'Friends to Lovers', 'Friendship', 'Happy', 'Happy Ending', 'Hot', 'I Love You', 'Kitchen Sex', 'Love', 'Love Bites', 'Making Love', 'Making Out', 'Messy', 'Missionary Position', 'Oral Sex', 'POV Female Character', 'POV Second Person', 'Pastries', 'Porn', 'Sex', 'Sexy', 'Sexy Times', 'Smut', 'Vaginal', 'Vaginal Sex', 'Vanilla', 'Wet & Messy', 'Work']","['Dom Kim Seokjin', 'Jin', 'Eating out', 'Everyday Life', 'Fingering', 'Food Play', 'Kim Seokjin', 'Jin is Whipped', 'Kim Seokjin', 'Jin is a Sweetheart', 'Kink', 'Lovers', 'NSFW', 'On the pill', 'Oral', 'Unprotected Sex', 'Your life', 'blowjob', 'friends - Freeform', 'hall sex', 'park', 'tongue', 'vanilla sex', 'wet']","['Dom Kim Seokjin', 'Jin', 'Everyday Life', 'Fingering', 'Food Play', 'Kim Seokjin', 'Kim Seokjin', 'Kink', 'Lovers', 'Oral', 'Unprotected Sex']",[]
https://golemlab.eu/graph/11607921,Late Night Surprises,"Your stress levels have been through the roof lately and it feels like you can't get yourself back in line. But one night when your emotions seem to bubble up all at once, Seokjin is right there to help you through it.",2017-07-25,1771,Mature,F/M,Completed,29,seokjin,A little angst | Fluff | Jin is a sweetheart | Smut | and I love Jin because I think he'd be the most supportive and loving s/o ever,Kim Seokjin | Jin/Reader,"['A little angst', 'Fluff', 'Jin is a sweetheart', 'Smut', ""and I love Jin because I think he'd be the most supportive and loving s/o ever""]","['Fluff', 'Smut']","['A little angst', 'Jin is a sweetheart', ""and I love Jin because I think he'd be the most supportive and loving s/o ever""]",[],[]
https://golemlab.eu/graph/16778659,let's get this (birthday) cake,"“hoseok-hyung?” “yes?” he sounds like he just woke up and you laugh a little, equally embarrassed and fond. “what do you need?” you clutch your phone close to your ear and look at the time. 10:12am. “can you keep seokjin busy for the day?” no promises for the whole day , hoseok says, but that doesn’t really matter. you’ll take what you can get and use it efficiently. starting with this cake.",2018-12-03,801,General Audiences,M/M,Completed,28,seokjin,Fluff,Kim Seokjin | Jin/Reader,['Fluff'],['Fluff'],[],[],[]
https://golemlab.eu/graph/19734385,21. Surprise!,Prompt: Idol/Fan Week 3 Day 7,2019-07-09,2247,Teen And Up Audiences,F/M,Completed,28,seokjin,Charades | Fluff | Idol/Fan | The Ellen DeGeneres Show | one shots,Kim Seokjin | Jin/Reader Series: 50 Days of One Shots [21],"['Charades', 'Fluff', 'Idol/Fan', 'The Ellen DeGeneres Show', 'one shots']","['Charades', 'Fluff']","['Idol/Fan', 'The Ellen DeGeneres Show', 'one shots']","['Idol/Fan', 'The Ellen DeGeneres Show']",[]
https://golemlab.eu/graph/15123998,Afternoon Nap: KSJ,"This is a series inspired by one of my favourite activities: napping/sleeping. A series of one-shots with all 7 members of BTS, centred around napping or some activities that lead up to it. :)",2018-07-01,513,General Audiences,F/M,Completed,28,seokjin,Domestic Fluff | Fluff | Good Boyfriend Kim Seokjin | Jin | Napping | Romance | Sweet Kim Seokjin | Jin | sexy kim seokjin,Kim Seokjin | Jin/Reader Series: Afternoon Nap [2],"['Domestic Fluff', 'Fluff', 'Good Boyfriend Kim Seokjin', 'Jin', 'Napping', 'Romance', 'Sweet Kim Seokjin', 'Jin', 'sexy kim seokjin']","['Domestic Fluff', 'Fluff', 'Napping', 'Romance']","['Good Boyfriend Kim Seokjin', 'Jin', 'Sweet Kim Seokjin', 'Jin', 'sexy kim seokjin']","['Good Boyfriend Kim Seokjin', 'Jin', 'Sweet Kim Seokjin', 'Jin']",[]
https://golemlab.eu/graph/21484699,My Mona Lisa,You decide to spice things up between you and your husband Jin when he comes home from tour.,2019-11-19,1760,Explicit,M/M,Completed,28,seokjin,Married Couple | Married Sex | Needy Kim Seokjin | Vaginal Fingering | Vaginal Sex | sex with Paint | spicing things up,Kim Seokjin | Jin/Reader Series: Mona Lisa Smile Series [1],"['Married Couple', 'Married Sex', 'Needy Kim Seokjin', 'Vaginal Fingering', 'Vaginal Sex', 'sex with Paint', 'spicing things up']","['Married Couple', 'Married Sex', 'Vaginal Fingering', 'Vaginal Sex']","['Needy Kim Seokjin', 'sex with Paint', 'spicing things up']",['Needy Kim Seokjin'],[]
https://golemlab.eu/graph/17830022,Redamancy,"[’red-a-man-sE] the act of loving the one who loves you; a love returned in full. It’s St.Valentin’es Day and as per tradition, you are to surprise your boyfriend with a gift and a chocolate treat. On a whim, you decide to cook an entire dinner for him and bake him his favorite cake: chocolate filling and strawberry and cream toppings. Seokjin is bent down on showing you just how much he appreciated all your hard work for him. 👀",2019-02-17,6983,Mature,F/M,Completed,28,seokjin,Smut | St. Valentine's Day,Kim Seokjin | Jin/Reader,"['Smut', ""St. Valentine's Day""]",['Smut'],"[""St. Valentine's Day""]",[],[]
https://golemlab.eu/graph/14821371,Awake (Jin x Reader),"Jin can't escape the nagging voice of doubt that continues to tell him that he is not good enough. Filled with anxiety about his solo song in Osaka, Y/N may be the only one who can pull him out of the black hole that he is falling into.",2018-06-01,2485,Teen And Up Audiences,F/M,Completed,28,seokjin,Self Confidence Issues | Self-Hatred,Kim Seokjin | Jin/Reader,"['Self Confidence Issues', 'Self-Hatred']","['Self Confidence Issues', 'Self-Hatred']",[],[],[]
https://golemlab.eu/graph/10856469,Sunday Mornings,The reasons you love Sunday Mornings.,2017-05-08,221,Teen And Up Audiences,F/M,Completed,28,seokjin,light mentions of smut,Kim Seokjin | Jin/Reader,['light mentions of smut'],[],['light mentions of smut'],[],[]
https://golemlab.eu/graph/25660420,Drive-In Movie,"Seokjin is excited to take you on the first proper date in months due to the pandemic. He takes you to a drive-in movie, which started innocently, but took a very different turn in the back seat of his car.",2020-08-02,2052,Explicit,F/M,Completed,27,seokjin,,Kim Seokjin | Jin/Reader,[],[],[],[],[]
https://golemlab.eu/graph/27854274,If Kim Seokjin Were Your Boyfriend,What if: Kim Seokjin were your boyfriend? A peek behind the curtain.,2020-12-03,4988,Mature,Other,Completed,27,seokjin,Domestic Fluff | Essays | Happy Jin Day 2020 | If X were your Y | Kim Seokjin | Jin is a good boyfriend | Not What It Looks Like | POV Second Person | The Toast | This Is Not Going To Go The Way You Think | Vignettes | but nothing explicit happens on-page | i rated this Mature for themes that are a bit grown-up | note also that the reader's gender identity is intentionally nonspecific/undisclosed,Kim Seokjin | Jin/Reader,"['Domestic Fluff', 'Essays', 'Happy Jin Day 2020', 'If X were your Y', 'Kim Seokjin', 'Jin is a good boyfriend', 'Not What It Looks Like', 'POV Second Person', 'The Toast', 'This Is Not Going To Go The Way You Think', 'Vignettes', 'but nothing explicit happens on-page', 'i rated this Mature for themes that are a bit grown-up', ""note also that the reader's gender identity is intentionally nonspecific/undisclosed""]","['Domestic Fluff', 'Essays', 'Not What It Looks Like', 'POV Second Person', 'This Is Not Going To Go The Way You Think']","['Happy Jin Day 2020', 'If X were your Y', 'Kim Seokjin', 'Jin is a good boyfriend', 'The Toast', 'Vignettes', 'but nothing explicit happens on-page', 'i rated this Mature for themes that are a bit grown-up', ""note also that the reader's gender identity is intentionally nonspecific/undisclosed""]","['Happy Jin Day 2020', 'Kim Seokjin', 'The Toast', 'Vignettes']",[]
https://golemlab.eu/graph/37405963,"Turn It On, Your Switch","Seokjin is an amazing lover. He is gentle, and kind, and sweet, and attentive. So if anyone asks, you are definitely satisfied with your sex life. Without a doubt. Except. Well... Sometimes, you wish he would be a little rough with you. But maybe, just maybe, Seokjin wishes the same of you too.",2022-02-27,6457,Explicit,F/M,Completed,27,seokjin,Blow Jobs | Choking | Dom Kim Seokjin | Jin | Established Relationship | Face-Sitting | Kim Seokjin | Jin Has a Choking Kink | Rough Sex | Sub Kim Seokjin | Jin | Switch Kim Seokjin | Jin,Kim Seokjin | Jin/Reader,"['Blow Jobs', 'Choking', 'Dom Kim Seokjin', 'Jin', 'Established Relationship', 'Face-Sitting', 'Kim Seokjin', 'Jin Has a Choking Kink', 'Rough Sex', 'Sub Kim Seokjin', 'Jin', 'Switch Kim Seokjin', 'Jin']","['Blow Jobs', 'Choking', 'Established Relationship', 'Face-Sitting', 'Rough Sex']","['Dom Kim Seokjin', 'Jin', 'Kim Seokjin', 'Jin Has a Choking Kink', 'Sub Kim Seokjin', 'Jin', 'Switch Kim Seokjin', 'Jin']","['Dom Kim Seokjin', 'Jin', 'Kim Seokjin', 'Sub Kim Seokjin', 'Jin', 'Switch Kim Seokjin', 'Jin']",[]
https://golemlab.eu/graph/22258123,Musings 03,Another smut drabble.,2020-01-14,474,Explicit,F/M,Completed,27,seokjin,Drabble | Drabble Collection | Explicit Sexual Content | Originally Posted on Tumblr | Sub Kim Seokjin | Jin,Kim Seokjin | Jin/Reader Series: Musings [3],"['Drabble', 'Drabble Collection', 'Explicit Sexual Content', 'Originally Posted on Tumblr', 'Sub Kim Seokjin', 'Jin']","['Drabble', 'Drabble Collection', 'Explicit Sexual Content', 'Originally Posted on Tumblr']","['Sub Kim Seokjin', 'Jin']","['Sub Kim Seokjin', 'Jin']",[]
https://golemlab.eu/graph/39394353,In This Space,Submitting to him is your favorite.,2022-06-02,1280,Mature,F/M,Completed,27,seokjin,Daddy Kink | Dom/sub Play | Established Relationship | Explicit Language | Explicit Sexual Content | Shameless Smut | Short One Shot | Subspace,Kim Seokjin | Jin/Reader,"['Daddy Kink', 'Dom/sub Play', 'Established Relationship', 'Explicit Language', 'Explicit Sexual Content', 'Shameless Smut', 'Short One Shot', 'Subspace']","['Daddy Kink', 'Dom/sub Play', 'Established Relationship', 'Explicit Language', 'Explicit Sexual Content', 'Shameless Smut', 'Short One Shot', 'Subspace']",[],[],[]
https://golemlab.eu/graph/21673525,His Starvation,"prompt: “I am not like other nobles, I’m actually funny.” (a drabble that helped me with NaNoWriMo)",2019-12-04,1707,Teen And Up Audiences,F/M,Completed,27,seokjin,Alternate Universe - Royalty | Fluff | Prince Kim Seokjin | Jin | Suggestive Themes,"Kim Seokjin | Jin/Reader, Kim Seokjin | Jin/You","['Alternate Universe - Royalty', 'Fluff', 'Prince Kim Seokjin', 'Jin', 'Suggestive Themes']","['Alternate Universe - Royalty', 'Fluff', 'Suggestive Themes']","['Prince Kim Seokjin', 'Jin']","['Prince Kim Seokjin', 'Jin']",[]
https://golemlab.eu/graph/19030336,Thumb a Ride,"A break was all you needed before you got married to a person who you liked but you didn't know if you loved or not. Yes, Nathan was a great guy but were you two compatible together? According to your mother, you were. All your life, you survived as a no fun and all time boring kind of person but your best friend wanted to change it prior to your marriage. He advised you to go on a solo roadtrip so that you can live your life as a single person for the last time, happily. A peaceful very long drive won't hurt right? You thought but little did you know that the ride was going to be a chaotic adventure which you couldn't even have imagined. It all happened because of that one bloody korean man who knocked on your window and asked, ""You know 'Annyeonghaseyo' ?""",2019-05-30,9402,Teen And Up Audiences,F/M,Completed,27,seokjin,Adventure & Romance | Romantic Comedy,"Kim Seokjin | Jin/Reader, Kim Taehyung | V/Park Jimin","['Adventure & Romance', 'Romantic Comedy']","['Adventure & Romance', 'Romantic Comedy']",[],[],[]
https://golemlab.eu/graph/26396911,Savior | Kim Seokjin x reader,"Upon walking home from work, you're attacked, with a gun to your head by a stranger, demanding for your wallet. Luckily, a passerby saves you and makes sure you're alright. Who was this man exactly? And how does he change your life forever?",2020-09-11,7043,General Audiences,F/M,Completed,26,seokjin,Fear | Fluff | Pain | Protective | Secure | Slight depiction of violence | Threats | Warm | comfortable | savior | weapon appearance,Kim Seokjin | Jin/Reader,"['Fear', 'Fluff', 'Pain', 'Protective', 'Secure', 'Slight depiction of violence', 'Threats', 'Warm', 'comfortable', 'savior', 'weapon appearance']","['Fear', 'Fluff', 'Pain', 'Threats', 'Warm']","['Protective', 'Secure', 'Slight depiction of violence', 'comfortable', 'savior', 'weapon appearance']","['Protective', 'Secure']",[]
https://golemlab.eu/graph/29635269,Dirty Clothes,Jin comes home after a long day to find Y/N fully dressed in outdoor clothing asleep in his bed. Repost from my tumblr,2021-02-22,1477,Explicit,F/M,Completed,26,seokjin,Cunnilingus | Doggy Style | Established Relationship | Oral Sex | PWP | Smut | Vanilla,Kim Seokjin | Jin/Reader,"['Cunnilingus', 'Doggy Style', 'Established Relationship', 'Oral Sex', 'PWP', 'Smut', 'Vanilla']","['Cunnilingus', 'Doggy Style', 'Established Relationship', 'Oral Sex', 'Smut', 'Vanilla']",['PWP'],[],[]
https://golemlab.eu/graph/11704077,winter love,winter brings so many good things to people. and winter brings him to you.,2017-08-04,838,General Audiences,F/M,Completed,26,seokjin,Coffee Shops | Fluff | Winter,Kim Seokjin | Jin/Reader,"['Coffee Shops', 'Fluff', 'Winter']","['Coffee Shops', 'Fluff', 'Winter']",[],[],[]
https://golemlab.eu/graph/22203502,Arrogant,"He was an arrogant, self-important rich kid. And as hard as you tried, you couldn’t hate him for it. Not one bit.",2020-01-11,7034,Mature,F/M,Completed,26,seokjin,Alcohol Mentions | Angst | College | Mutual Pining | Oral | Outdoor Sex | Party | Pining | Smut | Swearing | Unprotected Sex | creepy frat guy behaviour | hold the moan | they both have to keep quiet okay,"Kim Seokjin | Jin/Reader, Kim Seokjin | Jin/You","['Alcohol Mentions', 'Angst', 'College', 'Mutual Pining', 'Oral', 'Outdoor Sex', 'Party', 'Pining', 'Smut', 'Swearing', 'Unprotected Sex', 'creepy frat guy behaviour', 'hold the moan', 'they both have to keep quiet okay']","['Angst', 'College', 'Mutual Pining', 'Outdoor Sex', 'Party', 'Pining', 'Smut', 'Swearing']","['Alcohol Mentions', 'Oral', 'Unprotected Sex', 'creepy frat guy behaviour', 'hold the moan', 'they both have to keep quiet okay']","['Alcohol Mentions', 'Oral', 'Unprotected Sex']",[]
https://golemlab.eu/graph/24526282,"It's Not Love Yet, But It Will Be","Falling in love was a beautiful thing, something that was precious and magical. It didn't always happen overnight, but sometimes it was slow, sweet, and that was sometimes needed more than instant infatuation. This is how you and Seokjin started to fall for each other. It wasn't love yet, but you know that is where it is headed and you wouldn't change it for anything in the world.",2020-06-03,3638,Explicit,F/M,Completed,26,seokjin,Domestic Fluff | Falling In Love | Fluff | Fluff and Humor | Grinding | Kissing | Tooth-Rotting Fluff | Vaginal Sex,Kim Seokjin | Jin/Reader,"['Domestic Fluff', 'Falling In Love', 'Fluff', 'Fluff and Humor', 'Grinding', 'Kissing', 'Tooth-Rotting Fluff', 'Vaginal Sex']","['Domestic Fluff', 'Falling In Love', 'Fluff', 'Fluff and Humor', 'Grinding', 'Kissing', 'Tooth-Rotting Fluff', 'Vaginal Sex']",[],[],[]
https://golemlab.eu/graph/23096350,Camera Time,You started with them on their journey to fame but separated along the way leaving a hole in your heart. As time marched on you reconnected again and again. Would time ever be on your side?,2020-03-10,11476,Mature,F/M,Completed,26,seokjin,No Smut | Romance,Kim Seokjin | Jin/Reader,"['No Smut', 'Romance']","['No Smut', 'Romance']",[],[],[]
https://golemlab.eu/graph/27871261,I've Got You Pegged,YN gifts her beloved birthday boy with a new toy for their collection.,2020-12-04,1424,Explicit,F/M,Completed,26,seokjin,Bad Puns | Cunnilingus | Established Relationship | Hand Jobs | Pegging | Sex Toys | Short One Shot,Kim Seokjin | Jin/Reader Series: Groove To My Vibe Series [2],"['Bad Puns', 'Cunnilingus', 'Established Relationship', 'Hand Jobs', 'Pegging', 'Sex Toys', 'Short One Shot']","['Bad Puns', 'Cunnilingus', 'Established Relationship', 'Hand Jobs', 'Pegging', 'Sex Toys', 'Short One Shot']",[],[],[]
https://golemlab.eu/graph/23386546,Research Paper,All content posted are for 18+ audiences only.,2020-03-30,1926,Explicit,F/M,Completed,26,seokjin,Alternate Universe | College | Infidelity | Professors | Teacher-Student Relationship | Vaginal Sex | married,Kim Seokjin | Jin/Reader,"['Alternate Universe', 'College', 'Infidelity', 'Professors', 'Teacher-Student Relationship', 'Vaginal Sex', 'married']","['Alternate Universe', 'College', 'Infidelity', 'Professors', 'Teacher-Student Relationship', 'Vaginal Sex']",['married'],[],[]
https://golemlab.eu/graph/25045495,Jin's Arrangement,"Jin fucks you, but make it historical.",2020-07-03,1661,Explicit,F/M,Completed,26,seokjin,,Kim Seokjin | Jin/Reader Series: The Arrangements BTS Historical [3],[],[],[],[],[]
https://golemlab.eu/graph/11313888,We All Snap,she loved him. he didn't. so she stopped. -trigger warning-,2017-06-27,442,Teen And Up Audiences,F/M,Completed,26,seokjin,Bullying | Depression | Emotional Manipulation | Insanity | Love | Unrequited Love | bullied by BTS,Kim Seokjin | Jin/Reader,"['Bullying', 'Depression', 'Emotional Manipulation', 'Insanity', 'Love', 'Unrequited Love', 'bullied by BTS']","['Bullying', 'Depression', 'Emotional Manipulation', 'Insanity', 'Love', 'Unrequited Love']",['bullied by BTS'],[],[]
https://golemlab.eu/graph/14564994,Sleep Talker Seokjin,"Your boyfriend, Kim Seokjin, has been away for 2 weeks due to a world tour in Japan. When he finally returns and some interesting information is revealed, you can’t help but tease him.",2018-05-07,2196,Mature,F/M,Completed,26,seokjin,Smut,Kim Seokjin | Jin/Reader,['Smut'],['Smut'],[],[],[]
https://golemlab.eu/graph/25431877,Officer Kim,,2020-07-21,1773,Mature,F/M,Completed,25,seokjin,Alley Blow Jobs | Alley Sex | No Plot/Plotless | Oral Sex | Semi-Public Sex | Sex | Smut,Kim Seokjin | Jin/Reader,"['Alley Blow Jobs', 'Alley Sex', 'No Plot/Plotless', 'Oral Sex', 'Semi-Public Sex', 'Sex', 'Smut']","['Alley Blow Jobs', 'Alley Sex', 'No Plot/Plotless', 'Oral Sex', 'Semi-Public Sex', 'Sex', 'Smut']",[],[],[]
https://golemlab.eu/graph/23320966,Cute,"YN is their tomboy best friend.  They're all hanging out watching anime.  When the topic of cute girls comes up, Jin asks why YN isn't cute.  YN just had to prove him wrong.",2020-03-26,541,General Audiences,F/M,Completed,25,seokjin,Anime | Cute | Cutesy | Drabble | Fluff | Mention of sex | Non Idol AU | Senpai | acting like a cute anime girl | jin is kinda dumb | tomboy reader,Kim Seokjin | Jin/Reader,"['Anime', 'Cute', 'Cutesy', 'Drabble', 'Fluff', 'Mention of sex', 'Non Idol AU', 'Senpai', 'acting like a cute anime girl', 'jin is kinda dumb', 'tomboy reader']","['Cute', 'Cutesy', 'Drabble', 'Fluff']","['Anime', 'Mention of sex', 'Non Idol AU', 'Senpai', 'acting like a cute anime girl', 'jin is kinda dumb', 'tomboy reader']","['Anime', 'Non Idol AU', 'Senpai']",[]
https://golemlab.eu/graph/18862660,Winter Wonderland,"“Someone looks happy,” teases Jeongguk the next morning, kissing your cheek as he slips onto the seat beside you. His hair is a golden blonde mess, and his robes are a close match. You’ve never seen him anything other than obsessively neat. “Very happy,” mimics Tae, copying his actions and grabbing a breakfast muffin from your plate. His hair is always a mess, but somehow, it looks messier today. He has bags hanging like bats under his eyes, but he doesn’t seem to mind them too much. “Did the two of you plan that?” You slide them both their drinks, black coffee, and hot cocoa respectively. “Changing the subject won’t work on us, love,” Taehyung scolds you. He’s leaning towards you with a rectangular grin, looking like a very satisfied cat. “How was last night?”",2019-05-17,1546,General Audiences,F/M,Completed,25,seokjin,Alternate Universe - Harry Potter Setting | Attempt at Humor | Fluff,Kim Seokjin | Jin/Reader Series: First Kisses and Magic Wands [1],"['Alternate Universe - Harry Potter Setting', 'Attempt at Humor', 'Fluff']","['Alternate Universe - Harry Potter Setting', 'Attempt at Humor', 'Fluff']",[],[],[]
https://golemlab.eu/graph/33766339,guided | a ksj drabble,it turns out that the barista you've had a crush on has a second job behind the lens of a camera.,2021-09-08,1263,Explicit,F/M,Completed,25,seokjin,Dirty Talk | Edging | Hand & Finger Kink | Hand Jobs | Mutual Masturbation | Name-Calling | Plot What Plot/Porn Without Plot | Sex Work | Vaginal Fingering | Video Cameras | guided masturbation,"Kim Seokjin | Jin/Reader, Kim Seokjin | Jin/You","['Dirty Talk', 'Edging', 'Hand & Finger Kink', 'Hand Jobs', 'Mutual Masturbation', 'Name-Calling', 'Plot What Plot/Porn Without Plot', 'Sex Work', 'Vaginal Fingering', 'Video Cameras', 'guided masturbation']","['Dirty Talk', 'Hand & Finger Kink', 'Hand Jobs', 'Mutual Masturbation', 'Name-Calling', 'Plot What Plot/Porn Without Plot', 'Sex Work', 'Vaginal Fingering', 'Video Cameras']","['Edging', 'guided masturbation']",['Edging'],[]
https://golemlab.eu/graph/40135905,All Things Considered,"One fateful evening, you drunkenly admit to your best friend, Kim Seokjin, that you are (for all intents and purposes) a virgin. And what's more, you ask him if he would be willing to take your virginity! You're embarrassed. You haven't heard from him in weeks. You're terrified that you've ruined the best friendship that you've ever had. So aren't you surprised when he calls you and says... Yes. He'll do it.",2022-07-07,3926,Explicit,F/M,In-Progress,25,seokjin,Angst and Fluff and Smut | Dom Kim Seokjin | Jin | Explicit Sexual Content | Family Drama | Female Reader | Friends to Lovers | Kim Seokjin | Jin-centric | Light Dom/sub | Loss of Virginity | Multiple Orgasms | Porn With Plot | Porn with Feelings | Reader-Insert | Smut | Sweet Kim Seokjin | Jin | Unrealistic Sex | Virginity Kink,"Kim Seokjin | Jin/Reader, Kim Seokjin | Jin/You","['Angst and Fluff and Smut', 'Dom Kim Seokjin', 'Jin', 'Explicit Sexual Content', 'Family Drama', 'Female Reader', 'Friends to Lovers', 'Kim Seokjin', 'Jin-centric', 'Light Dom/sub', 'Loss of Virginity', 'Multiple Orgasms', 'Porn With Plot', 'Porn with Feelings', 'Reader-Insert', 'Smut', 'Sweet Kim Seokjin', 'Jin', 'Unrealistic Sex', 'Virginity Kink']","['Angst and Fluff and Smut', 'Explicit Sexual Content', 'Family Drama', 'Friends to Lovers', 'Light Dom/sub', 'Loss of Virginity', 'Multiple Orgasms', 'Porn With Plot', 'Porn with Feelings', 'Reader-Insert', 'Smut', 'Unrealistic Sex', 'Virginity Kink']","['Dom Kim Seokjin', 'Jin', 'Female Reader', 'Kim Seokjin', 'Jin-centric', 'Sweet Kim Seokjin', 'Jin']","['Dom Kim Seokjin', 'Jin', 'Female Reader', 'Kim Seokjin', 'Sweet Kim Seokjin', 'Jin']",[]
https://golemlab.eu/graph/11001768,The Pink Umbrella,The umbrella was able to hold back rain. It was able to keep the memories that we found so precious. But it wasn't able to make you stay,2017-05-26,2996,General Audiences,F/M,Completed,25,seokjin,Alternate Universe - High School | Heartbreak | Jin before he was an idol | Romance | imagine,Kim Seokjin | Jin/Reader,"['Alternate Universe - High School', 'Heartbreak', 'Jin before he was an idol', 'Romance', 'imagine']","['Alternate Universe - High School', 'Heartbreak', 'Romance']","['Jin before he was an idol', 'imagine']",[],[]
https://golemlab.eu/graph/16843348,26th drabbles!,It’s Seokjin’s 26th birthday,2018-12-04,5806,General Audiences,F/M,Completed,25,seokjin,Birthday baby! | Cuddles | Drabble | Drabble Collection | Fluff | Sweet Kim Seokjin | Jin | boyfriend jin | daddy Jin | jin is a giant goof | oh ft ice skater Jin being a dweeb | seok is the biggest baby in bangtan and I want to nom,Kim Seokjin | Jin/Reader,"['Birthday baby!', 'Cuddles', 'Drabble', 'Drabble Collection', 'Fluff', 'Sweet Kim Seokjin', 'Jin', 'boyfriend jin', 'daddy Jin', 'jin is a giant goof', 'oh ft ice skater Jin being a dweeb', 'seok is the biggest baby in bangtan and I want to nom']","['Drabble', 'Drabble Collection', 'Fluff']","['Birthday baby!', 'Cuddles', 'Sweet Kim Seokjin', 'Jin', 'boyfriend jin', 'daddy Jin', 'jin is a giant goof', 'oh ft ice skater Jin being a dweeb', 'seok is the biggest baby in bangtan and I want to nom']","['Cuddles', 'Sweet Kim Seokjin', 'Jin']",[]
https://golemlab.eu/graph/16848151,The Universe in Our Hands,this is what happens when you try to combine soulmate au with crack happy jin day!,2018-12-04,7094,Teen And Up Audiences,F/M,Completed,25,seokjin,Crack | happy birthday jin!,Kim Seokjin | Jin/Reader Series: You are my lake [5],"['Crack', 'happy birthday jin!']",['Crack'],['happy birthday jin!'],[],[]
https://golemlab.eu/graph/20192785,Happier,Who was Seokjin to keep you from being happy?,2019-08-10,855,Teen And Up Audiences,F/M,Completed,25,seokjin,Age Difference | Angst | Angst and Hurt/Comfort | Based on an Ed Sheeran Song | Break Up | Gender-Neutral Pronouns | Lovers to exes - Freeform | Older Seokjin | Original Character(s) | Originally Posted on Tumblr | POV Second Person | Pining | Post-Break Up | Reader-Insert | Seokjin Still Has Feelings For Reader | gender neutral reader,Kim Seokjin | Jin/Reader,"['Age Difference', 'Angst', 'Angst and Hurt/Comfort', 'Based on an Ed Sheeran Song', 'Break Up', 'Gender-Neutral Pronouns', 'Lovers to exes - Freeform', 'Older Seokjin', 'Original Character(s)', 'Originally Posted on Tumblr', 'POV Second Person', 'Pining', 'Post-Break Up', 'Reader-Insert', 'Seokjin Still Has Feelings For Reader', 'gender neutral reader']","['Age Difference', 'Angst', 'Angst and Hurt/Comfort', 'Based on an Ed Sheeran Song', 'Break Up', 'Gender-Neutral Pronouns', 'Original Character(s)', 'Originally Posted on Tumblr', 'POV Second Person', 'Pining', 'Post-Break Up', 'Reader-Insert']","['Lovers to exes - Freeform', 'Older Seokjin', 'Seokjin Still Has Feelings For Reader', 'gender neutral reader']",['Older Seokjin'],[]
https://golemlab.eu/graph/33810940,RINGS - Boxer!Seokjin X Reader,"All Jin knew was the ropes of a boxing ring, the pain of broken limbs. He grew up in this life, making a name for himself, the path that his father had carved out for him. He knew nothing of a gentle touch and soft whispers and a sweet girl who had no business around the likes of him.",2021-09-11,17642,Mature,F/M,Completed,24,seokjin,Bartender Park Jimin (BTS) | Blow Jobs | Boxer Jeon Jungkook | Cross-Posted on Tumblr | Dirty Talk | Dry Humping | Kim Seokjin | Jin is So Done | Kim Seokjin | Jin is Whipped | Manager Kim Namjoon | RM | Oral Sex | PWP | Platonic Female/Male Relationships | Smut | Soft Kim Seokjin | Jin | Sweet Kim Seokjin | Jin | Unprotected Sex | jin smokes at some point | medic min yoongi,Kim Seokjin | Jin/Reader,"['Bartender Park Jimin (BTS)', 'Blow Jobs', 'Boxer Jeon Jungkook', 'Cross-Posted on Tumblr', 'Dirty Talk', 'Dry Humping', 'Kim Seokjin', 'Jin is So Done', 'Kim Seokjin', 'Jin is Whipped', 'Manager Kim Namjoon', 'RM', 'Oral Sex', 'PWP', 'Platonic Female/Male Relationships', 'Smut', 'Soft Kim Seokjin', 'Jin', 'Sweet Kim Seokjin', 'Jin', 'Unprotected Sex', 'jin smokes at some point', 'medic min yoongi']","['Blow Jobs', 'Cross-Posted on Tumblr', 'Dirty Talk', 'Dry Humping', 'Oral Sex', 'Platonic Female/Male Relationships', 'Smut']","['Kim Seokjin', 'Jin is So Done', 'Kim Seokjin', 'Jin is Whipped', 'Manager Kim Namjoon', 'RM', 'PWP', 'Soft Kim Seokjin', 'Jin', 'Sweet Kim Seokjin', 'Jin', 'Unprotected Sex', 'jin smokes at some point', 'medic min yoongi']","['Kim Seokjin', 'Kim Seokjin', 'Manager Kim Namjoon', 'Soft Kim Seokjin', 'Jin', 'Sweet Kim Seokjin', 'Jin', 'Unprotected Sex']","['Bartender Park Jimin (BTS)', 'Boxer Jeon Jungkook']"
https://golemlab.eu/graph/16867312,Cooking with Jin,"Your husband, Jin, in a master in the kitchen in more ways than the typical.",2018-12-05,745,Mature,F/M,Completed,24,seokjin,Fluff | Smut,Kim Seokjin | Jin/Reader,"['Fluff', 'Smut']","['Fluff', 'Smut']",[],[],[]
https://golemlab.eu/graph/14568213,Gerberas,"Kim Seokjin coughs up pink petals one day, and decides that it is his lot in life.",2018-05-07,5473,Teen And Up Audiences,F/M,Completed,24,seokjin,Angst | Mentions of Blood | Unrequited Love | hanahaki,Kim Seokjin | Jin/Reader Series: Untimely Blooms [1],"['Angst', 'Mentions of Blood', 'Unrequited Love', 'hanahaki']","['Angst', 'Unrequited Love']","['Mentions of Blood', 'hanahaki']",[],[]
https://golemlab.eu/graph/10775109,If I Could Love Anyone in This World More Than Anything (It Would Be You),"You've loved him all this time, and the only thing he has to do is say four little words. But you know he won't.  You've known him for too long and there's no way he's changing his mind. (Never say never.)",2017-04-30,2505,Teen And Up Audiences,F/M,In-Progress,24,seokjin,Angst | Angst with a Happy Ending | Childhood Friends | Confusion | Fluff | Fluff and Angst | Heartbreak | Rated for Language Use | Unrequited Love,"Kim Seokjin | Jin/Reader, More to come Series: Bangtan Begins: My Weird au's and Stories with More Than One Part [2]","['Angst', 'Angst with a Happy Ending', 'Childhood Friends', 'Confusion', 'Fluff', 'Fluff and Angst', 'Heartbreak', 'Rated for Language Use', 'Unrequited Love']","['Angst', 'Angst with a Happy Ending', 'Childhood Friends', 'Confusion', 'Fluff', 'Fluff and Angst', 'Heartbreak', 'Unrequited Love']",['Rated for Language Use'],[],[]
https://golemlab.eu/graph/35764339,I Feel It In The Way,"""Seokjin-oppa can I ask you a question?"" ""Sure."" ""Is there a reason you don't like me?"" ""Why would you say that?"" Why? It's the way he seems completely uninterested in you. The way he seems annoyed by your very presence.",2021-12-17,4638,Mature,F/M,Completed,24,seokjin,BTS In The Soop Season/Series 02 | Exhibitionism | Kim Seokjin | Jin is Bad at Feelings | Light Angst | Resolved Sexual Tension | Unresolved Sexual Tension | Voyeurism,Kim Seokjin | Jin/Reader,"['BTS In The Soop Season/Series 02', 'Exhibitionism', 'Kim Seokjin', 'Jin is Bad at Feelings', 'Light Angst', 'Resolved Sexual Tension', 'Unresolved Sexual Tension', 'Voyeurism']","['Exhibitionism', 'Light Angst', 'Resolved Sexual Tension', 'Unresolved Sexual Tension', 'Voyeurism']","['BTS In The Soop Season/Series 02', 'Kim Seokjin', 'Jin is Bad at Feelings']",['Kim Seokjin'],[]
https://golemlab.eu/graph/36266560,Not Like The Movies,"Five years is a long time to hold a grudge, but YN has vowed that she will never forgive Kim Seokjin for what he did. But when he unexpectedly returns to her life, YN begins to realise that maybe not everything is as simple as it seems.",2022-01-07,9421,Teen And Up Audiences,F/M,In-Progress,24,seokjin,Angst | Fake texts | Fluff | Friends to Lovers | Romance | Social Media | Social Media AU | Strangers to Lovers | fake texts au,Kim Seokjin | Jin/Reader,"['Angst', 'Fake texts', 'Fluff', 'Friends to Lovers', 'Romance', 'Social Media', 'Social Media AU', 'Strangers to Lovers', 'fake texts au']","['Angst', 'Fluff', 'Friends to Lovers', 'Romance', 'Social Media', 'Strangers to Lovers']","['Fake texts', 'Social Media AU', 'fake texts au']",['Social Media AU'],[]
https://golemlab.eu/graph/26329720,Don't Leave Me | Kim Seokjin x reader,"Loose-lips from a close friend causes tension between you and your fiancé Seokjin, who thinks you don't really love him. Will you be able to convince him that you love him more than life itself?",2020-09-06,6010,General Audiences,F/M,Completed,24,seokjin,Angst | Apologies | Communication | Fluff | Forgiving | Misunderstandings | Secrets | Short Violent Scene | brief face punching | ex-boyfriend wants you back,Kim Seokjin | Jin/Reader,"['Angst', 'Apologies', 'Communication', 'Fluff', 'Forgiving', 'Misunderstandings', 'Secrets', 'Short Violent Scene', 'brief face punching', 'ex-boyfriend wants you back']","['Angst', 'Apologies', 'Communication', 'Fluff', 'Misunderstandings', 'Secrets']","['Forgiving', 'Short Violent Scene', 'brief face punching', 'ex-boyfriend wants you back']","['Forgiving', 'Short Violent Scene']",[]
https://golemlab.eu/graph/26994235,The lady with the flaming sword,"Kim Seokjin, crown prince of a flowery and lush southern kingdom, is sent along with his troops to no man’s land in search of a group of grave robbers that had been seen prowling around the sepulchre of King Yong, who was once his father’s greatest ally. However, the prince loses sight of his men and ends up at the gates of a black castle that feels rather familiar.",2020-10-13,9074,Explicit,F/M,Completed,24,seokjin,Alternate Universe - Medieval | Alternate Universe - Royalty | Angst | Blood Kink | Choking | Emotional Manipulation | Friends to Enemies to Lovers | Horror | Knifeplay | Light BDSM | Oral Sex | Paranormal | Restraints | Sub Kim Seokjin | Jin | Vaginal Sex | dom reader | seokjin is a painslut,Kim Seokjin | Jin/Reader,"['Alternate Universe - Medieval', 'Alternate Universe - Royalty', 'Angst', 'Blood Kink', 'Choking', 'Emotional Manipulation', 'Friends to Enemies to Lovers', 'Horror', 'Knifeplay', 'Light BDSM', 'Oral Sex', 'Paranormal', 'Restraints', 'Sub Kim Seokjin', 'Jin', 'Vaginal Sex', 'dom reader', 'seokjin is a painslut']","['Alternate Universe - Medieval', 'Alternate Universe - Royalty', 'Angst', 'Blood Kink', 'Choking', 'Emotional Manipulation', 'Horror', 'Knifeplay', 'Light BDSM', 'Oral Sex', 'Paranormal', 'Restraints', 'Vaginal Sex']","['Friends to Enemies to Lovers', 'Sub Kim Seokjin', 'Jin', 'dom reader', 'seokjin is a painslut']","['Sub Kim Seokjin', 'Jin']",[]
https://golemlab.eu/graph/39444177,platonically jealous,Who knew teasing Seokjin at the club would lead to such a fun punishment?,2022-06-05,8759,Explicit,F/M,Completed,24,seokjin,Aftercare | Angst | Brat Tamer Kim Seokjin | Jin | Degradation | Dom Kim Seokjin | Jin | Edging | Face Slapping | Fingering | Fluff | Friends to Lovers | Hickeys | Light breathplay | Rough Sex | Sadist Kim Seokjin | Jin | Smut | Spanking | Top Kim Seokjin | Jin | Unprotected Sex | Vibrator | brat reader | deep-throating | messy sex | non-sexual punishment | oral (m and f receiving) | rough | sadist!Seokjin | very feral and soft (seral if you must lol) | very very minor facial bruising,Kim Seokjin | Jin/Reader Series: The Platonic Collection [2] | Kim Seokjin | Jin/Reader Series: The Platonic Collection [5],"['Aftercare', 'Angst', 'Brat Tamer Kim Seokjin', 'Jin', 'Degradation', 'Dom Kim Seokjin', 'Jin', 'Edging', 'Face Slapping', 'Fingering', 'Fluff', 'Friends to Lovers', 'Hickeys', 'Light breathplay', 'Rough Sex', 'Sadist Kim Seokjin', 'Jin', 'Smut', 'Spanking', 'Top Kim Seokjin', 'Jin', 'Unprotected Sex', 'Vibrator', 'brat reader', 'deep-throating', 'messy sex', 'non-sexual punishment', 'oral (m and f receiving)', 'rough', 'sadist!Seokjin', 'very feral and soft (seral if you must lol)', 'very very minor facial bruising']","['Aftercare', 'Angst', 'Face Slapping', 'Fluff', 'Friends to Lovers', 'Rough Sex', 'Smut', 'Spanking']","['Brat Tamer Kim Seokjin', 'Jin', 'Degradation', 'Dom Kim Seokjin', 'Jin', 'Edging', 'Fingering', 'Hickeys', 'Light breathplay', 'Sadist Kim Seokjin', 'Jin', 'Top Kim Seokjin', 'Jin', 'Unprotected Sex', 'Vibrator', 'brat reader', 'deep-throating', 'messy sex', 'non-sexual punishment', 'oral (m and f receiving)', 'rough', 'sadist!Seokjin', 'very feral and soft (seral if you must lol)', 'very very minor facial bruising']","['Brat Tamer Kim Seokjin', 'Jin', 'Degradation', 'Dom Kim Seokjin', 'Jin', 'Edging', 'Fingering', 'Hickeys', 'Sadist Kim Seokjin', 'Jin', 'Top Kim Seokjin', 'Jin', 'Unprotected Sex', 'Vibrator']",[]
https://golemlab.eu/graph/17151074,seokjin - a-z nsfw,cool fresh and fun headcanons based around sex stuff that's kind of a tag i guess -ish,2018-12-25,1437,Mature,F/M,Completed,23,seokjin,NSFW | headcanons,Kim Seokjin | Jin/Reader,"['NSFW', 'headcanons']",[],"['NSFW', 'headcanons']",[],[]
https://golemlab.eu/graph/27144157,Buzzkill.,In which your boss has a consistent streak of being the biggest wet blanket.,2020-10-22,6019,Mature,F/M,Completed,23,seokjin,Penetration | Quickie | Soft Dom Jung Hoseok | J-Hope | Vaginal Fingering | light degradation,Kim Seokjin | Jin/Reader,"['Penetration', 'Quickie', 'Soft Dom Jung Hoseok', 'J-Hope', 'Vaginal Fingering', 'light degradation']",['Vaginal Fingering'],"['Penetration', 'Quickie', 'Soft Dom Jung Hoseok', 'J-Hope', 'light degradation']","['Penetration', 'Quickie', 'Soft Dom Jung Hoseok', 'J-Hope']",[]
https://golemlab.eu/graph/25723639,Vacation with Jin,"Finally, you and your husband can enjoy some peace and quiet.",2020-08-05,834,General Audiences,F/M,Completed,23,seokjin,Fluff | Kim Seokjin | Jin - Freeform | Kim Seokjin | Jin-centric | Mentioned Kim Seokjin | Jin | Sweet Kim Seokjin | Jin | bts - Freeform | jin fluff,Kim Seokjin | Jin/Reader Series: Fics | Kim Seokjin [1],"['Fluff', 'Kim Seokjin', 'Jin - Freeform', 'Kim Seokjin', 'Jin-centric', 'Mentioned Kim Seokjin', 'Jin', 'Sweet Kim Seokjin', 'Jin', 'bts - Freeform', 'jin fluff']",['Fluff'],"['Kim Seokjin', 'Jin - Freeform', 'Kim Seokjin', 'Jin-centric', 'Mentioned Kim Seokjin', 'Jin', 'Sweet Kim Seokjin', 'Jin', 'bts - Freeform', 'jin fluff']","['Kim Seokjin', 'Jin - Freeform', 'Kim Seokjin', 'Mentioned Kim Seokjin', 'Jin', 'Sweet Kim Seokjin', 'Jin']",[]
https://golemlab.eu/graph/15626208,You're my... bestfriend,"You can hear it in the silence, you can feel it on the way home, you can see it with the lights out.",2018-08-09,3124,Teen And Up Audiences,F/M,Completed,23,seokjin,Alternate Universe - Not K-Pop Idols | Bad Flirting | Bad Humor | Denial of Feelings | Idiots in Love | Kim Seokjin is a Dork | Kim Seokjin is a lowkey pervert | Romance | Second Chances | Songfic | a little sexual tension | kinda slow burn | lots of cheese | maybe crack,Kim Seokjin | Jin/Reader Series: Guess the Song [3],"['Alternate Universe - Not K-Pop Idols', 'Bad Flirting', 'Bad Humor', 'Denial of Feelings', 'Idiots in Love', 'Kim Seokjin is a Dork', 'Kim Seokjin is a lowkey pervert', 'Romance', 'Second Chances', 'Songfic', 'a little sexual tension', 'kinda slow burn', 'lots of cheese', 'maybe crack']","['Alternate Universe - Not K-Pop Idols', 'Bad Flirting', 'Bad Humor', 'Denial of Feelings', 'Idiots in Love', 'Romance', 'Second Chances', 'Songfic']","['Kim Seokjin is a Dork', 'Kim Seokjin is a lowkey pervert', 'a little sexual tension', 'kinda slow burn', 'lots of cheese', 'maybe crack']",[],[]
https://golemlab.eu/graph/24186526,Home (a Kim Seokjin one shot),"Enjoy this very short, fluffy experience of Kim Seokjin, possibly the most perfect fiance to exist.",2020-05-14,600,Mature,F/M,Completed,22,seokjin,Fluff | If you're in a soft mood for Seokjin this might hurt | Kim Seokjin - Freeform | Romance | Romantic Fluff | Sweet Kim Seokjin | Jin,"Kim Seokjin | Jin/Reader, Kim Seokjin | Jin/You","['Fluff', ""If you're in a soft mood for Seokjin this might hurt"", 'Kim Seokjin - Freeform', 'Romance', 'Romantic Fluff', 'Sweet Kim Seokjin', 'Jin']","['Fluff', 'Romance', 'Romantic Fluff']","[""If you're in a soft mood for Seokjin this might hurt"", 'Kim Seokjin - Freeform', 'Sweet Kim Seokjin', 'Jin']","['Kim Seokjin - Freeform', 'Sweet Kim Seokjin', 'Jin']",[]
https://golemlab.eu/graph/36395296,Sexy In A Non-Generic Way,"You were very sexy. Sexy like in a generic handsome way or sexy like you actually want to have sex with me? Sexy like I actually want to have sex with you. Oh. But you always look like that, even before I'm done with you.",2022-01-13,7345,Mature,F/M,Completed,22,seokjin,Covid-19 setting | Dad Jokes | Fluff | Harry Potter References | Oral Sex | Phone Sex | Stylist Reader,Kim Seokjin | Jin/Reader Series: Bighit Staff Series [3],"['Covid-19 setting', 'Dad Jokes', 'Fluff', 'Harry Potter References', 'Oral Sex', 'Phone Sex', 'Stylist Reader']","['Fluff', 'Harry Potter References', 'Oral Sex', 'Phone Sex']","['Covid-19 setting', 'Dad Jokes', 'Stylist Reader']","['Dad Jokes', 'Stylist Reader']",[]
https://golemlab.eu/graph/35710375,Stuck with you,"It’s the first Christmas since your dad passed away. You, your mum and sister are going to his favourite place to do his favourite thing, skiing. And yet you’re not there. Stuck. Stranded. Trapped. In seemingly the single hottest place in the world. Your transfer flight cancelled so you’re now stuck between home and your family. A snowstorm that causes all flights to be cancelled, heat that just seems wrong at Christmas, your sister crying and shouting down the phone at you, and to top it off, the most annoying man in the world who’s in the same position as you and seems to think you’re friends because of that fact. Merry Christmas to you.",2021-12-17,29611,Mature,F/M,Completed,22,seokjin,Angst | Anxiety | Blow Job | Christmas fic | Crying | Explicit Sexual Content | Family Disputes | Fingering | Fluff | Misunderstanding | Oral | Please read the warnings before reading | Sadness | Smut | Strangers to Lovers | a lot of emotions off the back of that | first christmas since father passed away | not going to lie this gets very sad in places | safe penetrative sex | sisterly bickering,Kim Seokjin | Jin/Reader,"['Angst', 'Anxiety', 'Blow Job', 'Christmas fic', 'Crying', 'Explicit Sexual Content', 'Family Disputes', 'Fingering', 'Fluff', 'Misunderstanding', 'Oral', 'Please read the warnings before reading', 'Sadness', 'Smut', 'Strangers to Lovers', 'a lot of emotions off the back of that', 'first christmas since father passed away', 'not going to lie this gets very sad in places', 'safe penetrative sex', 'sisterly bickering']","['Angst', 'Anxiety', 'Crying', 'Explicit Sexual Content', 'Fluff', 'Smut', 'Strangers to Lovers']","['Blow Job', 'Christmas fic', 'Family Disputes', 'Fingering', 'Misunderstanding', 'Oral', 'Please read the warnings before reading', 'Sadness', 'a lot of emotions off the back of that', 'first christmas since father passed away', 'not going to lie this gets very sad in places', 'safe penetrative sex', 'sisterly bickering']","['Blow Job', 'Family Disputes', 'Fingering', 'Misunderstanding', 'Oral', 'Sadness']",[]
https://golemlab.eu/graph/41281197,Shore Enough | KSJ,"Summary: Somehow, everything that could go wrong did go wrong, and when you told the concierge that you had a room booked under your name, they said to you that they had no rooms available. That was until a handsome man in a three-piece suit decided to be your “husband” and told you you could room with him in his presidential suite, and you chose to say “screw it” why not right? What's the worst that could come from rooming with a handsome stranger? Word Count: 23367 words Age: 18+ Pairings: Seokjin x Reader Warnings Strangers to Lovers AU! Seokjin is smooth like butter (like a criminal undercover). Smut, angst fluff, the holy trinity. © playmetheclassics 2022. All rights reserved.",2022-08-26,22582,Explicit,F/M,Completed,22,seokjin,Angsty Kim Seokjin | Jin | Kim Seokjin | Jin Fluff | Kim Seokjin | Jin Smut,"Kim Seokjin | Jin/Reader, Kim Seokjin | Jin/You","['Angsty Kim Seokjin', 'Jin', 'Kim Seokjin', 'Jin Fluff', 'Kim Seokjin', 'Jin Smut']",[],"['Angsty Kim Seokjin', 'Jin', 'Kim Seokjin', 'Jin Fluff', 'Kim Seokjin', 'Jin Smut']","['Angsty Kim Seokjin', 'Jin', 'Kim Seokjin', 'Jin Fluff', 'Kim Seokjin', 'Jin Smut']",[]
https://golemlab.eu/graph/28624380,Pills and Tokens,"The one where Seokjin finds his wife, a letter too late.",2021-01-08,1860,Teen And Up Audiences,F/M,Completed,22,seokjin,Established Relationship | Implied/Referenced Suicide | Postpartum Depression | References to Depression,Kim Seokjin | Jin/Reader Series: Brief Encounters [1],"['Established Relationship', 'Implied/Referenced Suicide', 'Postpartum Depression', 'References to Depression']","['Established Relationship', 'Implied/Referenced Suicide', 'Postpartum Depression', 'References to Depression']",[],[],[]
https://golemlab.eu/graph/29431386,The New Guard,"A group of mercenaries are suddenly targeted for their mysterious immortality. The leader of the group and oldest known immortal, Kim Seokjin, is ready to give up for his unfulfilling life, until a newborn immortal seeks out their help. Has he finally found his life's purpose?",2021-02-14,8720,Mature,F/M,In-Progress,22,seokjin,Author Is Sleep Deprived | Blood and Injury | Gun Violence | Immortality | Oral Sex | References to Depression | Resurrection | Temporary Character Death | Violence,"Kim Seokjin | Jin/Reader, Kim Taehyung | V/Park Jimin","['Author Is Sleep Deprived', 'Blood and Injury', 'Gun Violence', 'Immortality', 'Oral Sex', 'References to Depression', 'Resurrection', 'Temporary Character Death', 'Violence']","['Author Is Sleep Deprived', 'Blood and Injury', 'Gun Violence', 'Immortality', 'Oral Sex', 'References to Depression', 'Resurrection', 'Temporary Character Death', 'Violence']",[],[],[]
https://golemlab.eu/graph/31120286,Mommy Kink With Jin,It's just sub Jin with a mommy kink,2021-05-06,462,Mature,F/M,Completed,22,seokjin,Blindfolds | Bottom Kim Seokjin | Jin | Dom/sub | Mommy Kink | Overstimulation | Pet Names | Praise Kink | Reader-Insert | Smut | Sub Kim Seokjin | Jin | dom reader | very slight crying,Kim Seokjin | Jin/Reader Series: BTS/reader smuts from tumblr [1],"['Blindfolds', 'Bottom Kim Seokjin', 'Jin', 'Dom/sub', 'Mommy Kink', 'Overstimulation', 'Pet Names', 'Praise Kink', 'Reader-Insert', 'Smut', 'Sub Kim Seokjin', 'Jin', 'dom reader', 'very slight crying']","['Blindfolds', 'Dom/sub', 'Overstimulation', 'Pet Names', 'Praise Kink', 'Reader-Insert', 'Smut']","['Bottom Kim Seokjin', 'Jin', 'Mommy Kink', 'Sub Kim Seokjin', 'Jin', 'dom reader', 'very slight crying']","['Bottom Kim Seokjin', 'Jin', 'Mommy Kink', 'Sub Kim Seokjin', 'Jin']",[]
https://golemlab.eu/graph/11561265,"""Pull over. Let me drive for awhile.""",part one of my one hundred ways to say 'i love you' drabble series.,2017-07-20,606,Teen And Up Audiences,F/M,Completed,22,seokjin,Drabble | Fluff | best friend!seokjin,Kim Seokjin | Jin/Reader Series: one hundred ways to say 'i love you' [1],"['Drabble', 'Fluff', 'best friend!seokjin']","['Drabble', 'Fluff']",['best friend!seokjin'],[],[]
https://golemlab.eu/graph/33609757,Awkward Moment (Seokjin),Your roommate Seokjin finds out your feelings about him but in the most awkward way possible.,2021-09-01,1424,Teen And Up Audiences,F/M,Completed,22,seokjin,BTS fluff | Kim Seokjin Scenario | Kim Seokjin/Reader - Freeform | bts comedy | bts scenario,Kim Seokjin | Jin/Reader Series: BTS Scenarios [2],"['BTS fluff', 'Kim Seokjin Scenario', 'Kim Seokjin/Reader - Freeform', 'bts comedy', 'bts scenario']",[],"['BTS fluff', 'Kim Seokjin Scenario', 'Kim Seokjin/Reader - Freeform', 'bts comedy', 'bts scenario']","['Kim Seokjin Scenario', 'Kim Seokjin/Reader - Freeform']",[]
https://golemlab.eu/graph/19366354,4. Butterflies and the Butterfly,Prompt: Sports Week 1 Day 4: Swimming/Swim Team,2019-06-26,1030,Teen And Up Audiences,F/M,Completed,22,seokjin,Cute Kim Seokjin | Jin | Fluff | Swim Team | Swimming | one shots,Kim Seokjin | Jin/Reader Series: 50 Days of One Shots [4],"['Cute Kim Seokjin', 'Jin', 'Fluff', 'Swim Team', 'Swimming', 'one shots']","['Fluff', 'Swim Team', 'Swimming']","['Cute Kim Seokjin', 'Jin', 'one shots']","['Cute Kim Seokjin', 'Jin']",[]
https://golemlab.eu/graph/17258510,"New Year, New Beginnings","New Years was never very special for you. In your eyes, it was just the beginning of yet another year of work and taxes and doing normal stuff. But that was before you met Jin.",2019-01-01,2000,Teen And Up Audiences,F/M,Completed,22,seokjin,BAHAHA help me | Kim Seokjin | Jin is a Sweetheart | Kissing | Partying | Short & Sweet | Slightly tipsy Bangtan | and a few more than tipsy | new years fic,Kim Seokjin | Jin/Reader,"['BAHAHA help me', 'Kim Seokjin', 'Jin is a Sweetheart', 'Kissing', 'Partying', 'Short & Sweet', 'Slightly tipsy Bangtan', 'and a few more than tipsy', 'new years fic']","['Kissing', 'Partying', 'Short & Sweet']","['BAHAHA help me', 'Kim Seokjin', 'Jin is a Sweetheart', 'Slightly tipsy Bangtan', 'and a few more than tipsy', 'new years fic']",['Kim Seokjin'],[]
https://golemlab.eu/graph/19944814,Legacies,A newcomer is staying in the beach house next door and it’s criminal how well he fits in. 1980s Con Artist Jin x Female Reader,2019-07-23,6114,Explicit,F/M,Completed,21,seokjin,Crimes & Criminals | Exhibitionism | Ice Play | Murder | Oral Sex | Vaginal Sex | secondary character death,Kim Seokjin | Jin/Reader,"['Crimes & Criminals', 'Exhibitionism', 'Ice Play', 'Murder', 'Oral Sex', 'Vaginal Sex', 'secondary character death']","['Crimes & Criminals', 'Exhibitionism', 'Ice Play', 'Murder', 'Oral Sex', 'Vaginal Sex']",['secondary character death'],[],[]
https://golemlab.eu/graph/13168698,Pretty Baby,"Just a short, cute thing with Seokjin.",2017-12-27,337,Teen And Up Audiences,F/M,Completed,21,seokjin,Domestic Fluff | Fluff | More Fluff | Waking Up,Kim Seokjin | Jin/Reader Series: Short and cute (like chim and GI) [2],"['Domestic Fluff', 'Fluff', 'More Fluff', 'Waking Up']","['Domestic Fluff', 'Fluff']","['More Fluff', 'Waking Up']","['More Fluff', 'Waking Up']",[]
https://golemlab.eu/graph/16920015,Romantic Surprise,,2018-12-09,1462,Teen And Up Audiences,F/M,Completed,21,seokjin,Fluff | boyfriedn seokjin | vlogger seokjin,Kim Seokjin | Jin/Reader Series: Vlogger series [3],"['Fluff', 'boyfriedn seokjin', 'vlogger seokjin']",['Fluff'],"['boyfriedn seokjin', 'vlogger seokjin']",[],[]
https://golemlab.eu/graph/37604884,feathers,It’s time to say goodbye to one of your favorite parts of your partner.,2022-03-08,1014,Mature,F/M,Completed,21,seokjin,Curvy Reader | Fluff | Grinding | Implied Sexual Content | Kissing | Long-haired Seokjin | Plus-Sized Reader | Praise Kink | Very Very Mild | and no use of gendered pronouns | but like really mild | no descriptions of genitalia for the reader | please read my notes for more on that | send fucking help | soft-bodied reader | this is not smut but it is the lead up to implied smut | whatever your preferred term is,Kim Seokjin | Jin/Reader,"['Curvy Reader', 'Fluff', 'Grinding', 'Implied Sexual Content', 'Kissing', 'Long-haired Seokjin', 'Plus-Sized Reader', 'Praise Kink', 'Very Very Mild', 'and no use of gendered pronouns', 'but like really mild', 'no descriptions of genitalia for the reader', 'please read my notes for more on that', 'send fucking help', 'soft-bodied reader', 'this is not smut but it is the lead up to implied smut', 'whatever your preferred term is']","['Fluff', 'Grinding', 'Implied Sexual Content', 'Kissing', 'Praise Kink']","['Curvy Reader', 'Long-haired Seokjin', 'Plus-Sized Reader', 'Very Very Mild', 'and no use of gendered pronouns', 'but like really mild', 'no descriptions of genitalia for the reader', 'please read my notes for more on that', 'send fucking help', 'soft-bodied reader', 'this is not smut but it is the lead up to implied smut', 'whatever your preferred term is']","['Curvy Reader', 'Plus-Sized Reader', 'Very Very Mild']",[]
https://golemlab.eu/graph/24223636,Please Dont Go,"You and were partners in the Police force, and soon became romantic with each other. After investigating a murder you are gunned down during an on foot pursuit. Not knowing if you will pull through, Jin stays by your side in the hospital, not knowing if he will ever get an answer to questions left unsaid.",2020-05-16,2688,Teen And Up Audiences,F/M,Completed,21,seokjin,Angst | BTS AU | Established Relationship | Hospitalization | Injury | Non Idol AU | Police AU | tw blood | tw open wounds,Kim Seokjin | Jin/Reader,"['Angst', 'BTS AU', 'Established Relationship', 'Hospitalization', 'Injury', 'Non Idol AU', 'Police AU', 'tw blood', 'tw open wounds']","['Angst', 'Established Relationship', 'Hospitalization', 'Injury']","['BTS AU', 'Non Idol AU', 'Police AU', 'tw blood', 'tw open wounds']","['Non Idol AU', 'Police AU']",[]
https://golemlab.eu/graph/23348134,Love Is Not Over,"You and Seokjin have both achieved the dreams you talked about in college, but now the only thing missing is the love neither of you forgot.",2020-03-28,12827,Mature,F/M,Completed,21,seokjin,Implied Sexual Content | Love Stories | Romance | Romantic Fluff | Some angst | Sweet Kim Seokjin,"Kim Seokjin | Jin/Reader, Kim Seokjin | Jin/You","['Implied Sexual Content', 'Love Stories', 'Romance', 'Romantic Fluff', 'Some angst', 'Sweet Kim Seokjin']","['Implied Sexual Content', 'Love Stories', 'Romance', 'Romantic Fluff']","['Some angst', 'Sweet Kim Seokjin']",['Sweet Kim Seokjin'],[]
https://golemlab.eu/graph/20492159,my girl | ksj,"She's his sunshine on cloudy days. When it's cold outside, she's his month of May. What could make him feel this way? She's his girl.",2019-09-29,1542,Mature,F/M,In-Progress,21,seokjin,Alternate Universe - Homeless | Assistant Jeon Jungkook | Drug Dealer Min Yoongi | Suga | Eventual Smut | Fluff and Angst | Homeless Kim Seokjin | Jin | Homeless Shelters | Jung Hoseok | J-Hope is a Good Friend | Kim Taehyung | V & Reader are Siblings | Opposites Attract | POV Character of Color | Park Jimin (BTS) is a Good Friend | Reader is black | Side Jihope | Slow Burn | black army's we rise | but not for a while so don't get your hopes up | ceo reader | pls be nice | this is my first official story,Kim Seokjin | Jin/Reader,"['Alternate Universe - Homeless', 'Assistant Jeon Jungkook', 'Drug Dealer Min Yoongi', 'Suga', 'Eventual Smut', 'Fluff and Angst', 'Homeless Kim Seokjin', 'Jin', 'Homeless Shelters', 'Jung Hoseok', 'J-Hope is a Good Friend', 'Kim Taehyung', 'V & Reader are Siblings', 'Opposites Attract', 'POV Character of Color', 'Park Jimin (BTS) is a Good Friend', 'Reader is black', 'Side Jihope', 'Slow Burn', ""black army's we rise"", ""but not for a while so don't get your hopes up"", 'ceo reader', 'pls be nice', 'this is my first official story']","['Alternate Universe - Homeless', 'Eventual Smut', 'Fluff and Angst', 'Opposites Attract', 'POV Character of Color', 'Slow Burn']","['Drug Dealer Min Yoongi', 'Suga', 'Homeless Kim Seokjin', 'Jin', 'Homeless Shelters', 'Jung Hoseok', 'J-Hope is a Good Friend', 'Kim Taehyung', 'V & Reader are Siblings', 'Park Jimin (BTS) is a Good Friend', 'Reader is black', 'Side Jihope', ""black army's we rise"", ""but not for a while so don't get your hopes up"", 'ceo reader', 'pls be nice', 'this is my first official story']","['Drug Dealer Min Yoongi', 'Suga', 'Homeless Kim Seokjin', 'Jin', 'Homeless Shelters', 'Jung Hoseok', 'Kim Taehyung', 'Side Jihope']",['Assistant Jeon Jungkook']
https://golemlab.eu/graph/17188715,Settled In,"Moving into your own apartment is a stressful step into adulthood, but your boyfriend Jin knows how to cheer you up.",2018-12-27,471,General Audiences,F/M,Completed,21,seokjin,College | Couple | Domestic Fluff | Drabble | Fluff | Home | Hugs | Jin - Freeform | Moving | Reader Insert | bts - Freeform | idol | romantic | worldwide handsome,Kim Seokjin | Jin/Reader,"['College', 'Couple', 'Domestic Fluff', 'Drabble', 'Fluff', 'Home', 'Hugs', 'Jin - Freeform', 'Moving', 'Reader Insert', 'bts - Freeform', 'idol', 'romantic', 'worldwide handsome']","['College', 'Domestic Fluff', 'Drabble', 'Fluff', 'Home', 'Hugs', 'Moving']","['Couple', 'Jin - Freeform', 'Reader Insert', 'bts - Freeform', 'idol', 'romantic', 'worldwide handsome']","['Couple', 'Jin - Freeform', 'Reader Insert']",[]
https://golemlab.eu/graph/30047184,say you want me,"Summary - Reluctantly joining your friend at a party pays off when you end up alone with Seokjin in his apartment and he shows you what you’ve been missing out on. Pairing - Seokjin x reader Genre - smut Warnings - praise kink?, short lived sexual harassment, penetrative sex, oral (f recieving), big dick Jin, soft sex a/n: another re-write from a previous fandom. :)",2021-03-14,2953,Mature,F/M,Completed,21,seokjin,,Kim Seokjin | Jin/Reader,[],[],[],[],[]
https://golemlab.eu/graph/12604364,Perfect,"She fluctuates, good days and bad. Dark times and light. He is her constant. He is how she stays. - One of my Stay series; inspired by BTS' Hold Me Tight written by Taehyung.",2017-11-02,334,General Audiences,F/M,Completed,21,seokjin,Coping | Drabble | No Plot/Plotless | References to Depression | reader insert but in 3rd person,Kim Seokjin | Jin/Reader Series: Stay [4],"['Coping', 'Drabble', 'No Plot/Plotless', 'References to Depression', 'reader insert but in 3rd person']","['Coping', 'Drabble', 'No Plot/Plotless', 'References to Depression']",['reader insert but in 3rd person'],[],[]
https://golemlab.eu/graph/30167589,"Little Black Book: The One You Hate (Not Really, Well Maybe Just a Little Bit)","There are a few names in your Little Black Book, and these seven hold a special place in your heart. Now that you are closing that chapter in your life, you reminisce the time and experience you have had with your seven favourite men, especially with Kim Seokjin, the one you hate.",2021-03-21,3969,Explicit,F/M,Completed,21,seokjin,Boss/Employee Relationship | Friends With Benefits | Smut | Strangers to Lovers,"Kim Seokjin | Jin/Reader, Kim Seokjin | Jin/You Series: Little Black Book [2]","['Boss/Employee Relationship', 'Friends With Benefits', 'Smut', 'Strangers to Lovers']","['Boss/Employee Relationship', 'Friends With Benefits', 'Smut', 'Strangers to Lovers']",[],[],[]
https://golemlab.eu/graph/13714866,Adore You,"Jin and ___ are getting married tomorrow and have a busy schedule. But for tonight, it’s all about being together for a nice and relaxing date at home.",2018-02-17,1674,General Audiences,F/M,Completed,20,seokjin,,"Kim Seokjin | Jin/Reader, Kim Seokjin | Jin/You",[],[],[],[],[]
https://golemlab.eu/graph/13657809,Chocolate Cake and Romantic Gestures,“You now own the key to my heart.”,2018-02-12,1378,General Audiences,F/M,Completed,20,seokjin,Cake | Fluff | Kissing | Valentine's Day Fluff | ungendered reader,Kim Seokjin | Jin/Reader Series: AWW Valentine's Aesthetic Week [1],"['Cake', 'Fluff', 'Kissing', ""Valentine's Day Fluff"", 'ungendered reader']","['Cake', 'Fluff', 'Kissing', ""Valentine's Day Fluff""]",['ungendered reader'],[],[]
https://golemlab.eu/graph/24502732,Love Me Love Me Not,JIN POV Jin comes home after a long day at work. A misunderstanding leads y/n to thinking he’s betraying her. The night is dark all alone until you enter her bedroom,2020-06-02,2474,Mature,F/M,Completed,20,seokjin,Dom Kim Seokjin | Jin | Jin x Reader | Kim Seokjin | Jin is a Sweetheart | Make up sex | Smut | Sweet Kim Seokjin | Jin | Yoongi - Freeform | bts smut | btssmut - Freeform | hoseok - Freeform | jimin - Freeform | jin out of the shower | jinsmut | jinxreader - Freeform | jinxreadersmut | jungkook - Freeform | ksjsmut | namjoon - Freeform | taegyung | y/n | y/n mad,Kim Seokjin | Jin/Reader,"['Dom Kim Seokjin', 'Jin', 'Jin x Reader', 'Kim Seokjin', 'Jin is a Sweetheart', 'Make up sex', 'Smut', 'Sweet Kim Seokjin', 'Jin', 'Yoongi - Freeform', 'bts smut', 'btssmut - Freeform', 'hoseok - Freeform', 'jimin - Freeform', 'jin out of the shower', 'jinsmut', 'jinxreader - Freeform', 'jinxreadersmut', 'jungkook - Freeform', 'ksjsmut', 'namjoon - Freeform', 'taegyung', 'y/n', 'y/n mad']",['Smut'],"['Dom Kim Seokjin', 'Jin', 'Jin x Reader', 'Kim Seokjin', 'Jin is a Sweetheart', 'Make up sex', 'Sweet Kim Seokjin', 'Jin', 'Yoongi - Freeform', 'bts smut', 'btssmut - Freeform', 'hoseok - Freeform', 'jimin - Freeform', 'jin out of the shower', 'jinsmut', 'jinxreader - Freeform', 'jinxreadersmut', 'jungkook - Freeform', 'ksjsmut', 'namjoon - Freeform', 'taegyung', 'y/n', 'y/n mad']","['Dom Kim Seokjin', 'Jin', 'Kim Seokjin', 'Sweet Kim Seokjin', 'Jin', 'Yoongi - Freeform']",[]
https://golemlab.eu/graph/23386537,💑 Pamamanhikan 💑,All content posted are for 18+ audiences only.,2020-03-30,2151,Explicit,F/M,Completed,20,seokjin,Alternate Universe | Cunnilingus | Engagement | Fluff | Marriage | Oral Sex | Philippine Culture | Vaginal Fingering | Vaginal Sex | courting | kinda vanilla sex? | pussy licking | sweet seokjin,Kim Seokjin | Jin/Reader,"['Alternate Universe', 'Cunnilingus', 'Engagement', 'Fluff', 'Marriage', 'Oral Sex', 'Philippine Culture', 'Vaginal Fingering', 'Vaginal Sex', 'courting', 'kinda vanilla sex?', 'pussy licking', 'sweet seokjin']","['Alternate Universe', 'Cunnilingus', 'Engagement', 'Fluff', 'Marriage', 'Oral Sex', 'Vaginal Fingering', 'Vaginal Sex']","['Philippine Culture', 'courting', 'kinda vanilla sex?', 'pussy licking', 'sweet seokjin']",['Philippine Culture'],[]
https://golemlab.eu/graph/21317602,Dalgi Jam,Seokjin's hair smells like strawberry jam?,2019-11-05,818,General Audiences,F/M,Completed,20,seokjin,Fluff | based off interviews | idk what this is tbh,Kim Seokjin | Jin/Reader,"['Fluff', 'based off interviews', 'idk what this is tbh']",['Fluff'],"['based off interviews', 'idk what this is tbh']",[],[]
https://golemlab.eu/graph/16447541,PENTAGRAMS,Seokjin was bored one day and decided it's a good idea to draw pentagrams for fun. Not his brightest idea.,2018-10-29,1526,Teen And Up Audiences,F/M,In-Progress,20,seokjin,Crack fic i think | Satanic much? | demon! reader - Freeform | halloween stuff | spooky season,Kim Seokjin | Jin/Reader,"['Crack fic i think', 'Satanic much?', 'demon! reader - Freeform', 'halloween stuff', 'spooky season']",[],"['Crack fic i think', 'Satanic much?', 'demon! reader - Freeform', 'halloween stuff', 'spooky season']",[],[]
https://golemlab.eu/graph/20724659,Blinded,"Created by request on my Tumblr, btsaudge. Here's the prompt: “Blindfolds heighten your senses, maybe that’s why you’re whimpering louder than usual.”",2019-09-21,602,Explicit,F/M,Completed,20,seokjin,Blindfolds | Cunnilingus | Fluff | Oral Sex | Overstimulation | Smut,"Kim Seokjin | Jin/Reader, Kim Seokjin | Jin/You Series: BTS x Plus Sized Reader [5]","['Blindfolds', 'Cunnilingus', 'Fluff', 'Oral Sex', 'Overstimulation', 'Smut']","['Blindfolds', 'Cunnilingus', 'Fluff', 'Oral Sex', 'Overstimulation', 'Smut']",[],[],[]
https://golemlab.eu/graph/25448911,Sick Day,"You are the only woman living with a group of seven men. One day, Jin is sick, and while the others go out to have fun, you decide to stay home and take care of him. Little did you know that he was actually wanting to take care of you.",2020-06-15,883,Explicit,F/M,Completed,20,seokjin,Explicit Language | Explicit Sexual Content | Jin - Freeform | Kim Seokjin - Freeform | Noona Kink | Roommates | Surprise Sex | bts - Freeform | sick day,Kim Seokjin | Jin/Reader,"['Explicit Language', 'Explicit Sexual Content', 'Jin - Freeform', 'Kim Seokjin - Freeform', 'Noona Kink', 'Roommates', 'Surprise Sex', 'bts - Freeform', 'sick day']","['Explicit Language', 'Explicit Sexual Content', 'Noona Kink', 'Roommates', 'Surprise Sex']","['Jin - Freeform', 'Kim Seokjin - Freeform', 'bts - Freeform', 'sick day']","['Jin - Freeform', 'Kim Seokjin - Freeform']",[]
https://golemlab.eu/graph/20250382,42. How Much I Love You,Prompt: Proposal! Week 6 Day 7,2019-08-15,1372,Teen And Up Audiences,F/M,Completed,20,seokjin,Marriage Proposal | one shots,Kim Seokjin | Jin/Reader Series: 50 Days of One Shots [42],"['Marriage Proposal', 'one shots']",['Marriage Proposal'],['one shots'],[],[]
https://golemlab.eu/graph/12341562,Stained Again,In which a coffee stain was all it took for you to charm him.,2017-10-12,1636,Mature,F/M,Completed,19,seokjin,Alternate Universe - Coffee Shops & Cafés | Coffee | Fluff | Giggle | Oneshot | Romantic Fluff | Slow Burn | Smile,Kim Seokjin | Jin/Reader Series: The Box Series [3],"['Alternate Universe - Coffee Shops & Cafés', 'Coffee', 'Fluff', 'Giggle', 'Oneshot', 'Romantic Fluff', 'Slow Burn', 'Smile']","['Coffee', 'Fluff', 'Romantic Fluff', 'Slow Burn', 'Smile']","['Alternate Universe - Coffee Shops & Cafés', 'Giggle', 'Oneshot']","['Giggle', 'Oneshot']",[]
https://golemlab.eu/graph/39011439,A Farce in Four Parts,Kim Seokjin is a catch. He knows this. Everyone knows this. So how did he end up in an arranged marriage with you just to fulfill some stupid clause in order to inherit Kim Industries? YES YES YES IT'S RIDICULOUS AND MAKES NO SENSE PAY NO ATTENTION TO THE LACK OF WORLD BUILDING OR SIGNIFICANT CONVERSATIONS IT'S JUST A LONG SEOKJIN BABBLE A BABBLE DRABBLE IF ONE WOULD,2022-05-15,2283,Teen And Up Audiences,F/M,Completed,19,seokjin,Alternate Universe - Arranged Marriage | Arranged Marriage | Friends to Lovers | Idiots in Love,Kim Seokjin | Jin/Reader Series: Kishōtenketsu [1],"['Alternate Universe - Arranged Marriage', 'Arranged Marriage', 'Friends to Lovers', 'Idiots in Love']","['Alternate Universe - Arranged Marriage', 'Arranged Marriage', 'Friends to Lovers', 'Idiots in Love']",[],[],[]
https://golemlab.eu/graph/19764739,Perfect Imperfection,Kim Seokjin kisses away your insecurities.,2019-07-11,3610,Mature,F/M,Completed,19,seokjin,,Kim Seokjin | Jin/Reader,[],[],[],[],[]
https://golemlab.eu/graph/17093033,Postcards.,"(I am very bad at writing a summary) Posts cards written to Seokjin while he's in military. (Obviously it's an imagine series, I don't want to freak anybody. Please give it a try, happy reading.)",2018-12-29,3829,General Audiences,F/M,Completed,19,seokjin,Alternate Universe - Military | Attempt at Humor | BT21 - Freeform | Conscription | Cooky - Freeform | Cults | Fast Food | Food | I Can't Believe I Wrote This | I Wrote This Instead of Sleeping | I'm Bad At Tagging | Kim Seokjin | Jin-centric | Letters to seokjin | Military Enlistment | Namjin Week | Pets | Picture post cards | Postcards | chimmy - Freeform | mentions of taehyung - Freeform,Kim Seokjin | Jin/Reader,"['Alternate Universe - Military', 'Attempt at Humor', 'BT21 - Freeform', 'Conscription', 'Cooky - Freeform', 'Cults', 'Fast Food', 'Food', ""I Can't Believe I Wrote This"", 'I Wrote This Instead of Sleeping', ""I'm Bad At Tagging"", 'Kim Seokjin', 'Jin-centric', 'Letters to seokjin', 'Military Enlistment', 'Namjin Week', 'Pets', 'Picture post cards', 'Postcards', 'chimmy - Freeform', 'mentions of taehyung - Freeform']","['Alternate Universe - Military', 'Attempt at Humor', 'Cults', 'Fast Food', 'Food', ""I Can't Believe I Wrote This"", 'I Wrote This Instead of Sleeping', ""I'm Bad At Tagging"", 'Namjin Week', 'Pets', 'Postcards']","['BT21 - Freeform', 'Conscription', 'Cooky - Freeform', 'Kim Seokjin', 'Jin-centric', 'Letters to seokjin', 'Military Enlistment', 'Picture post cards', 'chimmy - Freeform', 'mentions of taehyung - Freeform']","['BT21 - Freeform', 'Conscription', 'Cooky - Freeform', 'Kim Seokjin', 'Military Enlistment']",[]
https://golemlab.eu/graph/24166801,Bulletproof,"The secretary and right-hand woman for the CEO of JinHit Entertainment suddenly breaks down and everything is falling apart. Can you, a mere intern, be able to to piece things back together for Seokjin as his new right-hand woman, at work, and at home?",2020-05-13,4658,Mature,F/M,In-Progress,19,seokjin,BTS as kids | Boss/Employee Relationship | Co-worker To Lovers | Dad AU | Fluff | Jinhit Entertainment | adopted sons bts | ceo kim seokjin | father kim seokjin | single father kim seokjin | smut (implied or explicit) | y/n secretary/intern,Kim Seokjin | Jin/Reader Series: Bulletproof [1],"['BTS as kids', 'Boss/Employee Relationship', 'Co-worker To Lovers', 'Dad AU', 'Fluff', 'Jinhit Entertainment', 'adopted sons bts', 'ceo kim seokjin', 'father kim seokjin', 'single father kim seokjin', 'smut (implied or explicit)', 'y/n secretary/intern']","['Boss/Employee Relationship', 'Fluff']","['BTS as kids', 'Co-worker To Lovers', 'Dad AU', 'Jinhit Entertainment', 'adopted sons bts', 'ceo kim seokjin', 'father kim seokjin', 'single father kim seokjin', 'smut (implied or explicit)', 'y/n secretary/intern']","['Dad AU', 'Jinhit Entertainment']",[]
https://golemlab.eu/graph/34749523,One Step,"attending an ex’s wedding is never easy, but you might just have the perfect remedy—if you can pluck up the courage to take it.",2021-10-27,2904,General Audiences,F/M,Completed,19,seokjin,Doctor Kim Seokjin | Jin | Fluff | single parent,Kim Seokjin | Jin/Reader,"['Doctor Kim Seokjin', 'Jin', 'Fluff', 'single parent']",['Fluff'],"['Doctor Kim Seokjin', 'Jin', 'single parent']","['Doctor Kim Seokjin', 'Jin']",[]
https://golemlab.eu/graph/8559838,Short BTS Drabble,My friend and I wrote this last year. It's actually not too bad!,2016-11-14,204,General Audiences,F/M,Completed,19,seokjin,Drabble | Fluff | J-Hope Is Salty | NotReallyButIt'sFluff | Oneshot,Kim Seokjin | Jin/Reader,"['Drabble', 'Fluff', 'J-Hope Is Salty', ""NotReallyButIt'sFluff"", 'Oneshot']","['Drabble', 'Fluff']","['J-Hope Is Salty', ""NotReallyButIt'sFluff"", 'Oneshot']","['J-Hope Is Salty', 'Oneshot']",[]
https://golemlab.eu/graph/15595509,What to do- Jin Short,"You have run off from the group and your boyfriend, Jin, has come looking for you. Very short, heartwarming story of you receiving love and affection from our World Wide Handsome Man Let me know what you think <3 HM",2018-08-06,862,General Audiences,F/M,Completed,19,seokjin,Adorable | Caring | Random & Short | Romance | Short | Short & Sweet | Short One Shot | Sweet | Teen Romance,Kim Seokjin | Jin/Reader,"['Adorable', 'Caring', 'Random & Short', 'Romance', 'Short', 'Short & Sweet', 'Short One Shot', 'Sweet', 'Teen Romance']","['Adorable', 'Caring', 'Random & Short', 'Romance', 'Short', 'Short & Sweet', 'Short One Shot', 'Sweet', 'Teen Romance']",[],[],[]
https://golemlab.eu/graph/16223246,Baby Got Back,An old-ish fanfic I finally decided to post somewhere lol,2018-10-07,1901,Teen And Up Audiences,F/M,In-Progress,18,seokjin,Fluff | Karma - Freeform | Kissing | Pranks | Purely Fluff | Reader-Insert | Teasing | can you blame me? | have you seen Jin's back | jin will retaliate | my hand slipped | prank gone wrong | reader got cocky,Kim Seokjin | Jin/Reader,"['Fluff', 'Karma - Freeform', 'Kissing', 'Pranks', 'Purely Fluff', 'Reader-Insert', 'Teasing', 'can you blame me?', ""have you seen Jin's back"", 'jin will retaliate', 'my hand slipped', 'prank gone wrong', 'reader got cocky']","['Fluff', 'Kissing', 'Reader-Insert', 'Teasing']","['Karma - Freeform', 'Pranks', 'Purely Fluff', 'can you blame me?', ""have you seen Jin's back"", 'jin will retaliate', 'my hand slipped', 'prank gone wrong', 'reader got cocky']","['Karma - Freeform', 'Pranks', 'Purely Fluff']",[]
https://golemlab.eu/graph/39025215,A Comedy of Manners (in Brief),You have 730 days to provide an heir for your husband Kim Seokjin before your marriage will summarily be annulled. Seokjin thinks he can fight it; you are resigned to your fate. You bend your entire will to getting (and staying) pregnant. Here's what happens when you can't.,2022-05-16,2085,Teen And Up Audiences,F/F,Completed,18,seokjin,Alternate Universe - Arranged Marriage | Arranged Marriage | Idiots in Love | Infertility | Marriage Annulment | Miscarriage,Kim Seokjin | Jin/Reader Series: Kishōtenketsu [2],"['Alternate Universe - Arranged Marriage', 'Arranged Marriage', 'Idiots in Love', 'Infertility', 'Marriage Annulment', 'Miscarriage']","['Alternate Universe - Arranged Marriage', 'Arranged Marriage', 'Idiots in Love', 'Infertility', 'Miscarriage']",['Marriage Annulment'],['Marriage Annulment'],[]
https://golemlab.eu/graph/12986478,The Best Christmas Gift,"It's Christmas time and the BTS boys have all gone their separate ways for the holidays. Little do they know that this year their best gift will be human, female and oh so willing.",2017-12-11,3989,Explicit,F/M,In-Progress,18,seokjin,Christmas Party | Christmas Smut | Fluff and Humor | Romance,Kim Seokjin | Jin/Reader,"['Christmas Party', 'Christmas Smut', 'Fluff and Humor', 'Romance']","['Christmas Party', 'Christmas Smut', 'Fluff and Humor', 'Romance']",[],[],[]
https://golemlab.eu/graph/27650890,Drive Through,"Established relationship car sex with Kim Seokjin. Short and sweet <3 Submitted anonymously, no signature added.",2020-11-21,760,Explicit,F/M,Completed,18,seokjin,Car Sex | Established Relationship | Smut | Unprotected Sex,Kim Seokjin | Jin/Reader,"['Car Sex', 'Established Relationship', 'Smut', 'Unprotected Sex']","['Car Sex', 'Established Relationship', 'Smut']",['Unprotected Sex'],['Unprotected Sex'],[]
https://golemlab.eu/graph/33024277,Riptide,"It takes a foolishly trivial incident to unravel how astonishingly little you and Seokjin actually understand each other. It has you questioning your relationship, and him? Well, he’s questioning his whole life .",2021-08-04,25372,Explicit,F/M,Completed,18,seokjin,(hi meet two more idiots who can't communicate) | Alcohol | Angst | Angst with a Happy Ending | Dirty Talk | Emotional Hurt/Comfort | Established Relationship | Eventual Fluff | Explicit Sexual Content | Insecurity | Jealousy | Manhandling | Miscommunication | Relationship Problems | Rough Sex | Semi-Public Sex | Smut | Some Humor | Swearing | Unresolved Emotional Tension | Vaginal Fingering,Kim Seokjin | Jin/Reader Series: Youth [2],"[""(hi meet two more idiots who can't communicate)"", 'Alcohol', 'Angst', 'Angst with a Happy Ending', 'Dirty Talk', 'Emotional Hurt/Comfort', 'Established Relationship', 'Eventual Fluff', 'Explicit Sexual Content', 'Insecurity', 'Jealousy', 'Manhandling', 'Miscommunication', 'Relationship Problems', 'Rough Sex', 'Semi-Public Sex', 'Smut', 'Some Humor', 'Swearing', 'Unresolved Emotional Tension', 'Vaginal Fingering']","['Alcohol', 'Angst', 'Angst with a Happy Ending', 'Dirty Talk', 'Emotional Hurt/Comfort', 'Established Relationship', 'Eventual Fluff', 'Explicit Sexual Content', 'Insecurity', 'Jealousy', 'Manhandling', 'Miscommunication', 'Relationship Problems', 'Rough Sex', 'Semi-Public Sex', 'Smut', 'Some Humor', 'Swearing', 'Unresolved Emotional Tension', 'Vaginal Fingering']","[""(hi meet two more idiots who can't communicate)""]",[],[]
https://golemlab.eu/graph/22421920,Airplane,"The wedding was called off the night before, but you had a honeymoon to go on. As you settle into your upgraded seat, you glance over to see a handsome man looking at you.",2020-01-26,24865,General Audiences,F/M,In-Progress,18,seokjin,Love Stories | Romantic Friendship | Sweet Kim Seokjin | Jin,Kim Seokjin | Jin/Reader,"['Love Stories', 'Romantic Friendship', 'Sweet Kim Seokjin', 'Jin']","['Love Stories', 'Romantic Friendship']","['Sweet Kim Seokjin', 'Jin']","['Sweet Kim Seokjin', 'Jin']",[]
https://golemlab.eu/graph/22037689,when fire meets ice,"after years of living in a summer-all-year-round country, you moved to a country with four weather seasons, and fall had been great but now winter was just starting and you’re thinking that maybe you should have stayed back home.",2019-12-31,3316,General Audiences,F/M,Completed,17,seokjin,Originally Posted on Tumblr | no smut this time sorry lads | this is a sweet little thing alright?? okay,Kim Seokjin | Jin/Reader,"['Originally Posted on Tumblr', 'no smut this time sorry lads', 'this is a sweet little thing alright?? okay']",['Originally Posted on Tumblr'],"['no smut this time sorry lads', 'this is a sweet little thing alright?? okay']",[],[]
https://golemlab.eu/graph/19779079,25. Sleeping Beauty,Prompt: Disney Princess Crossovers Week 4 Day 4,2019-07-12,1822,Teen And Up Audiences,F/M,Completed,17,seokjin,Angst | Disney Princess Crossovers | Fairytale Violence | Prince/Princess Switch | Sleeping Beauty - Freeform | one shots,Kim Seokjin | Jin/Reader Series: 50 Days of One Shots [25],"['Angst', 'Disney Princess Crossovers', 'Fairytale Violence', 'Prince/Princess Switch', 'Sleeping Beauty - Freeform', 'one shots']",['Angst'],"['Disney Princess Crossovers', 'Fairytale Violence', 'Prince/Princess Switch', 'Sleeping Beauty - Freeform', 'one shots']","['Disney Princess Crossovers', 'Fairytale Violence', 'Prince/Princess Switch', 'Sleeping Beauty - Freeform']",[]
https://golemlab.eu/graph/18293834,Drunk,"No matter how he tried Jin just couldn't let you go, even though he knew he could have any girl he wanted, he still found himself wanting you even after things went bad.",2019-03-30,805,Teen And Up Audiences,F/M,Completed,17,seokjin,Angst | Breakup | Drunk Jin,Kim Seokjin | Jin/Reader Series: BTS Drabbles [9],"['Angst', 'Breakup', 'Drunk Jin']",['Angst'],"['Breakup', 'Drunk Jin']","['Breakup', 'Drunk Jin']",[]
https://golemlab.eu/graph/33662974,Tied and True,"You wake up to Jin looking absolutely adorable in one of your oversized pink sweaters, and you can't help yourself.",2021-09-03,4835,Explicit,F/M,Completed,17,seokjin,Couch Sex | Established Relationship | Hand Jobs | Light Bondage | Not Beta Read | Not exactly dom reader but some people would call it that | Oneshot | Panty Sniffing | Smut | bi Seokjin | bi reader | subby Jin,"Kim Seokjin | Jin/Reader, Kim Seokjin | Jin/You","['Couch Sex', 'Established Relationship', 'Hand Jobs', 'Light Bondage', 'Not Beta Read', 'Not exactly dom reader but some people would call it that', 'Oneshot', 'Panty Sniffing', 'Smut', 'bi Seokjin', 'bi reader', 'subby Jin']","['Couch Sex', 'Established Relationship', 'Hand Jobs', 'Light Bondage', 'Not Beta Read', 'Smut']","['Not exactly dom reader but some people would call it that', 'Oneshot', 'Panty Sniffing', 'bi Seokjin', 'bi reader', 'subby Jin']","['Oneshot', 'Panty Sniffing']",[]
https://golemlab.eu/graph/8453707,Día de los muertos,So here is the Jin fic I was talking about! WOOO! This was inspired by wings photoshoot. His outfit really reminded me of Día de los muertos. I wrote it in a Halloween setting even though I'm posting it on today which is the day of the dead. I based the situation off my life as I am half Hispanic and never knew if that side of my family celebrated it (found out they do and got super excited). This ended up being a lot more informational than I intended it to be..... So sorry for the history (?) lesson lol. Hope you enjoy anyway!,2016-11-02,2040,General Audiences,F/M,Completed,17,seokjin,Halloween | Hidden relationsip | but you're also dating jin | day if the dead | kinda informational? | you two just decided to not tell the army's yet | you're a stylist for bts,Kim Seokjin | Jin/Reader,"['Halloween', 'Hidden relationsip', ""but you're also dating jin"", 'day if the dead', 'kinda informational?', ""you two just decided to not tell the army's yet"", ""you're a stylist for bts""]",['Halloween'],"['Hidden relationsip', ""but you're also dating jin"", 'day if the dead', 'kinda informational?', ""you two just decided to not tell the army's yet"", ""you're a stylist for bts""]",[],[]
https://golemlab.eu/graph/33293674,it's love (actually),"It's almost Christmas, and in a bout of courage you decide to be brave for once.",2021-08-16,917,General Audiences,F/M,Completed,17,seokjin,Christmas Fluff | Fluff | Friends to Lovers | Inspired by Love Actually | Tooth-Rotting Fluff,Kim Seokjin | Jin/Reader,"['Christmas Fluff', 'Fluff', 'Friends to Lovers', 'Inspired by Love Actually', 'Tooth-Rotting Fluff']","['Christmas Fluff', 'Fluff', 'Friends to Lovers', 'Inspired by Love Actually', 'Tooth-Rotting Fluff']",[],[],[]
https://golemlab.eu/graph/30537738,Oh Baby,"you wanted to surprise your husband when he got home from work, but he also had a surprise for you",2021-04-07,397,Mature,F/M,Completed,17,seokjin,Domestic Fluff | Established Relationship | Hint at Sex | Married Couple | Married Sex | Smut,Kim Seokjin | Jin/Reader,"['Domestic Fluff', 'Established Relationship', 'Hint at Sex', 'Married Couple', 'Married Sex', 'Smut']","['Domestic Fluff', 'Established Relationship', 'Married Couple', 'Married Sex', 'Smut']",['Hint at Sex'],[],[]
https://golemlab.eu/graph/16024145,falling stars and burning hearts,"As the eldest of three siblings, you've always accepted your life will be completely unremarkable. In fact, you're quite happy to spend the rest of your life tending to your father's hat shop. That was your plan, at least, until you had a run in with a mysterious wizard and found your life turned upside down. Faced with a curse from a literal wicked witch, you find yourself leaving the only home you've ever known all your life. But perhaps with the wizard's help, you might just be able to find what you've been missing this whole time.",2018-09-18,9174,General Audiences,Gen,In-Progress,17,seokjin,Howl's Moving Castle AU | Jungkook is his apprentice | Kim Seokjin is a wizard | jin is howl | other members will make cameos through the story | reader is sophie,Kim Seokjin | Jin/Reader Series: BTS x Ghibli [1],"[""Howl's Moving Castle AU"", 'Jungkook is his apprentice', 'Kim Seokjin is a wizard', 'jin is howl', 'other members will make cameos through the story', 'reader is sophie']",[],"[""Howl's Moving Castle AU"", 'Jungkook is his apprentice', 'Kim Seokjin is a wizard', 'jin is howl', 'other members will make cameos through the story', 'reader is sophie']",[],[]
https://golemlab.eu/graph/14726271,Unpredictably Sweet,Short Story | Kim Seokjin,2018-05-22,11490,General Audiences,F/M,Completed,16,seokjin,AU | Army | BANGTANSONYEONDAN | Cute | Fanfic | Fluff | Jin - Freeform | Kim Seokjin - Freeform | Love | Past | Romance | bangtan boys - Freeform | bts - Freeform | long time crush | really jin | seokjin - Freeform | sweet seokjin,Kim Seokjin | Jin/Reader,"['AU', 'Army', 'BANGTANSONYEONDAN', 'Cute', 'Fanfic', 'Fluff', 'Jin - Freeform', 'Kim Seokjin - Freeform', 'Love', 'Past', 'Romance', 'bangtan boys - Freeform', 'bts - Freeform', 'long time crush', 'really jin', 'seokjin - Freeform', 'sweet seokjin']","['Army', 'Cute', 'Fluff', 'Love', 'Past', 'Romance']","['AU', 'BANGTANSONYEONDAN', 'Fanfic', 'Jin - Freeform', 'Kim Seokjin - Freeform', 'bangtan boys - Freeform', 'bts - Freeform', 'long time crush', 'really jin', 'seokjin - Freeform', 'sweet seokjin']","['Fanfic', 'Jin - Freeform', 'Kim Seokjin - Freeform']",[]
https://golemlab.eu/graph/24438223,Pocky No I. (Kim Seokjin/Jin x F!Reader),"While  they are preparing a cake for their bandmates, Kim Seokjin can't help but be in awe with the fact that his girlfriend bought Pocky for the cakes decor. After all he's still waiting for a rematch from their last try on the Pocky-Game.",2020-05-29,1527,Teen And Up Audiences,F/M,Completed,16,seokjin,Baking | Cake | Gentle Kissing | Kim Seokjin | Jin is a Sweetheart | Kissing | Making Out | Mentioned Kim Namjoon | RM | Sweet | Sweet Kim Seokjin | Jin | Teasing | The Pocky Game,Kim Seokjin | Jin/Reader Series: Pocky-Series [1],"['Baking', 'Cake', 'Gentle Kissing', 'Kim Seokjin', 'Jin is a Sweetheart', 'Kissing', 'Making Out', 'Mentioned Kim Namjoon', 'RM', 'Sweet', 'Sweet Kim Seokjin', 'Jin', 'Teasing', 'The Pocky Game']","['Baking', 'Cake', 'Gentle Kissing', 'Kissing', 'Making Out', 'Sweet', 'Teasing', 'The Pocky Game']","['Kim Seokjin', 'Jin is a Sweetheart', 'Mentioned Kim Namjoon', 'RM', 'Sweet Kim Seokjin', 'Jin']","['Kim Seokjin', 'Mentioned Kim Namjoon', 'Sweet Kim Seokjin', 'Jin']",[]
https://golemlab.eu/graph/12918222,"Baby, it's cold outside","Jin is baking gingerbread men, you are decorating the tree, and then you realize something.",2017-12-05,441,General Audiences,Other,Completed,16,seokjin,Christmas | Fluff | Gender Neutral | It's Soft | yeah that's pretty much it tbh,Kim Seokjin | Jin/Reader Series: cassie_baby's bts drabbles [3],"['Christmas', 'Fluff', 'Gender Neutral', ""It's Soft"", ""yeah that's pretty much it tbh""]","['Christmas', 'Fluff']","['Gender Neutral', ""It's Soft"", ""yeah that's pretty much it tbh""]",['Gender Neutral'],[]
https://golemlab.eu/graph/17098763,"Snowfall, a Winter's Tale","Based off the prompt: “Are you ready to go - wait holy shit is something burning are you alright? Whoa, that’s embarrassing, no I’m not laughing. We’ve got time, let’s fix this”",2018-12-22,3754,Mature,F/M,In-Progress,16,seokjin,Alternate Universe - College/University | Can't cook for shit | Dad Jokes | Domestic Fluff | Fluff and Humor | Friends to Lovers | Holidays | Karaoke | Rated M for language | These jokes are so bad | Winter | and some steamy moments later | but mostly language and alcohol | seriously you've been warned | terrible puns,Kim Seokjin | Jin/Reader Series: University AU [2],"['Alternate Universe - College/University', ""Can't cook for shit"", 'Dad Jokes', 'Domestic Fluff', 'Fluff and Humor', 'Friends to Lovers', 'Holidays', 'Karaoke', 'Rated M for language', 'These jokes are so bad', 'Winter', 'and some steamy moments later', 'but mostly language and alcohol', ""seriously you've been warned"", 'terrible puns']","['Alternate Universe - College/University', 'Domestic Fluff', 'Fluff and Humor', 'Friends to Lovers', 'Holidays', 'Karaoke', 'Winter']","[""Can't cook for shit"", 'Dad Jokes', 'Rated M for language', 'These jokes are so bad', 'and some steamy moments later', 'but mostly language and alcohol', ""seriously you've been warned"", 'terrible puns']",['Dad Jokes'],[]
https://golemlab.eu/graph/19178344,"Teacher, Teacher","in which kim seokjin is not a dumbass, math is just something only weird people get the hang of.",2019-06-11,8407,Teen And Up Audiences,F/M,In-Progress,16,seokjin,Alcohol | Alternate Universe - Not K-Pop Idols | But so is everyone else | Cute Kim Seokjin | Jin | Partying | Popularity | Tutoring | future smut | im not glorifying popular culture oop | jimin is an f boy,Kim Seokjin | Jin/Reader,"['Alcohol', 'Alternate Universe - Not K-Pop Idols', 'But so is everyone else', 'Cute Kim Seokjin', 'Jin', 'Partying', 'Popularity', 'Tutoring', 'future smut', 'im not glorifying popular culture oop', 'jimin is an f boy']","['Alcohol', 'Alternate Universe - Not K-Pop Idols', 'Partying', 'Popularity', 'Tutoring']","['But so is everyone else', 'Cute Kim Seokjin', 'Jin', 'future smut', 'im not glorifying popular culture oop', 'jimin is an f boy']","['Cute Kim Seokjin', 'Jin']",[]
https://golemlab.eu/graph/24847522,Scary Movie Night,You have had a crush on Jin ever since Jungkook introduced you to him. What happens when you and Jungkook play a prank on the other boys. Will Jin forgive you or will you be punished?,2020-06-21,3685,Mature,F/M,Completed,16,seokjin,Dom Kim Seokjin | Jin | Fluff and Smut | Funny | Jeon Jungkook is a Little Shit | Smut,Kim Seokjin | Jin/Reader,"['Dom Kim Seokjin', 'Jin', 'Fluff and Smut', 'Funny', 'Jeon Jungkook is a Little Shit', 'Smut']","['Fluff and Smut', 'Funny', 'Smut']","['Dom Kim Seokjin', 'Jin']","['Dom Kim Seokjin', 'Jin']",['Jeon Jungkook is a Little Shit']
https://golemlab.eu/graph/24192946,PANCAKE,Mornings with Seokjin and you as his wife.,2020-05-15,344,General Audiences,F/M,Completed,16,seokjin,Domestic Fluff | Fluff | Married Life | Tooth-Rotting Fluff,Kim Seokjin | Jin/Reader,"['Domestic Fluff', 'Fluff', 'Married Life', 'Tooth-Rotting Fluff']","['Domestic Fluff', 'Fluff', 'Married Life', 'Tooth-Rotting Fluff']",[],[],[]
https://golemlab.eu/graph/21515542,Hot Pot,"You really didn't want to be at the party despite that it was your best friend who was throwing it, who would have thought that it would end up the best night of your life though when a toilet paper mummy comes to save your night and take you out to eat instead.",2019-11-21,907,General Audiences,F/M,Completed,16,seokjin,Alternate Universe - College/University | Crushes | Fluff | Getting Together | Halloween Costumes | Jin Is A Gentleman | halloween party,Kim Seokjin | Jin/Reader Series: #BTSCampfireStories [1],"['Alternate Universe - College/University', 'Crushes', 'Fluff', 'Getting Together', 'Halloween Costumes', 'Jin Is A Gentleman', 'halloween party']","['Alternate Universe - College/University', 'Crushes', 'Fluff', 'Getting Together', 'Halloween Costumes']","['Jin Is A Gentleman', 'halloween party']",['Jin Is A Gentleman'],[]
https://golemlab.eu/graph/35677171,Your Guardian Angel,"Ever secretly been in love with your best friend just to have to watch them go through some of the worst moments of their life and not be able to help? Seokjin has. He just wants to help you, to love you, to be your guardian angel...will you let him? CW: This is a heavy fic with depictions of domestic violence and mental manipulation/degradation. Reader(written without using y/n) starts off in an established relationship with some serious** issues. This is in no way a glorification of these acts, it's intended as the opposite. Everything is written based on personal experience with minor changes to fit into a fanfic narrative and for personal privacy. There can be a happy ending, I promise, but to get there we got a little bit of a bumpy road to get down. **Please check for any further CWs at the start of each chapter. -The tags can only cover so much- This is part of a new series I'm working on called Heartbeat Melodies, stories inspired by songs. This particular story is inspired by Your Guardian Angel by The Red Jumpsuit Apparatus",2021-12-13,14887,Explicit,F/M,Completed,16,seokjin,Angst | Angst and Fluff and Smut | Blood and Injury | Death Threats | Domestic Violence | Drinking | Emotional Manipulation | Emotional/Psychological Abuse | Explicit Language | Fist Fights | Fluff and Smut | Friends to Lovers | Healing | Physical Abuse | Soft Kim Seokjin | Jin | Sweet Kim Seokjin | Jin | Threats of Violence | Vaginal Sex | Verbal Abuse | self-deprecation | soft smut,Kim Seokjin | Jin/Reader Series: Heartbeat Melodies [1],"['Angst', 'Angst and Fluff and Smut', 'Blood and Injury', 'Death Threats', 'Domestic Violence', 'Drinking', 'Emotional Manipulation', 'Emotional/Psychological Abuse', 'Explicit Language', 'Fist Fights', 'Fluff and Smut', 'Friends to Lovers', 'Healing', 'Physical Abuse', 'Soft Kim Seokjin', 'Jin', 'Sweet Kim Seokjin', 'Jin', 'Threats of Violence', 'Vaginal Sex', 'Verbal Abuse', 'self-deprecation', 'soft smut']","['Angst', 'Angst and Fluff and Smut', 'Blood and Injury', 'Death Threats', 'Domestic Violence', 'Drinking', 'Emotional Manipulation', 'Emotional/Psychological Abuse', 'Explicit Language', 'Fist Fights', 'Fluff and Smut', 'Friends to Lovers', 'Healing', 'Physical Abuse', 'Threats of Violence', 'Vaginal Sex', 'Verbal Abuse']","['Soft Kim Seokjin', 'Jin', 'Sweet Kim Seokjin', 'Jin', 'self-deprecation', 'soft smut']","['Soft Kim Seokjin', 'Jin', 'Sweet Kim Seokjin', 'Jin']",[]
https://golemlab.eu/graph/35973772,Christmas Under Wraps,"You always wanted to work in a small town, and when you finally got matched to a small hospital in Alaska for your one year sabbatical you never would’ve thought you’d be in a place where everyone believed Santa was real. Mass hysteria or magic? Only time will tell.",2021-12-26,12072,Explicit,F/M,Completed,16,seokjin,Angst | Cheating | Crack | Dom Kim Seokjin | Jin | Edging | Explicit Sex | Fantasy | Fluff | Multiple Orgasms | Nurse Kim Seokjin | Jin | Oral Sex | Reader-Insert | Smut | Strangers to Lovers | Whiny Kim Seokjin | Jin | me having no knowledge of Alaska | mentions of the horrendous Mario movie | shitty parents | too many references to Santa | very bad puns | whiny!Jin,Kim Seokjin | Jin/Reader,"['Angst', 'Cheating', 'Crack', 'Dom Kim Seokjin', 'Jin', 'Edging', 'Explicit Sex', 'Fantasy', 'Fluff', 'Multiple Orgasms', 'Nurse Kim Seokjin', 'Jin', 'Oral Sex', 'Reader-Insert', 'Smut', 'Strangers to Lovers', 'Whiny Kim Seokjin', 'Jin', 'me having no knowledge of Alaska', 'mentions of the horrendous Mario movie', 'shitty parents', 'too many references to Santa', 'very bad puns', 'whiny!Jin']","['Angst', 'Cheating', 'Crack', 'Fantasy', 'Fluff', 'Multiple Orgasms', 'Oral Sex', 'Reader-Insert', 'Smut', 'Strangers to Lovers']","['Dom Kim Seokjin', 'Jin', 'Edging', 'Explicit Sex', 'Nurse Kim Seokjin', 'Jin', 'Whiny Kim Seokjin', 'Jin', 'me having no knowledge of Alaska', 'mentions of the horrendous Mario movie', 'shitty parents', 'too many references to Santa', 'very bad puns', 'whiny!Jin']","['Dom Kim Seokjin', 'Jin', 'Edging', 'Explicit Sex', 'Nurse Kim Seokjin', 'Jin', 'Whiny Kim Seokjin', 'Jin']",[]
https://golemlab.eu/graph/8880325,Eomma and appa,^this means they are talking in english,2016-12-17,271,General Audiences,F/M,Completed,16,seokjin,Fluff | Marriage Proposal,Kim Seokjin | Jin/Reader Series: Bangtan one shots [1],"['Fluff', 'Marriage Proposal']","['Fluff', 'Marriage Proposal']",[],[],[]
https://golemlab.eu/graph/40824684,Crossing Lines,A fun night with your best friend to escape the post-breakup blues turns into so much more than you expected.,2022-08-05,1847,Explicit,F/M,Completed,16,seokjin,Angst | Dirty Talk | Drinking | Drinking Games | Fluff | Friends to Lovers | Masturbation | Mild Smut | Phone Sex | Seokjin and Bug are adorable idiots as always | Slow Burn | Swearing | mario kart is involved,Kim Seokjin | Jin/Reader Series: All For You [7],"['Angst', 'Dirty Talk', 'Drinking', 'Drinking Games', 'Fluff', 'Friends to Lovers', 'Masturbation', 'Mild Smut', 'Phone Sex', 'Seokjin and Bug are adorable idiots as always', 'Slow Burn', 'Swearing', 'mario kart is involved']","['Angst', 'Dirty Talk', 'Drinking', 'Drinking Games', 'Fluff', 'Friends to Lovers', 'Masturbation', 'Mild Smut', 'Phone Sex', 'Slow Burn', 'Swearing']","['Seokjin and Bug are adorable idiots as always', 'mario kart is involved']",[],[]
https://golemlab.eu/graph/33055891,What's Wrong with Secretary Y/n?,"Quitting your job was suppose to be easy. You worked for Jin for 7 years. You needed a life. You needed friends. But after telling him you'd be quitting, you didn't think it would be so hard to leave him.",2021-08-05,9596,Teen And Up Audiences,F/M,Completed,16,seokjin,Eventual Romance | Fluff | Good Friend Jung Hoseok | J-Hope,"Kim Seokjin | Jin/Reader, Kim Seokjin | Jin/You","['Eventual Romance', 'Fluff', 'Good Friend Jung Hoseok', 'J-Hope']","['Eventual Romance', 'Fluff']","['Good Friend Jung Hoseok', 'J-Hope']","['Good Friend Jung Hoseok', 'J-Hope']",[]
https://golemlab.eu/graph/19073188,make up,Seokjin is late.,2019-06-03,493,General Audiences,F/M,Completed,15,seokjin,Angst | Angst with a Happy Ending | Fluff | Fluff and Angst | How Do I Tag | Idol Kim Seokjin | Jin | Making Up | One Shot | Short,Kim Seokjin | Jin/Reader,"['Angst', 'Angst with a Happy Ending', 'Fluff', 'Fluff and Angst', 'How Do I Tag', 'Idol Kim Seokjin', 'Jin', 'Making Up', 'One Shot', 'Short']","['Angst', 'Angst with a Happy Ending', 'Fluff', 'Fluff and Angst', 'How Do I Tag', 'Making Up', 'One Shot', 'Short']","['Idol Kim Seokjin', 'Jin']","['Idol Kim Seokjin', 'Jin']",[]
https://golemlab.eu/graph/35290450,10... 9... 8...,You sent him a nude of yourself lying on his bed in the middle of his workday and it's all he can think about.,2021-11-23,398,Mature,F/M,Completed,15,seokjin,Canon Compliant | Established Relationship,Kim Seokjin | Jin/Reader,"['Canon Compliant', 'Established Relationship']","['Canon Compliant', 'Established Relationship']",[],[],[]
https://golemlab.eu/graph/12343293,A R T (I S T),"Bangtan are artists: it only makes sense that they would fall in love with an artist, right",2017-10-12,1391,Explicit,F/M,In-Progress,15,seokjin,( plz ) | Art | Sculpture | different artist | different reader | each chapter is a different universe | enjoy | reader - Freeform | sculptor!reader,Kim Seokjin | Jin/Reader,"['( plz )', 'Art', 'Sculpture', 'different artist', 'different reader', 'each chapter is a different universe', 'enjoy', 'reader - Freeform', 'sculptor!reader']","['Art', 'Sculpture']","['( plz )', 'different artist', 'different reader', 'each chapter is a different universe', 'enjoy', 'reader - Freeform', 'sculptor!reader']",[],[]
https://golemlab.eu/graph/19995277,32. Assassins Can’t Fall In Love,Prompt: Assassin/Victim Week 5 Day 4,2019-07-27,2118,Teen And Up Audiences,F/M,Completed,15,seokjin,Angst | Assassin & Victim | one shots,Kim Seokjin | Jin/Reader Series: 50 Days of One Shots [32],"['Angst', 'Assassin & Victim', 'one shots']",['Angst'],"['Assassin & Victim', 'one shots']",['Assassin & Victim'],[]
https://golemlab.eu/graph/31131023,Your Eyes Tell,A match determined by the heavens. That’s what everyone called it. But it was hard to imagine a world full of colour when all around you was monochrome. Part of the BGW Drabble Marathon posted originally on my tumblr,2021-05-06,1189,General Audiences,Other,Completed,14,seokjin,Fluff | Meet-Cute | Romance | Soulmate AU,Kim Seokjin | Jin/Reader Series: BGW drabble marathon [6],"['Fluff', 'Meet-Cute', 'Romance', 'Soulmate AU']","['Fluff', 'Meet-Cute', 'Romance']",['Soulmate AU'],['Soulmate AU'],[]
https://golemlab.eu/graph/22696006,Paper Memories,In which you Jin reminisce about your childhood memories and how you slowly fell in love.,2020-02-13,1728,General Audiences,F/M,Completed,14,seokjin,Angst | Fluff,Kim Seokjin | Jin/Reader,"['Angst', 'Fluff']","['Angst', 'Fluff']",[],[],[]
https://golemlab.eu/graph/35406667,I Can't Resist It Anyway,You're lying in bed waiting for Seokjin to come home. You're getting a little impatient and more than a little horny but you know he's working late tonight. One peek at his Blood Sweat and Tears fancam couldn't hurt right?,2021-11-29,1570,Mature,F/M,Completed,14,seokjin,Canon Compliant | Dom Kim Seokjin | Jin | Established Relationship | Inspired by Blood Sweat & Tears (BTS) | Park Jimin (BTS) & Reader are Best Friends | Resolved Sexual Tension,Kim Seokjin | Jin/Reader,"['Canon Compliant', 'Dom Kim Seokjin', 'Jin', 'Established Relationship', 'Inspired by Blood Sweat & Tears (BTS)', 'Park Jimin (BTS) & Reader are Best Friends', 'Resolved Sexual Tension']","['Canon Compliant', 'Established Relationship', 'Inspired by Blood Sweat & Tears (BTS)', 'Resolved Sexual Tension']","['Dom Kim Seokjin', 'Jin', 'Park Jimin (BTS) & Reader are Best Friends']","['Dom Kim Seokjin', 'Jin']",[]
https://golemlab.eu/graph/21383254,Knot me alpha,A mess,2019-11-10,8,General Audiences,F/M,Completed,14,seokjin,The y/n fic you never knew you needed and after this you knew you dont need it after all,Kim Seokjin | Jin/Reader,['The y/n fic you never knew you needed and after this you knew you dont need it after all'],[],['The y/n fic you never knew you needed and after this you knew you dont need it after all'],[],[]
https://golemlab.eu/graph/27893902,You,"༊*·˚ synopsis ⊰ What does Jin want for his birthday present? • ༊*·˚ Preview ⊰ He kisses you softly, his voice tender, “You’re so precious, you know that, Jagiya?” His thumb hovers over your lips, his eyes filled with adoration. He mumbles, “So… Where is my present, little one?” You swallow, “What do want for your birthday present, Jin?” ~",2020-12-05,795,General Audiences,F/M,Completed,14,seokjin,Birthday Fluff | Birthday Presents | Domestic Fluff | Drabble Collection | Fluff | Happy Birthday Kim Seokjin | Jin | Kim Seokjin | Jin-centric | Mentioned Park Jimin (BTS),"Kim Seokjin | Jin/Reader, Kim Seokjin | Jin/You","['Birthday Fluff', 'Birthday Presents', 'Domestic Fluff', 'Drabble Collection', 'Fluff', 'Happy Birthday Kim Seokjin', 'Jin', 'Kim Seokjin', 'Jin-centric', 'Mentioned Park Jimin (BTS)']","['Birthday Fluff', 'Birthday Presents', 'Domestic Fluff', 'Drabble Collection', 'Fluff']","['Happy Birthday Kim Seokjin', 'Jin', 'Kim Seokjin', 'Jin-centric']","['Happy Birthday Kim Seokjin', 'Jin', 'Kim Seokjin']",['Mentioned Park Jimin (BTS)']
https://golemlab.eu/graph/32941876,Lutes & Lies,"The king’s court, ruled by the Kim family, was not keen on allowing women musicians into their court. Despite the discrimination, you are determined to become the resident lutist. You disguise yourself as a man and successfully enter the court. The only problem is, the prince finds out your secret. Will he keep quiet or reveal the truth?",2021-07-31,17272,Mature,F/M,Completed,14,seokjin,Alternate Universe - Renaissance | Music | Nipple Play | Reader-Insert | Renaissance Era,Kim Seokjin | Jin/Reader Series: BTS || The Classical Music Series [2],"['Alternate Universe - Renaissance', 'Music', 'Nipple Play', 'Reader-Insert', 'Renaissance Era']","['Alternate Universe - Renaissance', 'Music', 'Nipple Play', 'Reader-Insert', 'Renaissance Era']",[],[],[]
https://golemlab.eu/graph/36440917,Strawberry Whine,"You can’t stand strawberries, but your fiancé has taken you to his uncle’s strawberry farm to see if he can change your mind.",2022-01-15,1116,Teen And Up Audiences,F/M,Completed,14,seokjin,Fluff | Kissing | Pet Names | Slice of Life | Swearing | but not actual food play | erotic experiences with food | referenced sexual content | strawberry farming | trying new things,Kim Seokjin | Jin/Reader,"['Fluff', 'Kissing', 'Pet Names', 'Slice of Life', 'Swearing', 'but not actual food play', 'erotic experiences with food', 'referenced sexual content', 'strawberry farming', 'trying new things']","['Fluff', 'Kissing', 'Pet Names', 'Slice of Life', 'Swearing']","['but not actual food play', 'erotic experiences with food', 'referenced sexual content', 'strawberry farming', 'trying new things']",[],[]
https://golemlab.eu/graph/40991346,Feeling Nauti,"Your best friend's destination wedding is the last place you expect to find the man of your dreams, but then again, the husband-to-be's best friend Seokjin is the last man you expect to sweep you off your feet.",2022-08-13,4679,Explicit,F/M,In-Progress,14,seokjin,(sometimes disguised as praise) | Brat Tamer Kim Seokjin | Jin | Dacryphilia | Dirty Talk | Dom/sub | Edging | Eventual Smut | Flirting | Kim Seokjin | Jin Has a Big Dick | Kim Seokjin | Jin Wears The Outfit From The 2022 Weverse Shoot | Kim Seokjin | Jin Won't Stop Telling Dad Jokes | Kim Taehyung | V is a Little Shit | Mild Dumbification | Multiple Orgasms | Oral Sex | Other Additional Tags to Be Added | Overstimulation | So many puns I am truly so sorry | Subspace | To be expected: | Top Kim Seokjin | Jin | Verbal Humiliation | brat reader,"Kim Seokjin | Jin/Reader, Kim Seokjin | Jin/You","['(sometimes disguised as praise)', 'Brat Tamer Kim Seokjin', 'Jin', 'Dacryphilia', 'Dirty Talk', 'Dom/sub', 'Edging', 'Eventual Smut', 'Flirting', 'Kim Seokjin', 'Jin Has a Big Dick', 'Kim Seokjin', 'Jin Wears The Outfit From The 2022 Weverse Shoot', 'Kim Seokjin', ""Jin Won't Stop Telling Dad Jokes"", 'Kim Taehyung', 'V is a Little Shit', 'Mild Dumbification', 'Multiple Orgasms', 'Oral Sex', 'Other Additional Tags to Be Added', 'Overstimulation', 'So many puns I am truly so sorry', 'Subspace', 'To be expected:', 'Top Kim Seokjin', 'Jin', 'Verbal Humiliation', 'brat reader']","['Dacryphilia', 'Dirty Talk', 'Dom/sub', 'Eventual Smut', 'Flirting', 'Multiple Orgasms', 'Oral Sex', 'Other Additional Tags to Be Added', 'Overstimulation', 'Subspace', 'Verbal Humiliation']","['(sometimes disguised as praise)', 'Brat Tamer Kim Seokjin', 'Jin', 'Edging', 'Kim Seokjin', 'Jin Has a Big Dick', 'Kim Seokjin', 'Jin Wears The Outfit From The 2022 Weverse Shoot', 'Kim Seokjin', ""Jin Won't Stop Telling Dad Jokes"", 'Kim Taehyung', 'V is a Little Shit', 'Mild Dumbification', 'So many puns I am truly so sorry', 'To be expected:', 'Top Kim Seokjin', 'Jin', 'brat reader']","['Brat Tamer Kim Seokjin', 'Jin', 'Edging', 'Kim Seokjin', 'Kim Seokjin', 'Kim Seokjin', 'Kim Taehyung', 'Mild Dumbification', 'Top Kim Seokjin', 'Jin']",[]
https://golemlab.eu/graph/39826272,Prom Night,"It's the night of senior prom, and nothing is going as planned. But the evening isn't over yet, and anything could happen.",2022-06-23,2061,Explicit,F/M,Completed,14,seokjin,Angst | Dancing | Drabble | Drabble Series | Fluff | Friends to Lovers | Lots of fluff to make up for the miscommunication | Miscommunication | Prom | Slow Burn | Swearing | Yoongi is cool as fuck | idiots to lovers,Kim Seokjin | Jin/Reader Series: All For You [5],"['Angst', 'Dancing', 'Drabble', 'Drabble Series', 'Fluff', 'Friends to Lovers', 'Lots of fluff to make up for the miscommunication', 'Miscommunication', 'Prom', 'Slow Burn', 'Swearing', 'Yoongi is cool as fuck', 'idiots to lovers']","['Angst', 'Dancing', 'Drabble', 'Fluff', 'Friends to Lovers', 'Miscommunication', 'Prom', 'Slow Burn', 'Swearing']","['Drabble Series', 'Lots of fluff to make up for the miscommunication', 'Yoongi is cool as fuck', 'idiots to lovers']",['Drabble Series'],[]
https://golemlab.eu/graph/16983900,Sweet As Can Be,"You seeing Jin after he comes back from a short tour. You were hoping to surprise him, but instead you get a surprise as he comes home early. Just fluffy goodness. Very short af.",2018-12-14,350,General Audiences,F/M,Completed,14,seokjin,Jin Is So Sweet | like sweet as sugar | this is just pure fluff,Kim Seokjin | Jin/Reader,"['Jin Is So Sweet', 'like sweet as sugar', 'this is just pure fluff']",[],"['Jin Is So Sweet', 'like sweet as sugar', 'this is just pure fluff']",['Jin Is So Sweet'],[]
https://golemlab.eu/graph/24665806,Jin's Game part 1,You meet Jin sex happens.,2020-06-11,2155,Explicit,F/M,Completed,14,seokjin,,Kim Seokjin | Jin/Reader,[],[],[],[],[]
https://golemlab.eu/graph/26798713,vampire diaries,the tales of a vampire boy who’s lived long enough {cross-posted from tumblr},2020-10-03,2938,Mature,F/M,Completed,14,seokjin,Alternate Universe - Reincarnation | Alternate Universe - Vampire | Brief mentions of suicide | Multiple Lives,Kim Seokjin | Jin/Reader Series: the monster mash [1],"['Alternate Universe - Reincarnation', 'Alternate Universe - Vampire', 'Brief mentions of suicide', 'Multiple Lives']","['Alternate Universe - Reincarnation', 'Alternate Universe - Vampire']","['Brief mentions of suicide', 'Multiple Lives']",['Multiple Lives'],[]
https://golemlab.eu/graph/14811825,"HANDCUFFS, BLINDFOLDS AND LINGERIE",You come home after a long day of work expecting to have a simple dinner with your boyfriend. What you didn't know was that your boyfriend had other plans in mind. I DO NOT OWN ANY OF THE CHARACTERS. I ONLY OWN THE STORYLINE.,2018-05-31,2001,Mature,F/M,Completed,14,seokjin,,Kim Seokjin | Jin/Reader,[],[],[],[],[]
https://golemlab.eu/graph/25176244,Home,"When you can’t make it home for the holiday’s, who better to cheer you up with a surprise than your boyfriend?",2020-07-10,1227,General Audiences,F/M,Completed,14,seokjin,,Kim Seokjin | Jin/Reader,[],[],[],[],[]
https://golemlab.eu/graph/36000607,so what,"if you tease seokjin, be prepared for the consequences.",2021-12-27,886,Explicit,F/M,Completed,13,seokjin,Aftercare | Bondage | Daddy Kink | Dom Kim Seokjin | Jin | Dom/sub | Drabble Collection | Edging | Fingering | Penetration | Plot What Plot/Porn Without Plot | Reader-Insert | Riding Crop | Smut | Tickling | brat taming | degradation (he calls her dumb) | slight descriptions of subspace | thigh spanking | titty spanking,Kim Seokjin | Jin/Reader Series: I Got You [2],"['Aftercare', 'Bondage', 'Daddy Kink', 'Dom Kim Seokjin', 'Jin', 'Dom/sub', 'Drabble Collection', 'Edging', 'Fingering', 'Penetration', 'Plot What Plot/Porn Without Plot', 'Reader-Insert', 'Riding Crop', 'Smut', 'Tickling', 'brat taming', 'degradation (he calls her dumb)', 'slight descriptions of subspace', 'thigh spanking', 'titty spanking']","['Aftercare', 'Bondage', 'Daddy Kink', 'Dom/sub', 'Drabble Collection', 'Plot What Plot/Porn Without Plot', 'Reader-Insert', 'Smut', 'Tickling']","['Dom Kim Seokjin', 'Jin', 'Edging', 'Fingering', 'Penetration', 'Riding Crop', 'brat taming', 'degradation (he calls her dumb)', 'slight descriptions of subspace', 'thigh spanking', 'titty spanking']","['Dom Kim Seokjin', 'Jin', 'Edging', 'Fingering', 'Penetration', 'Riding Crop']",[]
https://golemlab.eu/graph/35685550,The Life: Something I'd Change,"If only Kim Seokjin wasn't a nosy little shit, then maybe you wouldn't be in this mess. a.k.a. The one where Seokjin reads The Art: A Mess To Clean Up Definitely read the first part of this series first to get all the references!",2021-12-13,2518,Explicit,F/M,Completed,13,seokjin,A belt buckle is used in an interesting way | BTS In The Soop Season/Series 02 | Canon Compliant | Gags | Resolved Sexual Tension,Kim Seokjin | Jin/Reader Series: Life Imitating Art [2],"['A belt buckle is used in an interesting way', 'BTS In The Soop Season/Series 02', 'Canon Compliant', 'Gags', 'Resolved Sexual Tension']","['Canon Compliant', 'Gags', 'Resolved Sexual Tension']","['A belt buckle is used in an interesting way', 'BTS In The Soop Season/Series 02']",[],[]
https://golemlab.eu/graph/35625346,The Art: A Mess To Clean Up,"You're on your knees naked in front of him waiting for his instructions. He takes his time roving his eyes up and down your body. Once he's satisfied, he twirls one of his fingers, asking you to turn around. ""Get on all fours and show me how wet you are."" Inspired by Rock Kim Seokjin from Season's Greetings 2022",2021-12-10,850,Explicit,F/M,Completed,13,seokjin,Choking | Dom Kim Seokjin | Jin | Gags | Masturbation | Rough Sex,Kim Seokjin | Jin/Reader Series: Life Imitating Art [1],"['Choking', 'Dom Kim Seokjin', 'Jin', 'Gags', 'Masturbation', 'Rough Sex']","['Choking', 'Gags', 'Masturbation', 'Rough Sex']","['Dom Kim Seokjin', 'Jin']","['Dom Kim Seokjin', 'Jin']",[]
https://golemlab.eu/graph/11534541,Drabbles and Cuts,The love story of you and Kim Seokjin. The antics of Jeon Jeongguk and Kim Taehyung. The bromance of Kim Taehyung and Kim Seokjin. And a whole lot more. This is an extension of my fic I'll Pick You Up!,2017-07-18,2046,General Audiences,F/M,In-Progress,13,seokjin,how do you even make a series jfc,Kim Seokjin | Jin/Reader,['how do you even make a series jfc'],[],['how do you even make a series jfc'],[],[]
https://golemlab.eu/graph/20852534,Just For You,,2019-10-01,1173,Mature,F/M,Completed,13,seokjin,Cute | Jin boyfriend | Loving Jin | Oral Sex | Smut,Kim Seokjin | Jin/Reader,"['Cute', 'Jin boyfriend', 'Loving Jin', 'Oral Sex', 'Smut']","['Cute', 'Oral Sex', 'Smut']","['Jin boyfriend', 'Loving Jin']",['Loving Jin'],[]
https://golemlab.eu/graph/39806244,shed happens in the summer,"You and Jin are camp counselors and he has been secretly crushing on you all summer. With the help of his meddling brothers, he works up the nerve to put his feelings out there.",2022-06-22,3588,Mature,F/M,Completed,13,seokjin,Alternate Universe - Summer Camp | Daddy Kink | Eventual Smut | Kim Seokjin | Jin is Whipped | Pining | Public Hand Jobs | Teasing,Kim Seokjin | Jin/Reader,"['Alternate Universe - Summer Camp', 'Daddy Kink', 'Eventual Smut', 'Kim Seokjin', 'Jin is Whipped', 'Pining', 'Public Hand Jobs', 'Teasing']","['Alternate Universe - Summer Camp', 'Daddy Kink', 'Eventual Smut', 'Pining', 'Public Hand Jobs', 'Teasing']","['Kim Seokjin', 'Jin is Whipped']",['Kim Seokjin'],[]
https://golemlab.eu/graph/15423558,Little Snow White,,2018-07-25,5198,Teen And Up Audiences,F/M,Completed,13,seokjin,BTS fluff | Jin - Freeform | Kim Namjoon - Freeform | Kim Seokjin - Freeform | Min Yoongi - Freeform | Rm | Yoongi - Freeform | bts - Freeform | bts angst | bts fics | bts reactions | bts scenarios | hoseok - Freeform | j-hope - Freeform | jeon jungkook - Freeform | jimin - Freeform | jung hoseok - Freeform | jungkook - Freeform | kim taehyung - Freeform | namjoon - Freeform | park jimin - Freeform | seokjin - Freeform | suga - Freeform | taehyung - Freeform | v - Freeform,Kim Seokjin | Jin/Reader,"['BTS fluff', 'Jin - Freeform', 'Kim Namjoon - Freeform', 'Kim Seokjin - Freeform', 'Min Yoongi - Freeform', 'Rm', 'Yoongi - Freeform', 'bts - Freeform', 'bts angst', 'bts fics', 'bts reactions', 'bts scenarios', 'hoseok - Freeform', 'j-hope - Freeform', 'jeon jungkook - Freeform', 'jimin - Freeform', 'jung hoseok - Freeform', 'jungkook - Freeform', 'kim taehyung - Freeform', 'namjoon - Freeform', 'park jimin - Freeform', 'seokjin - Freeform', 'suga - Freeform', 'taehyung - Freeform', 'v - Freeform']",[],"['BTS fluff', 'Jin - Freeform', 'Kim Namjoon - Freeform', 'Kim Seokjin - Freeform', 'Min Yoongi - Freeform', 'Rm', 'Yoongi - Freeform', 'bts - Freeform', 'bts angst', 'bts fics', 'bts reactions', 'bts scenarios', 'hoseok - Freeform', 'j-hope - Freeform', 'jeon jungkook - Freeform', 'jimin - Freeform', 'jung hoseok - Freeform', 'jungkook - Freeform', 'kim taehyung - Freeform', 'namjoon - Freeform', 'park jimin - Freeform', 'seokjin - Freeform', 'suga - Freeform', 'taehyung - Freeform', 'v - Freeform']","['Jin - Freeform', 'Kim Namjoon - Freeform', 'Kim Seokjin - Freeform', 'Min Yoongi - Freeform', 'Rm', 'Yoongi - Freeform']",[]
https://golemlab.eu/graph/40580994,Slip 'n Slide,Alternative title: just the tip,2022-07-26,1083,Mature,F/M,Completed,12,seokjin,Creampie | Established Relationship | I thought there would be more tags but apparently not | Shower Sex,Kim Seokjin | Jin/Reader,"['Creampie', 'Established Relationship', 'I thought there would be more tags but apparently not', 'Shower Sex']","['Creampie', 'Established Relationship', 'Shower Sex']",['I thought there would be more tags but apparently not'],[],[]
https://golemlab.eu/graph/13837509,make a wish,a birthday drabble starring chef! kim seokjin.,2018-03-01,883,General Audiences,F/M,Completed,12,seokjin,chef! au | fine arts! bangtan au | gender neutral reader,"Kim Seokjin | Jin/Reader, Kim Seokjin | Jin/You Series: fine arts bangtan [2]","['chef! au', 'fine arts! bangtan au', 'gender neutral reader']",[],"['chef! au', 'fine arts! bangtan au', 'gender neutral reader']",[],[]
https://golemlab.eu/graph/23872603,"darling, don't be afraid","jin was willing to die, to scatter himself into a million pieces along your lifetime, to save you . always for you. you don't think so, but it's not like you can stop it from happening, because it already did.",2020-04-27,553,General Audiences,F/M,Completed,12,seokjin,Angst | Doctor Who AU | Self-Sacrifice | Time Travel | being in love but not saying it | i fucking LOVE clara | jinnie is the impossible boy!! | this is based on clara's storyline!!!,Kim Seokjin | Jin/Reader,"['Angst', 'Doctor Who AU', 'Self-Sacrifice', 'Time Travel', 'being in love but not saying it', 'i fucking LOVE clara', 'jinnie is the impossible boy!!', ""this is based on clara's storyline!!!""]","['Angst', 'Self-Sacrifice', 'Time Travel']","['Doctor Who AU', 'being in love but not saying it', 'i fucking LOVE clara', 'jinnie is the impossible boy!!', ""this is based on clara's storyline!!!""]",['Doctor Who AU'],[]
https://golemlab.eu/graph/28164660,Gone Fishing! | Kim Seokjin x reader,"Yoongi calls Seokjin to cancel due to unforseen circumstance so now Seokjin has no one to go fishing with. You volunteer accompany him! Someone falls into the water during the fishing trip lol, wonder who?",2020-12-19,2454,General Audiences,F/M,Completed,12,seokjin,,Kim Seokjin | Jin/Reader,[],[],[],[],[]
https://golemlab.eu/graph/24526849,A Sweet Mess,"Overwhelmed with homesickness, you decided to make a midnight snack to cheer yourself up. However, it doesn't go exactly to plan...",2020-06-03,1615,Teen And Up Audiences,F/M,Completed,12,seokjin,BTS fluff | Good Boyfriend Kim Seokjin | Jin | brief sex scene | bts angst | bts oneshot | bts smut,Kim Seokjin | Jin/Reader,"['BTS fluff', 'Good Boyfriend Kim Seokjin', 'Jin', 'brief sex scene', 'bts angst', 'bts oneshot', 'bts smut']",[],"['BTS fluff', 'Good Boyfriend Kim Seokjin', 'Jin', 'brief sex scene', 'bts angst', 'bts oneshot', 'bts smut']","['Good Boyfriend Kim Seokjin', 'Jin']",[]
https://golemlab.eu/graph/39743568,platonically chasing,Who knew exploring new kinks could get so messy?,2022-06-19,3280,Explicit,F/M,Completed,12,seokjin,Angst | BDSM | Childhood Friends | Dom Kim Seokjin | Jin | Dom/sub Play | Fluff | Friends to Lovers | Hospitals | Mention of Domestic Violence | Predator Play | Predator/Prey | Rough Body Play | Safeword Use | Slut Shaming | Smut | Vibrators | sex injury,Kim Seokjin | Jin/Reader Series: The Platonic Collection [4],"['Angst', 'BDSM', 'Childhood Friends', 'Dom Kim Seokjin', 'Jin', 'Dom/sub Play', 'Fluff', 'Friends to Lovers', 'Hospitals', 'Mention of Domestic Violence', 'Predator Play', 'Predator/Prey', 'Rough Body Play', 'Safeword Use', 'Slut Shaming', 'Smut', 'Vibrators', 'sex injury']","['Angst', 'BDSM', 'Childhood Friends', 'Dom/sub Play', 'Fluff', 'Friends to Lovers', 'Hospitals', 'Predator/Prey', 'Rough Body Play', 'Safeword Use', 'Slut Shaming', 'Smut', 'Vibrators']","['Dom Kim Seokjin', 'Jin', 'Mention of Domestic Violence', 'Predator Play', 'sex injury']","['Dom Kim Seokjin', 'Jin', 'Predator Play']",[]
https://golemlab.eu/graph/16241213,Safety Net,Lately things have been rough for you but only your best friend knows how to help. Will he be there?,2018-10-09,2138,General Audiences,F/M,Completed,12,seokjin,FLUFFFFFF | Small trigger warning | angst if you squint your eyes,Kim Seokjin | Jin/Reader,"['FLUFFFFFF', 'Small trigger warning', 'angst if you squint your eyes']",[],"['FLUFFFFFF', 'Small trigger warning', 'angst if you squint your eyes']",[],[]
https://golemlab.eu/graph/28998918,in the uptown,"now that you were in a relationship with seokjin, he found himself in a society he'd never seen himself in. this is the tale of seokjin trying to navigate it.",2021-02-02,2886,Teen And Up Audiences,F/M,In-Progress,12,seokjin,Alternate Universe - Royalty | Established Relationship | Modern Royalty | This is just Seokjin being the Main Character he is | as well as the rating so keep that in mind when reading | the tags might change over time,"Kim Seokjin | Jin/Reader, Kim Seokjin | Jin/You Series: in the uptown [2]","['Alternate Universe - Royalty', 'Established Relationship', 'Modern Royalty', 'This is just Seokjin being the Main Character he is', 'as well as the rating so keep that in mind when reading', 'the tags might change over time']","['Alternate Universe - Royalty', 'Established Relationship', 'Modern Royalty']","['This is just Seokjin being the Main Character he is', 'as well as the rating so keep that in mind when reading', 'the tags might change over time']",[],[]
https://golemlab.eu/graph/40218834,All to Myself,It's easy to come home and let yourself be wrapped up by your boyfriend.,2022-07-11,1148,General Audiences,F/M,Completed,12,seokjin,Drabble | Established Relationship | Fluff | gender neutral reader,"Kim Seokjin | Jin/Reader, Kim Seokjin | Jin/You","['Drabble', 'Established Relationship', 'Fluff', 'gender neutral reader']","['Drabble', 'Established Relationship', 'Fluff']",['gender neutral reader'],[],[]
https://golemlab.eu/graph/31568933,too good to be true,"Kim Seokjin loves you. And, blessedly, you love him. As much as he obsesses over you, you feel it tenfold. He can see it in your eyes, the glimmer of adoration. You glow, mixed with your own love and his. Separately, you are your own individual persons, but together you fit as if cut from the same cloth.",2021-05-27,4765,Explicit,F/M,Completed,12,seokjin,Alternate Universe | Established Relationship | Fluff | Fluff and Smut | Marriage Proposal | Oral Sex | Sexual Content | Smut | jin is a jazz singer,Kim Seokjin | Jin/Reader,"['Alternate Universe', 'Established Relationship', 'Fluff', 'Fluff and Smut', 'Marriage Proposal', 'Oral Sex', 'Sexual Content', 'Smut', 'jin is a jazz singer']","['Alternate Universe', 'Established Relationship', 'Fluff', 'Fluff and Smut', 'Marriage Proposal', 'Oral Sex', 'Sexual Content', 'Smut']",['jin is a jazz singer'],[],[]
https://golemlab.eu/graph/40775397,Winter Whiskey [KSJ],,2022-08-03,13478,Mature,F/M,Completed,11,seokjin,Alcohol | Creampie | Oral Sex | Swearing | Unprotected Sex | praising,Kim Seokjin | Jin/Reader,"['Alcohol', 'Creampie', 'Oral Sex', 'Swearing', 'Unprotected Sex', 'praising']","['Alcohol', 'Creampie', 'Oral Sex', 'Swearing']","['Unprotected Sex', 'praising']",['Unprotected Sex'],[]
https://golemlab.eu/graph/32165137,Tonight,"People say your duty is to your heart rather than your head, but what happens when Seokjin’s heart is torn in two?",2021-06-25,1991,Teen And Up Audiences,Gen,Completed,11,seokjin,Angst | BTS fluff | Extremely soft Seokjin | Fluff | Idol AU | bts angst | bts fanfic | established relationship au | soft seokjin,Kim Seokjin | Jin/Reader,"['Angst', 'BTS fluff', 'Extremely soft Seokjin', 'Fluff', 'Idol AU', 'bts angst', 'bts fanfic', 'established relationship au', 'soft seokjin']","['Angst', 'Fluff']","['BTS fluff', 'Extremely soft Seokjin', 'Idol AU', 'bts angst', 'bts fanfic', 'established relationship au', 'soft seokjin']",['Idol AU'],[]
https://golemlab.eu/graph/21201218,A Walk In The Woods With Seokjin,"A mysterious stranger shows up at the Halloween party you’re attending. When he suggests a walk in the woods, you don’t let anything (not even your own fears) stop you from taking him up on the offer.",2019-10-27,1598,Mature,F/M,Completed,11,seokjin,Alcohol | Drabble | Drinking | Explicit Language | Fluff | Fluff and Smut | Frottage | Grinding | Halloween | Kissing | Neck Kissing | Slice of Life | Smut,"Kim Seokjin | Jin/Reader, Kim Seokjin | Jin/You Series: BTS x Reader [38]","['Alcohol', 'Drabble', 'Drinking', 'Explicit Language', 'Fluff', 'Fluff and Smut', 'Frottage', 'Grinding', 'Halloween', 'Kissing', 'Neck Kissing', 'Slice of Life', 'Smut']","['Alcohol', 'Drabble', 'Drinking', 'Explicit Language', 'Fluff', 'Fluff and Smut', 'Frottage', 'Grinding', 'Halloween', 'Kissing', 'Neck Kissing', 'Slice of Life', 'Smut']",[],[],[]
https://golemlab.eu/graph/25097833,Goodbye,"Jin never expected a call from you, not after all this time",2020-07-05,2825,Teen And Up Audiences,F/M,Completed,11,seokjin,Bittersweet Ending | Heavy Angst | What could be considered emotional cheating | exes au,Kim Seokjin | Jin/Reader,"['Bittersweet Ending', 'Heavy Angst', 'What could be considered emotional cheating', 'exes au']","['Bittersweet Ending', 'Heavy Angst']","['What could be considered emotional cheating', 'exes au']",[],[]
https://golemlab.eu/graph/24684169,Jin's Game part 2,You discover Jins secret. Read part 1 first but you don't have to to understand.,2020-06-12,2466,Explicit,F/M,Completed,11,seokjin,,Kim Seokjin | Jin/Reader,[],[],[],[],[]
https://golemlab.eu/graph/33665212,All Night [ Oneshot ],"It's your birthday and you and your soon to be husband, Seokjin hosted a party with friends and family. Once everyone left Seokjin had a dirty plan for the rest of the night.",2021-09-03,8504,Explicit,F/M,Completed,11,seokjin,Birthday Party | Birthday Sex | Birthday Smut | Breeding | Dom Kim Seokjin | Jin | Explicit Consent | Explicit Sexual Content | Kim Seokjin | Jin is Whipped | Rough Kissing | Rough Oral Sex | Rough Sex,Kim Seokjin | Jin/Reader,"['Birthday Party', 'Birthday Sex', 'Birthday Smut', 'Breeding', 'Dom Kim Seokjin', 'Jin', 'Explicit Consent', 'Explicit Sexual Content', 'Kim Seokjin', 'Jin is Whipped', 'Rough Kissing', 'Rough Oral Sex', 'Rough Sex']","['Birthday Party', 'Birthday Sex', 'Birthday Smut', 'Breeding', 'Explicit Consent', 'Explicit Sexual Content', 'Rough Kissing', 'Rough Oral Sex', 'Rough Sex']","['Dom Kim Seokjin', 'Jin', 'Kim Seokjin', 'Jin is Whipped']","['Dom Kim Seokjin', 'Jin', 'Kim Seokjin']",[]
https://golemlab.eu/graph/16707790,Breathin',"Seokjin is a rich boy, a good boy, but also a sad boy. He has a rose-tinted view of what love is and an inner darkness that he hides behind his charming smile. You come waltzing into his life and mess him up a little with your rough love, because that’s all you’ve ever known. And he loves it. He helps you find love for yourself too, even though that’s the last thing you’ve wanted.",2018-11-22,2987,Explicit,F/M,In-Progress,11,seokjin,Angst | Attempted Rape/Non-Con | Attempted Seducton (Jin lol) | Attempted Sexual Assault | Broken people | Depression | Drug Use | Drugs | Hurt | Hurt/Comfort | Masochism | Suicidal Thoughts,Kim Seokjin | Jin/Reader,"['Angst', 'Attempted Rape/Non-Con', 'Attempted Seducton (Jin lol)', 'Attempted Sexual Assault', 'Broken people', 'Depression', 'Drug Use', 'Drugs', 'Hurt', 'Hurt/Comfort', 'Masochism', 'Suicidal Thoughts']","['Angst', 'Attempted Rape/Non-Con', 'Attempted Sexual Assault', 'Depression', 'Drug Use', 'Drugs', 'Hurt', 'Hurt/Comfort', 'Masochism', 'Suicidal Thoughts']","['Attempted Seducton (Jin lol)', 'Broken people']",[],[]
https://golemlab.eu/graph/39743574,platonically cuddling,All Seokjin want after a long day is your ‘anime titties’,2022-06-21,1065,Teen And Up Audiences,F/M,Completed,11,seokjin,Childhood Friends | Cuddling | Fluff | Friends to Lovers | Soft Kim Seokjin | Jin,Kim Seokjin | Jin/Reader Series: The Platonic Collection [6],"['Childhood Friends', 'Cuddling', 'Fluff', 'Friends to Lovers', 'Soft Kim Seokjin', 'Jin']","['Childhood Friends', 'Fluff', 'Friends to Lovers']","['Cuddling', 'Soft Kim Seokjin', 'Jin']","['Cuddling', 'Soft Kim Seokjin', 'Jin']",[]
https://golemlab.eu/graph/27029284,Argument With Jin-part 2,,2020-10-15,3257,Teen And Up Audiences,F/M,Completed,11,seokjin,,Kim Seokjin | Jin/Reader Series: BTS reacts [8],[],[],[],[],[]
https://golemlab.eu/graph/29315586,Wrapped up (Kim SeokjinxF!Reader),"Waking up in each others arms, Seokjin and you just want to take a shower, but your plans don't work out as planned.",2021-02-10,1024,Mature,F/M,Completed,11,seokjin,Aftercare | Breasts | Fluff and Smut | Kim Seokjin | Jin is Good at Feelings | Kim Seokjin | Jin is a Tease | Light Smut | Nudity | Other Ships Not Mentioned in Tags | Soft Kim Seokjin | Jin | Sweet Kim Seokjin | Jin,Kim Seokjin | Jin/Reader,"['Aftercare', 'Breasts', 'Fluff and Smut', 'Kim Seokjin', 'Jin is Good at Feelings', 'Kim Seokjin', 'Jin is a Tease', 'Light Smut', 'Nudity', 'Other Ships Not Mentioned in Tags', 'Soft Kim Seokjin', 'Jin', 'Sweet Kim Seokjin', 'Jin']","['Aftercare', 'Breasts', 'Fluff and Smut', 'Nudity', 'Other Ships Not Mentioned in Tags']","['Kim Seokjin', 'Jin is Good at Feelings', 'Kim Seokjin', 'Jin is a Tease', 'Light Smut', 'Soft Kim Seokjin', 'Jin', 'Sweet Kim Seokjin', 'Jin']","['Kim Seokjin', 'Kim Seokjin', 'Light Smut', 'Soft Kim Seokjin', 'Jin', 'Sweet Kim Seokjin', 'Jin']",[]
https://golemlab.eu/graph/33292675,Restoration,"You return to your childhood home with your partner, Jin, only to discover how much it’s changed.",2021-08-16,10124,Explicit,F/M,Completed,11,seokjin,Established Relationship | Kim Seokjin | Jin Has a Choking Kink | Light Dom/sub | Slice of Life | Smut | Vaginal Fingering,Kim Seokjin | Jin/Reader,"['Established Relationship', 'Kim Seokjin', 'Jin Has a Choking Kink', 'Light Dom/sub', 'Slice of Life', 'Smut', 'Vaginal Fingering']","['Established Relationship', 'Light Dom/sub', 'Slice of Life', 'Smut', 'Vaginal Fingering']","['Kim Seokjin', 'Jin Has a Choking Kink']",['Kim Seokjin'],[]
https://golemlab.eu/graph/34731691,Strawberry Boy,Just the domestic days of a darling witch and their tricksy fae boyfriend,2021-10-26,2350,General Audiences,Other,In-Progress,11,seokjin,Alternate Universe - Fae | Alternate Universe - Fantasy | Domestic Fluff | Fae Seokjin | Fluff | Gender Neautral Reader | witch reader,Kim Seokjin | Jin/Reader Series: Strawberry Orangeade [1],"['Alternate Universe - Fae', 'Alternate Universe - Fantasy', 'Domestic Fluff', 'Fae Seokjin', 'Fluff', 'Gender Neautral Reader', 'witch reader']","['Alternate Universe - Fae', 'Alternate Universe - Fantasy', 'Domestic Fluff', 'Fluff']","['Fae Seokjin', 'Gender Neautral Reader', 'witch reader']","['Fae Seokjin', 'Gender Neautral Reader']",[]
https://golemlab.eu/graph/12203649,Delirious,Strange things were happening to your bestfriend after his 21st birthday and he didn't understand why is was... All he knew was that he wanted you more than any other girl in the entire universe... What's a changing boy to do when he only wants you?,2017-09-27,1981,Explicit,F/M,Completed,11,seokjin,Blood | Blood and sex | Bloodlust | Loss of Virginity | Mentions of Turning | Sexual Frustration | Sexual Tension | Unprotected Sex | eventual biting | vampire,Kim Seokjin | Jin/You Series: Unrelated One Shots Portfolio [21],"['Blood', 'Blood and sex', 'Bloodlust', 'Loss of Virginity', 'Mentions of Turning', 'Sexual Frustration', 'Sexual Tension', 'Unprotected Sex', 'eventual biting', 'vampire']","['Blood', 'Bloodlust', 'Loss of Virginity', 'Sexual Frustration', 'Sexual Tension']","['Blood and sex', 'Mentions of Turning', 'Unprotected Sex', 'eventual biting', 'vampire']",['Unprotected Sex'],[]
https://golemlab.eu/graph/28370094,Love Talk - Jin,"Jin and his girlfriend (reader, nicknamed Angel) have always had different approaches to their intimate life. After a session of attempted fond lovemaking accidentally turned into messy fucking; Jin -- under Jimin's recommendation -- decides to start looking at sex from a different angle. After consulting a helpful guide, he is finally ready to have ""the talk"". TRIGGER WARNINGS CONTAINED IN AUTHOR'S NOTE",2020-12-27,10840,Explicit,F/M,Completed,10,seokjin,,Kim Seokjin | Jin/Reader Series: The Devilish Angel [1],[],[],[],[],[]
https://golemlab.eu/graph/40943259,The 7 Tattoo,"Y/n and Jin have been friends since a while and both secretly had feelings for each other. When Jin gets his friendship tattoo and shpows it to Y/N, the heat brewing between them intensifies.",2022-08-10,2915,Explicit,F/M,Completed,10,seokjin,Biting | Dom/sub Undertones | Dry Humping | Explicit Sexual Content | Kissing | Light Dom/sub | Nipple Play | Oral Sex | Shameless Smut | Smut | Switch Kim Seokjin | Jin | Switching | Vaginal Fingering | Vaginal Sex | hornyjin | hornyreader | kimseokjin,Kim Seokjin | Jin/Reader,"['Biting', 'Dom/sub Undertones', 'Dry Humping', 'Explicit Sexual Content', 'Kissing', 'Light Dom/sub', 'Nipple Play', 'Oral Sex', 'Shameless Smut', 'Smut', 'Switch Kim Seokjin', 'Jin', 'Switching', 'Vaginal Fingering', 'Vaginal Sex', 'hornyjin', 'hornyreader', 'kimseokjin']","['Biting', 'Dom/sub Undertones', 'Dry Humping', 'Explicit Sexual Content', 'Kissing', 'Light Dom/sub', 'Nipple Play', 'Oral Sex', 'Shameless Smut', 'Smut', 'Switching', 'Vaginal Fingering', 'Vaginal Sex']","['Switch Kim Seokjin', 'Jin', 'hornyjin', 'hornyreader', 'kimseokjin']","['Switch Kim Seokjin', 'Jin']",[]
https://golemlab.eu/graph/41094453,Love Potion,You've been best friends with Jin for years and nothing will ever change that...except a love potion.,2022-08-17,1402,General Audiences,F/M,Completed,10,seokjin,Bad Puns | Crack | Fluff and Crack | Friends to Lovers | Love Confessions | Love Potion/Spell | One Shot | Sweet Kim Seokjin | Jin | because I wrote it when I was still a newish army | very cringe,Kim Seokjin | Jin/Reader Series: Jin & Reader One Shots [1],"['Bad Puns', 'Crack', 'Fluff and Crack', 'Friends to Lovers', 'Love Confessions', 'Love Potion/Spell', 'One Shot', 'Sweet Kim Seokjin', 'Jin', 'because I wrote it when I was still a newish army', 'very cringe']","['Bad Puns', 'Crack', 'Fluff and Crack', 'Friends to Lovers', 'Love Confessions', 'Love Potion/Spell', 'One Shot']","['Sweet Kim Seokjin', 'Jin', 'because I wrote it when I was still a newish army', 'very cringe']","['Sweet Kim Seokjin', 'Jin']",[]
https://golemlab.eu/graph/39082389,The Lake,A day at the lake with Seokjin and your friends alters your young heart forever.,2022-05-19,1413,Explicit,F/M,Completed,10,seokjin,A bit of teenage angst | Family Vacation | Fluff | Friends to Lovers | Hyung line antics | Mentions of Bug's low self-esteem | Mid-2000s references | Swearing | blossoming feelings,Kim Seokjin | Jin/Reader Series: All For You [4],"['A bit of teenage angst', 'Family Vacation', 'Fluff', 'Friends to Lovers', 'Hyung line antics', ""Mentions of Bug's low self-esteem"", 'Mid-2000s references', 'Swearing', 'blossoming feelings']","['Fluff', 'Friends to Lovers', 'Swearing']","['A bit of teenage angst', 'Family Vacation', 'Hyung line antics', ""Mentions of Bug's low self-esteem"", 'Mid-2000s references', 'blossoming feelings']",['Family Vacation'],[]
https://golemlab.eu/graph/38302924,Fallout,"A cozy night in with Seokjin brings you two closer than ever, and things start to get real.",2022-04-11,1137,Explicit,F/M,Completed,10,seokjin,Angst | Cuddling & Snuggling | Eventual Smut | Fluff | Friends to Lovers | Miscommunication | Niche Food Network references | Seokjin and Bug antics | Swearing | lots of feelings,Kim Seokjin | Jin/Reader Series: All For You [2],"['Angst', 'Cuddling & Snuggling', 'Eventual Smut', 'Fluff', 'Friends to Lovers', 'Miscommunication', 'Niche Food Network references', 'Seokjin and Bug antics', 'Swearing', 'lots of feelings']","['Angst', 'Cuddling & Snuggling', 'Eventual Smut', 'Fluff', 'Friends to Lovers', 'Miscommunication', 'Swearing']","['Niche Food Network references', 'Seokjin and Bug antics', 'lots of feelings']",[],[]
https://golemlab.eu/graph/38080105,Surface Pressure,Your life has always had various aspects of pressure. Cracks in the wall at every turn so it's no surprise when it finally breaks. Thankfully there's someone there to help keep you together.,2022-03-31,6031,Teen And Up Audiences,F/M,Completed,10,seokjin,Anxiety | Bullying | Depression | Don't support TERFs | Emotional/Psychological Abuse | Fluff | Hurt/Comfort | Mental Health Issues | Mention of JK Rowling | Panic Attacks | Parental Abuse,"Kim Seokjin | Jin/Reader, Kim Seokjin | Jin/You","['Anxiety', 'Bullying', 'Depression', ""Don't support TERFs"", 'Emotional/Psychological Abuse', 'Fluff', 'Hurt/Comfort', 'Mental Health Issues', 'Mention of JK Rowling', 'Panic Attacks', 'Parental Abuse']","['Anxiety', 'Bullying', 'Depression', 'Emotional/Psychological Abuse', 'Fluff', 'Hurt/Comfort', 'Mental Health Issues', 'Panic Attacks']","[""Don't support TERFs"", 'Mention of JK Rowling', 'Parental Abuse']",['Parental Abuse'],[]
https://golemlab.eu/graph/31372517,Nowhere To Go,"It was supposed to be a fun hike in the forest, except the quick turn of the weather leaves you stranded at the Rangers Outpost. Part of the BGW Drabble Marathon posted originally on my tumblr",2021-05-18,1159,General Audiences,F/M,Completed,10,seokjin,Comedy | Fluff | Friends to Lovers | Humor | Humour | Romance,Kim Seokjin | Jin/Reader Series: BGW drabble marathon [16],"['Comedy', 'Fluff', 'Friends to Lovers', 'Humor', 'Humour', 'Romance']","['Comedy', 'Fluff', 'Friends to Lovers', 'Humor', 'Romance']",['Humour'],['Humour'],[]
https://golemlab.eu/graph/19980070,Don’t Get The Wrong Idea,"Jin takes Y/N with him to meet the boys for the first time. Naturally she really don’t want the boys to get the wrong idea of her... but how can she anything for being so sensitive to her boyfriends touch... ""Seriously Jin... you're not that stupid are you. Take the hints... she's quiet, stomach ache.."" Yoongi snarrled with a sigh. ""And she's very sensitive!"" Jimin backed up.",2019-07-25,4896,Teen And Up Audiences,F/M,Completed,10,seokjin,BTS Dorm | Jin - Freeform | Jin x Reader | Love | Oneshot | Sex | Yoongi - Freeform | bts - Freeform | heat - Freeform | hoseok - Freeform | jeongguk - Freeform | jimin - Freeform | jin reader | jungkook - Freeform | seokjin - Freeform | taehyung - Freeform,Kim Seokjin | Jin/Reader,"['BTS Dorm', 'Jin - Freeform', 'Jin x Reader', 'Love', 'Oneshot', 'Sex', 'Yoongi - Freeform', 'bts - Freeform', 'heat - Freeform', 'hoseok - Freeform', 'jeongguk - Freeform', 'jimin - Freeform', 'jin reader', 'jungkook - Freeform', 'seokjin - Freeform', 'taehyung - Freeform']","['Love', 'Sex']","['BTS Dorm', 'Jin - Freeform', 'Jin x Reader', 'Oneshot', 'Yoongi - Freeform', 'bts - Freeform', 'heat - Freeform', 'hoseok - Freeform', 'jeongguk - Freeform', 'jimin - Freeform', 'jin reader', 'jungkook - Freeform', 'seokjin - Freeform', 'taehyung - Freeform']","['BTS Dorm', 'Jin - Freeform', 'Oneshot', 'Yoongi - Freeform']",[]
https://golemlab.eu/graph/41395149,seokjin | one-shots,"when you and jin have weddings to attend, you decide to help one another by agreeing to being each other's plus ones.",2022-08-31,10239,Teen And Up Audiences,F/M,In-Progress,10,seokjin,Banter | Fake Dating | Fluff | Hawaii | Kiss Kiss Fall in Love | Light Angst | Romance,Kim Seokjin | Jin/Reader,"['Banter', 'Fake Dating', 'Fluff', 'Hawaii', 'Kiss Kiss Fall in Love', 'Light Angst', 'Romance']","['Banter', 'Fluff', 'Hawaii', 'Kiss Kiss Fall in Love', 'Light Angst', 'Romance']",['Fake Dating'],['Fake Dating'],[]
https://golemlab.eu/graph/25967893,Connected,"Quick Jin, fluffy fluff fluff. Idols live busy lives!",2020-08-18,1244,General Audiences,F/M,Completed,10,seokjin,Fluff | Long-Distance Relationship,Kim Seokjin | Jin/Reader,"['Fluff', 'Long-Distance Relationship']","['Fluff', 'Long-Distance Relationship']",[],[],[]
https://golemlab.eu/graph/36338767,You've Got It?,"""Deep breaths, Seokjin-ah, deep breaths."" Seokjin has a new stylist and he doesn't know how to deal with his attraction towards her.",2022-01-10,2726,Mature,F/M,Completed,10,seokjin,5th Muster: Magic Shop (BTS Fan Meeting) | Blow Jobs | Kim Seokjin | Jin Being An Asshole | Light Angst | Purple-Haired Kim Seokjin | Jin | Stylist Reader,Kim Seokjin | Jin/Reader Series: Bighit Staff Series [2],"['5th Muster: Magic Shop (BTS Fan Meeting)', 'Blow Jobs', 'Kim Seokjin', 'Jin Being An Asshole', 'Light Angst', 'Purple-Haired Kim Seokjin', 'Jin', 'Stylist Reader']","['5th Muster: Magic Shop (BTS Fan Meeting)', 'Blow Jobs', 'Light Angst']","['Kim Seokjin', 'Jin Being An Asshole', 'Purple-Haired Kim Seokjin', 'Jin', 'Stylist Reader']","['Kim Seokjin', 'Jin Being An Asshole', 'Purple-Haired Kim Seokjin', 'Jin', 'Stylist Reader']",[]
https://golemlab.eu/graph/22218826,Wink When Ready,"When he winks at the camera, you know to be ready for him when he gets home.",2020-01-12,786,Explicit,F/M,Completed,10,seokjin,Dom/sub Undertones | Light Bondage,Kim Seokjin | Jin/Reader,"['Dom/sub Undertones', 'Light Bondage']","['Dom/sub Undertones', 'Light Bondage']",[],[],[]
https://golemlab.eu/graph/28354101,Our First (and Definitely Not Last) El Bimbo,"After learning about your lack of appreciation for dancing, Seokjin takes it upon himself to teach you with your favorite song and a camera.",2020-12-27,2957,Mature,F/M,Completed,10,seokjin,Established Relationship | Filipino OC | Fluff | Lotus Sex | Oral Sex | Sex Tapes | Slow Dancing | Smut | Soft Dom Kim Seokjin | Jin | Songfic | Vaginal Sex,Kim Seokjin | Jin/Reader,"['Established Relationship', 'Filipino OC', 'Fluff', 'Lotus Sex', 'Oral Sex', 'Sex Tapes', 'Slow Dancing', 'Smut', 'Soft Dom Kim Seokjin', 'Jin', 'Songfic', 'Vaginal Sex']","['Established Relationship', 'Fluff', 'Oral Sex', 'Sex Tapes', 'Slow Dancing', 'Smut', 'Songfic', 'Vaginal Sex']","['Filipino OC', 'Lotus Sex', 'Soft Dom Kim Seokjin', 'Jin']","['Filipino OC', 'Lotus Sex', 'Soft Dom Kim Seokjin', 'Jin']",[]
https://golemlab.eu/graph/36366151,The Cellist,She’s been selected to perform with the most famous band in the world. But will the secrets she’s holding keep her from growing close to one of the members?,2022-01-11,11001,Teen And Up Audiences,F/M,Completed,10,seokjin,,Kim Seokjin | Jin/Reader,[],[],[],[],[]
https://golemlab.eu/graph/16268054,Different Autumns,Kim Seokjin is spending a busy autumn in Chicago when he receives a phone call from someone he least expects. Warning: full of cheesy tropes lol. Cheesier than cheese tteokbokki with egg.,2018-10-11,2599,General Audiences,F/M,In-Progress,10,seokjin,Airports | First Love | Teacher-Student Relationship | Tropes | bts - Freeform | um ok,Kim Seokjin | Jin/Reader,"['Airports', 'First Love', 'Teacher-Student Relationship', 'Tropes', 'bts - Freeform', 'um ok']","['Airports', 'First Love', 'Teacher-Student Relationship', 'Tropes']","['bts - Freeform', 'um ok']",[],[]
https://golemlab.eu/graph/33747211,King of Hearts,You are a famous writer who can’t exactly show up to an event alone… so you hire an escort…his name is Jin,2019-07-27,32453,Mature,F/M,In-Progress,9,seokjin,Angst | Angst and Fluff and Smut | BTS Kim Seokjin | Eating out | Escort Service | Escorts | Fucking | Jin - Freeform | Kim Seokjin - Freeform | Smut | Swearing | Vaginal Fingering | bts - Freeform | bts escorts | bts jin | bts smut,Kim Seokjin | Jin/Reader Series: King of Hearts [1],"['Angst', 'Angst and Fluff and Smut', 'BTS Kim Seokjin', 'Eating out', 'Escort Service', 'Escorts', 'Fucking', 'Jin - Freeform', 'Kim Seokjin - Freeform', 'Smut', 'Swearing', 'Vaginal Fingering', 'bts - Freeform', 'bts escorts', 'bts jin', 'bts smut']","['Angst', 'Angst and Fluff and Smut', 'Escort Service', 'Fucking', 'Smut', 'Swearing', 'Vaginal Fingering']","['BTS Kim Seokjin', 'Eating out', 'Escorts', 'Jin - Freeform', 'Kim Seokjin - Freeform', 'bts - Freeform', 'bts escorts', 'bts jin', 'bts smut']","['BTS Kim Seokjin', 'Escorts', 'Jin - Freeform', 'Kim Seokjin - Freeform']",[]
https://golemlab.eu/graph/38542525,Ladybugs,You and Seokjin have some fun in the sun.,2022-04-22,532,Explicit,F/M,Completed,9,seokjin,Drabble | Drabble Series | Fluff | Friends to Lovers | Origin Story | Seokjin & Bug as kids | cute childhood antics | lots of sugar consumption,Kim Seokjin | Jin/Reader Series: All For You [3],"['Drabble', 'Drabble Series', 'Fluff', 'Friends to Lovers', 'Origin Story', 'Seokjin & Bug as kids', 'cute childhood antics', 'lots of sugar consumption']","['Drabble', 'Fluff', 'Friends to Lovers', 'Origin Story']","['Drabble Series', 'Seokjin & Bug as kids', 'cute childhood antics', 'lots of sugar consumption']",['Drabble Series'],[]
https://golemlab.eu/graph/25447945,First Time,"Jin wanted to take things slow in your relationship, but you had no idea that it was because he was a virgin. Jin is eager to learn as you guide him through his first sexual experience with you.",2020-05-15,775,Explicit,F/M,Completed,9,seokjin,Explicit Language | Explicit Sexual Content | First Time | Loss of Virginity | Love | Oral Sex | Sex | Sweet Kim Seokjin | Jin | Teaching,Kim Seokjin | Jin/Reader,"['Explicit Language', 'Explicit Sexual Content', 'First Time', 'Loss of Virginity', 'Love', 'Oral Sex', 'Sex', 'Sweet Kim Seokjin', 'Jin', 'Teaching']","['Explicit Language', 'Explicit Sexual Content', 'First Time', 'Loss of Virginity', 'Love', 'Oral Sex', 'Sex', 'Teaching']","['Sweet Kim Seokjin', 'Jin']","['Sweet Kim Seokjin', 'Jin']",[]
https://golemlab.eu/graph/12292335,You're the Stars to My Night Sky,"The night sky was empty and dull. But the first star appeared when you came into my life. By the end, you presented me a beautiful sight that I have never seen before.",2017-10-07,1292,General Audiences,F/M,Completed,9,seokjin,Alternate Universe - High School | Fluff | Has hardly any plot | I dont know what Im writing but I hope you enjoy | its just cute stuff,Kim Seokjin | Jin/Reader,"['Alternate Universe - High School', 'Fluff', 'Has hardly any plot', 'I dont know what Im writing but I hope you enjoy', 'its just cute stuff']","['Alternate Universe - High School', 'Fluff']","['Has hardly any plot', 'I dont know what Im writing but I hope you enjoy', 'its just cute stuff']",[],[]
https://golemlab.eu/graph/39075081,Just What I Need,"After a long, stressful day at work, Jin knows exactly what you need to take your mind off of the stress and somewhere weightless and full of bliss.",2022-05-18,4303,Explicit,F/M,Completed,9,seokjin,Alternate Universe - Idols | Dom Kim Seokjin | Jin | Established Relationship | Jin x Reader | jin smut | kim seokjin bts | kim seokjin smut,Kim Seokjin | Jin/Reader,"['Alternate Universe - Idols', 'Dom Kim Seokjin', 'Jin', 'Established Relationship', 'Jin x Reader', 'jin smut', 'kim seokjin bts', 'kim seokjin smut']","['Alternate Universe - Idols', 'Established Relationship']","['Dom Kim Seokjin', 'Jin', 'Jin x Reader', 'jin smut', 'kim seokjin bts', 'kim seokjin smut']","['Dom Kim Seokjin', 'Jin']",[]
https://golemlab.eu/graph/40681344,Moon and his bun,"What started as a Dom/Sub relationship got more intertwined than the shibari knots or how Dom Kim Seokjin is whipped and totally in love with his Sub, woman, love of his life.",2022-07-30,4984,Mature,F/M,Completed,9,seokjin,Aftercare | Anal Plug | Anal Sex | Bondage | Dom Kim Seokjin | Jin | Established Relationship | Fluff and Smut | Kim Seokjin | Jin is Whipped | Light BDSM | Sweet Kim Seokjin | Jin | blowjob,Kim Seokjin | Jin/Reader,"['Aftercare', 'Anal Plug', 'Anal Sex', 'Bondage', 'Dom Kim Seokjin', 'Jin', 'Established Relationship', 'Fluff and Smut', 'Kim Seokjin', 'Jin is Whipped', 'Light BDSM', 'Sweet Kim Seokjin', 'Jin', 'blowjob']","['Aftercare', 'Anal Plug', 'Anal Sex', 'Bondage', 'Established Relationship', 'Fluff and Smut', 'Light BDSM']","['Dom Kim Seokjin', 'Jin', 'Kim Seokjin', 'Jin is Whipped', 'Sweet Kim Seokjin', 'Jin', 'blowjob']","['Dom Kim Seokjin', 'Jin', 'Kim Seokjin', 'Sweet Kim Seokjin', 'Jin']",[]
https://golemlab.eu/graph/22383937,Cheater,,2020-01-24,983,General Audiences,F/M,Completed,9,seokjin,,Kim Seokjin | Jin/Reader,[],[],[],[],[]
https://golemlab.eu/graph/39743820,platonically fighting,What happens when the best friends who always get along get into their first fight?,2022-06-20,3950,Mature,F/M,Completed,9,seokjin,Angst | Best Friends | Childhood Friends | Fluff | Friends to Lovers | Past Relationship(s),Kim Seokjin | Jin/Reader Series: The Platonic Collection [2],"['Angst', 'Best Friends', 'Childhood Friends', 'Fluff', 'Friends to Lovers', 'Past Relationship(s)']","['Angst', 'Best Friends', 'Childhood Friends', 'Fluff', 'Friends to Lovers', 'Past Relationship(s)']",[],[],[]
https://golemlab.eu/graph/33148198,Boredom Brat,Jin is getting a little bored at home and decides to give bratting a try,2021-08-10,2322,Explicit,F/M,Completed,9,seokjin,Bratting | Dom/sub | Domme | Kim Seokjin | Jin is a Brat | Kim Seokjin | Jin-centric | soft domme,Kim Seokjin | Jin/Reader Series: Bratty Boys [1],"['Bratting', 'Dom/sub', 'Domme', 'Kim Seokjin', 'Jin is a Brat', 'Kim Seokjin', 'Jin-centric', 'soft domme']","['Bratting', 'Dom/sub']","['Domme', 'Kim Seokjin', 'Jin is a Brat', 'Kim Seokjin', 'Jin-centric', 'soft domme']","['Domme', 'Kim Seokjin', 'Kim Seokjin']",[]
https://golemlab.eu/graph/23751109,ours,Enjoy some quarantine blues that have been sitting in my drafts for years,2020-04-20,718,Teen And Up Audiences,F/M,Completed,9,seokjin,Angst | Kim Seokjin | Jin is a Sweetheart | Sad Fluff | barren reader | i will never learn to tag lol,Kim Seokjin | Jin/Reader,"['Angst', 'Kim Seokjin', 'Jin is a Sweetheart', 'Sad Fluff', 'barren reader', 'i will never learn to tag lol']",['Angst'],"['Kim Seokjin', 'Jin is a Sweetheart', 'Sad Fluff', 'barren reader', 'i will never learn to tag lol']","['Kim Seokjin', 'Sad Fluff']",[]
https://golemlab.eu/graph/12997701,Snow,"The cold could make you so happy yet sad as well, why is it you love the snow?",2017-12-12,1833,General Audiences,F/F,Completed,9,seokjin,Fluff,Kim Seokjin | Jin/Reader,['Fluff'],['Fluff'],[],[],[]
https://golemlab.eu/graph/35197507,To love you is a sin,"For years, you never had a problem loving him one sided but that you catch him, it's time for you to move on. But perhaps not so easily.",2021-11-18,4076,Teen And Up Audiences,F/M,In-Progress,9,seokjin,Age Difference | Cliche | Drunk Kim Seokjin | Jin | Jimin is your best friend | Kim Seokjin | Jin is Bad at Feelings | Love Confessions | Not Beta Read | Park Jimin is Trying His Best (BTS) | Possessive Kim Seokjin | Jin | Top Kim Seokjin | Jin | Unrequited Love | We Die Like Men | i always wanted to use this hashtag | maybe smut | not actually | you have a crush on jin,Kim Seokjin | Jin/Reader,"['Age Difference', 'Cliche', 'Drunk Kim Seokjin', 'Jin', 'Jimin is your best friend', 'Kim Seokjin', 'Jin is Bad at Feelings', 'Love Confessions', 'Not Beta Read', 'Park Jimin is Trying His Best (BTS)', 'Possessive Kim Seokjin', 'Jin', 'Top Kim Seokjin', 'Jin', 'Unrequited Love', 'We Die Like Men', 'i always wanted to use this hashtag', 'maybe smut', 'not actually', 'you have a crush on jin']","['Age Difference', 'Cliche', 'Love Confessions', 'Not Beta Read', 'Unrequited Love']","['Drunk Kim Seokjin', 'Jin', 'Jimin is your best friend', 'Kim Seokjin', 'Jin is Bad at Feelings', 'Possessive Kim Seokjin', 'Jin', 'Top Kim Seokjin', 'Jin', 'We Die Like Men', 'i always wanted to use this hashtag', 'maybe smut', 'not actually', 'you have a crush on jin']","['Drunk Kim Seokjin', 'Jin', 'Kim Seokjin', 'Possessive Kim Seokjin', 'Jin', 'Top Kim Seokjin', 'Jin', 'We Die Like Men']",['Park Jimin is Trying His Best (BTS)']
https://golemlab.eu/graph/13920066,Awake,"You woke up suddenly, tears in your eyes. Why. Why did this keep playing on repeat? It was too painful to think of. He wasn’t with you anymore… he had decided to move on. It wasn’t fair for you to hold on those memories now that the person who made them had left you.",2018-03-09,2073,Teen And Up Audiences,F/M,Completed,8,seokjin,,Kim Seokjin | Jin/Reader,[],[],[],[],[]
https://golemlab.eu/graph/27582434,Home,You tear down the old tree house of your youth on Seokjin’s yard. Pairing: Jin x Reader Genre: Angst,2020-11-16,3227,Teen And Up Audiences,F/M,Completed,8,seokjin,Angst | Childhood Friends | Childhood Memories | Homecoming | Homelessness | Kim Seokjin | Jin is Whipped | Longing | Mutual Pining | Nostalgia,"Kim Seokjin | Jin/Reader, Kim Seokjin | Jin/You","['Angst', 'Childhood Friends', 'Childhood Memories', 'Homecoming', 'Homelessness', 'Kim Seokjin', 'Jin is Whipped', 'Longing', 'Mutual Pining', 'Nostalgia']","['Angst', 'Childhood Friends', 'Childhood Memories', 'Homecoming', 'Homelessness', 'Mutual Pining', 'Nostalgia']","['Kim Seokjin', 'Jin is Whipped', 'Longing']","['Kim Seokjin', 'Longing']",[]
https://golemlab.eu/graph/35980300,Christmas Drabble,It’s Christmas and your boyfriend has a surprise for you.,2021-12-26,486,Mature,F/M,Completed,8,seokjin,Emotional Manipulation | Female Reader | Manipulation | Yandere | Yandere BTS | Yandere x Reader | yandere jin | yandere/reader - Freeform,"Kim Seokjin | Jin/Reader, Kim Seokjin | Jin/You, Yandere Jin x reader","['Emotional Manipulation', 'Female Reader', 'Manipulation', 'Yandere', 'Yandere BTS', 'Yandere x Reader', 'yandere jin', 'yandere/reader - Freeform']","['Emotional Manipulation', 'Manipulation', 'Yandere']","['Female Reader', 'Yandere BTS', 'Yandere x Reader', 'yandere jin', 'yandere/reader - Freeform']","['Female Reader', 'Yandere BTS']",[]
https://golemlab.eu/graph/17234204,Untold Truths,( ͡° ͜ʖ ͡°),2018-12-31,982,Teen And Up Audiences,M/M,Completed,8,seokjin,Angst | Kim Seokjin steals your coffee mug | Mild Language | Slice of Life | and your dad’s heart | nsfw implied,Kim Seokjin | Jin/Your Dad,"['Angst', 'Kim Seokjin steals your coffee mug', 'Mild Language', 'Slice of Life', 'and your dad’s heart', 'nsfw implied']","['Angst', 'Mild Language', 'Slice of Life']","['Kim Seokjin steals your coffee mug', 'and your dad’s heart', 'nsfw implied']",[],[]
https://golemlab.eu/graph/21642439,Jintopia,A relaxing Sunday with your boyfriend,2019-12-02,850,General Audiences,Gen,Completed,8,seokjin,Chef Seokjin | Him being a cute bub just for his partner | Just a cute lil Jin fluff | adorable sleepy morning moment | seokjin being an absolute sweetheart | tho he’s just making pancakes,Kim Seokjin | Jin/Reader,"['Chef Seokjin', 'Him being a cute bub just for his partner', 'Just a cute lil Jin fluff', 'adorable sleepy morning moment', 'seokjin being an absolute sweetheart', 'tho he’s just making pancakes']",[],"['Chef Seokjin', 'Him being a cute bub just for his partner', 'Just a cute lil Jin fluff', 'adorable sleepy morning moment', 'seokjin being an absolute sweetheart', 'tho he’s just making pancakes']",['Chef Seokjin'],[]
https://golemlab.eu/graph/39743565,platonically caught,"Jimin’s hay maze was not designed for this purpose, but who’s really going to stop you and Seokjin?",2022-06-23,1593,Explicit,F/M,Completed,8,seokjin,Angst | Childhood Friends | Dom Kim Seokjin | Jin | Fingering | Fluff | Friends to Lovers | Kim Seokjin is a Brat Tamer | Making Out | Public lewdness | Smut,Kim Seokjin | Jin/Reader Series: The Platonic Collection [2],"['Angst', 'Childhood Friends', 'Dom Kim Seokjin', 'Jin', 'Fingering', 'Fluff', 'Friends to Lovers', 'Kim Seokjin is a Brat Tamer', 'Making Out', 'Public lewdness', 'Smut']","['Angst', 'Childhood Friends', 'Fluff', 'Friends to Lovers', 'Making Out', 'Smut']","['Dom Kim Seokjin', 'Jin', 'Fingering', 'Kim Seokjin is a Brat Tamer', 'Public lewdness']","['Dom Kim Seokjin', 'Jin', 'Fingering']",[]
https://golemlab.eu/graph/17692169,Forbidden love,Jin x y/n have a passion so intense it cannot be contained...,2019-02-07,523,Explicit,M/M,Completed,8,seokjin,Anal Fingering | Anal Fisting | Anal Gaping | Anal Play | Anal Sex | Double Anal Penetration | Fluff | Fluff and Smut | Smut,Kim Seokjin | Jin/Reader,"['Anal Fingering', 'Anal Fisting', 'Anal Gaping', 'Anal Play', 'Anal Sex', 'Double Anal Penetration', 'Fluff', 'Fluff and Smut', 'Smut']","['Anal Fingering', 'Anal Fisting', 'Anal Gaping', 'Anal Play', 'Anal Sex', 'Double Anal Penetration', 'Fluff', 'Fluff and Smut', 'Smut']",[],[],[]
https://golemlab.eu/graph/35477890,LOVE QUIDDITCH,It was all Jimin’s fault. You never trust a Slytherin.,2021-12-03,4880,Teen And Up Audiences,F/M,In-Progress,8,seokjin,Alternate Universe - Harry Potter Setting | Alternate Universe - Hogwarts | Enemies to Lovers | Fluff and Humor | Gryffindor Kim Namjoon | RM | Gryffindor Kim Seokjin | Jin | Hufflepuff Jung Hoseok | J-Hope | Hufflepuff Kim Taehyung | V | Jeon Jungkook & Park Jimin are Best Friends | Kim Namjoon | RM is a Dork | Kim Seokjin | Jin is Whipped | Min Yoongi | Suga is So Done | Park Jimin is a Little Shit (BTS) | Ravenclaw Jeon Jungkook | Slytherin Min Yoongi | Suga | Slytherin Park Jimin (BTS) | Slytherin Reader,Kim Seokjin | Jin/Reader,"['Alternate Universe - Harry Potter Setting', 'Alternate Universe - Hogwarts', 'Enemies to Lovers', 'Fluff and Humor', 'Gryffindor Kim Namjoon', 'RM', 'Gryffindor Kim Seokjin', 'Jin', 'Hufflepuff Jung Hoseok', 'J-Hope', 'Hufflepuff Kim Taehyung', 'V', 'Jeon Jungkook & Park Jimin are Best Friends', 'Kim Namjoon', 'RM is a Dork', 'Kim Seokjin', 'Jin is Whipped', 'Min Yoongi', 'Suga is So Done', 'Park Jimin is a Little Shit (BTS)', 'Ravenclaw Jeon Jungkook', 'Slytherin Min Yoongi', 'Suga', 'Slytherin Park Jimin (BTS)', 'Slytherin Reader']","['Alternate Universe - Harry Potter Setting', 'Alternate Universe - Hogwarts', 'Enemies to Lovers', 'Fluff and Humor', 'Slytherin Reader']","['Gryffindor Kim Namjoon', 'RM', 'Gryffindor Kim Seokjin', 'Jin', 'Hufflepuff Jung Hoseok', 'J-Hope', 'Hufflepuff Kim Taehyung', 'V', 'Kim Namjoon', 'RM is a Dork', 'Kim Seokjin', 'Jin is Whipped', 'Min Yoongi', 'Suga is So Done', 'Slytherin Min Yoongi', 'Suga']","['Gryffindor Kim Namjoon', 'Gryffindor Kim Seokjin', 'Jin', 'Hufflepuff Jung Hoseok', 'J-Hope', 'Hufflepuff Kim Taehyung', 'Kim Namjoon', 'Kim Seokjin', 'Min Yoongi', 'Slytherin Min Yoongi', 'Suga']","['Jeon Jungkook & Park Jimin are Best Friends', 'Park Jimin is a Little Shit (BTS)', 'Ravenclaw Jeon Jungkook', 'Slytherin Park Jimin (BTS)']"
https://golemlab.eu/graph/29902692,Let's Go Out,"You want to see a film with Jin but he just wants to stay inside and doesn’t want to be convinced otherwise, his words get a little harsh and you can’t handle it.",2021-03-07,851,General Audiences,F/M,Completed,8,seokjin,Anger | Angst | Angst and Hurt/Comfort | Angst with a Happy Ending | Emotional Hurt/Comfort | Fluff and Angst | One Shot | Tired Kim Seokjin | Jin,"Kim Seokjin | Jin/Reader, Kim Seokjin | Jin/You Series: Tumblr BTS fanfics [14]","['Anger', 'Angst', 'Angst and Hurt/Comfort', 'Angst with a Happy Ending', 'Emotional Hurt/Comfort', 'Fluff and Angst', 'One Shot', 'Tired Kim Seokjin', 'Jin']","['Anger', 'Angst', 'Angst and Hurt/Comfort', 'Angst with a Happy Ending', 'Emotional Hurt/Comfort', 'Fluff and Angst', 'One Shot']","['Tired Kim Seokjin', 'Jin']","['Tired Kim Seokjin', 'Jin']",[]
https://golemlab.eu/graph/34749547,Back Then,You and Seokjin were just 1 year into your relationship and you started to have sexual fantasies and feelings for him. You knew you couldn’t act on it because of your parents and his fear of your dad. That all goes flying out the window when you get drunk one night.,2021-10-27,5916,Explicit,F/M,Completed,8,seokjin,Dom Kim Seokjin | Jin | Drunk Sex | First Time | Oneshot | Oral Sex | Protective Kim Seokjin | Jin | Rough Oral Sex | Rough Sex | Size Kink | Soft Dom Kim Seokjin | Jin,Kim Seokjin | Jin/Reader,"['Dom Kim Seokjin', 'Jin', 'Drunk Sex', 'First Time', 'Oneshot', 'Oral Sex', 'Protective Kim Seokjin', 'Jin', 'Rough Oral Sex', 'Rough Sex', 'Size Kink', 'Soft Dom Kim Seokjin', 'Jin']","['Drunk Sex', 'First Time', 'Oral Sex', 'Rough Oral Sex', 'Rough Sex', 'Size Kink']","['Dom Kim Seokjin', 'Jin', 'Oneshot', 'Protective Kim Seokjin', 'Jin', 'Soft Dom Kim Seokjin', 'Jin']","['Dom Kim Seokjin', 'Jin', 'Oneshot', 'Protective Kim Seokjin', 'Jin', 'Soft Dom Kim Seokjin', 'Jin']",[]
https://golemlab.eu/graph/29902767,Deserving of You,Jin meets you outside work and you have a nice evening in as he makes you dinner and sings to you.,2021-03-07,1686,General Audiences,F/M,Completed,8,seokjin,ALL THE FLUFF | Cooking | Fluff | Long day at work | One Shot | Rain | Singing | Sleepy Cuddles | cuteness | night in,"Kim Seokjin | Jin/Reader, Kim Seokjin | Jin/You Series: Tumblr BTS fanfics [15]","['ALL THE FLUFF', 'Cooking', 'Fluff', 'Long day at work', 'One Shot', 'Rain', 'Singing', 'Sleepy Cuddles', 'cuteness', 'night in']","['Cooking', 'Fluff', 'One Shot', 'Rain', 'Singing', 'Sleepy Cuddles']","['ALL THE FLUFF', 'Long day at work', 'cuteness', 'night in']",[],[]
https://golemlab.eu/graph/39743571,platonically kissing,Seokjin has a strange request and you’re powerless to his pout.,2022-06-23,1435,Teen And Up Audiences,F/M,Completed,7,seokjin,Childhood Friends | Fluff | Friends to Lovers | Kissing,Kim Seokjin | Jin/Reader Series: The Platonic Collection [6],"['Childhood Friends', 'Fluff', 'Friends to Lovers', 'Kissing']","['Childhood Friends', 'Fluff', 'Friends to Lovers', 'Kissing']",[],[],[]
https://golemlab.eu/graph/37268602,Cherry Topper [KSJ],"Seokjin is a chaotically fun-loving guy who works long and hard hours at his successful, family owned candy store named Kim’s Sweet’s Shop, located on the corner of Cherry Lane. Being consistently busy with the labor of his work schedule and attending college to finish off his masters program, he has a very little social life and definitely does not have time for dating on this romantic, hectic holiday. But from right under his nose, one of his many admirers just so happens to be the sugar-coated treat that he’s been missing out on.",2022-02-20,17692,Explicit,F/M,Completed,7,seokjin,Candy | Food Sex | Mutual Pining | Oral Sex | Pining | Spanking | Unprotected Sex | Valentine's Day,Kim Seokjin | Jin/Reader,"['Candy', 'Food Sex', 'Mutual Pining', 'Oral Sex', 'Pining', 'Spanking', 'Unprotected Sex', ""Valentine's Day""]","['Candy', 'Food Sex', 'Mutual Pining', 'Oral Sex', 'Pining', 'Spanking', ""Valentine's Day""]",['Unprotected Sex'],['Unprotected Sex'],[]
https://golemlab.eu/graph/24457021,Is Anybody Out There?,"You have been in an abusive relationship for about two years with your current boyfriend, Luke. You weren't allowed to talk to a good amount of people and you couldn't go anywhere without asking Luke for permission. Nobody noticed your bruises and your high walls until Seokjin began noticing your cries. Will He be able to help you get out of this relationship?",2020-05-30,439,General Audiences,F/M,Completed,7,seokjin,Abusive Relationships | Angst | Angst with a Happy Ending | Mental Health Issues | Physical Abuse | Swearing | Verbal Abuse,Kim Seokjin | Jin/Reader Series: BTS Drabbles [1],"['Abusive Relationships', 'Angst', 'Angst with a Happy Ending', 'Mental Health Issues', 'Physical Abuse', 'Swearing', 'Verbal Abuse']","['Abusive Relationships', 'Angst', 'Angst with a Happy Ending', 'Mental Health Issues', 'Physical Abuse', 'Swearing', 'Verbal Abuse']",[],[],[]
https://golemlab.eu/graph/26400748,Stress Relief,"“Just let me do this video conference at 10, and then we can play.” “As long as you’re here, I can wait,” he compromises, “I’ll just sit here quietly and eat my food.” “Just don’t start doing your vocal exercises like last time.” Jin scoffs, “It happened one time!”",2020-09-11,653,General Audiences,F/M,Completed,7,seokjin,Fluff | Mornings | jin returns from work | you're working,Kim Seokjin | Jin/Reader Series: Mornings: BTS [7],"['Fluff', 'Mornings', 'jin returns from work', ""you're working""]","['Fluff', 'Mornings']","['jin returns from work', ""you're working""]",[],[]
https://golemlab.eu/graph/28643439,Epiphany,"""Kim Seokjin, always remember you are not forgettable, you are my epiphany!""",2021-01-09,2657,Teen And Up Audiences,F/M,Completed,7,seokjin,Developing Relationship | Drama | Drama & Romance | Fluff | Fluff and Humor | Kim Seokjin | Jin is Whipped | Marriage | Romance | Sweet Kim Seokjin | Jin | Tooth-Rotting Fluff | a pity really | and really sweet | but im posting it now | but it's good | just a short sweet story | the first ever bts fanfiction i wrote ever,"Kim Seokjin | Jin/Reader, Kim Seokjin | Jin/You","['Developing Relationship', 'Drama', 'Drama & Romance', 'Fluff', 'Fluff and Humor', 'Kim Seokjin', 'Jin is Whipped', 'Marriage', 'Romance', 'Sweet Kim Seokjin', 'Jin', 'Tooth-Rotting Fluff', 'a pity really', 'and really sweet', 'but im posting it now', ""but it's good"", 'just a short sweet story', 'the first ever bts fanfiction i wrote ever']","['Developing Relationship', 'Drama', 'Drama & Romance', 'Fluff', 'Fluff and Humor', 'Marriage', 'Romance', 'Tooth-Rotting Fluff']","['Kim Seokjin', 'Jin is Whipped', 'Sweet Kim Seokjin', 'Jin', 'a pity really', 'and really sweet', 'but im posting it now', ""but it's good"", 'just a short sweet story', 'the first ever bts fanfiction i wrote ever']","['Kim Seokjin', 'Sweet Kim Seokjin', 'Jin']",[]
https://golemlab.eu/graph/35444755,Unprecedented Confession,"CEO Seokjin and you, his best friend as well as assistant, go to a nearby cafe in order to relax. What you guys don't expect is a storming woman rushing towards you, who turns out to be Seokjin's fake girlfriend. The question is, how did you both end up kissing at the end?",2021-12-01,717,Teen And Up Audiences,F/M,Completed,7,seokjin,Assistant Reader | CEO Kim Seokjin | Jin | CEO Seokjin | Fake Relationship | Jin/Reader - Freeform | jin is shy ceo,Kim Seokjin | Jin/You,"['Assistant Reader', 'CEO Kim Seokjin', 'Jin', 'CEO Seokjin', 'Fake Relationship', 'Jin/Reader - Freeform', 'jin is shy ceo']",[],"['Assistant Reader', 'CEO Kim Seokjin', 'Jin', 'CEO Seokjin', 'Fake Relationship', 'Jin/Reader - Freeform', 'jin is shy ceo']","['Assistant Reader', 'CEO Kim Seokjin', 'Jin', 'CEO Seokjin', 'Fake Relationship', 'Jin/Reader - Freeform']",[]
https://golemlab.eu/graph/22693183,Love For Sale,,2020-02-13,11146,Teen And Up Audiences,F/M,In-Progress,7,seokjin,Alternate Universe - College/University | Alternate Universe - Escorts | Alternate Universe - Prostitution | Alternative Universe - Single Parent | Escort Service | Implied Sexual Content | Mild Language | Single Parent Kim Seokjin | Jin | Single Parents,"Kim Seokjin | Jin/Reader, Min Yoongi | Suga/Park Jimin","['Alternate Universe - College/University', 'Alternate Universe - Escorts', 'Alternate Universe - Prostitution', 'Alternative Universe - Single Parent', 'Escort Service', 'Implied Sexual Content', 'Mild Language', 'Single Parent Kim Seokjin', 'Jin', 'Single Parents']","['Alternate Universe - College/University', 'Alternate Universe - Escorts', 'Alternate Universe - Prostitution', 'Escort Service', 'Implied Sexual Content', 'Mild Language', 'Single Parents']","['Alternative Universe - Single Parent', 'Single Parent Kim Seokjin', 'Jin']","['Alternative Universe - Single Parent', 'Single Parent Kim Seokjin', 'Jin']",[]
https://golemlab.eu/graph/39036888,Wet & Wild,Jennie and her fiancée Jin went to a new water and instead of testing the rides…it was the mirrors in the changing room.,2022-05-16,1558,Mature,F/M,Completed,7,seokjin,Almost Caught | Begging | Chubby Reader | Comfort Food | Creampie | Kim Seokjin | Jin Has a Big Dick | Mirror Sex | Naked Male Clothed Female | Praise Kink | Semi-Public Sex | Size Difference | Slight Aftercare | Water Park | degrading words | thigh job,Kim Seokjin | Jin/Reader,"['Almost Caught', 'Begging', 'Chubby Reader', 'Comfort Food', 'Creampie', 'Kim Seokjin', 'Jin Has a Big Dick', 'Mirror Sex', 'Naked Male Clothed Female', 'Praise Kink', 'Semi-Public Sex', 'Size Difference', 'Slight Aftercare', 'Water Park', 'degrading words', 'thigh job']","['Begging', 'Comfort Food', 'Creampie', 'Mirror Sex', 'Naked Male Clothed Female', 'Praise Kink', 'Semi-Public Sex', 'Size Difference']","['Almost Caught', 'Chubby Reader', 'Kim Seokjin', 'Jin Has a Big Dick', 'Slight Aftercare', 'Water Park', 'degrading words', 'thigh job']","['Almost Caught', 'Chubby Reader', 'Kim Seokjin', 'Slight Aftercare', 'Water Park']",[]
https://golemlab.eu/graph/16006538,Talk Some Sense Into Me,"Trailer: https://www.youtube.com/watch?v=eCXpROgvztE [TRIGGER WARNING: Please seek help if you need it; there is no shame in doing so. If you need to talk and don't have anyone: I'm there.] Kim Seokjin should be happy. He has a job that's paying well, his family and brother are proud of him, and considering how many coworkers flirt with him, he doesn't have to be alone. But sometimes all of these things won't bring you happiness- but the exact opposite. Feeling like the pressure is getting too much, loosing his brother more and more, and slowly slipping towards very unhealthy habits to cope, he is seeking help- of course, without telling anyone. Y/N however doesn't know what it's like to have everything. Growing up caught in a toxic family, she soon finds herself deep in a hole she can't climb out on her own again. Having her brother and stepbrother trying to get at eachother's throats constantly, she feels like everything wrong is her fault- and her fault alone. Both from different worlds, yet face almost the same challenges; but carrying a weight together is always a smarter idea than walking alone. But nothing ever comes without a price. How can something like this ever work out?",2018-09-16,2219,Mature,F/M,In-Progress,7,seokjin,Alcohol Abuse/Alcoholism | Brother Min Yoongi | Suga | Depression | Drama | Eventual Happy Ending | Eventual Smut | Fluff | If you need help talk to me | Implied/Referenced Self-Harm | Jung Hoseok | J-Hope is a Sweetheart | Just wanted to put that out there | Kim Namjoon | RM Has Anxiety | Kim Seokjin | Jin & Kim Taehyung | V are Siblings | Please note that I'm not romanticizing those things | Romance | Stepbrother Jeon Jungkook | Withdrawal | Yoongi is Readers biological brother | like I can't stress this enough | maybe it'll help someone | mental health | mentions of past mental abuse | or someone | trigger warning,Kim Seokjin | Jin/Reader,"['Alcohol Abuse/Alcoholism', 'Brother Min Yoongi', 'Suga', 'Depression', 'Drama', 'Eventual Happy Ending', 'Eventual Smut', 'Fluff', 'If you need help talk to me', 'Implied/Referenced Self-Harm', 'Jung Hoseok', 'J-Hope is a Sweetheart', 'Just wanted to put that out there', 'Kim Namjoon', 'RM Has Anxiety', 'Kim Seokjin', 'Jin & Kim Taehyung', 'V are Siblings', ""Please note that I'm not romanticizing those things"", 'Romance', 'Stepbrother Jeon Jungkook', 'Withdrawal', 'Yoongi is Readers biological brother', ""like I can't stress this enough"", ""maybe it'll help someone"", 'mental health', 'mentions of past mental abuse', 'or someone', 'trigger warning']","['Alcohol Abuse/Alcoholism', 'Depression', 'Drama', 'Eventual Happy Ending', 'Eventual Smut', 'Fluff', 'Implied/Referenced Self-Harm', 'Romance', 'Withdrawal']","['Brother Min Yoongi', 'Suga', 'If you need help talk to me', 'Jung Hoseok', 'J-Hope is a Sweetheart', 'Just wanted to put that out there', 'Kim Namjoon', 'RM Has Anxiety', 'Kim Seokjin', 'Jin & Kim Taehyung', 'V are Siblings', ""Please note that I'm not romanticizing those things"", 'Stepbrother Jeon Jungkook', 'Yoongi is Readers biological brother', ""like I can't stress this enough"", ""maybe it'll help someone"", 'mental health', 'mentions of past mental abuse', 'or someone', 'trigger warning']","['Brother Min Yoongi', 'Suga', 'Jung Hoseok', 'Kim Namjoon', 'RM Has Anxiety', 'Kim Seokjin', 'Jin & Kim Taehyung', 'Stepbrother Jeon Jungkook']",[]
https://golemlab.eu/graph/41045772,What Is Your Dream?,"After a long night of studying, Seokjin challenges your perspective on your future.",2022-08-15,1186,General Audiences,F/M,Completed,7,seokjin,Alternate Universe - College/University | Established Relationship | Fluff | Good Boyfriend Seokjin | Kim Seokjin | Jin is Good at Feelings,Kim Seokjin | Jin/Reader Series: One Shots Based on BTS Songs [3],"['Alternate Universe - College/University', 'Established Relationship', 'Fluff', 'Good Boyfriend Seokjin', 'Kim Seokjin', 'Jin is Good at Feelings']","['Alternate Universe - College/University', 'Established Relationship', 'Fluff']","['Good Boyfriend Seokjin', 'Kim Seokjin', 'Jin is Good at Feelings']","['Good Boyfriend Seokjin', 'Kim Seokjin']",[]
https://golemlab.eu/graph/16796947,bedroom,a lot of things happens in the bedroom,2018-12-01,1702,Mature,F/M,Completed,7,seokjin,A jin smut wouldn't be complete without jokes | Cutie Kim Seokjin | Dom Kim Seokjin | Jin | I Can't Believe I Wrote This | I cant do a smut of jin i'm sorry | Kim Seokjin | Jin is a Sweetheart | Kim Seokjin | Jin is a Tease | Rough Sex | Top Kim Taehyung | V | fluff at the end,Kim Seokjin | Jin/Reader Series: Bangtan Smut Oneshots [3],"[""A jin smut wouldn't be complete without jokes"", 'Cutie Kim Seokjin', 'Dom Kim Seokjin', 'Jin', ""I Can't Believe I Wrote This"", ""I cant do a smut of jin i'm sorry"", 'Kim Seokjin', 'Jin is a Sweetheart', 'Kim Seokjin', 'Jin is a Tease', 'Rough Sex', 'Top Kim Taehyung', 'V', 'fluff at the end']","[""I Can't Believe I Wrote This"", 'Rough Sex']","[""A jin smut wouldn't be complete without jokes"", 'Cutie Kim Seokjin', 'Dom Kim Seokjin', 'Jin', ""I cant do a smut of jin i'm sorry"", 'Kim Seokjin', 'Jin is a Sweetheart', 'Kim Seokjin', 'Jin is a Tease', 'Top Kim Taehyung', 'V', 'fluff at the end']","['Cutie Kim Seokjin', 'Dom Kim Seokjin', 'Jin', 'Kim Seokjin', 'Kim Seokjin', 'Top Kim Taehyung']",[]
https://golemlab.eu/graph/38139376,Maid for you [Kim Seokjin],Kim Seokjin is in desperate need of a Housekeeper that can care for his sugar glider when he is gone.,2022-04-03,3902,Teen And Up Audiences,F/M,In-Progress,7,seokjin,Boss/Employee Relationship | Eventual Romance | Jin is overworked | Kim Seokjin | Jin is a Mess | Reader is a housekeeper | Reader is caring | Slow Burn | Sweet Kim Seokjin | Jin | if i feel like it | maybe smut,"Kim Seokjin | Jin/Reader, Kim Seokjin | Jin/You Series: BTS [2]","['Boss/Employee Relationship', 'Eventual Romance', 'Jin is overworked', 'Kim Seokjin', 'Jin is a Mess', 'Reader is a housekeeper', 'Reader is caring', 'Slow Burn', 'Sweet Kim Seokjin', 'Jin', 'if i feel like it', 'maybe smut']","['Boss/Employee Relationship', 'Eventual Romance', 'Slow Burn']","['Jin is overworked', 'Kim Seokjin', 'Jin is a Mess', 'Reader is a housekeeper', 'Reader is caring', 'Sweet Kim Seokjin', 'Jin', 'if i feel like it', 'maybe smut']","['Kim Seokjin', 'Sweet Kim Seokjin', 'Jin']",[]
https://golemlab.eu/graph/23842987,Heart Of Stone (Kim Seokjin/Jin x F!Reader),"This oneshot has the reader as a member of the fictional Korean cast of ""SIX"", in the role of ""Jane Seymour"". Struggling with her song ""Heart Of Stone"", she's at a loss of ideas, but then help arrives in form of Kim Seokjin. The song featured in this shot originates from the musical ""SIX"", that tells the stories of Henry VIII's six wives.",2020-04-25,2738,Teen And Up Audiences,F/M,Completed,7,seokjin,Fluff | Kim Seokjin | Jin is a Sweetheart | Sweet Kim Seokjin | Jin,Kim Seokjin | Jin/Reader Series: SIX-Series [3],"['Fluff', 'Kim Seokjin', 'Jin is a Sweetheart', 'Sweet Kim Seokjin', 'Jin']",['Fluff'],"['Kim Seokjin', 'Jin is a Sweetheart', 'Sweet Kim Seokjin', 'Jin']","['Kim Seokjin', 'Sweet Kim Seokjin', 'Jin']",[]
https://golemlab.eu/graph/25720234,Wildflower,Your Best friend Seokjin gets you out of the house after noticing your melancholia.,2020-08-05,775,Teen And Up Audiences,F/M,Completed,7,seokjin,Best Friends | Enemies to Friends to Lovers | Fluffy Ending | Possible Character Death | Short & Sweet | Sweet Kim Seokjin | Jin | Unplanned Pregnancy,Kim Seokjin | Jin/You,"['Best Friends', 'Enemies to Friends to Lovers', 'Fluffy Ending', 'Possible Character Death', 'Short & Sweet', 'Sweet Kim Seokjin', 'Jin', 'Unplanned Pregnancy']","['Best Friends', 'Enemies to Friends to Lovers', 'Fluffy Ending', 'Possible Character Death', 'Short & Sweet', 'Unplanned Pregnancy']","['Sweet Kim Seokjin', 'Jin']","['Sweet Kim Seokjin', 'Jin']",[]
https://golemlab.eu/graph/35664349,Seven Moons,"When Kim Seokjin's betrothed ditches Mikronysus for Earth, he rakes through the continents to bring her back. At last, he believes to have found her when his tracker picks up on a tremendous amount of energy coming from the Midwest. After initiating the process to bring her back, he's shocked to find you in his quarters, a struggling businesswoman from Kansas City, instead of his runaway bride. To get you back home, he's got to make a trade. But when it comes to you, will he be able to go through with it?",2021-12-12,8353,Mature,F/M,In-Progress,7,seokjin,Alternate Universe | Alternate Universe - Fantasy | Alternate Universe - Space | Angst and Fluff and Smut | Angsty Kim Seokjin | Jin | Doctor Who References | Enemies to Lovers | Eventual Smut | Futuristic | Kim Seokjin | Jin Smut | Strangers to Lovers | Sweet Kim Seokjin | Jin | Time Lord Angst | Time Lord smut,Kim Seokjin | Jin/Reader,"['Alternate Universe', 'Alternate Universe - Fantasy', 'Alternate Universe - Space', 'Angst and Fluff and Smut', 'Angsty Kim Seokjin', 'Jin', 'Doctor Who References', 'Enemies to Lovers', 'Eventual Smut', 'Futuristic', 'Kim Seokjin', 'Jin Smut', 'Strangers to Lovers', 'Sweet Kim Seokjin', 'Jin', 'Time Lord Angst', 'Time Lord smut']","['Alternate Universe', 'Alternate Universe - Fantasy', 'Alternate Universe - Space', 'Angst and Fluff and Smut', 'Doctor Who References', 'Enemies to Lovers', 'Eventual Smut', 'Strangers to Lovers', 'Time Lord Angst']","['Angsty Kim Seokjin', 'Jin', 'Futuristic', 'Kim Seokjin', 'Jin Smut', 'Sweet Kim Seokjin', 'Jin', 'Time Lord smut']","['Angsty Kim Seokjin', 'Jin', 'Futuristic', 'Kim Seokjin', 'Jin Smut', 'Sweet Kim Seokjin', 'Jin']",[]
https://golemlab.eu/graph/38640675,contradicktory,"the guy you've had your rivalry mutual with, you find yourself grinding on his cock the day you were supposed to kill him. or, maybe it was him who was supposed to kill you?  both of you find your heart in a contradiction to your duties, so would you follow your heart or you duties?",2022-04-27,4897,Explicit,F/M,Completed,6,seokjin,Dry Humping | Fluff | Light Angst | Oral Sex | PWP | Rough Sex | Smut | Spanking | Vaginal Fingering,Kim Seokjin | Jin/Reader,"['Dry Humping', 'Fluff', 'Light Angst', 'Oral Sex', 'PWP', 'Rough Sex', 'Smut', 'Spanking', 'Vaginal Fingering']","['Dry Humping', 'Fluff', 'Light Angst', 'Oral Sex', 'Rough Sex', 'Smut', 'Spanking', 'Vaginal Fingering']",['PWP'],[],[]
https://golemlab.eu/graph/39824139,"run away, run away","seokjin chases you through the woods, catches you, and takes what he wants.",2022-06-22,1001,Explicit,F/F,Completed,6,seokjin,Choking | Consensual Non-Consent | Face Slapping | Fighting Kink | Gross | Play Fighting | Predator/Prey | Roleplay | Rough Sex | Semi-Public Sex | Sexual Roleplay | Werewolf Kim Seokjin | Jin,Kim Seokjin | Jin/Reader Series: run away [1],"['Choking', 'Consensual Non-Consent', 'Face Slapping', 'Fighting Kink', 'Gross', 'Play Fighting', 'Predator/Prey', 'Roleplay', 'Rough Sex', 'Semi-Public Sex', 'Sexual Roleplay', 'Werewolf Kim Seokjin', 'Jin']","['Choking', 'Consensual Non-Consent', 'Face Slapping', 'Fighting Kink', 'Gross', 'Play Fighting', 'Predator/Prey', 'Roleplay', 'Rough Sex', 'Semi-Public Sex', 'Sexual Roleplay']","['Werewolf Kim Seokjin', 'Jin']","['Werewolf Kim Seokjin', 'Jin']",[]
https://golemlab.eu/graph/26731717,Sliver Lining,"She seems to always be there when they're in danger. They didn't expect her to save one of them and have her whole family life exposed because of them. There must be a silver lining in all of this, right?",2020-09-30,2372,General Audiences,F/M,In-Progress,6,seokjin,Alternate Universe - Idols | Community: kpop-fixmix | Friendship/Love | Idols | Original Character(s) | Siblings,"Kim Seokjin | Jin/Reader, choi beomgyu - Relationship","['Alternate Universe - Idols', 'Community: kpop-fixmix', 'Friendship/Love', 'Idols', 'Original Character(s)', 'Siblings']","['Alternate Universe - Idols', 'Community: kpop-fixmix', 'Friendship/Love', 'Idols', 'Original Character(s)', 'Siblings']",[],[],[]
https://golemlab.eu/graph/34074628,give & take,,2021-09-25,374,Mature,F/M,Completed,6,seokjin,Cunnilingus | Dirty Talk | Established Relationship,Kim Seokjin | Jin/Reader,"['Cunnilingus', 'Dirty Talk', 'Established Relationship']","['Cunnilingus', 'Dirty Talk', 'Established Relationship']",[],[],[]
https://golemlab.eu/graph/31864039,Lussekatter,Basic baking fluff with the one and only Kim Seokjin [This is a one shot],2021-06-10,729,Teen And Up Audiences,F/M,Completed,6,seokjin,Baking | Fluff | Kim Seokjin | Jin-centric | One Shot | Reader-Insert | Sweet Kim Seokjin | Jin,Kim Seokjin | Jin/Reader,"['Baking', 'Fluff', 'Kim Seokjin', 'Jin-centric', 'One Shot', 'Reader-Insert', 'Sweet Kim Seokjin', 'Jin']","['Baking', 'Fluff', 'One Shot', 'Reader-Insert']","['Kim Seokjin', 'Jin-centric', 'Sweet Kim Seokjin', 'Jin']","['Kim Seokjin', 'Sweet Kim Seokjin', 'Jin']",[]
https://golemlab.eu/graph/28459341,Merry Kissmas,It’s Christmas day and Seokjin has a surprise for you.,2020-12-31,978,General Audiences,F/M,Completed,6,seokjin,Christmas Fluff | Established Relationship | Fluff,Kim Seokjin | Jin/Reader,"['Christmas Fluff', 'Established Relationship', 'Fluff']","['Christmas Fluff', 'Established Relationship', 'Fluff']",[],[],[]
https://golemlab.eu/graph/19080106,Untitled.,This is actually my first time writing and and I'm so sorry if it's bore you :(,2019-06-03,12070,Explicit,F/M,Completed,6,seokjin,,Kim Seokjin | Jin/Reader,[],[],[],[],[]
https://golemlab.eu/graph/17926799,Awake,I mainly wrote this to cope oops,2019-02-26,1613,Teen And Up Audiences,F/M,Completed,6,seokjin,i wrote this at midnight on my phone while lowkey crying so take it as you will,Kim Seokjin | Jin/Reader,['i wrote this at midnight on my phone while lowkey crying so take it as you will'],[],['i wrote this at midnight on my phone while lowkey crying so take it as you will'],[],[]
https://golemlab.eu/graph/35788819,Valentine,"What happens when all your wishes come true, and you have to pick between them?",2021-12-18,2566,Teen And Up Audiences,F/M,Completed,6,seokjin,Angst | Break Up | Friends to Lovers,Kim Seokjin | Jin/Reader Series: Melancholy Mixtape [1],"['Angst', 'Break Up', 'Friends to Lovers']","['Angst', 'Break Up', 'Friends to Lovers']",[],[],[]
https://golemlab.eu/graph/26341915,Stitches,"a/n: please excuse my lack of knowledge about the procedures made and/or ethics of a hospital, this whole oneshot (and the ones forthcoming) is inspired by tv medical series and can be completely inaccurate for my lack of experience with terms. i deeply apologize for any misconceptions and hope that either way you all enjoy the story!",2020-09-07,8600,Explicit,F/M,Completed,6,seokjin,Doctor Bts | Doctor Kim Seokjin | Jin,Kim Seokjin | Jin/You,"['Doctor Bts', 'Doctor Kim Seokjin', 'Jin']",[],"['Doctor Bts', 'Doctor Kim Seokjin', 'Jin']","['Doctor Bts', 'Doctor Kim Seokjin', 'Jin']",[]
https://golemlab.eu/graph/22496515,Wide Awake,"The fog was thick just before day break. He called out your name until his voice was nothing but a whisper. He hadn't seen you in his dreams for week, yet he continued every night to search for you. He knew not of the spell you were under and couldn't call out to him.",2020-01-31,1465,General Audiences,F/M,Completed,6,seokjin,Dreamsharing | Romance | Short & Sweet | Short One Shot | Sweet Kim Seokjin | Jin | Visions in dreams,Kim Seokjin | Jin/Reader,"['Dreamsharing', 'Romance', 'Short & Sweet', 'Short One Shot', 'Sweet Kim Seokjin', 'Jin', 'Visions in dreams']","['Dreamsharing', 'Romance', 'Short & Sweet', 'Short One Shot', 'Visions in dreams']","['Sweet Kim Seokjin', 'Jin']","['Sweet Kim Seokjin', 'Jin']",[]
https://golemlab.eu/graph/39743562,platonically invincible,after a tough breakup you confide in Seokjin,2022-06-23,1111,General Audiences,F/M,Completed,6,seokjin,Angst | Childhood Friends | Fluff | Friends to Lovers | Platonic Female/Male Relationships | Post-Break Up | Smut,Kim Seokjin | Jin/Reader Series: The Platonic Collection [1],"['Angst', 'Childhood Friends', 'Fluff', 'Friends to Lovers', 'Platonic Female/Male Relationships', 'Post-Break Up', 'Smut']","['Angst', 'Childhood Friends', 'Fluff', 'Friends to Lovers', 'Platonic Female/Male Relationships', 'Post-Break Up', 'Smut']",[],[],[]
https://golemlab.eu/graph/40829370,"the harder the rain, honey, the sweeter the sun","seokjin had the perfect plan to propose to you, but if only he could’ve predicted the weather",2022-08-06,492,General Audiences,F/M,Completed,6,seokjin,Alternate Universe - Not K-Pop Idols | Drabble | Established Relationship | Fluff | Marriage Proposal | Reader-Insert | gender neutral reader,Kim Seokjin | Jin/Reader,"['Alternate Universe - Not K-Pop Idols', 'Drabble', 'Established Relationship', 'Fluff', 'Marriage Proposal', 'Reader-Insert', 'gender neutral reader']","['Alternate Universe - Not K-Pop Idols', 'Drabble', 'Established Relationship', 'Fluff', 'Marriage Proposal', 'Reader-Insert']",['gender neutral reader'],[],[]
https://golemlab.eu/graph/29219619,The Holiday Party,"Another year passes and thus with it another solemn holiday party stuffed full with artificial conversations and manufactured smiles. You hated taking part in them. Boring as they were you didn't have a good enough excuse to not attend, besides it was mandatory so you were forced to attend whether you wanted to or not. You'd figure this year wouldn't be anything different from the past year's holiday parties. That is until you meet the sharp-tongued and devilishly handsome, Kim SeokJin. Maybe this year's holiday party wouldn't be so bad.",2021-02-08,4107,Teen And Up Audiences,F/M,Completed,5,seokjin,Banter | Holidays | Mild Sexual Content | Sexual Tension,Kim Seokjin | Jin/Reader,"['Banter', 'Holidays', 'Mild Sexual Content', 'Sexual Tension']","['Banter', 'Holidays', 'Mild Sexual Content', 'Sexual Tension']",[],[],[]
https://golemlab.eu/graph/35682817,Like A Dream,"After Jin's little sister leaves the house, you and Jin decide to finally have some alone time",2021-12-13,2950,Explicit,F/M,Completed,5,seokjin,Cunnilingus | Established Relationship | Explicit Sexual Content | First Time | Heterosexual Sex | Loss of Virginity | Mentioned Kim Taehyung | V | Oppa Kink | Vaginal Sex | at the end | attempt at some humour? | how to tag | like once | lil bit of fluff | okay explicit tags here we go,Kim Seokjin | Jin/Reader,"['Cunnilingus', 'Established Relationship', 'Explicit Sexual Content', 'First Time', 'Heterosexual Sex', 'Loss of Virginity', 'Mentioned Kim Taehyung', 'V', 'Oppa Kink', 'Vaginal Sex', 'at the end', 'attempt at some humour?', 'how to tag', 'like once', 'lil bit of fluff', 'okay explicit tags here we go']","['Cunnilingus', 'Established Relationship', 'Explicit Sexual Content', 'First Time', 'Heterosexual Sex', 'Loss of Virginity', 'Oppa Kink', 'Vaginal Sex']","['Mentioned Kim Taehyung', 'V', 'at the end', 'attempt at some humour?', 'how to tag', 'like once', 'lil bit of fluff', 'okay explicit tags here we go']",['Mentioned Kim Taehyung'],[]
https://golemlab.eu/graph/35492059,i love you,Ever since you were a small child you always wanted to have your life on a specific path but then you met Jin,2021-12-03,1899,Explicit,F/M,Completed,5,seokjin,Alternate Universe - College/University | Angst | Doggy Style | Smut | Vaginal Fingering | Vaginal Sex | Yandere,Kim Seokjin | Jin/Reader,"['Alternate Universe - College/University', 'Angst', 'Doggy Style', 'Smut', 'Vaginal Fingering', 'Vaginal Sex', 'Yandere']","['Alternate Universe - College/University', 'Angst', 'Doggy Style', 'Smut', 'Vaginal Fingering', 'Vaginal Sex', 'Yandere']",[],[],[]
https://golemlab.eu/graph/35648641,Snow Day,,2021-12-11,487,General Audiences,F/M,Completed,5,seokjin,,"Kim Seokjin | Jin/Reader, Kim Seokjin | Jin/You Series: Happy Holidays [2]",[],[],[],[],[]
https://golemlab.eu/graph/31440176,Seokjin: A Punishable Act,The Duke and Duchess of Gwacheon both have hidden agendas of epic proportions. But deception isn't part of the rules....,2021-05-21,3841,Explicit,F/M,Completed,5,seokjin,Abduction | Anal Fingering | Betrayal | Bondage | Crying During Sex | Deception | Lies | Marking | Mentions of graphic violence | No Aftercare | Orgasm Denial | Rough Sex | Spanking | Use of restraints | Vaginal Fingering,Kim Seokjin | Jin/Reader Series: BTS REGALIA SERIES [3],"['Abduction', 'Anal Fingering', 'Betrayal', 'Bondage', 'Crying During Sex', 'Deception', 'Lies', 'Marking', 'Mentions of graphic violence', 'No Aftercare', 'Orgasm Denial', 'Rough Sex', 'Spanking', 'Use of restraints', 'Vaginal Fingering']","['Abduction', 'Anal Fingering', 'Betrayal', 'Bondage', 'Deception', 'Lies', 'Marking', 'No Aftercare', 'Orgasm Denial', 'Rough Sex', 'Spanking', 'Vaginal Fingering']","['Crying During Sex', 'Mentions of graphic violence', 'Use of restraints']",['Crying During Sex'],[]
https://golemlab.eu/graph/35634853,Lazy Morning,,2021-12-11,1274,Mature,F/M,Completed,5,seokjin,,"Kim Seokjin | Jin/Reader, Kim Seokjin | Jin/You Series: Caught [2]",[],[],[],[],[]
https://golemlab.eu/graph/38441854,"More of him, Seokjin!","A series of smuts/one-shots of the lead-vocalist Kim Seokjin, but as different people. You will find all sort of things here. This will be updated regularly, i.e. weekly. If I do forget, I apologise prior. Enjoy! 1) His Muse 2) Mine",2022-04-17,6279,Mature,F/M,In-Progress,5,seokjin,Anal Sex | Angst and Fluff and Smut | Bottom Kim Seokjin | Jin | Car Sex | Fluff and Smut | Forehead Kisses | Gay Sex | Heterosexual Sex | Loss of Virginity | Oral Sex | Passionate | Past Rape/Non-con | Rape Aftermath | Rape Recovery | Rape/Non-con Elements | Rough Sex | Semi-Public Sex | Sex | Sex Toys | Shower Sex | Slut Shaming | Sweet Kim Seokjin | Jin | Top Kim Seokjin | Jin | Vaginal Fingering | Vaginal Sex | Virgin Girl | Virgin Kim Seokjin | Jin | Virginity | bts smut,Kim Seokjin | Jin/Reader,"['Anal Sex', 'Angst and Fluff and Smut', 'Bottom Kim Seokjin', 'Jin', 'Car Sex', 'Fluff and Smut', 'Forehead Kisses', 'Gay Sex', 'Heterosexual Sex', 'Loss of Virginity', 'Oral Sex', 'Passionate', 'Past Rape/Non-con', 'Rape Aftermath', 'Rape Recovery', 'Rape/Non-con Elements', 'Rough Sex', 'Semi-Public Sex', 'Sex', 'Sex Toys', 'Shower Sex', 'Slut Shaming', 'Sweet Kim Seokjin', 'Jin', 'Top Kim Seokjin', 'Jin', 'Vaginal Fingering', 'Vaginal Sex', 'Virgin Girl', 'Virgin Kim Seokjin', 'Jin', 'Virginity', 'bts smut']","['Anal Sex', 'Angst and Fluff and Smut', 'Car Sex', 'Fluff and Smut', 'Forehead Kisses', 'Gay Sex', 'Heterosexual Sex', 'Loss of Virginity', 'Oral Sex', 'Past Rape/Non-con', 'Rape Aftermath', 'Rape Recovery', 'Rape/Non-con Elements', 'Rough Sex', 'Semi-Public Sex', 'Sex', 'Sex Toys', 'Shower Sex', 'Slut Shaming', 'Vaginal Fingering', 'Vaginal Sex', 'Virginity']","['Bottom Kim Seokjin', 'Jin', 'Passionate', 'Sweet Kim Seokjin', 'Jin', 'Top Kim Seokjin', 'Jin', 'Virgin Girl', 'Virgin Kim Seokjin', 'Jin', 'bts smut']","['Bottom Kim Seokjin', 'Jin', 'Passionate', 'Sweet Kim Seokjin', 'Jin', 'Top Kim Seokjin', 'Jin', 'Virgin Girl', 'Virgin Kim Seokjin', 'Jin']",[]
https://golemlab.eu/graph/40940598,The Flower Bridge,"You couldn’t, you didn’t want to, not anymore, the pain was too much, you wanted it to end, so you visited the bridge. Standing at the highest point, the wind stung, but your problems were bigger, your pain was stronger than the whipping wind and your anguish deeper than the water below. Tethered in the center, connecting the place you came from and the place you were going, you found another type of bridge and he found you. Ghost!Seokjin x reader",2022-08-10,11052,Mature,F/M,Completed,5,seokjin,Angst | Angst and Humor | Angst with a Happy Ending | Character Turned Into a Ghost | Comfort/Angst | Dark Comedy | Emotional/Psychological Abuse | Fluff | Fluff and Angst | Hurt/Comfort | Implied/Referenced Abortion | Implied/Referenced Sexual Assault | Implied/Referenced Suicide | References to Depression | Suicide Attempt | Trauma,"Kim Seokjin | Jin/Reader Series: Spring Fling: Stories that Bloom - of love, of pain, of fight [3]","['Angst', 'Angst and Humor', 'Angst with a Happy Ending', 'Character Turned Into a Ghost', 'Comfort/Angst', 'Dark Comedy', 'Emotional/Psychological Abuse', 'Fluff', 'Fluff and Angst', 'Hurt/Comfort', 'Implied/Referenced Abortion', 'Implied/Referenced Sexual Assault', 'Implied/Referenced Suicide', 'References to Depression', 'Suicide Attempt', 'Trauma']","['Angst', 'Angst and Humor', 'Angst with a Happy Ending', 'Character Turned Into a Ghost', 'Comfort/Angst', 'Dark Comedy', 'Emotional/Psychological Abuse', 'Fluff', 'Fluff and Angst', 'Hurt/Comfort', 'Implied/Referenced Abortion', 'Implied/Referenced Sexual Assault', 'Implied/Referenced Suicide', 'References to Depression', 'Suicide Attempt', 'Trauma']",[],[],[]
https://golemlab.eu/graph/22134601,Nice,You should really learn to be nice,2020-01-05,1009,Teen And Up Audiences,F/M,Completed,5,seokjin,,Kim Seokjin | Jin/Reader,[],[],[],[],[]
https://golemlab.eu/graph/23337931,morning breakfast - ksj,Kim Seokjin loves his partner and his food what can he do,2020-03-27,310,Teen And Up Audiences,Other,Completed,5,seokjin,Cute | Domestic | Domestic Fluff | Fluff | Mild Smut | Nicknames | One Shot | Short | Skinship,Kim Seokjin | Jin/Reader,"['Cute', 'Domestic', 'Domestic Fluff', 'Fluff', 'Mild Smut', 'Nicknames', 'One Shot', 'Short', 'Skinship']","['Cute', 'Domestic', 'Domestic Fluff', 'Fluff', 'Mild Smut', 'Nicknames', 'One Shot', 'Short']",['Skinship'],['Skinship'],[]
https://golemlab.eu/graph/21552217,The Five Stages,,2019-12-20,474,Mature,F/M,In-Progress,5,seokjin,,Kim Seokjin | Jin/Reader,[],[],[],[],[]
https://golemlab.eu/graph/15204503,Lost In Translation,you become the translator for bts on their world tour. maybe you and jin will finally get together?,2018-07-07,2674,Teen And Up Audiences,F/M,In-Progress,5,seokjin,Cute | I'm bad at tags | Kim Seokjin | Jin is a Sweetheart | sorry - Freeform | translator | world tour | you are awkward | you are jungkook's sister,Kim Seokjin | Jin/Reader Series: Lost In Translation [1],"['Cute', ""I'm bad at tags"", 'Kim Seokjin', 'Jin is a Sweetheart', 'sorry - Freeform', 'translator', 'world tour', 'you are awkward', ""you are jungkook's sister""]",['Cute'],"[""I'm bad at tags"", 'Kim Seokjin', 'Jin is a Sweetheart', 'sorry - Freeform', 'translator', 'world tour', 'you are awkward', ""you are jungkook's sister""]",['Kim Seokjin'],[]
https://golemlab.eu/graph/24877402,The Diary of Kim Seokjin - Falling in Love in America,"This is my Diary, dear readers, and this is how I fell in love in America and finally gave up.",2020-06-23,9654,Teen And Up Audiences,F/M,Completed,5,seokjin,Alternate Universe - Canon Divergence | Animal Transformation | Diary/Journal | I Wrote This Instead of Sleeping | Mild Angst | Romance,Kim Seokjin | Jin/Reader,"['Alternate Universe - Canon Divergence', 'Animal Transformation', 'Diary/Journal', 'I Wrote This Instead of Sleeping', 'Mild Angst', 'Romance']","['Alternate Universe - Canon Divergence', 'Animal Transformation', 'Diary/Journal', 'I Wrote This Instead of Sleeping', 'Romance']",['Mild Angst'],['Mild Angst'],[]
https://golemlab.eu/graph/22134562,Prince Of Prejudice,"~ Inspired by Pride & Prejudice; Requested ~ Kim Seokjin is a man with the grace of a dancer, face of an angel, and enough wealth to keep several governments afloat. It is in his nature to be entirely narcissistic and classist - a man of his nature can afford to be. (There are few things that Seokjin cant afford.) When you’re invited to the annual ‘buja’ ball, you hope to find an eligible bachelor to wed and live happily ever after with. What you end up with is a crazed man willing to do anything to have you bear his name and with a ring on your finger.",2020-01-05,5022,Mature,F/M,In-Progress,5,seokjin,,Kim Seokjin | Jin/Reader,[],[],[],[],[]
https://golemlab.eu/graph/35487901,Right Here,Kim Seokjin playing video games is incredibly distracting.,2021-12-03,866,Mature,F/M,Completed,4,seokjin,BTS In The Soop Season/Series 02 | Canon Compliant | Established Relationship | Gamer Kim Seokjin | Jin,Kim Seokjin | Jin/Reader,"['BTS In The Soop Season/Series 02', 'Canon Compliant', 'Established Relationship', 'Gamer Kim Seokjin', 'Jin']","['Canon Compliant', 'Established Relationship']","['BTS In The Soop Season/Series 02', 'Gamer Kim Seokjin', 'Jin']","['Gamer Kim Seokjin', 'Jin']",[]
https://golemlab.eu/graph/35562571,Chag Sameach,"Living abroad makes it difficult to celebrate traditions like Hanukkah. Thankfully, your doting boyfriend Seokjin does his best to honor your holidays. (Technically a sequel to ""Tied & True"")",2021-12-07,5101,Explicit,F/M,Completed,4,seokjin,Bad Puns | Cunnilingus | Established Relationship | Vaginal Fingering | bi jin | bi reader | discussions about Judaism | inner monologue of self consciousness,"Kim Seokjin | Jin/Reader, Kim Seokjin | Jin/You","['Bad Puns', 'Cunnilingus', 'Established Relationship', 'Vaginal Fingering', 'bi jin', 'bi reader', 'discussions about Judaism', 'inner monologue of self consciousness']","['Bad Puns', 'Cunnilingus', 'Established Relationship', 'Vaginal Fingering']","['bi jin', 'bi reader', 'discussions about Judaism', 'inner monologue of self consciousness']",[],[]
https://golemlab.eu/graph/23843485,The Way You Make Me Feel (KimSeokjin/JinxF!Reader),"Kim Seokjin has come to realize, what he feels for the reader and is eager to pursue the chance of being with her. She on the other hand is torn between her feelings and the risks that come with dating another idol. Kind of a ""sequel"" to ""Heart of Stone"". The 80es song featured here is a favourite of mine, namely ""The Way You Make Me Feel"" by Michael Jackson.",2020-04-25,2771,Teen And Up Audiences,F/M,Completed,4,seokjin,Developing Relationship | Fluff | Friends to Lovers | Kim Seokjin | Jin is a Sweetheart | Sweet Kim Seokjin | Jin,Kim Seokjin | Jin/Reader Series: 80esSongs-Series [1],"['Developing Relationship', 'Fluff', 'Friends to Lovers', 'Kim Seokjin', 'Jin is a Sweetheart', 'Sweet Kim Seokjin', 'Jin']","['Developing Relationship', 'Fluff', 'Friends to Lovers']","['Kim Seokjin', 'Jin is a Sweetheart', 'Sweet Kim Seokjin', 'Jin']","['Kim Seokjin', 'Sweet Kim Seokjin', 'Jin']",[]
https://golemlab.eu/graph/24319081,You Will Feel A Flash of Red,"Seokjin colors your life with his outrageous ideas, unnecessarily wild adventures, and his stupid mission to always scare you whenever you run into each other. Against your better judgment, you’ve already started to entertain foreign feelings in your heart concerning the certain boy. And it doesn’t help you already get scared easily without him adding his shenanigans in the mix. You just want Seokjin to stop…making you feel too much all at once",2020-05-22,2810,General Audiences,F/M,Completed,4,seokjin,Alternate Universe - College/University | And crack bc of seokjin | College Seokjin | Friends to Lovers | Seokjin crack | just pure fluff | seokjin fluff,Kim Seokjin | Jin/You,"['Alternate Universe - College/University', 'And crack bc of seokjin', 'College Seokjin', 'Friends to Lovers', 'Seokjin crack', 'just pure fluff', 'seokjin fluff']","['Alternate Universe - College/University', 'Friends to Lovers']","['And crack bc of seokjin', 'College Seokjin', 'Seokjin crack', 'just pure fluff', 'seokjin fluff']",['College Seokjin'],[]
https://golemlab.eu/graph/14938839,Pink Guitar String,"You are enjoying a nice day and Jin drops his pink guitar string while walking, creating a hazard that you inadvertently trip on.",2018-06-15,679,General Audiences,F/M,Completed,3,seokjin,Clumsy Kim Seok Jin,Kim Seokjin | Jin/Reader,['Clumsy Kim Seok Jin'],[],['Clumsy Kim Seok Jin'],['Clumsy Kim Seok Jin'],[]
https://golemlab.eu/graph/41021784,love is not over,In which Kim Seokjin finds a girl breaking into his VIP club room offering to thank him by giving him a blow job. He might just go crazy....,2022-08-14,5169,Mature,F/M,In-Progress,3,seokjin,Age Difference | Angst | Blood and Violence | Character Death | Fights | Fluff | Gang Violence | Hurt/Comfort | Reader-Insert,Kim Seokjin | Jin/Reader,"['Age Difference', 'Angst', 'Blood and Violence', 'Character Death', 'Fights', 'Fluff', 'Gang Violence', 'Hurt/Comfort', 'Reader-Insert']","['Age Difference', 'Angst', 'Blood and Violence', 'Character Death', 'Fights', 'Fluff', 'Gang Violence', 'Hurt/Comfort', 'Reader-Insert']",[],[],[]
https://golemlab.eu/graph/14080962,Perfect,This is the story of how I got to know Kim Seokjin and what my life became like afterwards.,2017-07-15,5148,Mature,F/M,In-Progress,3,seokjin,,Kim Seokjin | Jin/Reader,[],[],[],[],[]
https://golemlab.eu/graph/37368541,But its fun,"Working with Seokjin and trying to keep your relationship a secret is gonna be harder than you thought, especially because he likes to push your buttons.",2022-02-25,1044,Mature,F/M,Completed,3,seokjin,Daddy Kink | Established Relationship | Explicit Language | Secret Relationship | Shameless Smut | work setting,Kim Seokjin | Jin/Reader,"['Daddy Kink', 'Established Relationship', 'Explicit Language', 'Secret Relationship', 'Shameless Smut', 'work setting']","['Daddy Kink', 'Established Relationship', 'Explicit Language', 'Secret Relationship', 'Shameless Smut']",['work setting'],[],[]
https://golemlab.eu/graph/30858596,winning love by daylight,"The youma's words come rushing back: ""Let the truth be known, the city’s deepest secrets shown."" Suddenly, you’re reminded of a crystalline city; people bowing before you; Seokjin taking your hand, your matching rings gleaming in the light. Was it a memory or a dream? Or: Tuxedo Mask🌹 is none other than your p(r)etty (boy) rival, Kim Seokjin.",2021-04-24,3150,General Audiences,F/M,Completed,3,seokjin,Alternate Universe - High School | Alternate Universe - Sailor Moon Fusion | Enemies to Lovers | Fluff and Humor | Secret Crush | running away from the mortifying ordeal of being known | using discord to hide superhero identities,Kim Seokjin | Jin/Reader,"['Alternate Universe - High School', 'Alternate Universe - Sailor Moon Fusion', 'Enemies to Lovers', 'Fluff and Humor', 'Secret Crush', 'running away from the mortifying ordeal of being known', 'using discord to hide superhero identities']","['Alternate Universe - High School', 'Alternate Universe - Sailor Moon Fusion', 'Enemies to Lovers', 'Fluff and Humor', 'Secret Crush']","['running away from the mortifying ordeal of being known', 'using discord to hide superhero identities']",[],[]
https://golemlab.eu/graph/24535315,awake,"+ 'I want to stay, and I want to dream even though I know it’s time to leave It’s my truth even when I’m covered all over in wounds But it’s also my fate, yet no matter what, I want to struggle so I can fight' - jin",2020-06-04,1039,Mature,F/M,In-Progress,3,seokjin,Angst | Fluff | Kim Seokjin - Freeform | bts jin | bts oneshots | jin angst | jin fluff | jin oneshots | jin smut,Kim Seokjin | Jin/Reader,"['Angst', 'Fluff', 'Kim Seokjin - Freeform', 'bts jin', 'bts oneshots', 'jin angst', 'jin fluff', 'jin oneshots', 'jin smut']","['Angst', 'Fluff']","['Kim Seokjin - Freeform', 'bts jin', 'bts oneshots', 'jin angst', 'jin fluff', 'jin oneshots', 'jin smut']",['Kim Seokjin - Freeform'],[]
https://golemlab.eu/graph/17098424,Hope.,"he turned around to look at me. ""i think i'm going to give it another chance."" and i finally saw it. hope.",2018-12-21,640,General Audiences,Other,Completed,3,seokjin,,Kim Seokjin | Jin/Reader,[],[],[],[],[]
https://golemlab.eu/graph/33393862,Party Favor - A Jin Story,You Meet Jin and decide to ditch the party for some fun away from others.,2021-08-21,3683,Explicit,F/M,In-Progress,3,seokjin,Public Blow Jobs | Public Nudity | Public Sex | Semi-Public Sex,Kim Seokjin | Jin/You Series: Eat Jin [1],"['Public Blow Jobs', 'Public Nudity', 'Public Sex', 'Semi-Public Sex']","['Public Blow Jobs', 'Public Nudity', 'Public Sex', 'Semi-Public Sex']",[],[],[]
https://golemlab.eu/graph/33609652,I Hope (Seokjin),"Jin sees you after a break-up, hearing how well you have been and how you have moved on, and as he reminisces he realizes that he will forever be yours, even if you are not his. { based off I Hope by Ft. Island }",2021-09-01,1935,Teen And Up Audiences,F/M,Completed,3,seokjin,Jin scenario | Reader/Jin - Freeform | Reader/Seokjin | bts angst | bts scenario,Kim Seokjin | Jin/Reader Series: BTS Scenarios [1],"['Jin scenario', 'Reader/Jin - Freeform', 'Reader/Seokjin', 'bts angst', 'bts scenario']",[],"['Jin scenario', 'Reader/Jin - Freeform', 'Reader/Seokjin', 'bts angst', 'bts scenario']","['Reader/Jin - Freeform', 'Reader/Seokjin']",[]
https://golemlab.eu/graph/30643466,Summer Sun,summer vacation has started and you are ready to soak up the sun,2021-04-12,263,General Audiences,M/M,Completed,3,seokjin,Cute | Day At The Beach | Domestic Fluff | Drabble | Established Relationship | Fluff | Gender Neutral | Summer Vacation | gender neutral reader,Kim Seokjin | Jin/Reader Series: BTS Ghostie Drabble Marathon [5],"['Cute', 'Day At The Beach', 'Domestic Fluff', 'Drabble', 'Established Relationship', 'Fluff', 'Gender Neutral', 'Summer Vacation', 'gender neutral reader']","['Cute', 'Day At The Beach', 'Domestic Fluff', 'Drabble', 'Established Relationship', 'Fluff', 'Summer Vacation']","['Gender Neutral', 'gender neutral reader']",['Gender Neutral'],[]
https://golemlab.eu/graph/38754957,overdue,"Kim Seokjin is, without a doubt, the most dramatic person to ever grace the halls of the Academy. And that’s including the entire student population of teenagers.",2022-05-03,1795,Teen And Up Audiences,F/M,In-Progress,3,seokjin,Alternate Universe - Teachers | Coworkers to lovers | Eventual Happy Ending | Love Confessions | librarian!reader | lit teacher!jin | reader leaves Jin a trail of notes,Kim Seokjin | Jin/Reader,"['Alternate Universe - Teachers', 'Coworkers to lovers', 'Eventual Happy Ending', 'Love Confessions', 'librarian!reader', 'lit teacher!jin', 'reader leaves Jin a trail of notes']","['Alternate Universe - Teachers', 'Eventual Happy Ending', 'Love Confessions']","['Coworkers to lovers', 'librarian!reader', 'lit teacher!jin', 'reader leaves Jin a trail of notes']",[],[]
https://golemlab.eu/graph/31728889,The Duke's Son,"You were the servant to the House of Kim’s. It should have been an honoured position, except for one small problem. You were in love with the Duke’s son. Part of the BGW Drabble Marathon posted originally on my tumblr",2021-06-04,509,General Audiences,F/M,Completed,3,seokjin,Angst | Drama | Mutual Pining | Romance,Kim Seokjin | Jin/Reader Series: BGW drabble marathon [28],"['Angst', 'Drama', 'Mutual Pining', 'Romance']","['Angst', 'Drama', 'Mutual Pining', 'Romance']",[],[],[]
https://golemlab.eu/graph/14612214,Never-ending,"❝Why do you always cry when you're with me?❞ You chuckle. ❝Because you've made me feel these new emotions and I can't handle them.❞ He blames you, you grin and hugged him again. ❝I did? Then let me teach you on how to handle those emotions.❞ You grin brightly before pressing your lips together.",2016-05-01,8146,Teen And Up Audiences,M/M,Completed,3,seokjin,,Kim Seokjin | Jin/Reader Series: Bangtan and Male readers [1],[],[],[],[],[]
https://golemlab.eu/graph/35467786,Wherever You Will Go,"Of all the billions of songs in the world, she had to choose this one?",2021-12-02,730,General Audiences,F/M,Completed,3,seokjin,Angst | Pining,Kim Seokjin | Jin/Reader,"['Angst', 'Pining']","['Angst', 'Pining']",[],[],[]
https://golemlab.eu/graph/20702384,Brunch,"You start to become a morning person because of him. Maybe, not so much. But brunch could be acceptable.",2019-09-19,586,General Audiences,F/M,Completed,2,seokjin,Drabble Collection | Morning Kisses,Kim Seokjin | Jin/Reader,"['Drabble Collection', 'Morning Kisses']","['Drabble Collection', 'Morning Kisses']",[],[],[]
https://golemlab.eu/graph/16962525,The Heartbreak Hotel,"Love doesn’t always conquer all. Sometimes, it destroys. But the story doesn’t end there. No. It is all in how you pick up the pieces of yourself off the floor in the dark alone, and how you choose to put yourself back together. The story continues with how you choose to move on with your life. In an odd location outside of town- but not too far just the same; there is a place called The Heartbreak Hotel. It is a place in which those who have been heartbroken can go to escape as they put themselves back together. It can also be a true escape, a place to just let loose and have fun as you try to get over your heartache. The Heartbreak Hotel will provide you with any means necessary to help you recover and move on with your life. While you have your stay there, you can mingle with other singles, or spend time alone. Party rooms of many sorts are available; as well as one on one therapies. If there is anything you need or want, one simply has to ask the staff of the hotel.",2018-12-12,6028,Mature,F/M,In-Progress,2,seokjin,Angst | Fluff | Heartbreak | Smut | mentions of drug and alcohol abuse | party themes | recreational drinking and drug use,Kim Seokjin | Jin/Reader Series: The Heartbreak Hotel [1],"['Angst', 'Fluff', 'Heartbreak', 'Smut', 'mentions of drug and alcohol abuse', 'party themes', 'recreational drinking and drug use']","['Angst', 'Fluff', 'Heartbreak', 'Smut']","['mentions of drug and alcohol abuse', 'party themes', 'recreational drinking and drug use']",[],[]
https://golemlab.eu/graph/40963851,Seokjin One-Shots,Distance makes the heart grow fonder..,2022-08-11,3507,Explicit,F/M,In-Progress,2,seokjin,Anal Fingering | Black Reader | Creampie | Fluff and Angst | Interracial Relationship | NSFW | Oral Sex | Vaginal Sex,Kim Seokjin | Jin/Reader Series: Seokjin One-Shots [1],"['Anal Fingering', 'Black Reader', 'Creampie', 'Fluff and Angst', 'Interracial Relationship', 'NSFW', 'Oral Sex', 'Vaginal Sex']","['Anal Fingering', 'Creampie', 'Fluff and Angst', 'Interracial Relationship', 'Oral Sex', 'Vaginal Sex']","['Black Reader', 'NSFW']",['Black Reader'],[]
https://golemlab.eu/graph/24880420,My Robin Hood,"You broke Jins heart, but will forever be his weakness.",2020-06-23,731,General Audiences,M/M,Completed,2,seokjin,Inspired by Music | One Shot | Short One Shot,Kim Seokjin | Jin/Reader,"['Inspired by Music', 'One Shot', 'Short One Shot']","['Inspired by Music', 'One Shot', 'Short One Shot']",[],[],[]
https://golemlab.eu/graph/34785886,His Choker,Seokjin came home late one night from a shoot.,2021-10-28,1211,Explicit,F/M,Completed,2,seokjin,Domestic | Established Relationship | Explicit Language | Smut,Kim Seokjin | Jin/Reader,"['Domestic', 'Established Relationship', 'Explicit Language', 'Smut']","['Domestic', 'Established Relationship', 'Explicit Language', 'Smut']",[],[],[]
https://golemlab.eu/graph/39051069,Our Voices,You and Jin are the worlds first set of soulmates. The beginning of a new era. You can hear each others voices in your heads. It’s quite annoying… until it’s not.,2022-05-17,1409,General Audiences,Gen,Completed,2,seokjin,Alcohol | Fluff | Soulmate AU | alcohol consumption | mentions of clubs/bars | reader has a meltdown,Kim Seokjin | Jin/Reader Series: Seokjin Stories [2],"['Alcohol', 'Fluff', 'Soulmate AU', 'alcohol consumption', 'mentions of clubs/bars', 'reader has a meltdown']","['Alcohol', 'Fluff']","['Soulmate AU', 'alcohol consumption', 'mentions of clubs/bars', 'reader has a meltdown']",['Soulmate AU'],[]
https://golemlab.eu/graph/40579335,A Rose By Any Other Name,"Tale 6 in BTS Prince Series. Adapted from Garielle-Suzanne de Villeneuve's ""Beauty and the Beast"". Inspired by Steve Aoki ft. BTS ""Waste It On Me"".",2022-07-26,2884,General Audiences,F/M,Completed,2,seokjin,Fairy Tale Retellings,Kim Seokjin | Jin/Reader Series: BTS Prince Series: Be My Fairy Tale [6],['Fairy Tale Retellings'],['Fairy Tale Retellings'],[],[],[]
https://golemlab.eu/graph/39111843,Fœd Wâr,Based off the anime ‘Food Wars’ Arita and Jin have some food tension… Jin decides to have a little battle between them so he could get accepted into the academy. Instead they cook up a few things other than food.,2022-05-20,3623,Mature,F/M,Completed,2,seokjin,(based off Food Wars) | Anime: Food Wars! Shokugeki no Soma | Cocky Kim Seokjin | Jin | Coming Untouched | Competition | Cooking | Creampie | Food Porn | Food Sex | Japan | Kim Seokjin | Jin Has a Big Dick | Kitchen Sex | Light Angst | Mild Language | Mindfuck | Nudity | Object Penetration | Older Woman/Younger Man | Senpai word usage | Stuck Up Reader | Why Did I Write This?,Kim Seokjin | Jin/Reader,"['(based off Food Wars)', 'Anime: Food Wars! Shokugeki no Soma', 'Cocky Kim Seokjin', 'Jin', 'Coming Untouched', 'Competition', 'Cooking', 'Creampie', 'Food Porn', 'Food Sex', 'Japan', 'Kim Seokjin', 'Jin Has a Big Dick', 'Kitchen Sex', 'Light Angst', 'Mild Language', 'Mindfuck', 'Nudity', 'Object Penetration', 'Older Woman/Younger Man', 'Senpai word usage', 'Stuck Up Reader', 'Why Did I Write This?']","['Coming Untouched', 'Competition', 'Cooking', 'Creampie', 'Food Porn', 'Food Sex', 'Japan', 'Kitchen Sex', 'Light Angst', 'Mild Language', 'Mindfuck', 'Nudity', 'Object Penetration', 'Older Woman/Younger Man', 'Why Did I Write This?']","['(based off Food Wars)', 'Anime: Food Wars! Shokugeki no Soma', 'Cocky Kim Seokjin', 'Jin', 'Kim Seokjin', 'Jin Has a Big Dick', 'Senpai word usage', 'Stuck Up Reader']","['Cocky Kim Seokjin', 'Jin', 'Kim Seokjin', 'Stuck Up Reader']",[]
https://golemlab.eu/graph/40399404,whims & inconsistencies | 3,"—sorry this update was late, this weekend was a bit hectic for me! this chapter features some heavy warnings (see above in additional tags please) which are not used lightly. please do not read if this topic is upsetting and know you are not alone. please see the end of the chapter for more info on this.",2022-07-18,3462,Mature,F/M,Completed,2,seokjin,Bad Decisions | Female Masturbation | Mimicry | Physical Struggle | Ripping Clothes | Taunting | a lot of vulgar things implied | character intent of sexual assault and or physical harm to reader | cliffhanger end (sorry) if any of these things are triggering to you | drunken run-in | mentions of misogyny | non consensual kiss and groping | physical assault in the form of grabbing | please do not read. | predator-prey feelings of fear | prostitute lessons LOL | running for your life | scrapes,Kim Seokjin | Jin/Reader Series: whims & inconsistencies | ksj mini-series [4],"['Bad Decisions', 'Female Masturbation', 'Mimicry', 'Physical Struggle', 'Ripping Clothes', 'Taunting', 'a lot of vulgar things implied', 'character intent of sexual assault and or physical harm to reader', 'cliffhanger end (sorry) if any of these things are triggering to you', 'drunken run-in', 'mentions of misogyny', 'non consensual kiss and groping', 'physical assault in the form of grabbing', 'please do not read.', 'predator-prey feelings of fear', 'prostitute lessons LOL', 'running for your life', 'scrapes']",['Bad Decisions'],"['Female Masturbation', 'Mimicry', 'Physical Struggle', 'Ripping Clothes', 'Taunting', 'a lot of vulgar things implied', 'character intent of sexual assault and or physical harm to reader', 'cliffhanger end (sorry) if any of these things are triggering to you', 'drunken run-in', 'mentions of misogyny', 'non consensual kiss and groping', 'physical assault in the form of grabbing', 'please do not read.', 'predator-prey feelings of fear', 'prostitute lessons LOL', 'running for your life', 'scrapes']","['Female Masturbation', 'Mimicry', 'Physical Struggle', 'Ripping Clothes', 'Taunting']",[]
https://golemlab.eu/graph/35634532,In the Kitchen,,2021-12-11,627,General Audiences,F/M,Completed,2,seokjin,,"Kim Seokjin | Jin/Reader, Kim Seokjin | Jin/You Series: Quality Time [2]",[],[],[],[],[]
https://golemlab.eu/graph/41550309,whims & inconsistencies | 5,"sorry this was posted on another platform, and i was tired and forgot to post here!! → credits: @hobeemin for the most amazing banner idea. @peachiilovesot7 really doesn’t understand how important she is to me but i love her dearly, best beta ever; @moonleeai @cherrysoulth, your comments always give me the confidence boost to post! ♡",2022-09-07,2854,Mature,F/M,Completed,2,seokjin,ANGST!! | Angst | Arguing | argument | ill father | talks of sick father | talks of the attack & wound treating | wound treatment,"Kim Seokjin | Jin/Reader, Kim Seokjin | Jin/You Series: whims & inconsistencies | ksj mini-series [6]","['ANGST!!', 'Angst', 'Arguing', 'argument', 'ill father', 'talks of sick father', 'talks of the attack & wound treating', 'wound treatment']","['Angst', 'Arguing']","['ANGST!!', 'argument', 'ill father', 'talks of sick father', 'talks of the attack & wound treating', 'wound treatment']",[],[]
https://golemlab.eu/graph/33722014,Withered - Kim Seokjin,,2021-09-06,236,General Audiences,Gen,Completed,1,seokjin,Angst | Character Death | Flowers | Fluff and Angst | Inspired by Bangtan Boys | BTS | Love | Mentioned Kim Seokjin | Jin | Sad Ending | kim seok - Freeform,Kim Seokjin | Jin/You,"['Angst', 'Character Death', 'Flowers', 'Fluff and Angst', 'Inspired by Bangtan Boys', 'BTS', 'Love', 'Mentioned Kim Seokjin', 'Jin', 'Sad Ending', 'kim seok - Freeform']","['Angst', 'Character Death', 'Flowers', 'Fluff and Angst', 'Love', 'Sad Ending']","['Inspired by Bangtan Boys', 'BTS', 'Mentioned Kim Seokjin', 'Jin', 'kim seok - Freeform']","['Mentioned Kim Seokjin', 'Jin']",[]
https://golemlab.eu/graph/39050967,Reflection,"everyday jin finds himself at the same pond, staring at the same reflection, he knows you’re there- he doesn’t know it’s you- he’s a seasoned witch, he can sense that. He doesn’t know you are the pond, you are the reflection.",2022-05-17,1517,General Audiences,Gen,Completed,1,seokjin,Good | jin finds himself over insecurites | water spirit reader | we're gonna pretend I can spell for two seoconds | witch seokjin | yeah?,Kim Seokjin | Jin/Reader Series: Seokjin Stories [1],"['Good', 'jin finds himself over insecurites', 'water spirit reader', ""we're gonna pretend I can spell for two seoconds"", 'witch seokjin', 'yeah?']",['Good'],"['jin finds himself over insecurites', 'water spirit reader', ""we're gonna pretend I can spell for two seoconds"", 'witch seokjin', 'yeah?']",[],[]
https://golemlab.eu/graph/29510556,"♡ It's Okay, I'm Here ♡","“Sign this for me then I’ll inform you when I am finished with this case of yours, alright?”. Seokjin nodded and answered, “Ah, alright. Thank you.” While he was marking the paper of data required, you attempted to take a gander at him-and obviously, you clearly stayed away from eye-to-eye connection. It was only that he appeared to be an old beloved companion you haven't met in years. Concerning a bustling criminal investigator like you, it was very uncommon to have social associations with others. Work-life and individual life were two unique things you chose not to consolidate. Be that as it may, this customer simply appears to have grabbed your full attention.",2021-02-17,2407,General Audiences,Other,Completed,1,seokjin,Actor Kim Seokjin | Jin | Alternate Universe - Detectives | Car rides | Cars | Crying | Detectives | Donuts | Fluff and Angst | Ramen | Sweet Kim Seokjin | Jin | small angst,"Kim Seokjin | Jin/Reader, Kim Seokjin | Jin/You","['Actor Kim Seokjin', 'Jin', 'Alternate Universe - Detectives', 'Car rides', 'Cars', 'Crying', 'Detectives', 'Donuts', 'Fluff and Angst', 'Ramen', 'Sweet Kim Seokjin', 'Jin', 'small angst']","['Alternate Universe - Detectives', 'Cars', 'Crying', 'Detectives', 'Donuts', 'Fluff and Angst', 'Ramen']","['Actor Kim Seokjin', 'Jin', 'Car rides', 'Sweet Kim Seokjin', 'Jin', 'small angst']","['Actor Kim Seokjin', 'Jin', 'Sweet Kim Seokjin', 'Jin']",[]
https://golemlab.eu/graph/27531556,Love Stronger Than Fear,"""I wanted to tell her how I felt, but I just couldn’t get my lips to move. I hated myself for this, why was I terrified to speak. I hated myself for how weak I was, embarrassed by my own lack of resilience. Loathing in myself hatred of myself imposed prison that I knew I’d never be free of, all hope had died. She was leaving in two weeks and even knowing I may not see her again for several years I still just couldn’t speak. "" Tae Hyung reader insert where you are a Latina girl and your name is as mentioned in the story but of course you can just imagine your own name and ethnicity. (AU) Warnings: there will be mature content and sex scenes, mental health theme (Anxiety)",2020-11-12,937,Mature,F/M,Completed,1,seokjin,Alternate Universe | Anxiety | Drama & Romance | Fluff and Angst | KTH is not a Kpop idol | Mental Health Issues | Romance | Sex | will tag as I go,"Kim Seokjin | Jin/Reader, Kim Taehyung | V & Reader, Reader (Latina)","['Alternate Universe', 'Anxiety', 'Drama & Romance', 'Fluff and Angst', 'KTH is not a Kpop idol', 'Mental Health Issues', 'Romance', 'Sex', 'will tag as I go']","['Alternate Universe', 'Anxiety', 'Drama & Romance', 'Fluff and Angst', 'Mental Health Issues', 'Romance', 'Sex']","['KTH is not a Kpop idol', 'will tag as I go']",[],[]
https://golemlab.eu/graph/25402675,Forgotten Child,"Your parents left you on the street when you were young. You were only 11-years-old. Living on the streets on your own was tough since you were only a small child. Only left with the clothes on your back and the shoes on your feet, you were on your own in the midst of winter. Will Seokjin save your life by taking you in?",2020-07-20,1061,Teen And Up Audiences,Other,In-Progress,1,seokjin,Child Abandonment | post-disbandment,Kim Seokjin | Jin/Reader Series: Adopted by Series [1],"['Child Abandonment', 'post-disbandment']",['Child Abandonment'],['post-disbandment'],[],[]
https://golemlab.eu/graph/40775028,BRATTY,"Being Punished by your Husband, Kim Seok Jin for disobeying him. You have a special relationship with your husband. You were his brat at first then fell in love and got married. You were always the jealous type and because your husband is handsome he gets a lot of attention from the opposite gender and you hate it. You've always pulled tricks in order to get rid of all the females, but this time, you may have gone a little too far.",2022-08-03,1495,Explicit,F/M,Completed,1,seokjin,Dominant | Hyung Kink | Masterbation | Oneshot | Series | Top Kim Seokjin | Jin | bts - Freeform,Kim Seokjin | Jin/Reader Series: Hyung Line [4],"['Dominant', 'Hyung Kink', 'Masterbation', 'Oneshot', 'Series', 'Top Kim Seokjin', 'Jin', 'bts - Freeform']","['Hyung Kink', 'Series']","['Dominant', 'Masterbation', 'Oneshot', 'Top Kim Seokjin', 'Jin', 'bts - Freeform']","['Dominant', 'Masterbation', 'Oneshot', 'Top Kim Seokjin', 'Jin']",[]
