s,title,summary,datePublished,words,rating,romanticCategory,publicationStatus,kudos,member,keyword,relationship,tag_list,canonical_tags,noncanonical_tags,filtered_noncanonical_tags,bts_tags
https://golemlab.eu/graph/11852538,Close to Normal,"Kim Taehyung finds himself staying in a hotel alone without the other members. There, he is drawn to a troubled girl who reminds him that he is just a man.",2017-08-20,73944,Mature,F/M,Completed,1045,taehyung,Adorable Kim Taehyung | V | Angst | Canon Compliant | Eventual Smut | Falling In Love | Fame | Fluff | Googles how to tag | Help | I Blame Tumblr | Idol Kim Taehyung | V | Implied Sexual Content | Kim Taehyung | V & Park Jimin are Best Friends | Kim Taehyung | V is a Sweetheart | Language Barrier | My First AO3 Post | My First Fanfic | Other Additional Tags to Be Added | Park Jimin Is a Sweetheart | Sexual Tension | Some humour if you squint,Kim Taehyung | V/Reader Series: Close to Normal [1],"['Adorable Kim Taehyung', 'V', 'Angst', 'Canon Compliant', 'Eventual Smut', 'Falling In Love', 'Fame', 'Fluff', 'Googles how to tag', 'Help', 'I Blame Tumblr', 'Idol Kim Taehyung', 'V', 'Implied Sexual Content', 'Kim Taehyung', 'V & Park Jimin are Best Friends', 'Kim Taehyung', 'V is a Sweetheart', 'Language Barrier', 'My First AO3 Post', 'My First Fanfic', 'Other Additional Tags to Be Added', 'Park Jimin Is a Sweetheart', 'Sexual Tension', 'Some humour if you squint']","['Angst', 'Canon Compliant', 'Eventual Smut', 'Falling In Love', 'Fame', 'Fluff', 'Help', 'I Blame Tumblr', 'Implied Sexual Content', 'Language Barrier', 'My First AO3 Post', 'My First Fanfic', 'Other Additional Tags to Be Added', 'Sexual Tension']","['Adorable Kim Taehyung', 'V', 'Googles how to tag', 'Idol Kim Taehyung', 'V', 'Kim Taehyung', 'V & Park Jimin are Best Friends', 'Kim Taehyung', 'V is a Sweetheart', 'Park Jimin Is a Sweetheart', 'Some humour if you squint']","['Adorable Kim Taehyung', 'Idol Kim Taehyung', 'Kim Taehyung', 'Kim Taehyung']",[]
https://golemlab.eu/graph/29358348,Too Good To Be True,"Kim Taehyung is a world famous idol in the hit K-pop group, BTS, and you are his personal stylist. Per your contract with Big Hit, he is absolutely, 100% off-limits, and yet, you are completely and hopelessly in love with him. You’ve spent years trying to shove your feelings down, but it’s getting harder and harder to ignore and hide them, especially considering the way Tae always treats you. He’s affectionate and protective and sometimes outright flirtatious, but that’s how he is with everyone, right? Confused, frustrated, and lovesick, you find yourself wondering if it might finally be worth risking your career and your heart to find out.",2021-02-11,182705,Mature,F/M,In-Progress,1031,taehyung,Adorable Kim Taehyung | V | Angst | Angst with a Happy Ending | Big Hit Entertainment | Depression | Dom Kim Taehyung | V | Eventual Smut | Flirting | Fluff | Fluff and Angst | Friends to Lovers | Happy Ending | Kim Taehyung | V is Bad at Feelings | Kim Taehyung | V is a Tease | Kim Taehyung | V-centric | Kissing | Mutual Pining | Romance | Sex | Slow Burn | Smut | Sweet Kim Taehyung | V,"Kim Taehyung | V/Reader, Kim Taehyung | V/You","['Adorable Kim Taehyung', 'V', 'Angst', 'Angst with a Happy Ending', 'Big Hit Entertainment', 'Depression', 'Dom Kim Taehyung', 'V', 'Eventual Smut', 'Flirting', 'Fluff', 'Fluff and Angst', 'Friends to Lovers', 'Happy Ending', 'Kim Taehyung', 'V is Bad at Feelings', 'Kim Taehyung', 'V is a Tease', 'Kim Taehyung', 'V-centric', 'Kissing', 'Mutual Pining', 'Romance', 'Sex', 'Slow Burn', 'Smut', 'Sweet Kim Taehyung', 'V']","['Angst', 'Angst with a Happy Ending', 'Big Hit Entertainment', 'Depression', 'Eventual Smut', 'Flirting', 'Fluff', 'Fluff and Angst', 'Friends to Lovers', 'Happy Ending', 'Kissing', 'Mutual Pining', 'Romance', 'Sex', 'Slow Burn', 'Smut']","['Adorable Kim Taehyung', 'V', 'Dom Kim Taehyung', 'V', 'Kim Taehyung', 'V is Bad at Feelings', 'Kim Taehyung', 'V is a Tease', 'Kim Taehyung', 'V-centric', 'Sweet Kim Taehyung', 'V']","['Adorable Kim Taehyung', 'Dom Kim Taehyung', 'Kim Taehyung', 'Kim Taehyung', 'Kim Taehyung', 'Sweet Kim Taehyung']",[]
https://golemlab.eu/graph/10745400,Please Let Me,"Your past relationships have made you cold, and your friend Taehyung wants to help make you warm again.",2017-04-27,23927,Explicit,F/M,Completed,896,taehyung,Alcohol | Angst | Angst and Fluff and Smut | Best Friends | Body Worship | Cheating | Cunnilingus | Dirty Talk | Drunk Sex | Drunkenness | Fluff | Fluff and Angst | Fluff and Smut | Jealousy | Kim Taehyung | V is a Sweetheart | Kim Taehyung | V-centric | Male-Female Friendship | Multiple Orgasms | Oral Sex | Penis In Vagina Sex | Porn With Plot | Porn with Feelings | Reader-Insert | Reader-Interactive | Riding | Smut | Vaginal Sex,Kim Taehyung | V/Reader,"['Alcohol', 'Angst', 'Angst and Fluff and Smut', 'Best Friends', 'Body Worship', 'Cheating', 'Cunnilingus', 'Dirty Talk', 'Drunk Sex', 'Drunkenness', 'Fluff', 'Fluff and Angst', 'Fluff and Smut', 'Jealousy', 'Kim Taehyung', 'V is a Sweetheart', 'Kim Taehyung', 'V-centric', 'Male-Female Friendship', 'Multiple Orgasms', 'Oral Sex', 'Penis In Vagina Sex', 'Porn With Plot', 'Porn with Feelings', 'Reader-Insert', 'Reader-Interactive', 'Riding', 'Smut', 'Vaginal Sex']","['Alcohol', 'Angst', 'Angst and Fluff and Smut', 'Best Friends', 'Body Worship', 'Cheating', 'Cunnilingus', 'Dirty Talk', 'Drunk Sex', 'Drunkenness', 'Fluff', 'Fluff and Angst', 'Fluff and Smut', 'Jealousy', 'Male-Female Friendship', 'Multiple Orgasms', 'Oral Sex', 'Penis In Vagina Sex', 'Porn With Plot', 'Porn with Feelings', 'Reader-Insert', 'Reader-Interactive', 'Riding', 'Smut', 'Vaginal Sex']","['Kim Taehyung', 'V is a Sweetheart', 'Kim Taehyung', 'V-centric']","['Kim Taehyung', 'Kim Taehyung']",[]
https://golemlab.eu/graph/11997834,one good purr (deserves another),"Maybe it wasn't the best idea to visit Taehyung just before your heat. [Shifter au / fox!Taehyung, cat!Reader]",2017-09-04,31148,Mature,F/M,Completed,715,taehyung,Alternate Universe | Fluff and Smut | Hybrids | Shifters,Kim Taehyung | V/Reader,"['Alternate Universe', 'Fluff and Smut', 'Hybrids', 'Shifters']","['Alternate Universe', 'Fluff and Smut', 'Hybrids']",['Shifters'],['Shifters'],[]
https://golemlab.eu/graph/23259202,Snapped (Yandere Taehyung x Reader),"Your relationship with your boyfriend hasn't been going well lately. His twin, Kim Taehyung, decides to take advantage of this.",2020-03-22,21811,Explicit,F/M,In-Progress,686,taehyung,Abortion mention | Daddy Kink | Dom Kim Taehyung | V | Dom/sub | Drunk Sex | Emotional Infidelity | Emotional Manipulation | Established Relationship | Infidelity | Love Triangles | Missionary Position | Non-Consensual Oral Sex | Non-Consensual Spanking | Obsession | Obsessive Behavior | Oral Sex | Photography | Reader-Insert | Smut | Somnophilia | Spanking | Stalker Taehyung | Stalking | Taehyung smut | Twins | Victim Blaming | Woman on Top | Yandere | Yandere BTS | Yandere Bangtan Boys | Yandere Bangtan Boys | BTS | Yandere Smut | bts smut | kim taehyung smut | kpopyandere | obsessive taehyung | pregnancy mention | unhealthy relationship | yn has low self-esteem,Kim Taehyung | V/Reader,"['Abortion mention', 'Daddy Kink', 'Dom Kim Taehyung', 'V', 'Dom/sub', 'Drunk Sex', 'Emotional Infidelity', 'Emotional Manipulation', 'Established Relationship', 'Infidelity', 'Love Triangles', 'Missionary Position', 'Non-Consensual Oral Sex', 'Non-Consensual Spanking', 'Obsession', 'Obsessive Behavior', 'Oral Sex', 'Photography', 'Reader-Insert', 'Smut', 'Somnophilia', 'Spanking', 'Stalker Taehyung', 'Stalking', 'Taehyung smut', 'Twins', 'Victim Blaming', 'Woman on Top', 'Yandere', 'Yandere BTS', 'Yandere Bangtan Boys', 'Yandere Bangtan Boys', 'BTS', 'Yandere Smut', 'bts smut', 'kim taehyung smut', 'kpopyandere', 'obsessive taehyung', 'pregnancy mention', 'unhealthy relationship', 'yn has low self-esteem']","['Daddy Kink', 'Dom/sub', 'Drunk Sex', 'Emotional Infidelity', 'Emotional Manipulation', 'Established Relationship', 'Infidelity', 'Love Triangles', 'Missionary Position', 'Non-Consensual Oral Sex', 'Non-Consensual Spanking', 'Obsession', 'Obsessive Behavior', 'Oral Sex', 'Photography', 'Reader-Insert', 'Smut', 'Somnophilia', 'Spanking', 'Stalking', 'Twins', 'Victim Blaming', 'Woman on Top', 'Yandere']","['Abortion mention', 'Dom Kim Taehyung', 'V', 'Stalker Taehyung', 'Taehyung smut', 'Yandere BTS', 'Yandere Bangtan Boys', 'Yandere Bangtan Boys', 'BTS', 'Yandere Smut', 'bts smut', 'kim taehyung smut', 'kpopyandere', 'obsessive taehyung', 'pregnancy mention', 'unhealthy relationship', 'yn has low self-esteem']","['Dom Kim Taehyung', 'Stalker Taehyung', 'Yandere BTS', 'Yandere Bangtan Boys', 'Yandere Bangtan Boys', 'Yandere Smut']",[]
https://golemlab.eu/graph/7869967,Candyman,"Taehyung owns a candy store, and is not very shy when it comes to pretty girls as his customers.",2016-08-25,10076,Mature,F/M,Completed,594,taehyung,Alternate Universe - Candy Shop | Fluff | Sexual Content | Sexual Tension | Smut,Kim Taehyung | V/Reader,"['Alternate Universe - Candy Shop', 'Fluff', 'Sexual Content', 'Sexual Tension', 'Smut']","['Alternate Universe - Candy Shop', 'Fluff', 'Sexual Content', 'Sexual Tension', 'Smut']",[],[],[]
https://golemlab.eu/graph/17378081,A Natural,"You’re a single mom, and your son is your entire world. When you take him to get his first hybrid, his choice is pretty bewildering, until you realize that he was picking out a dad.",2019-01-11,29372,Teen And Up Audiences,F/M,Completed,569,taehyung,Cross-Posted on Tumblr | Dog Hybrid Kim Taehyung | V | Hybrid Kim Taehyung | V | Hybrids | Kim Taehyung | V is a Sweetheart | Mentioned Jung Hoseok | J-Hope | Single Mom story,Kim Taehyung | V/Reader,"['Cross-Posted on Tumblr', 'Dog Hybrid Kim Taehyung', 'V', 'Hybrid Kim Taehyung', 'V', 'Hybrids', 'Kim Taehyung', 'V is a Sweetheart', 'Mentioned Jung Hoseok', 'J-Hope', 'Single Mom story']","['Cross-Posted on Tumblr', 'Hybrids']","['Dog Hybrid Kim Taehyung', 'V', 'Hybrid Kim Taehyung', 'V', 'Kim Taehyung', 'V is a Sweetheart', 'Mentioned Jung Hoseok', 'J-Hope', 'Single Mom story']","['Dog Hybrid Kim Taehyung', 'Hybrid Kim Taehyung', 'Kim Taehyung', 'Mentioned Jung Hoseok', 'J-Hope']",[]
https://golemlab.eu/graph/18066299,Singularity,"You and your friend were sure you will get tickets to see BTS in this summer in London. However, things didn’t work out quite how you’ve imagined it. ~ Or rather a story about how the guys stumbled into your life and unimaginable twists and turns follow. Bear with me, first timer here.",2019-03-10,424890,Teen And Up Audiences,F/M,In-Progress,556,taehyung,BTS live | Budapest | Canon Compliant | Comedy | Concerts | Dancing | Eventual Smut | Fluff | Fluff and Smut | Fluffy Smut | Hong Kong | Idol Life | Idols | London | Mentions of verbal abuse | Paris (City) | Realistic | Romance | Seoul | Sexual Tension | Slow Build | Some angst | Tagging stresses me | TxT Shows up later | angst has entered the chat | live performance,Kim Taehyung | V/Reader,"['BTS live', 'Budapest', 'Canon Compliant', 'Comedy', 'Concerts', 'Dancing', 'Eventual Smut', 'Fluff', 'Fluff and Smut', 'Fluffy Smut', 'Hong Kong', 'Idol Life', 'Idols', 'London', 'Mentions of verbal abuse', 'Paris (City)', 'Realistic', 'Romance', 'Seoul', 'Sexual Tension', 'Slow Build', 'Some angst', 'Tagging stresses me', 'TxT Shows up later', 'angst has entered the chat', 'live performance']","['Budapest', 'Canon Compliant', 'Comedy', 'Concerts', 'Dancing', 'Eventual Smut', 'Fluff', 'Fluff and Smut', 'Hong Kong', 'Idols', 'London', 'Paris (City)', 'Realistic', 'Romance', 'Sexual Tension', 'Slow Build']","['BTS live', 'Fluffy Smut', 'Idol Life', 'Mentions of verbal abuse', 'Seoul', 'Some angst', 'Tagging stresses me', 'TxT Shows up later', 'angst has entered the chat', 'live performance']","['Fluffy Smut', 'Idol Life', 'Seoul']",[]
https://golemlab.eu/graph/18811945,Plunge,"Little do you know, white furry ears twitch in your direction, hearing you cry out a few rooms down the cabin hallway, his blood running cold, thinking you - his chosen mate - was hurt, or something much worse. He races to the bathroom with a speed gifted from his hybrid genes.",2019-05-13,8431,Mature,F/M,Completed,545,taehyung,Begging | Biting | Cunnilingus | Deadly Predator Hybrid Series | Dirty Talk | Fingering | Fluff and Smut | Hybrid - Freeform | Hybrid Kim Taehyung | Hybrid Taehyung | Hybrid V | Orgasms | Smut | Spanking | Taehyung smut | V smut | hybrid tae | polar bear hybrid | polar bear taehyung | predator hybrid series | pussy slapping | slight angst | spitting | tae smut | taehyung - Freeform | talk of breeding,"Kim Taehyung | V/Reader, Tae X Reader - Relationship, Taehyung x Reader, V x Reader Series: Deadly Predator Hybrid Series [8]","['Begging', 'Biting', 'Cunnilingus', 'Deadly Predator Hybrid Series', 'Dirty Talk', 'Fingering', 'Fluff and Smut', 'Hybrid - Freeform', 'Hybrid Kim Taehyung', 'Hybrid Taehyung', 'Hybrid V', 'Orgasms', 'Smut', 'Spanking', 'Taehyung smut', 'V smut', 'hybrid tae', 'polar bear hybrid', 'polar bear taehyung', 'predator hybrid series', 'pussy slapping', 'slight angst', 'spitting', 'tae smut', 'taehyung - Freeform', 'talk of breeding']","['Begging', 'Biting', 'Cunnilingus', 'Dirty Talk', 'Fluff and Smut', 'Smut', 'Spanking']","['Deadly Predator Hybrid Series', 'Fingering', 'Hybrid - Freeform', 'Hybrid Kim Taehyung', 'Hybrid Taehyung', 'Hybrid V', 'Orgasms', 'Taehyung smut', 'V smut', 'hybrid tae', 'polar bear hybrid', 'polar bear taehyung', 'predator hybrid series', 'pussy slapping', 'slight angst', 'spitting', 'tae smut', 'taehyung - Freeform', 'talk of breeding']","['Deadly Predator Hybrid Series', 'Fingering', 'Hybrid - Freeform', 'Hybrid Kim Taehyung', 'Hybrid Taehyung', 'Hybrid V', 'Orgasms']",[]
https://golemlab.eu/graph/15196280,4 o'clock,"↼prompt: “Why are you crying, It’s only you and me here, Me and you, Oh you” Even if it weren’t for the two twins that had endeared you so, you were sure you would have eventually been drawn to the beautiful soul of Kim Taehyung, like a planet to its star.",2018-07-07,21924,Teen And Up Audiences,F/M,In-Progress,527,taehyung,Alternate Universe - Coffee Shops & Cafés | Alternate Universe - Hybrids | Fluff | Hybrid AU | Hybrids | Light Angst | Lion Hybrid Kim Taehyung | V | Single Dad AU | Single Dad Kim Taehyung | V | Single Parent Kim Taehyung | V | Single Parents | Taehyung has twins and I would die for them | ugh im weeping,Kim Taehyung | V/Reader,"['Alternate Universe - Coffee Shops & Cafés', 'Alternate Universe - Hybrids', 'Fluff', 'Hybrid AU', 'Hybrids', 'Light Angst', 'Lion Hybrid Kim Taehyung', 'V', 'Single Dad AU', 'Single Dad Kim Taehyung', 'V', 'Single Parent Kim Taehyung', 'V', 'Single Parents', 'Taehyung has twins and I would die for them', 'ugh im weeping']","['Fluff', 'Hybrids', 'Light Angst', 'Single Parents']","['Alternate Universe - Coffee Shops & Cafés', 'Alternate Universe - Hybrids', 'Hybrid AU', 'Lion Hybrid Kim Taehyung', 'V', 'Single Dad AU', 'Single Dad Kim Taehyung', 'V', 'Single Parent Kim Taehyung', 'V', 'Taehyung has twins and I would die for them', 'ugh im weeping']","['Alternate Universe - Hybrids', 'Hybrid AU', 'Lion Hybrid Kim Taehyung', 'Single Dad AU', 'Single Dad Kim Taehyung', 'Single Parent Kim Taehyung']",[]
https://golemlab.eu/graph/22043335,"Don't Ask, Don't Tell","When you were ten, Taehyung adopted you and gave you a home. Now that you’re eighteen, the sudden change in your scent perplexes and confounds him.",2019-12-31,62895,Explicit,F/M,Completed,437,taehyung,Attempted Suicide | Forbidden Love | Hybrid Kim Taehyung | V | Hybrids | Kinda | Mating Cycles/In Heat | Ownership | Smut | all of them are hybrids | humans are the pets,Kim Taehyung | V/Reader,"['Attempted Suicide', 'Forbidden Love', 'Hybrid Kim Taehyung', 'V', 'Hybrids', 'Kinda', 'Mating Cycles/In Heat', 'Ownership', 'Smut', 'all of them are hybrids', 'humans are the pets']","['Forbidden Love', 'Hybrids', 'Mating Cycles/In Heat', 'Ownership', 'Smut']","['Attempted Suicide', 'Hybrid Kim Taehyung', 'V', 'Kinda', 'all of them are hybrids', 'humans are the pets']","['Attempted Suicide', 'Hybrid Kim Taehyung', 'Kinda']",[]
https://golemlab.eu/graph/19807957,Carnal cupidity,"Things are a little tense in your relationship with your boyfriend, an alpha wolf and leader of his own pack. After another fight, you’ve had just about enough and decide to take matters into your own hands when his heat approaches. Your methods, however, prove to be more effective than intended…",2019-07-14,8992,Mature,F/M,Completed,435,taehyung,Alpha/Beta/Omega Dynamics | Alternate Universe - Werewolf | Breeding | Impregnation | Knotting | Mating Cycles/In Heat | Rutting | Werewolf Mates | Wolf Pack,Kim Taehyung | V/Reader,"['Alpha/Beta/Omega Dynamics', 'Alternate Universe - Werewolf', 'Breeding', 'Impregnation', 'Knotting', 'Mating Cycles/In Heat', 'Rutting', 'Werewolf Mates', 'Wolf Pack']","['Alpha/Beta/Omega Dynamics', 'Alternate Universe - Werewolf', 'Breeding', 'Impregnation', 'Knotting', 'Mating Cycles/In Heat', 'Rutting', 'Werewolf Mates', 'Wolf Pack']",[],[],[]
https://golemlab.eu/graph/15880911,pretty kitty,Never in his life would Taehyung have expected the shy girl from his history class to be the sex kitten on his computer screen.,2018-09-03,18816,Explicit,F/M,In-Progress,411,taehyung,Alternate Universe - College/University | Angst with a Happy Ending | Daddy Kink | Drunk Sex | Fluff | Fluff and Angst | Hybrid AU | Impregnation Kink | Light Angst | Oral Sex | Penis In Vagina Sex | Porn with Feelings | Rough Sex | Sex Toys | Shameless Smut | Squirting | Tiger!Taehyung | Voyeurism | camgirl au | kind of | lowkey inaccurate portrayal of camming | shy!reader | taehyung also doesnt know when to shut his mouth | the boys don't know when to stop teasing taehyung,Kim Taehyung | V/Reader,"['Alternate Universe - College/University', 'Angst with a Happy Ending', 'Daddy Kink', 'Drunk Sex', 'Fluff', 'Fluff and Angst', 'Hybrid AU', 'Impregnation Kink', 'Light Angst', 'Oral Sex', 'Penis In Vagina Sex', 'Porn with Feelings', 'Rough Sex', 'Sex Toys', 'Shameless Smut', 'Squirting', 'Tiger!Taehyung', 'Voyeurism', 'camgirl au', 'kind of', 'lowkey inaccurate portrayal of camming', 'shy!reader', 'taehyung also doesnt know when to shut his mouth', ""the boys don't know when to stop teasing taehyung""]","['Alternate Universe - College/University', 'Angst with a Happy Ending', 'Daddy Kink', 'Drunk Sex', 'Fluff', 'Fluff and Angst', 'Light Angst', 'Oral Sex', 'Penis In Vagina Sex', 'Porn with Feelings', 'Rough Sex', 'Sex Toys', 'Shameless Smut', 'Voyeurism']","['Hybrid AU', 'Impregnation Kink', 'Squirting', 'Tiger!Taehyung', 'camgirl au', 'kind of', 'lowkey inaccurate portrayal of camming', 'shy!reader', 'taehyung also doesnt know when to shut his mouth', ""the boys don't know when to stop teasing taehyung""]","['Hybrid AU', 'Impregnation Kink', 'Squirting', 'Tiger!Taehyung']",[]
https://golemlab.eu/graph/17389478,warm,you return home to find your roommate jerking off on the couch,2019-01-12,3040,Explicit,F/M,Completed,399,taehyung,Dirty Talk | Forced Orgasm | Here u go | Humiliation | Light Voyeurism | Masturbation | PWP | Pet Names | Plot What Plot/Porn Without Plot | Praise Kink | Squirting | Unprotected Sex | degrading names | he also calls his own cock fat | ig??? - Freeform | lightly tho | like a lot lmao | male and fem but not mutual | mutiple orgasms | roommate!AU | so if you like fat cock being used then,Kim Taehyung | V/Reader,"['Dirty Talk', 'Forced Orgasm', 'Here u go', 'Humiliation', 'Light Voyeurism', 'Masturbation', 'PWP', 'Pet Names', 'Plot What Plot/Porn Without Plot', 'Praise Kink', 'Squirting', 'Unprotected Sex', 'degrading names', 'he also calls his own cock fat', 'ig??? - Freeform', 'lightly tho', 'like a lot lmao', 'male and fem but not mutual', 'mutiple orgasms', 'roommate!AU', 'so if you like fat cock being used then']","['Dirty Talk', 'Forced Orgasm', 'Humiliation', 'Masturbation', 'Pet Names', 'Plot What Plot/Porn Without Plot', 'Praise Kink']","['Here u go', 'Light Voyeurism', 'PWP', 'Squirting', 'Unprotected Sex', 'degrading names', 'he also calls his own cock fat', 'ig??? - Freeform', 'lightly tho', 'like a lot lmao', 'male and fem but not mutual', 'mutiple orgasms', 'roommate!AU', 'so if you like fat cock being used then']","['Light Voyeurism', 'Squirting', 'Unprotected Sex']",[]
https://golemlab.eu/graph/6940870,Disturbed,Dogboy Tae can’t get enough of the taste of you. No matter if it’s in the middle of the night.,2016-05-23,1974,Explicit,F/M,Completed,397,taehyung,Dogboys & Doggirls | Oral | Rough Sex | dogboy taehyung | graphic hybrid smut,Kim Taehyung | V/Reader Series: Dogboys [1],"['Dogboys & Doggirls', 'Oral', 'Rough Sex', 'dogboy taehyung', 'graphic hybrid smut']","['Dogboys & Doggirls', 'Rough Sex']","['Oral', 'dogboy taehyung', 'graphic hybrid smut']",['Oral'],[]
https://golemlab.eu/graph/25298710,Freaks Forever || Taehyung x Reader,"""So tell me, Mister Kim, what's your ideal evening?"" ""Ah..full moon, sex and drugs all night."" You are the psychologist to the world's most dangerous criminal, Kim Taehyung. Kim Taehyung is the man solely responsible for some of the most horrific crimes that the world has ever seen, from burglary, drug possession, sexual assaults, to brutal homicides of a total of 37 victims, though there are suspicions that there are more, that range from children to the elderly; both male and female. The two of you form an odd bond between your weekly sessions, causing you to somehow completely miss his blatant manipulation that soon controlled you in every aspect; resulting in his escape from prison and his bloodthirsty ways and eyes to be immediately turned onto you..but will he spare you in the end of the torturous time he keeps you or will your fate be the same as any other past victim of his?",2020-07-16,26102,Mature,F/M,In-Progress,387,taehyung,Alternate Universe - Criminals | Alternate Universe - Prison | Alternate Universe - Serial Killers | Angst and Hurt/Comfort | Angst and Tragedy | Brutal Murder | Criminal Kim Taehyung | V | Degradation | Dom Kim Taehyung | V | Eventual Fluff | Eventual Sex | Eventual Smut | Fanfiction | Forced Orgasm | Gaslighting | Handcuffs | Heavy Angst | Hostage Situations | Humiliation | Implied/Referenced Child Abuse | Implied/Referenced Drug Use | Implied/Referenced Rape/Non-con | Implied/Referenced Torture | Intimidation | Kidnapping | Kim Taehyung | V & Park Jimin are Best Friends | Knifeplay | Light Bondage | Manipulation | Masturbation | Mentioned Park Jimin (BTS) | Mild Gore | Mind Manipulation | Obedience | Possessive Behavior | Psychologists & Psychiatrists | Psychopath Kim Taehyung | V | Psychopathology & Sociopathy | Rape Fantasy | Reader-Insert | Rough Oral Sex | Rough Sex | Sadism | Serial Killer Kim Taehyung | V | Serial Killers | Sexual Assault | Thriller | Top Kim Taehyung | V | Violence | Virginity Kink | Voice Kink | Yandere Kim Taehyung | V,"Kim Taehyung | V/Reader, Kim Taehyung | V/You","['Alternate Universe - Criminals', 'Alternate Universe - Prison', 'Alternate Universe - Serial Killers', 'Angst and Hurt/Comfort', 'Angst and Tragedy', 'Brutal Murder', 'Criminal Kim Taehyung', 'V', 'Degradation', 'Dom Kim Taehyung', 'V', 'Eventual Fluff', 'Eventual Sex', 'Eventual Smut', 'Fanfiction', 'Forced Orgasm', 'Gaslighting', 'Handcuffs', 'Heavy Angst', 'Hostage Situations', 'Humiliation', 'Implied/Referenced Child Abuse', 'Implied/Referenced Drug Use', 'Implied/Referenced Rape/Non-con', 'Implied/Referenced Torture', 'Intimidation', 'Kidnapping', 'Kim Taehyung', 'V & Park Jimin are Best Friends', 'Knifeplay', 'Light Bondage', 'Manipulation', 'Masturbation', 'Mentioned Park Jimin (BTS)', 'Mild Gore', 'Mind Manipulation', 'Obedience', 'Possessive Behavior', 'Psychologists & Psychiatrists', 'Psychopath Kim Taehyung', 'V', 'Psychopathology & Sociopathy', 'Rape Fantasy', 'Reader-Insert', 'Rough Oral Sex', 'Rough Sex', 'Sadism', 'Serial Killer Kim Taehyung', 'V', 'Serial Killers', 'Sexual Assault', 'Thriller', 'Top Kim Taehyung', 'V', 'Violence', 'Virginity Kink', 'Voice Kink', 'Yandere Kim Taehyung', 'V']","['Alternate Universe - Criminals', 'Alternate Universe - Prison', 'Alternate Universe - Serial Killers', 'Angst and Hurt/Comfort', 'Angst and Tragedy', 'Brutal Murder', 'Eventual Fluff', 'Eventual Sex', 'Eventual Smut', 'Fanfiction', 'Forced Orgasm', 'Gaslighting', 'Handcuffs', 'Heavy Angst', 'Hostage Situations', 'Humiliation', 'Implied/Referenced Child Abuse', 'Implied/Referenced Drug Use', 'Implied/Referenced Rape/Non-con', 'Implied/Referenced Torture', 'Intimidation', 'Kidnapping', 'Knifeplay', 'Light Bondage', 'Manipulation', 'Masturbation', 'Mild Gore', 'Mind Manipulation', 'Obedience', 'Possessive Behavior', 'Psychologists & Psychiatrists', 'Psychopathology & Sociopathy', 'Rape Fantasy', 'Reader-Insert', 'Rough Oral Sex', 'Rough Sex', 'Sadism', 'Serial Killers', 'Sexual Assault', 'Thriller', 'Violence', 'Virginity Kink', 'Voice Kink']","['Criminal Kim Taehyung', 'V', 'Degradation', 'Dom Kim Taehyung', 'V', 'Kim Taehyung', 'V & Park Jimin are Best Friends', 'Psychopath Kim Taehyung', 'V', 'Serial Killer Kim Taehyung', 'V', 'Top Kim Taehyung', 'V', 'Yandere Kim Taehyung', 'V']","['Criminal Kim Taehyung', 'Degradation', 'Dom Kim Taehyung', 'Kim Taehyung', 'Psychopath Kim Taehyung', 'Serial Killer Kim Taehyung', 'Top Kim Taehyung', 'Yandere Kim Taehyung']",['Mentioned Park Jimin (BTS)']
https://golemlab.eu/graph/6619108,Dog Park,Everyone on Earth has a soulmate. You'll know your soulmate by the tattoo that appears on your forearm after they speak to you the first time. That tattoo will forever memorialize the first sentence they ever spoke to you.,2016-04-22,652,General Audiences,F/M,Completed,381,taehyung,Alternate Universe - Soulmates | Dogs Love Taehyung | Soulmate-Identifying Marks | Taehyung Loves Dogs | dog park | new city | of course,Kim Taehyung | V/Reader Series: First Words-Soulmates [6],"['Alternate Universe - Soulmates', 'Dogs Love Taehyung', 'Soulmate-Identifying Marks', 'Taehyung Loves Dogs', 'dog park', 'new city', 'of course']","['Alternate Universe - Soulmates', 'Soulmate-Identifying Marks']","['Dogs Love Taehyung', 'Taehyung Loves Dogs', 'dog park', 'new city', 'of course']","['Dogs Love Taehyung', 'Taehyung Loves Dogs']",[]
https://golemlab.eu/graph/17760014,pinky promise,"You’d thought your embarrassing cliché of having a crush on your best friend’s older brother had died out along with your other embarrassing high school memories. But when her wanderlust-enslaved brother suddenly moves into her apartment with her, you realize your solemn preteen promise to never fall in love with him might be harder to keep than ever before. Especially when it seems that he doesn’t just see you as his little sister’s best friend anymore.",2019-02-13,13618,Explicit,F/M,Completed,379,taehyung,Alternate Universe - Childhood Friends | Alternate Universe- Best Friend's Brother | Dirty Talk | Fluff | Hand Jobs | Humor | Light Angst | Smut | Vaginal Fingering,Kim Taehyung | V/Reader,"['Alternate Universe - Childhood Friends', ""Alternate Universe- Best Friend's Brother"", 'Dirty Talk', 'Fluff', 'Hand Jobs', 'Humor', 'Light Angst', 'Smut', 'Vaginal Fingering']","['Alternate Universe - Childhood Friends', 'Dirty Talk', 'Fluff', 'Hand Jobs', 'Humor', 'Light Angst', 'Smut', 'Vaginal Fingering']","[""Alternate Universe- Best Friend's Brother""]",[],[]
https://golemlab.eu/graph/5781892,Halloween Hookups-Cat Burglar Edition,"""So…Tell me. Do you still masturbate to the thought of me?”",2016-01-21,3955,Explicit,F/M,Completed,367,taehyung,Finally! | Halloween | He's also into the rough stuff | Hookups | Questions | Smut | Tae stole a cat because he's a total sweetheart | ex-boyfriend | i'm strangely ok with the fact that i'm going to hell because of this | kim taehyung - Freeform | park jimin - Freeform | washing machine sex,Kim Taehyung | V/Reader Series: Halloween Hookups [6],"['Finally!', 'Halloween', ""He's also into the rough stuff"", 'Hookups', 'Questions', 'Smut', ""Tae stole a cat because he's a total sweetheart"", 'ex-boyfriend', ""i'm strangely ok with the fact that i'm going to hell because of this"", 'kim taehyung - Freeform', 'park jimin - Freeform', 'washing machine sex']","['Halloween', 'Questions', 'Smut']","['Finally!', ""He's also into the rough stuff"", 'Hookups', ""Tae stole a cat because he's a total sweetheart"", 'ex-boyfriend', ""i'm strangely ok with the fact that i'm going to hell because of this"", 'kim taehyung - Freeform', 'park jimin - Freeform', 'washing machine sex']","['Finally!', 'Hookups']",[]
https://golemlab.eu/graph/5733871,Territory,Dogboy Tae gets extremely possessive when “that time of the month” rolls around for you and find’s it hard to control his natural instincts and his dominating nature during the monthly occurrence.,2016-01-16,2934,Explicit,F/M,Completed,350,taehyung,Dogboys & Doggirls | basically for tae you go into heat | but ur really just ovulating but it still triggers his natural instincts to mate | dubcon | graphic hybrid smut | omg okay byeeeeeee,Kim Taehyung | V/Reader Series: Dogboys [2],"['Dogboys & Doggirls', 'basically for tae you go into heat', 'but ur really just ovulating but it still triggers his natural instincts to mate', 'dubcon', 'graphic hybrid smut', 'omg okay byeeeeeee']",['Dogboys & Doggirls'],"['basically for tae you go into heat', 'but ur really just ovulating but it still triggers his natural instincts to mate', 'dubcon', 'graphic hybrid smut', 'omg okay byeeeeeee']",[],[]
https://golemlab.eu/graph/9304586,i do,“Are you guys going on a date?” “We’re headed to the bridal show.” You and Taehyung go to a bridal show for the food and end up with more than you bargained for.  In the best way possible.,2017-01-13,4555,Teen And Up Audiences,F/M,Completed,345,taehyung,Alternate Universe - Non-Famous | Cute | Fluff | Kissing | Wedding Fluff | Weddings,Kim Taehyung | V/Reader,"['Alternate Universe - Non-Famous', 'Cute', 'Fluff', 'Kissing', 'Wedding Fluff', 'Weddings']","['Alternate Universe - Non-Famous', 'Cute', 'Fluff', 'Kissing', 'Wedding Fluff', 'Weddings']",[],[],[]
https://golemlab.eu/graph/18101774,Fill You Up,Your husband’s been very horny since you got pregnant.,2019-03-13,1242,Explicit,F/M,Completed,344,taehyung,Creampie | Dirty Talk | Established Relationship | Impregnation Kink | Lactating | Married Couple | PWP | Pregnancy Kink (seems redundant but you’ll see) | fluff omg,Kim Taehyung | V/Reader,"['Creampie', 'Dirty Talk', 'Established Relationship', 'Impregnation Kink', 'Lactating', 'Married Couple', 'PWP', 'Pregnancy Kink (seems redundant but you’ll see)', 'fluff omg']","['Creampie', 'Dirty Talk', 'Established Relationship', 'Married Couple']","['Impregnation Kink', 'Lactating', 'PWP', 'Pregnancy Kink (seems redundant but you’ll see)', 'fluff omg']","['Impregnation Kink', 'Lactating']",[]
https://golemlab.eu/graph/18596623,Roar,"He got so incredibly lucky that she decided to keep him, legally adopt the ex-circus star known as Brutus and changed his name to one he liked.",2019-04-25,2446,Mature,F/M,Completed,344,taehyung,Deadly Predator Hybrid Series | Deadly Predator Series | Hybrid Lion | Hybrid Taehyung | Hybrid V | Lion Taehyung | Lion V | Lion tae | Morning Sex | Nipple Play | Orgasm | Smut | Taehyung smut | fluffy-ish sex | hybrid tae | lion,"Kim Taehyung | V/Reader, Tae X Reader - Relationship, V x Reader Series: Deadly Predator Hybrid Series [6]","['Deadly Predator Hybrid Series', 'Deadly Predator Series', 'Hybrid Lion', 'Hybrid Taehyung', 'Hybrid V', 'Lion Taehyung', 'Lion V', 'Lion tae', 'Morning Sex', 'Nipple Play', 'Orgasm', 'Smut', 'Taehyung smut', 'fluffy-ish sex', 'hybrid tae', 'lion']","['Morning Sex', 'Nipple Play', 'Orgasm', 'Smut']","['Deadly Predator Hybrid Series', 'Deadly Predator Series', 'Hybrid Lion', 'Hybrid Taehyung', 'Hybrid V', 'Lion Taehyung', 'Lion V', 'Lion tae', 'Taehyung smut', 'fluffy-ish sex', 'hybrid tae', 'lion']","['Deadly Predator Hybrid Series', 'Deadly Predator Series', 'Hybrid Lion', 'Hybrid Taehyung', 'Hybrid V', 'Lion Taehyung', 'Lion V']",[]
https://golemlab.eu/graph/17220839,la la land,"Taehyung Kim is one of the hottest up-and-coming stars in Hollywood, breaking barriers and snagging top titles in the film industry. After watching interviews featuring his charming personality and seeing his stunning face on modeling campaigns, you have to admit he intrigues you. When he’s casted as the romantic lead in your movie, you can’t deny your excitement at the chance of getting to work with him. That is until you have a mishap on day one of shooting and realize that pretty face and charming personality is really all an act.",2018-12-30,36238,Explicit,F/M,Completed,334,taehyung,Alternate Universe - Actors | Alternate Universe - Hollywood | Angst | Banter | Creampie | Dirty Talk | Dry Humping | Enemies to Lovers | Explicit Language | Fake/Pretend Relationship | Fluff | Grinding | Humor | Innuendo | Kim Taehyung | V is a Little Shit | Oral Sex | Overstimulation | Rough Sex | Smut | Vaginal Fingering | degrading names,Kim Taehyung | V/Reader,"['Alternate Universe - Actors', 'Alternate Universe - Hollywood', 'Angst', 'Banter', 'Creampie', 'Dirty Talk', 'Dry Humping', 'Enemies to Lovers', 'Explicit Language', 'Fake/Pretend Relationship', 'Fluff', 'Grinding', 'Humor', 'Innuendo', 'Kim Taehyung', 'V is a Little Shit', 'Oral Sex', 'Overstimulation', 'Rough Sex', 'Smut', 'Vaginal Fingering', 'degrading names']","['Alternate Universe - Actors', 'Alternate Universe - Hollywood', 'Angst', 'Banter', 'Creampie', 'Dirty Talk', 'Dry Humping', 'Enemies to Lovers', 'Explicit Language', 'Fake/Pretend Relationship', 'Fluff', 'Grinding', 'Humor', 'Innuendo', 'Oral Sex', 'Overstimulation', 'Rough Sex', 'Smut', 'Vaginal Fingering']","['Kim Taehyung', 'V is a Little Shit', 'degrading names']",['Kim Taehyung'],[]
https://golemlab.eu/graph/19139251,Delay of Services,"“Tell me,” you say, wetting your bottom lip, “exactly how you’d kill me. If you could.” The beat of silence that follows is unsurprising. You can hear the ticking of the kitchen clock, and the creaking of the walls, and the distant hum of crickets and cicadas. Taehyung hardly budges a muscle. He seems to restart, though. A hand comes up to brush your hair out of your face, ensuring the tendrils do not stick to the tear-tracks. “In great detail?” He asks politely.",2019-06-08,3425,Explicit,F/M,Completed,334,taehyung,Alternate Universe - Vampire | Angst and Crack and Fluff and Smut | Angst with a Happy Ending | Edging | Emotional Hurt/Comfort | Falling In Love | Grinding | Human/Vampire Relationship | Introspection | Non-Penetrative Sex | Outercourse | Questionable Coping Mechanisms | Suicidal Thoughts,Kim Taehyung | V/Reader Series: Vampire!Taehyung [8],"['Alternate Universe - Vampire', 'Angst and Crack and Fluff and Smut', 'Angst with a Happy Ending', 'Edging', 'Emotional Hurt/Comfort', 'Falling In Love', 'Grinding', 'Human/Vampire Relationship', 'Introspection', 'Non-Penetrative Sex', 'Outercourse', 'Questionable Coping Mechanisms', 'Suicidal Thoughts']","['Alternate Universe - Vampire', 'Angst with a Happy Ending', 'Emotional Hurt/Comfort', 'Falling In Love', 'Grinding', 'Human/Vampire Relationship', 'Introspection', 'Non-Penetrative Sex', 'Suicidal Thoughts']","['Angst and Crack and Fluff and Smut', 'Edging', 'Outercourse', 'Questionable Coping Mechanisms']","['Edging', 'Outercourse', 'Questionable Coping Mechanisms']",[]
https://golemlab.eu/graph/21168581,Blue Moon,"You never felt like you had a place in this world. You figured that the reason you couldn't get a boyfriend was because you were chubbier than most of the pretty girls in town. Or maybe because you were human yet both of your parents were hybrids. What you didn't know was that night, when you got a call about a hybrid in need of your help, your life would change forever.",2019-10-25,48700,Explicit,F/M,In-Progress,332,taehyung,Blood | Blood and Gore | Body Worship | Claiming | Domestic Fluff | Dominance | Eating Disorders | Falling In Love | Fat Shaming | First Time Shifting | Full Shift Werewolves | Gore | Hunters & Hunting | Hybrids | Impregnation | Imprinting | Knotting | Love Confessions | Making Love | Mates | Mating | Mating Bites | Mating Bond | Mating Cycles/In Heat | Mating Moon | Mating Rituals | Oral Sex | Pack Bonding | Pack Family | Pain | Pancakes | Pregnancy Kink | Public Display of Affection | Public Nudity | Rough Sex | Rutting | True Mates | Werebabies | Werewolf Courting | Werewolf Culture | Werewolf Mates | Werewolves,Kim Taehyung | V/Reader,"['Blood', 'Blood and Gore', 'Body Worship', 'Claiming', 'Domestic Fluff', 'Dominance', 'Eating Disorders', 'Falling In Love', 'Fat Shaming', 'First Time Shifting', 'Full Shift Werewolves', 'Gore', 'Hunters & Hunting', 'Hybrids', 'Impregnation', 'Imprinting', 'Knotting', 'Love Confessions', 'Making Love', 'Mates', 'Mating', 'Mating Bites', 'Mating Bond', 'Mating Cycles/In Heat', 'Mating Moon', 'Mating Rituals', 'Oral Sex', 'Pack Bonding', 'Pack Family', 'Pain', 'Pancakes', 'Pregnancy Kink', 'Public Display of Affection', 'Public Nudity', 'Rough Sex', 'Rutting', 'True Mates', 'Werebabies', 'Werewolf Courting', 'Werewolf Culture', 'Werewolf Mates', 'Werewolves']","['Blood', 'Blood and Gore', 'Body Worship', 'Claiming', 'Domestic Fluff', 'Dominance', 'Eating Disorders', 'Falling In Love', 'Fat Shaming', 'First Time Shifting', 'Full Shift Werewolves', 'Gore', 'Hunters & Hunting', 'Hybrids', 'Impregnation', 'Imprinting', 'Knotting', 'Love Confessions', 'Making Love', 'Mates', 'Mating', 'Mating Bites', 'Mating Bond', 'Mating Cycles/In Heat', 'Mating Moon', 'Mating Rituals', 'Oral Sex', 'Pack Bonding', 'Pack Family', 'Pain', 'Pancakes', 'Pregnancy Kink', 'Public Display of Affection', 'Public Nudity', 'Rough Sex', 'Rutting', 'True Mates', 'Werebabies', 'Werewolf Courting', 'Werewolf Culture', 'Werewolf Mates', 'Werewolves']",[],[],[]
https://golemlab.eu/graph/21529573,Humiliation (Yandere Taehyung x Reader),"Taehyung wants, no, needs to punish you. And he'll find any excuse for it.",2019-11-23,1343,Explicit,F/M,Completed,331,taehyung,Cum Play | Deep throat | Degradation | Dubious Consent | Oral Sex | Smut | Yandere Bangtan Boys | BTS | face fucking | kpopyandere,"Kim Taehyung | V/Reader, yandere!kim taehyung/reader, yandere!taehyung/reader","['Cum Play', 'Deep throat', 'Degradation', 'Dubious Consent', 'Oral Sex', 'Smut', 'Yandere Bangtan Boys', 'BTS', 'face fucking', 'kpopyandere']","['Dubious Consent', 'Oral Sex', 'Smut']","['Cum Play', 'Deep throat', 'Degradation', 'Yandere Bangtan Boys', 'BTS', 'face fucking', 'kpopyandere']","['Cum Play', 'Degradation', 'Yandere Bangtan Boys']",[]
https://golemlab.eu/graph/22014916,mystery gang; unsolved,"ever since you met taehyung in one of your first year classes at university, you seemed to click and you hadn’t parted from each other’s side since. you’ve been his friend for a few years now, and your mutual interest in the supernatural and taehyung’s propensity for finding the spotlight wherever he goes led to the two of you starting up your very own supernatural investigation vlog series. friends isnt the only thing you want to be, and one night close to hallow’s eve when the two of you get a little in over your heads in a way you never have been before, you find out that maybe it’s not only you that feels that way.",2019-12-29,26027,Explicit,F/M,Completed,323,taehyung,Alternate Universe - Demons | Based On Buzzfeed Unsolved | Creampie | Cunnilingus | Demon Kim Taehyung | V | Demons | Dirty Talk | Friends to Lovers | Haunted Houses | Multiple Orgasms | Near Death Experiences | Smut | Supernatural Elements | True Mates | Vaginal Fingering | dark backstory | dark themes | demon mates | fated mates | human reader,Kim Taehyung | V/Reader,"['Alternate Universe - Demons', 'Based On Buzzfeed Unsolved', 'Creampie', 'Cunnilingus', 'Demon Kim Taehyung', 'V', 'Demons', 'Dirty Talk', 'Friends to Lovers', 'Haunted Houses', 'Multiple Orgasms', 'Near Death Experiences', 'Smut', 'Supernatural Elements', 'True Mates', 'Vaginal Fingering', 'dark backstory', 'dark themes', 'demon mates', 'fated mates', 'human reader']","['Alternate Universe - Demons', 'Creampie', 'Cunnilingus', 'Demons', 'Dirty Talk', 'Friends to Lovers', 'Haunted Houses', 'Multiple Orgasms', 'Near Death Experiences', 'Smut', 'Supernatural Elements', 'True Mates', 'Vaginal Fingering']","['Based On Buzzfeed Unsolved', 'Demon Kim Taehyung', 'V', 'dark backstory', 'dark themes', 'demon mates', 'fated mates', 'human reader']","['Based On Buzzfeed Unsolved', 'Demon Kim Taehyung']",[]
https://golemlab.eu/graph/16696750,Hot Bot: Gift,Your parents get you a Help Bot; except there’s been a misunderstanding. or sex bot!au,2018-11-22,3862,Explicit,F/M,Completed,321,taehyung,Cum Eating | Dirty Talk | Multiple Orgasms | Overstimulation | Size Kink | Squirting | like....rlly filthy | robot!taehyung,Kim Taehyung | V/Reader,"['Cum Eating', 'Dirty Talk', 'Multiple Orgasms', 'Overstimulation', 'Size Kink', 'Squirting', 'like....rlly filthy', 'robot!taehyung']","['Dirty Talk', 'Multiple Orgasms', 'Overstimulation', 'Size Kink']","['Cum Eating', 'Squirting', 'like....rlly filthy', 'robot!taehyung']","['Cum Eating', 'Squirting']",[]
https://golemlab.eu/graph/12861162,desserts,"You raised an arm to wipe at your skin and effectively got flour across your nose and cheek, and you sighed – well, whatever, that was bound to happen. At least you had the tray full and ready to go once the gingerbread was done. And then something lifted up the back of your skirt.",2015-12-10,2428,Explicit,F/M,Completed,317,taehyung,Christmas Smut | Creampie | Dirty Talk | Established Relationship | Kitchen Sex | Oral Sex,Kim Taehyung | V/Reader Series: Annual Christmas Drabbles!!! [1],"['Christmas Smut', 'Creampie', 'Dirty Talk', 'Established Relationship', 'Kitchen Sex', 'Oral Sex']","['Christmas Smut', 'Creampie', 'Dirty Talk', 'Established Relationship', 'Kitchen Sex', 'Oral Sex']",[],[],[]
https://golemlab.eu/graph/9660797,Taehyung and the witch,When you cast a spell to find your one true love you never imagined they'd turn out to be human. The language barrier really doesn't help either.,2017-02-11,4559,General Audiences,F/M,Completed,312,taehyung,First Meetings | Oneshot | Reader-Insert | Soulmates | reader is a witch,"Kim Taehyung | V/Reader, Kim Taehyung | V/You","['First Meetings', 'Oneshot', 'Reader-Insert', 'Soulmates', 'reader is a witch']","['First Meetings', 'Reader-Insert', 'Soulmates']","['Oneshot', 'reader is a witch']",['Oneshot'],[]
https://golemlab.eu/graph/20668478,By Chance,"on an adventure, you stumble upon a jackalope. the creature ends up  saving your life, leading to an unexpected turn in events.",2019-09-16,11801,Explicit,F/M,Completed,307,taehyung,Angry Taehyung | Blood | Crying | Dirty Talk | Doggy Style | Fingering | Light Voyeurism | Multiple Orgasms | Overstimulation | Size Kink | Spooning | Squirting | blowjob | jackalope shifter tae | light Violence | loss of a loved one | messy sex | wanderer reader - Freeform,Kim Taehyung | V/Reader Series: Book of Beasts [4],"['Angry Taehyung', 'Blood', 'Crying', 'Dirty Talk', 'Doggy Style', 'Fingering', 'Light Voyeurism', 'Multiple Orgasms', 'Overstimulation', 'Size Kink', 'Spooning', 'Squirting', 'blowjob', 'jackalope shifter tae', 'light Violence', 'loss of a loved one', 'messy sex', 'wanderer reader - Freeform']","['Blood', 'Crying', 'Dirty Talk', 'Doggy Style', 'Multiple Orgasms', 'Overstimulation', 'Size Kink', 'Spooning']","['Angry Taehyung', 'Fingering', 'Light Voyeurism', 'Squirting', 'blowjob', 'jackalope shifter tae', 'light Violence', 'loss of a loved one', 'messy sex', 'wanderer reader - Freeform']","['Angry Taehyung', 'Fingering', 'Light Voyeurism', 'Squirting']",[]
https://golemlab.eu/graph/13147896,Princess,"You’ve always hated appearing on variety shows, but today takes the cake.",2017-12-25,8603,Explicit,F/M,Completed,305,taehyung,Cumplay | Daddy Kink | Fingerfucking | Hair-pulling | Jealousy | Originally Posted on Tumblr | Spanking,Kim Taehyung | V/Reader,"['Cumplay', 'Daddy Kink', 'Fingerfucking', 'Hair-pulling', 'Jealousy', 'Originally Posted on Tumblr', 'Spanking']","['Daddy Kink', 'Fingerfucking', 'Hair-pulling', 'Jealousy', 'Originally Posted on Tumblr', 'Spanking']",['Cumplay'],['Cumplay'],[]
https://golemlab.eu/graph/18934006,Beastly Gods,"‘Don’t leave the forest,’ a rule that you've been forced to follow since birth, but you are tired of living in this wooden cage. Out of desperation you cut a deal with Taehyung, who claims to be the only one who can get you out safely, even though he might be just as dangerous as the god you’re trying to escape.",2019-05-23,8072,Explicit,F/M,Completed,304,taehyung,Captivity | Cum Play | Drama | Exhibitionism | Hybrid AU | Hybrid Kim Taehyung | V | Obsession | Secondary Love Interest is a Mystery | Smut | Thriller | Vaginal Fingering | Voyeurism | Yandere,Kim Taehyung | V/Reader,"['Captivity', 'Cum Play', 'Drama', 'Exhibitionism', 'Hybrid AU', 'Hybrid Kim Taehyung', 'V', 'Obsession', 'Secondary Love Interest is a Mystery', 'Smut', 'Thriller', 'Vaginal Fingering', 'Voyeurism', 'Yandere']","['Captivity', 'Drama', 'Exhibitionism', 'Obsession', 'Smut', 'Thriller', 'Vaginal Fingering', 'Voyeurism', 'Yandere']","['Cum Play', 'Hybrid AU', 'Hybrid Kim Taehyung', 'V', 'Secondary Love Interest is a Mystery']","['Cum Play', 'Hybrid AU', 'Hybrid Kim Taehyung']",[]
https://golemlab.eu/graph/30542835,Scent,"You take time off of work to go backpacking like you always used to growing up. While on the trail you meet an unlikely friend, and are even more surprised when you end up taking him home with you.",2021-04-08,17158,Explicit,F/M,Completed,296,taehyung,Bear Hybrid Kim Taehyung | V | Breeding Kink | Cute Kim Taehyung | V | Explicit Sexual Content | Hybrid Kim Taehyung | V | Kim Taehyung | V Has a Big Dick | Kim Taehyung | V Smut | Kim Taehyung | V is Whipped | Kim Taehyung | V-centric | Mating | Mountains | Taehyung REALLY wants to get you pregnant | Taehyung is a Blackbear | You go hiking and end up taking a cute fluffy haired Taehyung back home with you,Kim Taehyung | V/Reader,"['Bear Hybrid Kim Taehyung', 'V', 'Breeding Kink', 'Cute Kim Taehyung', 'V', 'Explicit Sexual Content', 'Hybrid Kim Taehyung', 'V', 'Kim Taehyung', 'V Has a Big Dick', 'Kim Taehyung', 'V Smut', 'Kim Taehyung', 'V is Whipped', 'Kim Taehyung', 'V-centric', 'Mating', 'Mountains', 'Taehyung REALLY wants to get you pregnant', 'Taehyung is a Blackbear', 'You go hiking and end up taking a cute fluffy haired Taehyung back home with you']","['Explicit Sexual Content', 'Mating', 'Mountains']","['Bear Hybrid Kim Taehyung', 'V', 'Breeding Kink', 'Cute Kim Taehyung', 'V', 'Hybrid Kim Taehyung', 'V', 'Kim Taehyung', 'V Has a Big Dick', 'Kim Taehyung', 'V Smut', 'Kim Taehyung', 'V is Whipped', 'Kim Taehyung', 'V-centric', 'Taehyung REALLY wants to get you pregnant', 'Taehyung is a Blackbear', 'You go hiking and end up taking a cute fluffy haired Taehyung back home with you']","['Bear Hybrid Kim Taehyung', 'Breeding Kink', 'Cute Kim Taehyung', 'Hybrid Kim Taehyung', 'Kim Taehyung', 'Kim Taehyung', 'V Smut', 'Kim Taehyung', 'Kim Taehyung']",[]
https://golemlab.eu/graph/8952073,snaffle,"You hate hybrids. They are free running criminals above all. They lure and cheat, they rob and steal. Come along Kim Taehyung, a stealing cat hybrid who snatches away your snacks and stationery.",2016-12-26,10133,Mature,F/M,Completed,292,taehyung,Catboy Kim Taehyung | V | Catboy!AU | Catboys & Catgirls | Dirty Talk | Doggy Style | Fluff | Hand Jobs | Hybrid Taehyung | Hybrid!AU | I'm Bad At Tagging | Mirror Sex | Multiple Orgasms | Name-Calling | Orgasm Delay/Denial | Orgasm Denial | Pet Names | Porn With Plot | Reader-Insert | Rough Sex | Sex | Smut | catboy | catboy!taehyung | cursing | heatsex | lots of dirty talk,Kim Taehyung | V/Reader,"['Catboy Kim Taehyung', 'V', 'Catboy!AU', 'Catboys & Catgirls', 'Dirty Talk', 'Doggy Style', 'Fluff', 'Hand Jobs', 'Hybrid Taehyung', 'Hybrid!AU', ""I'm Bad At Tagging"", 'Mirror Sex', 'Multiple Orgasms', 'Name-Calling', 'Orgasm Delay/Denial', 'Orgasm Denial', 'Pet Names', 'Porn With Plot', 'Reader-Insert', 'Rough Sex', 'Sex', 'Smut', 'catboy', 'catboy!taehyung', 'cursing', 'heatsex', 'lots of dirty talk']","['Catboys & Catgirls', 'Dirty Talk', 'Doggy Style', 'Fluff', 'Hand Jobs', ""I'm Bad At Tagging"", 'Mirror Sex', 'Multiple Orgasms', 'Name-Calling', 'Orgasm Delay/Denial', 'Orgasm Denial', 'Pet Names', 'Porn With Plot', 'Reader-Insert', 'Rough Sex', 'Sex', 'Smut']","['Catboy Kim Taehyung', 'V', 'Catboy!AU', 'Hybrid Taehyung', 'Hybrid!AU', 'catboy', 'catboy!taehyung', 'cursing', 'heatsex', 'lots of dirty talk']","['Catboy Kim Taehyung', 'Catboy!AU', 'Hybrid Taehyung', 'Hybrid!AU']",[]
https://golemlab.eu/graph/27218971,After Midnight,"Taehyung is the elemental Alpha, the next pack leader, and as the strongest fire user, you are tasked to train him for his confirmation ceremony. But when recurrent dreams start to plague you nightly, you wonder if there’s another reason Taehyung has been brought into your life.",2020-10-27,7749,Explicit,F/M,Completed,279,taehyung,Alpha/Beta/Omega Dynamics | Alternate Universe - Werewolf | Biting | Cock Warming | Dirty Talk | Doggy Style | Elemental Magic | Face-Fucking | Knotting | Magic-Users | Marking | Masturbation | Mentions of Blood | Oral Sex | Power Dynamics | Rough Oral Sex | Slight Possessiveness | Squirting | Vaginal Sex | Werewolf Culture | Werewolf Kim Taehyung | V | Werewolf Mates | Werewolf Sex | Wolf Jungkook is your BFF,"Kim Taehyung | V/Reader, Kim Taehyung | V/You","['Alpha/Beta/Omega Dynamics', 'Alternate Universe - Werewolf', 'Biting', 'Cock Warming', 'Dirty Talk', 'Doggy Style', 'Elemental Magic', 'Face-Fucking', 'Knotting', 'Magic-Users', 'Marking', 'Masturbation', 'Mentions of Blood', 'Oral Sex', 'Power Dynamics', 'Rough Oral Sex', 'Slight Possessiveness', 'Squirting', 'Vaginal Sex', 'Werewolf Culture', 'Werewolf Kim Taehyung', 'V', 'Werewolf Mates', 'Werewolf Sex', 'Wolf Jungkook is your BFF']","['Alpha/Beta/Omega Dynamics', 'Alternate Universe - Werewolf', 'Biting', 'Cock Warming', 'Dirty Talk', 'Doggy Style', 'Elemental Magic', 'Face-Fucking', 'Knotting', 'Magic-Users', 'Marking', 'Masturbation', 'Oral Sex', 'Power Dynamics', 'Rough Oral Sex', 'Vaginal Sex', 'Werewolf Culture', 'Werewolf Mates', 'Werewolf Sex']","['Mentions of Blood', 'Slight Possessiveness', 'Squirting', 'Werewolf Kim Taehyung', 'V', 'Wolf Jungkook is your BFF']","['Slight Possessiveness', 'Squirting', 'Werewolf Kim Taehyung']",[]
https://golemlab.eu/graph/6841603,library,"“No, not help you with your paper, help you as in why are you sitting here?” He raises an eyebrow, “Why? Am I not allowed to sit here? Last I checked the library didn’t have assigned seats.”",2016-05-13,2688,General Audiences,F/M,Completed,276,taehyung,i dont really have tags for this | otherwise its just a bunch of cheesy pick up lines in cheesy notes | sorry jungkook jimin seokjin and namjoon are only very briefly mentioned | there's a really small conversation about aliens if that interests you,Kim Taehyung | V/Reader,"['i dont really have tags for this', 'otherwise its just a bunch of cheesy pick up lines in cheesy notes', 'sorry jungkook jimin seokjin and namjoon are only very briefly mentioned', ""there's a really small conversation about aliens if that interests you""]",[],"['i dont really have tags for this', 'otherwise its just a bunch of cheesy pick up lines in cheesy notes', 'sorry jungkook jimin seokjin and namjoon are only very briefly mentioned', ""there's a really small conversation about aliens if that interests you""]",[],[]
https://golemlab.eu/graph/23723251,Interruptions,"Taehyung doesn't appreciate you snapping at him and proceeds to give you something to really whine about, or, Taehyung fucks the coherence out of you with his fat, throbbing cock.",2020-04-18,4091,Mature,F/M,Completed,263,taehyung,Anal Play | And I mean PHAT cock syndrome | Crying | Cum Play | Daddy Kink | Degradation | Forced Orgasm | Hair-pulling | Humiliation | Impregnation Kink | Kim Taehyung | V Has a Big Dick | Light Sadism | Overstimulation | Punishment | Punishment Sex | Pussy Spanking | Rough Sex | Size Kink | Wordcount: 1.000-5.000,Kim Taehyung | V/Reader,"['Anal Play', 'And I mean PHAT cock syndrome', 'Crying', 'Cum Play', 'Daddy Kink', 'Degradation', 'Forced Orgasm', 'Hair-pulling', 'Humiliation', 'Impregnation Kink', 'Kim Taehyung', 'V Has a Big Dick', 'Light Sadism', 'Overstimulation', 'Punishment', 'Punishment Sex', 'Pussy Spanking', 'Rough Sex', 'Size Kink', 'Wordcount: 1.000-5.000']","['Anal Play', 'Crying', 'Daddy Kink', 'Forced Orgasm', 'Hair-pulling', 'Humiliation', 'Light Sadism', 'Overstimulation', 'Punishment', 'Rough Sex', 'Size Kink', 'Wordcount: 1.000-5.000']","['And I mean PHAT cock syndrome', 'Cum Play', 'Degradation', 'Impregnation Kink', 'Kim Taehyung', 'V Has a Big Dick', 'Punishment Sex', 'Pussy Spanking']","['Cum Play', 'Degradation', 'Impregnation Kink', 'Kim Taehyung', 'Punishment Sex', 'Pussy Spanking']",[]
https://golemlab.eu/graph/7102147,Not A Little Difference,"He was the little voice in your head, soothing you when you were stressed or anxious, guiding you when you were conflicted, leading you deep into temptation and release, freedom from your life and responsibilities. Love was too underwhelming a word to describe your feelings. But that was Kim Taehyung’s little secret as well.",2016-06-05,2066,Explicit,F/M,Completed,256,taehyung,BDSM Scene | Dirty Talk | Dom/sub | Dom/sub Play | First Time | Forbidden Love | Orgasm Delay/Denial | Riding Crops | Songfic | Verbal Humiliation | secretly in love,Kim Taehyung | V/Reader,"['BDSM Scene', 'Dirty Talk', 'Dom/sub', 'Dom/sub Play', 'First Time', 'Forbidden Love', 'Orgasm Delay/Denial', 'Riding Crops', 'Songfic', 'Verbal Humiliation', 'secretly in love']","['BDSM Scene', 'Dirty Talk', 'Dom/sub', 'Dom/sub Play', 'First Time', 'Forbidden Love', 'Orgasm Delay/Denial', 'Riding Crops', 'Songfic', 'Verbal Humiliation']",['secretly in love'],[],[]
https://golemlab.eu/graph/21922831,Right time,"You and your boyfriend try it without protection for the first time, allowing him to finally indulge in his hidden fetish…",2019-12-23,2183,Explicit,F/M,Completed,244,taehyung,Body Worship | Breeding | Cock Rings | Creampie | Cum Fetish | Dirty Talk | Impregnation | Large Cock | Smut | Top Kim Taehyung | V,Kim Taehyung | V/Reader,"['Body Worship', 'Breeding', 'Cock Rings', 'Creampie', 'Cum Fetish', 'Dirty Talk', 'Impregnation', 'Large Cock', 'Smut', 'Top Kim Taehyung', 'V']","['Body Worship', 'Breeding', 'Cock Rings', 'Creampie', 'Dirty Talk', 'Impregnation', 'Large Cock', 'Smut']","['Cum Fetish', 'Top Kim Taehyung', 'V']","['Cum Fetish', 'Top Kim Taehyung']",[]
https://golemlab.eu/graph/18566914,Much Better,"On a night out with your girlfriends to let loose and forget about your ex, you meet a man that you are instantly attracted to, like magnets on the dance floor. But he reminds you way too much of the one that broke you heart… Can Kim Taehyung prove to you that he is not like your ex at all?",2019-04-23,27668,Explicit,F/M,Completed,244,taehyung,Alternate Universe - College/University | Comedy | Creampie | Dom Kim Taehyung | V | Dom/sub Play | Fluff | Light Angst | Menstrual Sex | Oral Sex | Sex Toys | Size Difference | Size Kink | Smut | Vaginal Fingering | sex bench,Kim Taehyung | V/Reader,"['Alternate Universe - College/University', 'Comedy', 'Creampie', 'Dom Kim Taehyung', 'V', 'Dom/sub Play', 'Fluff', 'Light Angst', 'Menstrual Sex', 'Oral Sex', 'Sex Toys', 'Size Difference', 'Size Kink', 'Smut', 'Vaginal Fingering', 'sex bench']","['Alternate Universe - College/University', 'Comedy', 'Creampie', 'Dom/sub Play', 'Fluff', 'Light Angst', 'Menstrual Sex', 'Oral Sex', 'Sex Toys', 'Size Difference', 'Size Kink', 'Smut', 'Vaginal Fingering']","['Dom Kim Taehyung', 'V', 'sex bench']",['Dom Kim Taehyung'],[]
https://golemlab.eu/graph/15201863,Natural Family Planning,"“We’re gonna be late.” Despite the urgency in his voice, there’s a tinge of desperation that isn’t lost on you in the slightest. Taehyung’s dark eyes roam over your figure, huge hands gripping your waist, as you press your hands against the rough brick of the wall. or the fic where you and your husband, Taehyung, dabble in barebacking",2018-07-07,5626,Explicit,F/M,Completed,241,taehyung,Barebacking | Breeding | Breeding Kink | Cum Play | Dirty Talk,Kim Taehyung | V/Reader,"['Barebacking', 'Breeding', 'Breeding Kink', 'Cum Play', 'Dirty Talk']","['Barebacking', 'Breeding', 'Dirty Talk']","['Breeding Kink', 'Cum Play']","['Breeding Kink', 'Cum Play']",[]
https://golemlab.eu/graph/14441262,Soothsayer,"Taehyung can be very convincing when he needs to be, it seems.",2018-04-26,1331,Teen And Up Audiences,F/M,Completed,240,taehyung,Alternate Universe - Vampire | Emotional Hurt/Comfort | Human/Vampire Relationship | Hypnotism | Panic Attacks | Vampire Kim Taehyung | V,Kim Taehyung | V/Reader Series: Vampire!Taehyung [7],"['Alternate Universe - Vampire', 'Emotional Hurt/Comfort', 'Human/Vampire Relationship', 'Hypnotism', 'Panic Attacks', 'Vampire Kim Taehyung', 'V']","['Alternate Universe - Vampire', 'Emotional Hurt/Comfort', 'Human/Vampire Relationship', 'Hypnotism', 'Panic Attacks']","['Vampire Kim Taehyung', 'V']",['Vampire Kim Taehyung'],[]
https://golemlab.eu/graph/16319417,Retracted Claws,"He found a poor, stray kitten shivering on the streets, and he was determined to make sure she was kept safe.",2018-10-16,38970,Teen And Up Audiences,F/M,Completed,240,taehyung,Angst | Fluff | Hybrid AU | Mafia AU | Tae is soft as hell for reader | Violence | mentions of dark themes | past abuse (sexually/mentally/physically),Kim Taehyung | V/Reader,"['Angst', 'Fluff', 'Hybrid AU', 'Mafia AU', 'Tae is soft as hell for reader', 'Violence', 'mentions of dark themes', 'past abuse (sexually/mentally/physically)']","['Angst', 'Fluff', 'Violence']","['Hybrid AU', 'Mafia AU', 'Tae is soft as hell for reader', 'mentions of dark themes', 'past abuse (sexually/mentally/physically)']","['Hybrid AU', 'Mafia AU']",[]
https://golemlab.eu/graph/15046211,Schemes and tricks to win her heart,"In which rich company heir Kim Seokjin has a plan to win the heart of the girl of his dreams, and you, his little brother's best friend, are dragged along for the ride. His younger brother objects, of course. Bestfriend!Taehyung and Chaebol!Jin Taehyung/reader.",2018-06-25,22513,General Audiences,F/M,Completed,231,taehyung,Best Friends | Fake/Pretend Relationship | Fluff | I'm trying to be funny | Misunderstandings | Romance | please pretend I succeed,Kim Taehyung | V/Reader,"['Best Friends', 'Fake/Pretend Relationship', 'Fluff', ""I'm trying to be funny"", 'Misunderstandings', 'Romance', 'please pretend I succeed']","['Best Friends', 'Fake/Pretend Relationship', 'Fluff', 'Misunderstandings', 'Romance']","[""I'm trying to be funny"", 'please pretend I succeed']",[],[]
https://golemlab.eu/graph/7271983,best friends,"no harm in a blow job between best friends, right?",2016-06-22,1956,Explicit,F/M,Completed,226,taehyung,Best Friends | Blow Jobs | Oral Sex | Who Have Sex,Kim Taehyung | V/Reader Series: Personal Favourites From The Past [6],"['Best Friends', 'Blow Jobs', 'Oral Sex', 'Who Have Sex']","['Best Friends', 'Blow Jobs', 'Oral Sex']",['Who Have Sex'],['Who Have Sex'],[]
https://golemlab.eu/graph/10225055,Sink or Swim,"""Play along and you'll live.""",2017-03-11,1272,Mature,F/M,Completed,226,taehyung,Aftermath of Violence | Alternate universe - Mafia | Secret Identity | Shit Hits The Fan,Kim Taehyung | V/Reader,"['Aftermath of Violence', 'Alternate universe - Mafia', 'Secret Identity', 'Shit Hits The Fan']","['Aftermath of Violence', 'Secret Identity']","['Alternate universe - Mafia', 'Shit Hits The Fan']",['Shit Hits The Fan'],[]
https://golemlab.eu/graph/22637773,Leather & Velvet,"Curious as you are, you decide to check out the demon brothel that people have been whispering about. You get a bit more than you bargained for when the owner of the place decides he wants to play with you.",2020-02-09,2989,Explicit,F/M,Completed,224,taehyung,Biting | Bloodplay | Brothels | Demon Kim Taehyung | V | Dom Kim Taehyung | V | Dom/sub | Exhibitionism | Explicit Sexual Content | Kim Taehyung | V Has a Big Dick | Light Bondage | Multiple Orgasms | Oral Sex | Overstimulation | Plot What Plot/Porn Without Plot | Riding Crops | Sensory Deprivation | Smut | Voyeurism | and it's ridged rip | author is going to hell | but it's very minor | taehyung has a forked tongue,Kim Taehyung | V/Reader,"['Biting', 'Bloodplay', 'Brothels', 'Demon Kim Taehyung', 'V', 'Dom Kim Taehyung', 'V', 'Dom/sub', 'Exhibitionism', 'Explicit Sexual Content', 'Kim Taehyung', 'V Has a Big Dick', 'Light Bondage', 'Multiple Orgasms', 'Oral Sex', 'Overstimulation', 'Plot What Plot/Porn Without Plot', 'Riding Crops', 'Sensory Deprivation', 'Smut', 'Voyeurism', ""and it's ridged rip"", 'author is going to hell', ""but it's very minor"", 'taehyung has a forked tongue']","['Biting', 'Bloodplay', 'Brothels', 'Dom/sub', 'Exhibitionism', 'Explicit Sexual Content', 'Light Bondage', 'Multiple Orgasms', 'Oral Sex', 'Overstimulation', 'Plot What Plot/Porn Without Plot', 'Riding Crops', 'Sensory Deprivation', 'Smut', 'Voyeurism']","['Demon Kim Taehyung', 'V', 'Dom Kim Taehyung', 'V', 'Kim Taehyung', 'V Has a Big Dick', ""and it's ridged rip"", 'author is going to hell', ""but it's very minor"", 'taehyung has a forked tongue']","['Demon Kim Taehyung', 'Dom Kim Taehyung', 'Kim Taehyung']",[]
https://golemlab.eu/graph/7102015,I Need A Fix,"A strange evening, a club, alone. (written for hitting 666 followers hehehe)",2016-06-05,4351,Teen And Up Audiences,F/M,Completed,222,taehyung,Alternate Universe - Demons | Alternate Universe - Succubi & Incubi | Ambiguous/Open Ending | Clubbing | Contracts | Incubus Taehyung | Romantic Gestures,Kim Taehyung | V/Reader Series: six six six [1],"['Alternate Universe - Demons', 'Alternate Universe - Succubi & Incubi', 'Ambiguous/Open Ending', 'Clubbing', 'Contracts', 'Incubus Taehyung', 'Romantic Gestures']","['Alternate Universe - Demons', 'Alternate Universe - Succubi & Incubi', 'Ambiguous/Open Ending', 'Clubbing', 'Contracts', 'Romantic Gestures']",['Incubus Taehyung'],['Incubus Taehyung'],[]
https://golemlab.eu/graph/16057733,Papillon,Kim Taehyung has been a constant presence in your life for the last 25 years. The bestest friend a girl could ever want; he’s been there for you through all the good times and the bad. What happens though when you find yourself pregnant and abandoned? What happens when your best friend steps up in ways you never imagined?,2018-09-21,17125,Teen And Up Audiences,F/M,Completed,216,taehyung,Childhood Friends | Friends to Lovers | Pregnancy | best friend au,Kim Taehyung | V/Reader,"['Childhood Friends', 'Friends to Lovers', 'Pregnancy', 'best friend au']","['Childhood Friends', 'Friends to Lovers', 'Pregnancy']",['best friend au'],[],[]
https://golemlab.eu/graph/9080029,"Caffeine, Crimson Cheeks, and Cashiers","It's 10pm and all you want is to buy your energy drinks and leave, but you can't help but want to stay for the cute cashier making you blush like there is no tomorrow.",2016-12-27,1411,General Audiences,F/M,Completed,216,taehyung,Alternate Universe - College/University | First Meetings | Flirting | One Shot | V is a part-time cashier at a supermarket | You are a tired student powering your way through finals,Kim Taehyung | V/Reader,"['Alternate Universe - College/University', 'First Meetings', 'Flirting', 'One Shot', 'V is a part-time cashier at a supermarket', 'You are a tired student powering your way through finals']","['Alternate Universe - College/University', 'First Meetings', 'Flirting', 'One Shot']","['V is a part-time cashier at a supermarket', 'You are a tired student powering your way through finals']",[],[]
https://golemlab.eu/graph/21184736,Endymion,"“A thing of beauty is a joy for ever…” Despite what many think, the opposite of love is not hate, it is indifference, and Taehyung hates the witch that repeatedly trespasses into his forest to defile it with her demonic ways. Hates the way his heart races, as he watches her repeated transgressions. He tells himself it’s nothing but the urge to take revenge for the forest she is soiling with her presence…so why hasn’t he ended her yet? A day of reckoning is coming, and he will have her begging for mercy on her knees by the time he is finished with her, he swears it.",2019-10-26,17533,Explicit,F/M,Completed,212,taehyung,Age Difference | Blood | Blow Jobs | Bondage | Danger Kink | DnD Version of a Druid | Druid!Taehyung | Edgeplay | Electricity Play | Fantasy | Fantasy Creatures | Fluff | Light Angst | Magic as sexplay | Multiple Orgasms | Oral Sex | Orgasm Delay/Denial | Penetration | Plants | Porn With Plot | Puns & Word Play | Self-Insert | Shapeshifting | Squirting | Temperature Play | Vaginal Fingering | Witch!Reader | cum tasting | looks like dubcon but not,Kim Taehyung | V/Reader,"['Age Difference', 'Blood', 'Blow Jobs', 'Bondage', 'Danger Kink', 'DnD Version of a Druid', 'Druid!Taehyung', 'Edgeplay', 'Electricity Play', 'Fantasy', 'Fantasy Creatures', 'Fluff', 'Light Angst', 'Magic as sexplay', 'Multiple Orgasms', 'Oral Sex', 'Orgasm Delay/Denial', 'Penetration', 'Plants', 'Porn With Plot', 'Puns & Word Play', 'Self-Insert', 'Shapeshifting', 'Squirting', 'Temperature Play', 'Vaginal Fingering', 'Witch!Reader', 'cum tasting', 'looks like dubcon but not']","['Age Difference', 'Blood', 'Blow Jobs', 'Bondage', 'Edgeplay', 'Fantasy', 'Fluff', 'Light Angst', 'Multiple Orgasms', 'Oral Sex', 'Orgasm Delay/Denial', 'Plants', 'Porn With Plot', 'Puns & Word Play', 'Self-Insert', 'Shapeshifting', 'Temperature Play', 'Vaginal Fingering']","['Danger Kink', 'DnD Version of a Druid', 'Druid!Taehyung', 'Electricity Play', 'Fantasy Creatures', 'Magic as sexplay', 'Penetration', 'Squirting', 'Witch!Reader', 'cum tasting', 'looks like dubcon but not']","['Danger Kink', 'Druid!Taehyung', 'Electricity Play', 'Fantasy Creatures', 'Penetration', 'Squirting', 'Witch!Reader']",[]
https://golemlab.eu/graph/8746831,MAMA's 2016,"You are a foreign singer attending MAMA's for the first time ever, and an eager idol from a group knows you! He wants to get close and even invites you for their event they were holding for their fans to spread the word that you are good.",2016-12-04,7549,General Audiences,F/M,Completed,212,taehyung,Awards | Here we go | POV Second Person | a great request from an anon | i love this request | like this is so cool | thank you!!! | where you are a foreign singer,Kim Taehyung | V/Reader,"['Awards', 'Here we go', 'POV Second Person', 'a great request from an anon', 'i love this request', 'like this is so cool', 'thank you!!!', 'where you are a foreign singer']","['Awards', 'POV Second Person']","['Here we go', 'a great request from an anon', 'i love this request', 'like this is so cool', 'thank you!!!', 'where you are a foreign singer']",[],[]
https://golemlab.eu/graph/6210970,Colors,"Sometimes coming home to your apartment you find him waiting for you. Not with rose peddles or a glass champagne, but tied up. Just begging for your touch.",2016-03-10,3457,Explicit,F/M,Completed,210,taehyung,BDSM | Dom/sub | Fanfiction | Pain | Pain Kink | Praise Kink | Smut | Sub Taehyung | a lot of stuff happens i can't warn u abt all of it ok | dom reader,Kim Taehyung | V/Reader,"['BDSM', 'Dom/sub', 'Fanfiction', 'Pain', 'Pain Kink', 'Praise Kink', 'Smut', 'Sub Taehyung', ""a lot of stuff happens i can't warn u abt all of it ok"", 'dom reader']","['BDSM', 'Dom/sub', 'Fanfiction', 'Pain', 'Praise Kink', 'Smut']","['Pain Kink', 'Sub Taehyung', ""a lot of stuff happens i can't warn u abt all of it ok"", 'dom reader']","['Pain Kink', 'Sub Taehyung']",[]
https://golemlab.eu/graph/24109861,Picking Flowers,"In the seven years you’ve been away, love had caused flowers to bloom in Taehyung’s chest only for them to wilt when she’d left him. When you meet Taehyung again, he doesn’t know what love is and more importantly, doesn’t know how to love or if he can ever love again. Can you teach him? Or will a garden of unrequited love blossom within the confines of your own chest? Cross-Posted from my Tumblr Further Story Details Inside.",2020-05-10,40540,Explicit,F/M,Completed,209,taehyung,Alternate Universe - Flower Shop | Body Worship | Childhood Friends | Cock Warming | Creampie | Cum Eating | Cunnilingus | Dirty Talk | Dom Kim Taehyung | V | Florist Kim Taehyung | V | Friends to Lovers | Hair-pulling | Hanahaki Disease | Impregnation Kink | Marking | Mentions of Death | Neighbors | Park Sex | Praise | Public Sex | Pussy Worship | Reunions | Riding | Soft Dom Kim Taehyung | V | Soft sex | Unprotected Sex | Vaginal Fingering | cum sharing | face riding | handjob | mutual orgasms | sub Reader,"Kim Taehyung | V/Reader, Kim Taehyung | V/You","['Alternate Universe - Flower Shop', 'Body Worship', 'Childhood Friends', 'Cock Warming', 'Creampie', 'Cum Eating', 'Cunnilingus', 'Dirty Talk', 'Dom Kim Taehyung', 'V', 'Florist Kim Taehyung', 'V', 'Friends to Lovers', 'Hair-pulling', 'Hanahaki Disease', 'Impregnation Kink', 'Marking', 'Mentions of Death', 'Neighbors', 'Park Sex', 'Praise', 'Public Sex', 'Pussy Worship', 'Reunions', 'Riding', 'Soft Dom Kim Taehyung', 'V', 'Soft sex', 'Unprotected Sex', 'Vaginal Fingering', 'cum sharing', 'face riding', 'handjob', 'mutual orgasms', 'sub Reader']","['Alternate Universe - Flower Shop', 'Body Worship', 'Childhood Friends', 'Cock Warming', 'Creampie', 'Cunnilingus', 'Dirty Talk', 'Friends to Lovers', 'Hair-pulling', 'Hanahaki Disease', 'Marking', 'Neighbors', 'Public Sex', 'Reunions', 'Riding', 'Vaginal Fingering']","['Cum Eating', 'Dom Kim Taehyung', 'V', 'Florist Kim Taehyung', 'V', 'Impregnation Kink', 'Mentions of Death', 'Park Sex', 'Praise', 'Pussy Worship', 'Soft Dom Kim Taehyung', 'V', 'Soft sex', 'Unprotected Sex', 'cum sharing', 'face riding', 'handjob', 'mutual orgasms', 'sub Reader']","['Cum Eating', 'Dom Kim Taehyung', 'Florist Kim Taehyung', 'Impregnation Kink', 'Park Sex', 'Praise', 'Pussy Worship', 'Soft Dom Kim Taehyung', 'Unprotected Sex']",[]
https://golemlab.eu/graph/8301622,Sunflower Girl,"Taehyung: killer of flowers and wrecker of hearts. With a high school history you can’t get over and a problematic roommate you can’t avoid, life is great until you live under Kim Taehyung’s roof. [07/05/17: I will be re-writing this and reposting it on my new tumblr under the name The Sunflower Girl]",2016-10-17,20848,General Audiences,F/M,Completed,207,taehyung,Alternate Universe - College/University | Alternate Universe - Roommates/Housemates,Kim Taehyung | V/Reader,"['Alternate Universe - College/University', 'Alternate Universe - Roommates/Housemates']","['Alternate Universe - College/University', 'Alternate Universe - Roommates/Housemates']",[],[],[]
https://golemlab.eu/graph/14595204,New Tricks,"When your newly adopted puppy turns out to be a lot more work than you expected, a cute dog trainer comes to the rescue. You soon become friends, but you begin to realize friendship might not be all you want.",2018-05-09,10083,Explicit,F/M,Completed,206,taehyung,Dirty Talk | Doggy Style | Dogs | Dom Kim Taehyung | V | Explicit Language | Explicit Sexual Content | Fluff | Fluff and Smut | Friends to Lovers | Kim Taehyung | V is a Sweetheart | Oral Sex | Smut | Vaginal Sex | dog trainer au,Kim Taehyung | V/Reader,"['Dirty Talk', 'Doggy Style', 'Dogs', 'Dom Kim Taehyung', 'V', 'Explicit Language', 'Explicit Sexual Content', 'Fluff', 'Fluff and Smut', 'Friends to Lovers', 'Kim Taehyung', 'V is a Sweetheart', 'Oral Sex', 'Smut', 'Vaginal Sex', 'dog trainer au']","['Dirty Talk', 'Doggy Style', 'Dogs', 'Explicit Language', 'Explicit Sexual Content', 'Fluff', 'Fluff and Smut', 'Friends to Lovers', 'Oral Sex', 'Smut', 'Vaginal Sex']","['Dom Kim Taehyung', 'V', 'Kim Taehyung', 'V is a Sweetheart', 'dog trainer au']","['Dom Kim Taehyung', 'Kim Taehyung']",[]
https://golemlab.eu/graph/13254879,Parasitic,"""We passed under the mistletoe."" ""No, we didn't."" ""Yeah. We did.""",2018-01-03,490,Teen And Up Audiences,F/M,Completed,205,taehyung,Alternate Universe - Vampire | Developing Relationship | Grocery Shopping | Human/Vampire Relationship | Mistletoe | Twisted and Fluffy Feelings | Vampire Kim Taehyung | V,Kim Taehyung | V/Reader Series: Vampire!Taehyung [6],"['Alternate Universe - Vampire', 'Developing Relationship', 'Grocery Shopping', 'Human/Vampire Relationship', 'Mistletoe', 'Twisted and Fluffy Feelings', 'Vampire Kim Taehyung', 'V']","['Alternate Universe - Vampire', 'Developing Relationship', 'Grocery Shopping', 'Human/Vampire Relationship', 'Mistletoe', 'Twisted and Fluffy Feelings']","['Vampire Kim Taehyung', 'V']",['Vampire Kim Taehyung'],[]
https://golemlab.eu/graph/10680639,The Fire and the Hunger,"I am the name and the number; the fire and the hunger: six six six. Or, how you never knew a kiss could taste like ash in your mouth. (sequel to I Need A Fix + written for hitting 6666 followers hehehehe)",2017-04-20,3944,Explicit,F/M,In-Progress,205,taehyung,Alternate Universe - Demons | Alternate Universe - Succubi & Incubi | Demon Sex | Dirty Talk | Dream Sex | Masturbation | Mildly Dubious Consent | Voyeurism | but def consensual,Kim Taehyung | V/Reader Series: six six six [2],"['Alternate Universe - Demons', 'Alternate Universe - Succubi & Incubi', 'Demon Sex', 'Dirty Talk', 'Dream Sex', 'Masturbation', 'Mildly Dubious Consent', 'Voyeurism', 'but def consensual']","['Alternate Universe - Demons', 'Alternate Universe - Succubi & Incubi', 'Demon Sex', 'Dirty Talk', 'Dream Sex', 'Masturbation', 'Mildly Dubious Consent', 'Voyeurism']",['but def consensual'],[],[]
https://golemlab.eu/graph/8529148,Favourites and Servants,Your hybrid boyfriend tries to distract you from the mischief he committed. Will he succeed? Part of cathybrid!BTS miniseries,2016-11-11,2866,Mature,F/M,Completed,201,taehyung,Catboy!AU | Hybrid!AU | Smut | catboy!taehyung | cathybrid | hybrid!taehyung,Kim Taehyung | V/Reader,"['Catboy!AU', 'Hybrid!AU', 'Smut', 'catboy!taehyung', 'cathybrid', 'hybrid!taehyung']",['Smut'],"['Catboy!AU', 'Hybrid!AU', 'catboy!taehyung', 'cathybrid', 'hybrid!taehyung']","['Catboy!AU', 'Hybrid!AU']",[]
https://golemlab.eu/graph/20992517,Practical Magic,"The wizarding world of Harry Potter with the boys of Bangtan worked into one slow burner! Set in the year of Goblet of Fire, will try to keep it as close to the book as possible.",2019-10-11,145253,Teen And Up Audiences,F/M,In-Progress,195,taehyung,Alternate Universe - Harry Potter Setting | Animagus Reader | Canon Compliant | Fandom crossover | Gryffindor Jeon Jungkook | Gryffindor Kim Seokjin | Jin | Gryffindor Reader | Hogwarts | Hufflepuff Jung Hoseok | J-Hope | Ravenclaw Kim Namjoon | RM | Ravenclaw Kim Taehyung | V | Slow Build | Slytherin Min Yoongi | Suga | Slytherin Park Jimin (BTS) | Tagging still stresses me | alternative universe | bts in hogwarts,Kim Taehyung | V/Reader,"['Alternate Universe - Harry Potter Setting', 'Animagus Reader', 'Canon Compliant', 'Fandom crossover', 'Gryffindor Jeon Jungkook', 'Gryffindor Kim Seokjin', 'Jin', 'Gryffindor Reader', 'Hogwarts', 'Hufflepuff Jung Hoseok', 'J-Hope', 'Ravenclaw Kim Namjoon', 'RM', 'Ravenclaw Kim Taehyung', 'V', 'Slow Build', 'Slytherin Min Yoongi', 'Suga', 'Slytherin Park Jimin (BTS)', 'Tagging still stresses me', 'alternative universe', 'bts in hogwarts']","['Alternate Universe - Harry Potter Setting', 'Canon Compliant', 'Gryffindor Reader', 'Hogwarts', 'Slow Build']","['Animagus Reader', 'Fandom crossover', 'Gryffindor Kim Seokjin', 'Jin', 'Hufflepuff Jung Hoseok', 'J-Hope', 'Ravenclaw Kim Namjoon', 'RM', 'Ravenclaw Kim Taehyung', 'V', 'Slytherin Min Yoongi', 'Suga', 'Tagging still stresses me', 'alternative universe', 'bts in hogwarts']","['Animagus Reader', 'Gryffindor Kim Seokjin', 'Jin', 'Hufflepuff Jung Hoseok', 'J-Hope', 'Ravenclaw Kim Namjoon', 'Ravenclaw Kim Taehyung', 'Slytherin Min Yoongi', 'Suga']","['Gryffindor Jeon Jungkook', 'Slytherin Park Jimin (BTS)']"
https://golemlab.eu/graph/16487108,Sepia,"Taehyung decided to create a secret Instagram account and in the process, meets someone who catches his interest.  Maybe creating a secret account is not such a bad idea after all. //Basically you befriending (and eventually falling for) V online without you knowing it is him.",2018-11-01,38569,Teen And Up Audiences,F/M,Completed,194,taehyung,Online Friendship | Online Relationship | Reader-Insert,Kim Taehyung | V/Reader,"['Online Friendship', 'Online Relationship', 'Reader-Insert']","['Online Friendship', 'Online Relationship', 'Reader-Insert']",[],[],[]
https://golemlab.eu/graph/17848085,The Point of No Return,"Just when your evening out has gone to complete shit, you stumble - literally - into the cutest man with the cutest dog, who manage to turn it all around. Or, alternatively - how drunkenly losing your debit card in your quest for nachos lands you the best lay of your life.",2019-02-19,10896,Explicit,F/M,Completed,186,taehyung,Brief use of the word 'sir' | Creampie | Dick Shenanigans | Dirty Talk | Fluff | Kinda | Like smaller than Bangtan Musician AU | Multiple Orgasms | Oral Sex | Overstimulation | Porn With Plot | Porn with Feelings | Relatively vanilla considering I wrote it | Sex | Smut | Spanking | Unprotected Sex | Vaginal Fingering | mild alcohol use | musician au,Kim Taehyung | V/Reader,"[""Brief use of the word 'sir'"", 'Creampie', 'Dick Shenanigans', 'Dirty Talk', 'Fluff', 'Kinda', 'Like smaller than Bangtan Musician AU', 'Multiple Orgasms', 'Oral Sex', 'Overstimulation', 'Porn With Plot', 'Porn with Feelings', 'Relatively vanilla considering I wrote it', 'Sex', 'Smut', 'Spanking', 'Unprotected Sex', 'Vaginal Fingering', 'mild alcohol use', 'musician au']","['Creampie', 'Dirty Talk', 'Fluff', 'Multiple Orgasms', 'Oral Sex', 'Overstimulation', 'Porn With Plot', 'Porn with Feelings', 'Sex', 'Smut', 'Spanking', 'Vaginal Fingering']","[""Brief use of the word 'sir'"", 'Dick Shenanigans', 'Kinda', 'Like smaller than Bangtan Musician AU', 'Relatively vanilla considering I wrote it', 'Unprotected Sex', 'mild alcohol use', 'musician au']","['Dick Shenanigans', 'Kinda', 'Unprotected Sex']",[]
https://golemlab.eu/graph/13255011,Escort,A gentleman always walks a lady home.,2018-01-03,1070,Teen And Up Audiences,F/M,Completed,184,taehyung,Alternate Universe - Vampire | Angst and Hurt/Comfort | Anxiety | Dark | Human/Vampire Relationship | Rescue | Twisted and Fluffy Feelings | Vampire Kim Taehyung | V,Kim Taehyung | V/Reader Series: Vampire!Taehyung [5],"['Alternate Universe - Vampire', 'Angst and Hurt/Comfort', 'Anxiety', 'Dark', 'Human/Vampire Relationship', 'Rescue', 'Twisted and Fluffy Feelings', 'Vampire Kim Taehyung', 'V']","['Alternate Universe - Vampire', 'Angst and Hurt/Comfort', 'Anxiety', 'Dark', 'Human/Vampire Relationship', 'Rescue', 'Twisted and Fluffy Feelings']","['Vampire Kim Taehyung', 'V']",['Vampire Kim Taehyung'],[]
https://golemlab.eu/graph/27788284,Discreet Packaging,You just wanted a new toy that wasn’t too big. Tae just wanted to show you how much fun something ‘too big’ can be.,2020-11-30,1208,Explicit,F/M,Completed,183,taehyung,Condoms | Cunnilingus | Dirty Talk | Friends to Lovers | Kim Taehyung | V Has a Big Dick | Praise Kink | Short One Shot | Size Kink | Smut | Vaginal Fingering | Vaginal Sex | sex toy shopping,Kim Taehyung | V/Reader,"['Condoms', 'Cunnilingus', 'Dirty Talk', 'Friends to Lovers', 'Kim Taehyung', 'V Has a Big Dick', 'Praise Kink', 'Short One Shot', 'Size Kink', 'Smut', 'Vaginal Fingering', 'Vaginal Sex', 'sex toy shopping']","['Condoms', 'Cunnilingus', 'Dirty Talk', 'Friends to Lovers', 'Praise Kink', 'Short One Shot', 'Size Kink', 'Smut', 'Vaginal Fingering', 'Vaginal Sex']","['Kim Taehyung', 'V Has a Big Dick', 'sex toy shopping']",['Kim Taehyung'],[]
https://golemlab.eu/graph/17986742,comfortable,"you initially go over to polish the balcony of your neighbour, who then invites you to stay for lunch - and a nap afterwards",2019-03-03,2406,General Audiences,F/M,Completed,181,taehyung,Afternoon | Cat Hybrid Kim Taehyung | V | Cuddling | Fluff | Hybrid - Freeform | Napping | a bit of a grumbly tae at the end but like in a good sense | cat hybrid!taehyung | gender neutral reader | naps | nothing but fluff | sleeping | so soft | soft,Kim Taehyung | V/Reader,"['Afternoon', 'Cat Hybrid Kim Taehyung', 'V', 'Cuddling', 'Fluff', 'Hybrid - Freeform', 'Napping', 'a bit of a grumbly tae at the end but like in a good sense', 'cat hybrid!taehyung', 'gender neutral reader', 'naps', 'nothing but fluff', 'sleeping', 'so soft', 'soft']","['Fluff', 'Napping']","['Afternoon', 'Cat Hybrid Kim Taehyung', 'V', 'Cuddling', 'Hybrid - Freeform', 'a bit of a grumbly tae at the end but like in a good sense', 'cat hybrid!taehyung', 'gender neutral reader', 'naps', 'nothing but fluff', 'sleeping', 'so soft', 'soft']","['Afternoon', 'Cat Hybrid Kim Taehyung', 'Cuddling', 'Hybrid - Freeform']",[]
https://golemlab.eu/graph/11051451,With Help from My Boyfriend,You've been feeling gross all day and Taehyung notices. He tries to help the best ways that he can.,2017-05-31,1034,General Audiences,M/M,Completed,176,taehyung,Domestic Fluff | FTM | FTM Reader | Fluff | Gender Dysphoria | Tae's just being a good boyfriend | Transgender | Transgender Reader - Freeform | slight angst,Kim Taehyung | V/Reader,"['Domestic Fluff', 'FTM', 'FTM Reader', 'Fluff', 'Gender Dysphoria', ""Tae's just being a good boyfriend"", 'Transgender', 'Transgender Reader - Freeform', 'slight angst']","['Domestic Fluff', 'Fluff', 'Gender Dysphoria', 'Transgender']","['FTM', 'FTM Reader', ""Tae's just being a good boyfriend"", 'Transgender Reader - Freeform', 'slight angst']","['FTM Reader', 'Transgender Reader - Freeform']",[]
https://golemlab.eu/graph/22296868,Leaving (Yandere Taehyung x Reader),Taehyung won't let you leave,2020-01-18,1049,Mature,F/M,Completed,176,taehyung,Abusive Relationship | Misogyny | Pet Play | Profanity | Sexism | Stockholm Syndrome | Toxic Relationship | Yandere Bangtan Boys | BTS | kpopyandere | sexist slurs,"Kim Taehyung | V/Reader, yandere!taehyung/reader","['Abusive Relationship', 'Misogyny', 'Pet Play', 'Profanity', 'Sexism', 'Stockholm Syndrome', 'Toxic Relationship', 'Yandere Bangtan Boys', 'BTS', 'kpopyandere', 'sexist slurs']","['Misogyny', 'Sexism', 'Stockholm Syndrome']","['Abusive Relationship', 'Pet Play', 'Profanity', 'Toxic Relationship', 'Yandere Bangtan Boys', 'BTS', 'kpopyandere', 'sexist slurs']","['Abusive Relationship', 'Pet Play', 'Profanity', 'Toxic Relationship', 'Yandere Bangtan Boys']",[]
https://golemlab.eu/graph/18214982,Seven Seas,"Atlantis is a myth; a hidden city, a sunken island, a missing continent. Only…it’s not a myth. Just hidden out of choice. As the daughter of an Atlantean and a human, you are a halfling that is unwanted by the underwater continent and misunderstood by the surface. But what happens when you finally go to Atlantis and meet an Atlantean who is oddly kind to you?",2019-03-23,25543,Mature,F/M,Completed,176,taehyung,Anxiety | Atlantis AU | Depression | Oral Sex | Penetrative Sex | Sci-Fi AU | Unprotected Sex | atlantean taehyung | atlantis taehyung | half-atlantean reader | half-human reader,Kim Taehyung | V/Reader,"['Anxiety', 'Atlantis AU', 'Depression', 'Oral Sex', 'Penetrative Sex', 'Sci-Fi AU', 'Unprotected Sex', 'atlantean taehyung', 'atlantis taehyung', 'half-atlantean reader', 'half-human reader']","['Anxiety', 'Depression', 'Oral Sex']","['Atlantis AU', 'Penetrative Sex', 'Sci-Fi AU', 'Unprotected Sex', 'atlantean taehyung', 'atlantis taehyung', 'half-atlantean reader', 'half-human reader']","['Atlantis AU', 'Penetrative Sex', 'Sci-Fi AU', 'Unprotected Sex']",[]
https://golemlab.eu/graph/4894402,All Of You,"""Let. Me. See."" -Taehyung",2015-09-29,4000,Mature,F/M,Completed,173,taehyung,Body Image | Comfort | Confidence | Eventual Smut | Oral Sex | Relationship(s) | Slow Build | Smut | Tags Are Hard | Tags May Change | yall know I hate tags,Kim Taehyung | V/Reader,"['Body Image', 'Comfort', 'Confidence', 'Eventual Smut', 'Oral Sex', 'Relationship(s)', 'Slow Build', 'Smut', 'Tags Are Hard', 'Tags May Change', 'yall know I hate tags']","['Body Image', 'Comfort', 'Confidence', 'Eventual Smut', 'Oral Sex', 'Relationship(s)', 'Slow Build', 'Smut', 'Tags Are Hard', 'Tags May Change']",['yall know I hate tags'],[],[]
https://golemlab.eu/graph/16868191,Rooftop Recitation,He only wants to help.,2018-12-05,3796,Explicit,F/M,Completed,173,taehyung,Alternate Universe - Actors | Smut,Kim Taehyung | V/Reader,"['Alternate Universe - Actors', 'Smut']","['Alternate Universe - Actors', 'Smut']",[],[],[]
https://golemlab.eu/graph/10961133,Slow Burn,He was just supposed to be one of those clients. But then he gives you a night you’ll never forget.,2017-05-21,30563,Explicit,F/M,Completed,172,taehyung,Angst | Drama | Fluff | Orgasm Denial | Romance | Smut | dom!taehyung | dom!v | mention of sexual abuse in chapter 2,Kim Taehyung | V/Reader,"['Angst', 'Drama', 'Fluff', 'Orgasm Denial', 'Romance', 'Smut', 'dom!taehyung', 'dom!v', 'mention of sexual abuse in chapter 2']","['Angst', 'Drama', 'Fluff', 'Orgasm Denial', 'Romance', 'Smut']","['dom!taehyung', 'dom!v', 'mention of sexual abuse in chapter 2']",[],[]
https://golemlab.eu/graph/24990049,The Key to My Drawer,"A key, a drawer, and a secret Taehyung planned to take to the grave.",2020-06-30,25286,Explicit,F/M,Completed,169,taehyung,Angsty Kim Taehyung | V | Best Friends | Childhood Friends | Love Letters | Unprotected Sex,Kim Taehyung | V/Reader,"['Angsty Kim Taehyung', 'V', 'Best Friends', 'Childhood Friends', 'Love Letters', 'Unprotected Sex']","['Best Friends', 'Childhood Friends', 'Love Letters']","['Angsty Kim Taehyung', 'V', 'Unprotected Sex']","['Angsty Kim Taehyung', 'Unprotected Sex']",[]
https://golemlab.eu/graph/13254897,All In Good Fun,Love at first bite. (Just kidding.),2018-01-03,249,Teen And Up Audiences,F/M,Completed,169,taehyung,Alternate Universe - Vampire | Drabble | Human/Vampire Relationship | Pre-Relationship | Teasing | Vampire Kim Taehyung | V,Kim Taehyung | V/Reader Series: Vampire!Taehyung [1],"['Alternate Universe - Vampire', 'Drabble', 'Human/Vampire Relationship', 'Pre-Relationship', 'Teasing', 'Vampire Kim Taehyung', 'V']","['Alternate Universe - Vampire', 'Drabble', 'Human/Vampire Relationship', 'Pre-Relationship', 'Teasing']","['Vampire Kim Taehyung', 'V']",['Vampire Kim Taehyung'],[]
https://golemlab.eu/graph/12058209,Wet Dreams and Stuttered Confessions,"You start having... Interesting dreams about your best friend and you don't know how to deal with it, so you start ignoring him. And Kim Taehyung can only stand not talking to you for so long.",2017-09-11,6310,Mature,F/M,Completed,169,taehyung,Dirty Talk | First Time | Light Angst | Loss of Virginity | Oral Sex | Wet Dream,Kim Taehyung | V/Reader,"['Dirty Talk', 'First Time', 'Light Angst', 'Loss of Virginity', 'Oral Sex', 'Wet Dream']","['Dirty Talk', 'First Time', 'Light Angst', 'Loss of Virginity', 'Oral Sex', 'Wet Dream']",[],[],[]
https://golemlab.eu/graph/11618142,Pillowtalk,You crash at Bangtan’s dorm after your apartment has a gas leak. The thing is Taehyung’s the only member there to keep you company. In more ways than one.,2017-07-26,7544,Explicit,F/M,Completed,168,taehyung,PWP | Smut,Kim Taehyung | V/Reader,"['PWP', 'Smut']",['Smut'],['PWP'],[],[]
https://golemlab.eu/graph/23477485,"Falling, Falling, Gone",Taehyung. Captain of the soccer team. Master of your heart. You'll never tell him for fear of rejection. So why the fuck are you about to do it in front of dozens of his peers?,2020-04-04,5822,Teen And Up Audiences,F/M,Completed,167,taehyung,Bachelor Auction | Basically a condensed romcom | Cliche | Comedy | Explicit Language | Fluff | Pining,"Kim Taehyung | V/Reader, Kim Taehyung | V/You","['Bachelor Auction', 'Basically a condensed romcom', 'Cliche', 'Comedy', 'Explicit Language', 'Fluff', 'Pining']","['Bachelor Auction', 'Cliche', 'Comedy', 'Explicit Language', 'Fluff', 'Pining']",['Basically a condensed romcom'],[],[]
https://golemlab.eu/graph/13405530,Control,"Hybrids are the result of the greatest sin, a love between a dragon and dragon tamer. They’re born into a life of hate and disgust, but more powerful and stronger than anyone else… Hybrid!Taehyung is hopelessly in love with his tamer and ready to take the next step in their forbidden relationship. A dragon and it’s tamer are connected with a special bond, a bond decided by destiny, forcing two people to protect each other for life. Being far away from the person you share your bond with is painful and hard, especially for a hybrid experiencing his first heat… The high court rules and they want the hybrids dead, but new encounters along with jealousy, secrets and new friendships open the doors for change once and for all…",2018-01-18,24356,Mature,F/M,Completed,166,taehyung,Angst | Breeding | Forbidden Love | Hybrid - Freeform | Smut | dragon - Freeform | heat - Freeform | hybrid!taehyung | jikook - Freeform,Kim Taehyung | V/Reader,"['Angst', 'Breeding', 'Forbidden Love', 'Hybrid - Freeform', 'Smut', 'dragon - Freeform', 'heat - Freeform', 'hybrid!taehyung', 'jikook - Freeform']","['Angst', 'Breeding', 'Forbidden Love', 'Smut']","['Hybrid - Freeform', 'dragon - Freeform', 'heat - Freeform', 'hybrid!taehyung', 'jikook - Freeform']",['Hybrid - Freeform'],[]
https://golemlab.eu/graph/27306238,Have Faith In Me,"Taehyung, your best friend, has come down with some kind of mysterious illness and you’re determined to figure out a way to help him. Will you be okay with the treatment that he needs?",2020-10-31,6380,Mature,F/M,Completed,166,taehyung,Alternate Universe - Werewolf | Fluff and Smut | Shameless Smut | Werewolf Mates,Kim Taehyung | V/Reader,"['Alternate Universe - Werewolf', 'Fluff and Smut', 'Shameless Smut', 'Werewolf Mates']","['Alternate Universe - Werewolf', 'Fluff and Smut', 'Shameless Smut', 'Werewolf Mates']",[],[],[]
https://golemlab.eu/graph/8528641,V-Card,"The moment you've been waiting for for months has finally come. You can't wait until you can have sex with your handsome boyfriend, now you're finally completely alone with him. Although, you come across a little...problem?",2016-11-11,1986,Mature,F/M,Completed,164,taehyung,First Time | Fluff | Innocent Taehyung | Smut | Sub Taehyung | Virgin Taehyung | Woman on Top,Kim Taehyung | V/Reader,"['First Time', 'Fluff', 'Innocent Taehyung', 'Smut', 'Sub Taehyung', 'Virgin Taehyung', 'Woman on Top']","['First Time', 'Fluff', 'Smut', 'Woman on Top']","['Innocent Taehyung', 'Sub Taehyung', 'Virgin Taehyung']","['Innocent Taehyung', 'Sub Taehyung', 'Virgin Taehyung']",[]
https://golemlab.eu/graph/18633853,Train Tracks,"Hybrid!Reader x Taehyung: As a hybrid you have no worth and your means of survival is digging through the trash, working odd jobs for those who are more kind-hearted, and–unfortunately–pick-pocketing. When you choose the wrong target, things take a strange turn as this obviously wealthy man enters your life. Two different endings for your enjoyment.",2019-04-28,14559,Teen And Up Audiences,F/M,Completed,164,taehyung,Cat Hybrid Reader | Human Taehyung | Kim Taehyung | V is a Sweetheart | One route ending reader is pregnant | Other members appear - Freeform | Pregnant Reader | Rich Taehyung,Kim Taehyung | V/Reader,"['Cat Hybrid Reader', 'Human Taehyung', 'Kim Taehyung', 'V is a Sweetheart', 'One route ending reader is pregnant', 'Other members appear - Freeform', 'Pregnant Reader', 'Rich Taehyung']",[],"['Cat Hybrid Reader', 'Human Taehyung', 'Kim Taehyung', 'V is a Sweetheart', 'One route ending reader is pregnant', 'Other members appear - Freeform', 'Pregnant Reader', 'Rich Taehyung']","['Cat Hybrid Reader', 'Human Taehyung', 'Kim Taehyung', 'Pregnant Reader', 'Rich Taehyung']",[]
https://golemlab.eu/graph/19830655,A long journey home,"All you wanted was to confront your flaky coworker, Taehyung, not get dragged across a magical fantasy realm trying to deliver a baby dragon safely back to its home kingdom. Fantasy!au. Taehyung x Reader",2019-07-16,21573,Teen And Up Audiences,F/M,Completed,164,taehyung,Adventure | Fantasy | Fantasy Violence | Fluff | a baby dragon | my goal is for you to love the baby dragon like your own child | suggestive jokes,Kim Taehyung | V/Reader Series: Finding home [1],"['Adventure', 'Fantasy', 'Fantasy Violence', 'Fluff', 'a baby dragon', 'my goal is for you to love the baby dragon like your own child', 'suggestive jokes']","['Adventure', 'Fantasy', 'Fluff']","['Fantasy Violence', 'a baby dragon', 'my goal is for you to love the baby dragon like your own child', 'suggestive jokes']",['Fantasy Violence'],[]
https://golemlab.eu/graph/22468990,Rattlesnake Shake,"You, a human in a world full of hybrids, turned a blind eye to most things bump in the night. But when trouble falls upon you and your best friend, and you're left at the mercy of a deadly hybrid, your world seems to turn upside down in an instant. There's also something about this man you just can't seem to shake...",2020-01-29,7090,Mature,F/M,Completed,163,taehyung,Blood and Injury | Character Death | Choking | Drinking | Hybrid Kim Taehyung | V | Oral Sex | Smut | slight degrading | tae has a big snake wink,Kim Taehyung | V/Reader,"['Blood and Injury', 'Character Death', 'Choking', 'Drinking', 'Hybrid Kim Taehyung', 'V', 'Oral Sex', 'Smut', 'slight degrading', 'tae has a big snake wink']","['Blood and Injury', 'Character Death', 'Choking', 'Drinking', 'Oral Sex', 'Smut']","['Hybrid Kim Taehyung', 'V', 'slight degrading', 'tae has a big snake wink']",['Hybrid Kim Taehyung'],[]
https://golemlab.eu/graph/25780729,Is This Allowed?,How were you supposed to know BTS would be filming at your coffee shop today? How were you supposed to know a certain curly-haired boy would take a liking to you?,2020-08-08,9070,Explicit,F/M,Completed,163,taehyung,Car Sex | Creampie | Cross-Posted on Tumblr | Cunnilingus | Facials | Kim Taehyung | V Has a Big Dick | Multiple Orgasms | Oppa Kink | Overstimulation | Semi-Public Sex | Sexual Tension | and yes taehyung has an oppa kink i have no idea why he just does i dont make the rules | it might make you cringe | taehyung isnt fluent in english,Kim Taehyung | V/Reader,"['Car Sex', 'Creampie', 'Cross-Posted on Tumblr', 'Cunnilingus', 'Facials', 'Kim Taehyung', 'V Has a Big Dick', 'Multiple Orgasms', 'Oppa Kink', 'Overstimulation', 'Semi-Public Sex', 'Sexual Tension', 'and yes taehyung has an oppa kink i have no idea why he just does i dont make the rules', 'it might make you cringe', 'taehyung isnt fluent in english']","['Car Sex', 'Creampie', 'Cross-Posted on Tumblr', 'Cunnilingus', 'Facials', 'Multiple Orgasms', 'Oppa Kink', 'Overstimulation', 'Semi-Public Sex', 'Sexual Tension']","['Kim Taehyung', 'V Has a Big Dick', 'and yes taehyung has an oppa kink i have no idea why he just does i dont make the rules', 'it might make you cringe', 'taehyung isnt fluent in english']",['Kim Taehyung'],[]
https://golemlab.eu/graph/19767100,Familiar Connections,"Living on a farm with Taehyung was the best. However, after seeing the other animals have their babies, it made you think you wanted a family of your own.",2019-07-11,2752,Explicit,F/M,Completed,161,taehyung,Breeding | Cat/Human Hybrids | Dirty Talk | Farmer Kim Taehyung | V | Human Kim Taehyung | V | Hybrids | Penis In Vagina Sex | Vaginal Sex,Kim Taehyung | V/Reader,"['Breeding', 'Cat/Human Hybrids', 'Dirty Talk', 'Farmer Kim Taehyung', 'V', 'Human Kim Taehyung', 'V', 'Hybrids', 'Penis In Vagina Sex', 'Vaginal Sex']","['Breeding', 'Cat/Human Hybrids', 'Dirty Talk', 'Hybrids', 'Penis In Vagina Sex', 'Vaginal Sex']","['Farmer Kim Taehyung', 'V', 'Human Kim Taehyung', 'V']","['Farmer Kim Taehyung', 'Human Kim Taehyung']",[]
https://golemlab.eu/graph/28622823,Tease,"You knew you were hot. You saw how the guys looked at you, how their eyes were drawn to a tight t-shirt or short skirt. And maybe this would fail epically—crash and burn like a failed experiment—but you wanted to get under Kim Taehyung’s skin the only way you knew how. Alternatively: You were gonna blue ball your brother's best friend so hard that he would rue the day he snitched on you.",2021-01-08,13048,Explicit,F/M,Completed,160,taehyung,Creampie | Enemies to Lovers | and it results in really rough sex | basically taehyung snitches on the reader | be warned | brother's best friend au | hope u thirsty hoes like it | jungkook is reader's oblivious brother | look it's basically pwp but like | reader is promiscuous | some spicy choking | taehyung eats reader out and reader sees god | taehyung get angie | this was supposed to be 5k but look where we are now | with some plot | wrap it b4 u tap it,Kim Taehyung | V/Reader,"['Creampie', 'Enemies to Lovers', 'and it results in really rough sex', 'basically taehyung snitches on the reader', 'be warned', ""brother's best friend au"", 'hope u thirsty hoes like it', ""jungkook is reader's oblivious brother"", ""look it's basically pwp but like"", 'reader is promiscuous', 'some spicy choking', 'taehyung eats reader out and reader sees god', 'taehyung get angie', 'this was supposed to be 5k but look where we are now', 'with some plot', 'wrap it b4 u tap it']","['Creampie', 'Enemies to Lovers']","['and it results in really rough sex', 'basically taehyung snitches on the reader', 'be warned', ""brother's best friend au"", 'hope u thirsty hoes like it', ""jungkook is reader's oblivious brother"", ""look it's basically pwp but like"", 'reader is promiscuous', 'some spicy choking', 'taehyung eats reader out and reader sees god', 'taehyung get angie', 'this was supposed to be 5k but look where we are now', 'with some plot', 'wrap it b4 u tap it']",[],[]
https://golemlab.eu/graph/18614056,Stranded,Stranded in the Swiss Alps with your best friend. What could go wrong?,2019-01-31,7936,Mature,F/M,Completed,157,taehyung,,Kim Taehyung | V/Reader,[],[],[],[],[]
https://golemlab.eu/graph/7272217,six christmases,"on the first christmas, she learned that she absolutely, well and truly, entirely fucking hated snow.",2016-06-22,3217,Mature,F/M,Completed,157,taehyung,Family | Fluff and Humor | Implied Sexual Content | Parenthood,Kim Taehyung | V/Reader Series: Personal Favourites From The Past [8],"['Family', 'Fluff and Humor', 'Implied Sexual Content', 'Parenthood']","['Family', 'Fluff and Humor', 'Implied Sexual Content', 'Parenthood']",[],[],[]
https://golemlab.eu/graph/11559330,The B.P.P.,This is the sixth in a BTS OneShot Series based on a prompt list I ran across! TaeHyung's story is based on the prompt: We’ve had this tradition as besties to have a sleepover once a year but this year….it feels different…were your pajamas always this cute??…did I always have butterflies???,2017-07-20,6265,Mature,F/M,Completed,154,taehyung,Fluff | Romance | Romantic Comedy | Romantic Fluff | Romantic Friendship,Kim Taehyung | V/Reader Series: BTS Bed Sharing Series [6],"['Fluff', 'Romance', 'Romantic Comedy', 'Romantic Fluff', 'Romantic Friendship']","['Fluff', 'Romance', 'Romantic Comedy', 'Romantic Fluff', 'Romantic Friendship']",[],[],[]
https://golemlab.eu/graph/10139297,Amortentia,"“Amortentia is the most powerful love potion in the world. It is distinctive for its mother-of-pearl sheen, and steam rises from the potion in spirals. Amortentia smells different to each person, according to what attracts them.” You’re a Ravenclaw. He’s a Slytherin. It’s Hallowe’en. And nothing tastes sweeter than revenge.",2017-03-06,5614,Teen And Up Audiences,F/M,Completed,154,taehyung,Alternate Universe - Harry Potter Setting | Alternate Universe - Hogwarts | Alternate Universe - Magic | Amortentia | Enemies to Lovers | Fanfiction | Fluff | Magic | Magic-Users | Original Character(s) | Relationship(s) | Romance,Kim Taehyung | V/Reader,"['Alternate Universe - Harry Potter Setting', 'Alternate Universe - Hogwarts', 'Alternate Universe - Magic', 'Amortentia', 'Enemies to Lovers', 'Fanfiction', 'Fluff', 'Magic', 'Magic-Users', 'Original Character(s)', 'Relationship(s)', 'Romance']","['Alternate Universe - Harry Potter Setting', 'Alternate Universe - Hogwarts', 'Alternate Universe - Magic', 'Amortentia', 'Enemies to Lovers', 'Fanfiction', 'Fluff', 'Magic', 'Magic-Users', 'Original Character(s)', 'Relationship(s)', 'Romance']",[],[],[]
https://golemlab.eu/graph/12800973,Interest,"“Then prove it.” “Prove what?” you questioned, sucking a bit of ice cream out of your spoon. “Prove that you’d dislike me even if you knew me. Be my friend for a month. If you like me at the end, you have to do something for me. If you dislike me, I’ll never bother you again,” he dared and his eyes lit up. or your regular 'bet you can't date her' fics but it's a bet with the girl",2017-11-23,21718,Mature,F/M,In-Progress,154,taehyung,Alternate Universe - College/University | Frat Boy BTS | Idk what to tag this as | Waiter Kim Taehyung | V | also for just tagging got7 as an ensemble | in characters | kind of | y'all I lowkey feel guilty for tagging namjoon as rapmonster,Kim Taehyung | V/Reader,"['Alternate Universe - College/University', 'Frat Boy BTS', 'Idk what to tag this as', 'Waiter Kim Taehyung', 'V', 'also for just tagging got7 as an ensemble', 'in characters', 'kind of', ""y'all I lowkey feel guilty for tagging namjoon as rapmonster""]",['Alternate Universe - College/University'],"['Frat Boy BTS', 'Idk what to tag this as', 'Waiter Kim Taehyung', 'V', 'also for just tagging got7 as an ensemble', 'in characters', 'kind of', ""y'all I lowkey feel guilty for tagging namjoon as rapmonster""]","['Frat Boy BTS', 'Waiter Kim Taehyung']",[]
https://golemlab.eu/graph/23125804,Silence (Yandere Taehyung x Reader),You've been defiant and Taehyung needs to put you back in your place,2020-03-13,2336,Mature,F/M,Completed,153,taehyung,Abuse | Abusive Relationship | Black Eye | Domestic Violence | Physical Abuse | Reader-Insert | Stockholm Syndrome | Toxic Relationship | Violence | Yandere Bangtan Boys | BTS | kpopyandere,"Kim Taehyung | V/Reader, yandere!kim taehyung/reader, yandere!taehyung/reader","['Abuse', 'Abusive Relationship', 'Black Eye', 'Domestic Violence', 'Physical Abuse', 'Reader-Insert', 'Stockholm Syndrome', 'Toxic Relationship', 'Violence', 'Yandere Bangtan Boys', 'BTS', 'kpopyandere']","['Abuse', 'Black Eye', 'Domestic Violence', 'Physical Abuse', 'Reader-Insert', 'Stockholm Syndrome', 'Violence']","['Abusive Relationship', 'Toxic Relationship', 'Yandere Bangtan Boys', 'BTS', 'kpopyandere']","['Abusive Relationship', 'Toxic Relationship', 'Yandere Bangtan Boys']",[]
https://golemlab.eu/graph/12427155,My Hero | Kim Taehyung x Male Reader,"kim taehyung is seoul’s cockiest villain, and [y/n] is seoul’s hero. they both hate each other when they are in their uniforms, but are actually dorm mates that attend seoul’s finest art school.",2017-10-20,1358,General Audiences,M/M,Completed,151,taehyung,BTS x Reader | Boy x boy | bts imagine | bts oneshot | bts scenario | bts x male reader - Freeform | cr: littlespace | kpop imagine - Freeform | kpop oneshot | kpop scenario | kpop x male reader | kpop x reader | male x male,"Kim Taehyung | V/Reader, kim taehyung | v/male reader","['BTS x Reader', 'Boy x boy', 'bts imagine', 'bts oneshot', 'bts scenario', 'bts x male reader - Freeform', 'cr: littlespace', 'kpop imagine - Freeform', 'kpop oneshot', 'kpop scenario', 'kpop x male reader', 'kpop x reader', 'male x male']",[],"['BTS x Reader', 'Boy x boy', 'bts imagine', 'bts oneshot', 'bts scenario', 'bts x male reader - Freeform', 'cr: littlespace', 'kpop imagine - Freeform', 'kpop oneshot', 'kpop scenario', 'kpop x male reader', 'kpop x reader', 'male x male']",[],[]
https://golemlab.eu/graph/15410484,Come Out and Play!!! - Taehyung,Imagine! having a child with Taehyung,2018-07-24,1417,General Audiences,F/M,Completed,150,taehyung,Established Relationship | Fluff | Pregnancy | Pregnant Reader | Reader Insert | SO MUCH FLUFF | Taehyung is a hyper prick | a daughter | bts v | but also a huge sweetheart and loves you | domestic life | v - Freeform | you have another kid,Kim Taehyung | V/Reader Series: Pregnant!ReaderxBTS [5],"['Established Relationship', 'Fluff', 'Pregnancy', 'Pregnant Reader', 'Reader Insert', 'SO MUCH FLUFF', 'Taehyung is a hyper prick', 'a daughter', 'bts v', 'but also a huge sweetheart and loves you', 'domestic life', 'v - Freeform', 'you have another kid']","['Established Relationship', 'Fluff', 'Pregnancy']","['Pregnant Reader', 'Reader Insert', 'SO MUCH FLUFF', 'Taehyung is a hyper prick', 'a daughter', 'bts v', 'but also a huge sweetheart and loves you', 'domestic life', 'v - Freeform', 'you have another kid']","['Pregnant Reader', 'Reader Insert']",[]
https://golemlab.eu/graph/15321033,Greed,"You're a waitress at a strip club just trying to make a living, but Taehyung sees something more in you. However, he doesn't want anyone else seeing it. Kim Taehyung commits the third sin: greed.",2018-07-17,4779,Explicit,F/M,Completed,149,taehyung,Drinking | Lap Sex | Pole Dancing | Rich Kim Taehyung | V | Seven Deadly Sins | Sex Club | Smut | Strippers & Strip Clubs,Kim Taehyung | V/Reader Series: Seven Deadly Sins [3],"['Drinking', 'Lap Sex', 'Pole Dancing', 'Rich Kim Taehyung', 'V', 'Seven Deadly Sins', 'Sex Club', 'Smut', 'Strippers & Strip Clubs']","['Drinking', 'Lap Sex', 'Pole Dancing', 'Seven Deadly Sins', 'Sex Club', 'Smut', 'Strippers & Strip Clubs']","['Rich Kim Taehyung', 'V']",['Rich Kim Taehyung'],[]
https://golemlab.eu/graph/6833296,Queen,"A rich man in a suit, you trying so hard not to stare, dancing bodies gliding together, a bathroom you’re sure echoes. Or, Taehyung’s red hair covered his eyes and you’re his queen.",2016-05-12,4559,Explicit,F/M,Completed,149,taehyung,Age Difference | Dom/sub | Oral Sex | Pet Names | Public Sex | Rough Sex | Smut | Spanking | Strangers | Teasing,Kim Taehyung | V/Reader,"['Age Difference', 'Dom/sub', 'Oral Sex', 'Pet Names', 'Public Sex', 'Rough Sex', 'Smut', 'Spanking', 'Strangers', 'Teasing']","['Age Difference', 'Dom/sub', 'Oral Sex', 'Pet Names', 'Public Sex', 'Rough Sex', 'Smut', 'Spanking', 'Strangers', 'Teasing']",[],[],[]
https://golemlab.eu/graph/11046663,Control,You decide to try something different in the bedroom.,2017-05-30,4145,Mature,F/M,Completed,148,taehyung,Dominant Reader | Handcuffs | Light Bondage | Slight Choking | Smut | Taehyung smut | dom!reader | kim taehyung - Freeform | sub!Tae | submissive Taehyung,Kim Taehyung | V/Reader,"['Dominant Reader', 'Handcuffs', 'Light Bondage', 'Slight Choking', 'Smut', 'Taehyung smut', 'dom!reader', 'kim taehyung - Freeform', 'sub!Tae', 'submissive Taehyung']","['Handcuffs', 'Light Bondage', 'Smut']","['Dominant Reader', 'Slight Choking', 'Taehyung smut', 'dom!reader', 'kim taehyung - Freeform', 'sub!Tae', 'submissive Taehyung']","['Dominant Reader', 'Slight Choking']",[]
https://golemlab.eu/graph/27649097,Strings,"You've always had the ability to see the strings of fate—all of them—all the colours, from other people's to your own. While getting ready for a BTS concert you notice that your red string has appeared and are surprised to see that it's connected to Kim Taehyung of BTS. Now you have to navigate your new life with your soulmate, BTS, and also work around the fans and the media.",2020-11-20,193447,Explicit,M/M,Completed,148,taehyung,Alternate Canon | Alternate Universe - Idols | Alternate Universe - Soulmates | Anal | Anal Fingering | Anal Sex | Biting | Canon Compliant | Fluff and Smut | Gay | Gay Male Character | Gay Sex | Gratuitous Smut | No Beta | Not Beta Read | Oc Reader - Freeform | Oral Sex | Original Character(s) | Platonic Soulmates | Platonic Soulmates Kim Taehyung | V & Park Jimin | Reader knows Korean | Romantic Soulmates | Shameless Smut | Slice of Life | Soulmates | biting kink | male reader - Freeform,Kim Taehyung | V/Reader,"['Alternate Canon', 'Alternate Universe - Idols', 'Alternate Universe - Soulmates', 'Anal', 'Anal Fingering', 'Anal Sex', 'Biting', 'Canon Compliant', 'Fluff and Smut', 'Gay', 'Gay Male Character', 'Gay Sex', 'Gratuitous Smut', 'No Beta', 'Not Beta Read', 'Oc Reader - Freeform', 'Oral Sex', 'Original Character(s)', 'Platonic Soulmates', 'Platonic Soulmates Kim Taehyung', 'V & Park Jimin', 'Reader knows Korean', 'Romantic Soulmates', 'Shameless Smut', 'Slice of Life', 'Soulmates', 'biting kink', 'male reader - Freeform']","['Alternate Canon', 'Alternate Universe - Idols', 'Alternate Universe - Soulmates', 'Anal', 'Anal Fingering', 'Anal Sex', 'Biting', 'Canon Compliant', 'Fluff and Smut', 'Gay', 'Gay Male Character', 'Gay Sex', 'Gratuitous Smut', 'Not Beta Read', 'Oral Sex', 'Original Character(s)', 'Platonic Soulmates', 'Romantic Soulmates', 'Shameless Smut', 'Slice of Life', 'Soulmates']","['No Beta', 'Oc Reader - Freeform', 'Platonic Soulmates Kim Taehyung', 'V & Park Jimin', 'Reader knows Korean', 'biting kink', 'male reader - Freeform']","['No Beta', 'Oc Reader - Freeform', 'Platonic Soulmates Kim Taehyung', 'V & Park Jimin']",[]
https://golemlab.eu/graph/17624507,paradise 17,"“Welcome to Paradise 17, the immersive virtual reality of your most private fantasies. Please, to begin your pleasurable experience, click ‘proceed’ and pick your partner.”",2019-02-01,15091,Mature,F/M,Completed,144,taehyung,Cock Worship | Dom/sub | Overstimulation | Smut | Spanking | Vibrators | Virtual Reality | Voyeurism | dom!taehyung | praising | theres also a mirror on the ceiling | this is a lot ok,Kim Taehyung | V/Reader,"['Cock Worship', 'Dom/sub', 'Overstimulation', 'Smut', 'Spanking', 'Vibrators', 'Virtual Reality', 'Voyeurism', 'dom!taehyung', 'praising', 'theres also a mirror on the ceiling', 'this is a lot ok']","['Cock Worship', 'Dom/sub', 'Overstimulation', 'Smut', 'Spanking', 'Vibrators', 'Virtual Reality', 'Voyeurism']","['dom!taehyung', 'praising', 'theres also a mirror on the ceiling', 'this is a lot ok']",[],[]
https://golemlab.eu/graph/19103086,Source of heat,"You and your boyfriend Taehyung were getting ready for a night of movies and being cozy in bed, but as summer was turning into autumn and the windows had been left open in the room all day it had become too cold for movies and Taehyung had a better idea…",2019-06-05,3656,Mature,F/M,Completed,144,taehyung,Cock Warming | Dirty Talk | Fingering | Keeping warm | Nipple Play | Pet Names | Rough Kissing | Rough Sex | Scratching | Smut | Squirting | Teasing | Top Kim Taehyung | V | Touching | a lot of dirty talk | big dick | cumming inside | rough | touching each other | under the covers | very dirty talk,Kim Taehyung | V/Reader,"['Cock Warming', 'Dirty Talk', 'Fingering', 'Keeping warm', 'Nipple Play', 'Pet Names', 'Rough Kissing', 'Rough Sex', 'Scratching', 'Smut', 'Squirting', 'Teasing', 'Top Kim Taehyung', 'V', 'Touching', 'a lot of dirty talk', 'big dick', 'cumming inside', 'rough', 'touching each other', 'under the covers', 'very dirty talk']","['Cock Warming', 'Dirty Talk', 'Nipple Play', 'Pet Names', 'Rough Kissing', 'Rough Sex', 'Scratching', 'Smut', 'Teasing', 'Touching']","['Fingering', 'Keeping warm', 'Squirting', 'Top Kim Taehyung', 'V', 'a lot of dirty talk', 'big dick', 'cumming inside', 'rough', 'touching each other', 'under the covers', 'very dirty talk']","['Fingering', 'Squirting', 'Top Kim Taehyung']",[]
https://golemlab.eu/graph/27166366,Table Talks,"After a string of bad dates and even worse hook-ups, your friend encourages you to visit Heavenly Massage for some well-deserved stress relief.",2020-10-23,7821,Explicit,F/M,Completed,143,taehyung,Detailed massage | Explicit Language | Fingerfucking | Mildly Dubious Consent | Oral Sex | Talk of Sex Toys | Vaginal Fingering,Kim Taehyung | V/Reader,"['Detailed massage', 'Explicit Language', 'Fingerfucking', 'Mildly Dubious Consent', 'Oral Sex', 'Talk of Sex Toys', 'Vaginal Fingering']","['Explicit Language', 'Fingerfucking', 'Mildly Dubious Consent', 'Oral Sex', 'Vaginal Fingering']","['Detailed massage', 'Talk of Sex Toys']",[],[]
https://golemlab.eu/graph/13254963,Lead,"If he leads, you will follow.",2018-01-03,524,Teen And Up Audiences,F/M,Completed,143,taehyung,Alternate Universe - Vampire | Anxiety | Ball | Complicated Relationships | Dancing | Developing Relationship | Drabble | Human/Vampire Relationship | Vampire Kim Taehyung | V,Kim Taehyung | V/Reader Series: Vampire!Taehyung [2],"['Alternate Universe - Vampire', 'Anxiety', 'Ball', 'Complicated Relationships', 'Dancing', 'Developing Relationship', 'Drabble', 'Human/Vampire Relationship', 'Vampire Kim Taehyung', 'V']","['Alternate Universe - Vampire', 'Anxiety', 'Complicated Relationships', 'Dancing', 'Developing Relationship', 'Drabble', 'Human/Vampire Relationship']","['Ball', 'Vampire Kim Taehyung', 'V']","['Ball', 'Vampire Kim Taehyung']",[]
https://golemlab.eu/graph/23965888,Your Heart and Soul were Never Yours to Own,A demon named Taehyung is accidentally summoned during a séance and haunts you. WARNING ► non-con ► anal sex ► demonic possession,2020-05-02,5511,Explicit,F/M,Completed,143,taehyung,Anal Fingering | Anal Sex | Demons | Dom/sub | Dominance | Edgeplay | Fingerfucking | Implied/Referenced Rape/Non-con | Incubus Kim Taehyung | V | Possession | Rough Sex | Shameless Smut | Smut | Supernatural Elements | Vaginal Fingering | Yoongi is an asshole | forgive me Father for I have sinned,Kim Taehyung | V/Reader,"['Anal Fingering', 'Anal Sex', 'Demons', 'Dom/sub', 'Dominance', 'Edgeplay', 'Fingerfucking', 'Implied/Referenced Rape/Non-con', 'Incubus Kim Taehyung', 'V', 'Possession', 'Rough Sex', 'Shameless Smut', 'Smut', 'Supernatural Elements', 'Vaginal Fingering', 'Yoongi is an asshole', 'forgive me Father for I have sinned']","['Anal Fingering', 'Anal Sex', 'Demons', 'Dom/sub', 'Dominance', 'Edgeplay', 'Fingerfucking', 'Implied/Referenced Rape/Non-con', 'Possession', 'Rough Sex', 'Shameless Smut', 'Smut', 'Supernatural Elements', 'Vaginal Fingering']","['Incubus Kim Taehyung', 'V', 'Yoongi is an asshole', 'forgive me Father for I have sinned']",['Incubus Kim Taehyung'],[]
https://golemlab.eu/graph/16322735,Only You...,"Idol Taehyung may know how to rack up the sex appeal on stage, but in real life, things couldn’t be any more different. As someone who has never been in a serious relationship before being with you -- and certainly has never had any sexual experiences, otherwise -- it’s really only a matter of time before things heat up between the two of you. OR The fic where Tae is a shy virgin and you're more than happy to enlighten him.",2018-10-17,19961,Explicit,F/M,In-Progress,142,taehyung,"""small"" space | Aftercare | Angst with a Happy Ending | Birth Control | Cock Warming | Come Swallowing | Deepthroating | Dirty Talk | Dom/sub Undertones | Established Relationship | Explicit Consent | Finger Sucking | First Time Blow Jobs | Fluff and Humor | Hand & Finger Kink | Hand Jobs | Heavy Petting | Kim Taehyung | V is Whipped | Kim Taehyung | V is a Sweetheart | Kinda Protected Sex? | Long-Distance Relationship | Lube Is Everyone's Friend | Marking | Mentioned Jeon Jungkook | Mentioned Jung Hoseok | J-Hope | Mentioned Kim Namjoon | RM | Multiple Orgasms | My First Smut | Non-Virgin Reader | Oral Sex | Orgasm Delay | Other Additional Tags to Be Added | Paparazzi | Phone Sex | Pillow Talk | Praise Kink | Rough Body Play | Sex Education | Sexual Tension | Shameless Smut | Shy Kim Taehyung | V | Slow Build | Stan Twitter Is Practically A Whole Character | Subspace | Switch Kim Taehyung | V | Switch Reader | Tae makes jokes when he's nervous | Teasing | The Perfectly Knotted Bath Towel Also Deserves To Be Its Own Character | Touch-Starved | Vaginal Fingering | Virgin Kim Taehyung | V | because i really needed that in my life okay | but like slight | for a little bit - Freeform | hello yes it is i | is it obvious that I'm new around here | let me see now | lol | maybe kinda a little bit of | not even ashamed | quippy lil taekook mentions | she knows wtf she's doing okay | the fluffiest",Kim Taehyung | V/Reader,"['""small"" space', 'Aftercare', 'Angst with a Happy Ending', 'Birth Control', 'Cock Warming', 'Come Swallowing', 'Deepthroating', 'Dirty Talk', 'Dom/sub Undertones', 'Established Relationship', 'Explicit Consent', 'Finger Sucking', 'First Time Blow Jobs', 'Fluff and Humor', 'Hand & Finger Kink', 'Hand Jobs', 'Heavy Petting', 'Kim Taehyung', 'V is Whipped', 'Kim Taehyung', 'V is a Sweetheart', 'Kinda Protected Sex?', 'Long-Distance Relationship', ""Lube Is Everyone's Friend"", 'Marking', 'Mentioned Jeon Jungkook', 'Mentioned Jung Hoseok', 'J-Hope', 'Mentioned Kim Namjoon', 'RM', 'Multiple Orgasms', 'My First Smut', 'Non-Virgin Reader', 'Oral Sex', 'Orgasm Delay', 'Other Additional Tags to Be Added', 'Paparazzi', 'Phone Sex', 'Pillow Talk', 'Praise Kink', 'Rough Body Play', 'Sex Education', 'Sexual Tension', 'Shameless Smut', 'Shy Kim Taehyung', 'V', 'Slow Build', 'Stan Twitter Is Practically A Whole Character', 'Subspace', 'Switch Kim Taehyung', 'V', 'Switch Reader', ""Tae makes jokes when he's nervous"", 'Teasing', 'The Perfectly Knotted Bath Towel Also Deserves To Be Its Own Character', 'Touch-Starved', 'Vaginal Fingering', 'Virgin Kim Taehyung', 'V', 'because i really needed that in my life okay', 'but like slight', 'for a little bit - Freeform', 'hello yes it is i', ""is it obvious that I'm new around here"", 'let me see now', 'lol', 'maybe kinda a little bit of', 'not even ashamed', 'quippy lil taekook mentions', ""she knows wtf she's doing okay"", 'the fluffiest']","['Aftercare', 'Angst with a Happy Ending', 'Birth Control', 'Cock Warming', 'Come Swallowing', 'Deepthroating', 'Dirty Talk', 'Dom/sub Undertones', 'Established Relationship', 'Explicit Consent', 'Finger Sucking', 'First Time Blow Jobs', 'Fluff and Humor', 'Hand & Finger Kink', 'Hand Jobs', 'Heavy Petting', 'Long-Distance Relationship', 'Marking', 'Multiple Orgasms', 'My First Smut', 'Oral Sex', 'Orgasm Delay', 'Other Additional Tags to Be Added', 'Paparazzi', 'Phone Sex', 'Pillow Talk', 'Praise Kink', 'Rough Body Play', 'Sex Education', 'Sexual Tension', 'Shameless Smut', 'Slow Build', 'Subspace', 'Teasing', 'Touch-Starved', 'Vaginal Fingering']","['""small"" space', 'Kim Taehyung', 'V is Whipped', 'Kim Taehyung', 'V is a Sweetheart', 'Kinda Protected Sex?', ""Lube Is Everyone's Friend"", 'Mentioned Jung Hoseok', 'J-Hope', 'Mentioned Kim Namjoon', 'RM', 'Non-Virgin Reader', 'Shy Kim Taehyung', 'V', 'Stan Twitter Is Practically A Whole Character', 'Switch Kim Taehyung', 'V', 'Switch Reader', ""Tae makes jokes when he's nervous"", 'The Perfectly Knotted Bath Towel Also Deserves To Be Its Own Character', 'Virgin Kim Taehyung', 'V', 'because i really needed that in my life okay', 'but like slight', 'for a little bit - Freeform', 'hello yes it is i', ""is it obvious that I'm new around here"", 'let me see now', 'lol', 'maybe kinda a little bit of', 'not even ashamed', 'quippy lil taekook mentions', ""she knows wtf she's doing okay"", 'the fluffiest']","['Kim Taehyung', 'Kim Taehyung', 'Kinda Protected Sex?', 'Mentioned Jung Hoseok', 'J-Hope', 'Mentioned Kim Namjoon', 'Non-Virgin Reader', 'Shy Kim Taehyung', 'Switch Kim Taehyung', 'Switch Reader', 'Virgin Kim Taehyung']",['Mentioned Jeon Jungkook']
https://golemlab.eu/graph/18717019,between us || k.th,he thought he was sneaky when it came to touching himself while thinking about you or those puppy eyes would be the death of you,2019-05-05,2955,Mature,F/M,Completed,138,taehyung,Anal Fingering | Femdom | Masturbation | Mommy Kink | Oral Sex | Smut | dom!reader | noona!reader | puppy kink | sub!taehyung | tae likes being called puppy fight me,Kim Taehyung | V/Reader,"['Anal Fingering', 'Femdom', 'Masturbation', 'Mommy Kink', 'Oral Sex', 'Smut', 'dom!reader', 'noona!reader', 'puppy kink', 'sub!taehyung', 'tae likes being called puppy fight me']","['Anal Fingering', 'Femdom', 'Masturbation', 'Oral Sex', 'Smut']","['Mommy Kink', 'dom!reader', 'noona!reader', 'puppy kink', 'sub!taehyung', 'tae likes being called puppy fight me']",['Mommy Kink'],[]
https://golemlab.eu/graph/12280749,Stuck On You,"""I want you to take my virginity."" ""What the fuck did you ask me Kim Taehyung?""",2017-10-06,9436,Teen And Up Audiences,F/M,In-Progress,137,taehyung,Bangtan smut | Kpop smut | Lots of sex jokes | Smut | bangtan boys - Freeform | bangtan sonyeondan - Freeform | bts smut | cringe worthy shit | first time smut | kim taehyung smut | kpop | virginity smut,Kim Taehyung | V/Reader,"['Bangtan smut', 'Kpop smut', 'Lots of sex jokes', 'Smut', 'bangtan boys - Freeform', 'bangtan sonyeondan - Freeform', 'bts smut', 'cringe worthy shit', 'first time smut', 'kim taehyung smut', 'kpop', 'virginity smut']",['Smut'],"['Bangtan smut', 'Kpop smut', 'Lots of sex jokes', 'bangtan boys - Freeform', 'bangtan sonyeondan - Freeform', 'bts smut', 'cringe worthy shit', 'first time smut', 'kim taehyung smut', 'kpop', 'virginity smut']",[],[]
https://golemlab.eu/graph/6801877,Crimson Kisses,He always enjoyed a good hunt.,2016-05-09,2213,Teen And Up Audiences,F/M,Completed,135,taehyung,He's pretty evil | Mentions of Blood | Vamp!Tae,Kim Taehyung | V/Reader,"[""He's pretty evil"", 'Mentions of Blood', 'Vamp!Tae']",[],"[""He's pretty evil"", 'Mentions of Blood', 'Vamp!Tae']",['Vamp!Tae'],[]
https://golemlab.eu/graph/24221248,Picture Perfect,"As a plus size model, you're used to your fair share of ignorance and shaming. By now, it's water off a duck's back; you're a strong woman, hardened to it. But then there were those on the other end of the scale, who simply adored you and your body. Much like photographer, Kim Taehyung...",2020-05-17,7792,Explicit,F/M,Completed,134,taehyung,BBW Fetish | Body Worship | Consensual Sex | Derogatory Language | Fat Shaming | Manipulation | Oral Sex | Overweight | Size Kink | Spanking | Unprotected Sex | Vaginal Fingering | fatphobia | plus size reader,"Kim Taehyung | V/Reader, Kim Taehyung | V/You","['BBW Fetish', 'Body Worship', 'Consensual Sex', 'Derogatory Language', 'Fat Shaming', 'Manipulation', 'Oral Sex', 'Overweight', 'Size Kink', 'Spanking', 'Unprotected Sex', 'Vaginal Fingering', 'fatphobia', 'plus size reader']","['Body Worship', 'Consensual Sex', 'Derogatory Language', 'Fat Shaming', 'Manipulation', 'Oral Sex', 'Overweight', 'Size Kink', 'Spanking', 'Vaginal Fingering']","['BBW Fetish', 'Unprotected Sex', 'fatphobia', 'plus size reader']","['BBW Fetish', 'Unprotected Sex']",[]
https://golemlab.eu/graph/8528674,Fun and Games,Your boyfriend keeps begging you for a cat without realizing what keeping a pet at an apartment actually means. So you come up with a wonderful alternative!,2016-11-11,2540,Mature,F/M,Completed,134,taehyung,Collars | Daddy Kink | Pet Play | Smut | kitten play | pet kink,Kim Taehyung | V/Reader,"['Collars', 'Daddy Kink', 'Pet Play', 'Smut', 'kitten play', 'pet kink']","['Collars', 'Daddy Kink', 'Smut']","['Pet Play', 'kitten play', 'pet kink']",['Pet Play'],[]
https://golemlab.eu/graph/15818646,Love on the Line,"She met him online years ago and now they've picked up where they left off- but she never knew he was the famous V from BTS! Now that they're ready to meet in person and carry things to the next level, will his fame and busy schedule tear them apart?",2018-08-27,42377,Teen And Up Audiences,F/M,In-Progress,133,taehyung,,Kim Taehyung | V/Reader,[],[],[],[],[]
https://golemlab.eu/graph/18860389,the new toy || k.th,the new boy looks like he’d be fun to play with or how to stop obsessing over your bully,2019-05-17,4720,Mature,F/M,Completed,132,taehyung,Cutting | Femdom | Heats | Hybrid!AU | Hybrid!Tae | Masturbation | Role Reversal | Sadomasochism | Semi-Public Sex | Smut | degradation kink | dom!reader | royal!AU | sub!taehyung | there’s some blood | thigh riding,Kim Taehyung | V/Reader,"['Cutting', 'Femdom', 'Heats', 'Hybrid!AU', 'Hybrid!Tae', 'Masturbation', 'Role Reversal', 'Sadomasochism', 'Semi-Public Sex', 'Smut', 'degradation kink', 'dom!reader', 'royal!AU', 'sub!taehyung', 'there’s some blood', 'thigh riding']","['Cutting', 'Femdom', 'Masturbation', 'Role Reversal', 'Semi-Public Sex', 'Smut']","['Heats', 'Hybrid!AU', 'Hybrid!Tae', 'Sadomasochism', 'degradation kink', 'dom!reader', 'royal!AU', 'sub!taehyung', 'there’s some blood', 'thigh riding']","['Heats', 'Hybrid!AU', 'Hybrid!Tae', 'Sadomasochism']",[]
https://golemlab.eu/graph/11441739,Claustrophobia,"Your initial agenda was simply to reunite and spend quality time with your best friend after a long year of being apart, and it didn't include getting helplessly trapped within the suffocating confines of an elevator with a man you barely even knew - or so you thought.",2017-07-08,7394,Explicit,F/M,Completed,132,taehyung,Dom Kim Taehyung | V | Drabble | Eventual Smut | Gratuitous Smut | Hotel Sex | Reader-Insert | Reader-Interactive | Romance | Shameless Smut | Smut,Kim Taehyung | V/Reader,"['Dom Kim Taehyung', 'V', 'Drabble', 'Eventual Smut', 'Gratuitous Smut', 'Hotel Sex', 'Reader-Insert', 'Reader-Interactive', 'Romance', 'Shameless Smut', 'Smut']","['Drabble', 'Eventual Smut', 'Gratuitous Smut', 'Hotel Sex', 'Reader-Insert', 'Reader-Interactive', 'Romance', 'Shameless Smut', 'Smut']","['Dom Kim Taehyung', 'V']",['Dom Kim Taehyung'],[]
https://golemlab.eu/graph/14848557,Ill Fitting,You and Taehyung had been friends as long as you could remember. But what you don't remember is falling in love with him... Dedicated to my bae QueenRamsia who is Taehyung trash. EXpoSeD.,2018-06-04,10189,Explicit,F/M,Completed,131,taehyung,Best Friends | Friends to Lovers | Smut,Kim Taehyung | V/Reader,"['Best Friends', 'Friends to Lovers', 'Smut']","['Best Friends', 'Friends to Lovers', 'Smut']",[],[],[]
https://golemlab.eu/graph/19040401,Ultimatum,"With her life falling apart due to debt, she must lean on the support of a man who will reap much more than he sows.",2019-05-31,5722,Mature,F/M,Completed,131,taehyung,BTS AU | Yandere BTS | Yandere Taehyung,Kim Taehyung | V/Reader,"['BTS AU', 'Yandere BTS', 'Yandere Taehyung']",[],"['BTS AU', 'Yandere BTS', 'Yandere Taehyung']","['Yandere BTS', 'Yandere Taehyung']",[]
https://golemlab.eu/graph/24775837,Tiger's Queen,"It's just another normal year. You are a hard working, 21 year old college student who is also helplessly in love with those Bangtan boys. With the help of your best friend Hannah, you get soundcheck seats for the upcoming BTS concert. Little did you know, this wasn't going to be just any other concert. Thanks to Kim Taehyung, the moment you walked into that stadium, your life would never be the same again.",2020-06-17,98516,Mature,F/M,Completed,130,taehyung,Admiration | Angst | Awkward Boners | Banter | Behind the Scenes | Celebrations | Confessions | Crying | Drama | Drinking | Emotional Hurt/Comfort | Falling In Love | Fluff and Smut | Friendship | Guilt | Humor | Insecurity | Jealous Jeon Jungkook | Jealousy | Kissing | Love Triangles | Lust | Masks | Passion | Redemption | Romance | Secret Relationship | Secret dating | Slow Build | Stubbornness | Supportive Park Jimin (BTS) | Teasing | Touring | Travel | Trust Issues | Vulnerability | deep talks | scandals,Kim Taehyung | V/Reader,"['Admiration', 'Angst', 'Awkward Boners', 'Banter', 'Behind the Scenes', 'Celebrations', 'Confessions', 'Crying', 'Drama', 'Drinking', 'Emotional Hurt/Comfort', 'Falling In Love', 'Fluff and Smut', 'Friendship', 'Guilt', 'Humor', 'Insecurity', 'Jealous Jeon Jungkook', 'Jealousy', 'Kissing', 'Love Triangles', 'Lust', 'Masks', 'Passion', 'Redemption', 'Romance', 'Secret Relationship', 'Secret dating', 'Slow Build', 'Stubbornness', 'Supportive Park Jimin (BTS)', 'Teasing', 'Touring', 'Travel', 'Trust Issues', 'Vulnerability', 'deep talks', 'scandals']","['Angst', 'Awkward Boners', 'Banter', 'Behind the Scenes', 'Celebrations', 'Confessions', 'Crying', 'Drama', 'Drinking', 'Emotional Hurt/Comfort', 'Falling In Love', 'Fluff and Smut', 'Friendship', 'Guilt', 'Humor', 'Insecurity', 'Jealousy', 'Kissing', 'Love Triangles', 'Lust', 'Masks', 'Passion', 'Redemption', 'Romance', 'Secret Relationship', 'Slow Build', 'Teasing', 'Touring', 'Travel', 'Trust Issues', 'Vulnerability']","['Admiration', 'Secret dating', 'Stubbornness', 'deep talks', 'scandals']","['Admiration', 'Stubbornness']","['Jealous Jeon Jungkook', 'Supportive Park Jimin (BTS)']"
https://golemlab.eu/graph/8173657,Baritone,"Tumblr request from anon - ""a girl is obsessed over this anime series and she meets the voiceover actor to her favourite character and she's like oh shit he's hot and things get a little steamy from there""",2016-10-01,4523,Mature,F/M,Completed,129,taehyung,Alternate Universe | Cross-Posted on Tumblr | Dry Humping | Mild Smut | Reworked | Swearing | Tumblr Prompt | but not in detail | drink responsibly kids | jungkook's your best friend and he's a little shit | mentions of vomiting | my attempt at humour | voice actor!Taehyung,Kim Taehyung | V/Reader,"['Alternate Universe', 'Cross-Posted on Tumblr', 'Dry Humping', 'Mild Smut', 'Reworked', 'Swearing', 'Tumblr Prompt', 'but not in detail', 'drink responsibly kids', ""jungkook's your best friend and he's a little shit"", 'mentions of vomiting', 'my attempt at humour', 'voice actor!Taehyung']","['Alternate Universe', 'Cross-Posted on Tumblr', 'Dry Humping', 'Mild Smut', 'Swearing', 'Tumblr Prompt']","['Reworked', 'but not in detail', 'drink responsibly kids', ""jungkook's your best friend and he's a little shit"", 'mentions of vomiting', 'my attempt at humour', 'voice actor!Taehyung']",['Reworked'],[]
https://golemlab.eu/graph/16000178,Underwater,"Your bad behaviour led you to stay the whole summer in your town of birth with your grandfather. The very first day, you went for a walk to the beach and had an encounter with a stranger that would change your whole life. ""Life is as inexorable as the sea."" -Thomas Wentworth Higginson",2018-09-15,36674,Mature,F/M,In-Progress,129,taehyung,Enemies to Friends to Lovers | Eventual Smut | Fluff and Angst | Hate to Love | Merman! Taehyung | Rating: M | Sexual Tension | Slow Build | Slow Burn | Violence,Kim Taehyung | V/Reader,"['Enemies to Friends to Lovers', 'Eventual Smut', 'Fluff and Angst', 'Hate to Love', 'Merman! Taehyung', 'Rating: M', 'Sexual Tension', 'Slow Build', 'Slow Burn', 'Violence']","['Enemies to Friends to Lovers', 'Eventual Smut', 'Fluff and Angst', 'Hate to Love', 'Rating: M', 'Sexual Tension', 'Slow Build', 'Slow Burn', 'Violence']",['Merman! Taehyung'],['Merman! Taehyung'],[]
https://golemlab.eu/graph/32934100,By accident,"You just wanted to sleep after a very long night shift in the hospital. But it seems that’s not what fate has for you today. As you walk to the train station, a car accident takes place next to you. And being the dedicated nurse that you are, you decided that you need to help. What happens when one of those involved is none other than Kim Taehyung? And more shocking, when you touch him, you realize that he is your soulmate, and you would need him to keep yourself alive?",2021-07-31,42503,Teen And Up Audiences,F/M,In-Progress,129,taehyung,Alternate Universe | Awkwardness | Cuddling & Snuggling | Developing Friendships | Platonic Soulmates | Romantic Soulmates | Soulmates | reader is a nurse | soulmates by touch,Kim Taehyung | V/Reader,"['Alternate Universe', 'Awkwardness', 'Cuddling & Snuggling', 'Developing Friendships', 'Platonic Soulmates', 'Romantic Soulmates', 'Soulmates', 'reader is a nurse', 'soulmates by touch']","['Alternate Universe', 'Awkwardness', 'Cuddling & Snuggling', 'Developing Friendships', 'Platonic Soulmates', 'Romantic Soulmates', 'Soulmates']","['reader is a nurse', 'soulmates by touch']",[],[]
https://golemlab.eu/graph/16934388,The Changing of Seasons,"The last thing you thought would enter your boring little carved-out-for-yourself life entered into it like booming of thunder. A small frightened animal turns out to be not so small, and not as much of an animal at that. He is more than you bargained for when you took him in; and he is completely yours.",2018-12-10,81258,Mature,F/M,In-Progress,128,taehyung,Angst | Fluff | Hybrid AU | Hybrids | Shifter AU | Smut | Suggestive Themes | mentions of injury,Kim Taehyung | V/Reader Series: The Changing of Seasons [1],"['Angst', 'Fluff', 'Hybrid AU', 'Hybrids', 'Shifter AU', 'Smut', 'Suggestive Themes', 'mentions of injury']","['Angst', 'Fluff', 'Hybrids', 'Smut', 'Suggestive Themes']","['Hybrid AU', 'Shifter AU', 'mentions of injury']","['Hybrid AU', 'Shifter AU']",[]
https://golemlab.eu/graph/26575336,Courting The Alpha,"You’d believed yourself to be the last of your kind and your future as a mateless Omega seemed unavoidable, until you meet a beautiful Alpha that doesn’t even know what he is.",2020-09-21,3084,Explicit,F/M,In-Progress,128,taehyung,Alpha Kim Taehyung | V | Alpha/Beta/Omega Dynamics | Kim Taehyung | V is a Sweetheart | Mating Cycles/In Heat | Medical Inaccuracies | Nesting | Non-Traditional Alpha/Beta/Omega Dynamics | Omega Reader | Scenting | True Mates,Kim Taehyung | V/Reader,"['Alpha Kim Taehyung', 'V', 'Alpha/Beta/Omega Dynamics', 'Kim Taehyung', 'V is a Sweetheart', 'Mating Cycles/In Heat', 'Medical Inaccuracies', 'Nesting', 'Non-Traditional Alpha/Beta/Omega Dynamics', 'Omega Reader', 'Scenting', 'True Mates']","['Alpha/Beta/Omega Dynamics', 'Mating Cycles/In Heat', 'Medical Inaccuracies', 'Nesting', 'Non-Traditional Alpha/Beta/Omega Dynamics', 'Scenting', 'True Mates']","['Alpha Kim Taehyung', 'V', 'Kim Taehyung', 'V is a Sweetheart', 'Omega Reader']","['Alpha Kim Taehyung', 'Kim Taehyung', 'Omega Reader']",[]
https://golemlab.eu/graph/14745455,comeuppance.,"Revenge is so, so sweet. Taehyung x Reader",2018-05-26,3157,Explicit,F/M,Completed,127,taehyung,Light Dom/sub | Proceed with caution | Smut | and some fluff if you count yeontan | ft. dom!tae | tae may come off as a touch aggressive at times so please,Kim Taehyung | V/Reader,"['Light Dom/sub', 'Proceed with caution', 'Smut', 'and some fluff if you count yeontan', 'ft. dom!tae', 'tae may come off as a touch aggressive at times so please']","['Light Dom/sub', 'Smut']","['Proceed with caution', 'and some fluff if you count yeontan', 'ft. dom!tae', 'tae may come off as a touch aggressive at times so please']",[],[]
https://golemlab.eu/graph/19374664,The Fare,You've been stood up by a blind date and decide to take a cab home to lick your wounds in shame. Your driver has other plans.,2019-06-28,6823,Mature,F/M,Completed,127,taehyung,Bad dates | Casual Tae | Consensual Sex | Driving | Forced Orgasm | Impulsive Sex | Oral Sex | Public Sex | Recreational Drug Use | Rubbing | Semi-Public Sex | Standing Sex | Stranger Sex | Strangers | Streetwise Tae | Taxis | Vaginal Fingering | blind dates | slightly rough sex,Kim Taehyung | V/Reader Series: Stumble Upon [2],"['Bad dates', 'Casual Tae', 'Consensual Sex', 'Driving', 'Forced Orgasm', 'Impulsive Sex', 'Oral Sex', 'Public Sex', 'Recreational Drug Use', 'Rubbing', 'Semi-Public Sex', 'Standing Sex', 'Stranger Sex', 'Strangers', 'Streetwise Tae', 'Taxis', 'Vaginal Fingering', 'blind dates', 'slightly rough sex']","['Consensual Sex', 'Driving', 'Forced Orgasm', 'Oral Sex', 'Public Sex', 'Recreational Drug Use', 'Semi-Public Sex', 'Stranger Sex', 'Strangers', 'Taxis', 'Vaginal Fingering']","['Bad dates', 'Casual Tae', 'Impulsive Sex', 'Rubbing', 'Standing Sex', 'Streetwise Tae', 'blind dates', 'slightly rough sex']","['Casual Tae', 'Impulsive Sex', 'Rubbing', 'Standing Sex', 'Streetwise Tae']",[]
https://golemlab.eu/graph/22022875,Cheap Skate,"Granny Park’s Gossip: Who doesn’t know Taehyung and his lady? Cutest couple in town, I’d say, and have been since they started dating in their college days. Oh, that was a while ago, though. And still, they’re happy as can be in that place they have together. Almost hate seeing one without the other, y’know, it’s like seeing just one testi- oh, right, I’m not supposed to talk like that. Anyhoo, I only say that because I saw Taehyung at a jewelry store the other day while I was buying my sweet Jiminie his presents. Maybe that boy’s finally gonna pop the question, but I do hope he’s got a good plan for it. Something sweet and romantic. Maybe I’ll find out after Jiminie gets back from that cabin he’s visiting.",2019-12-29,25192,Explicit,F/M,Completed,126,taehyung,Art Puns | Birthday Sex | Cum Eating | Cum Play | Cunnilingus | Dirty Jokes | Edging | FIND THE TURING TEST REFERENCE! | Hard Fucking | IUD talk | Jealousy | Jisoo the wise makes an appearance | Kim Taehyung: still the reigning king of lovemaking. | Light Spanking | Love Kink | Masturbation | Paint Kink | Pseudo Phone Sex | Rough Fingering | Squirting | Tae paints on y/n’s naked body | Tae wants a baby (sorry | Tannie is a cockblock | Tattoos | Unprotected Sex | a little bit of blood (like a very little bit | anxiety attack | cum talk | dirty talking | general hangriness lololol | gratuitous nipple play | impreg kink | just the kind that’s on your bandage after a fresh tattoo) | less soft doggy style | lots of sloppy romantic kissing | maybe a little size kink | mild face/throat fucking | more LOVE LOVE LOVE | more filthy missionary | more impreg kink | my obscene and all consuming Jeongguk thirst jumped out for a sec oops | needles mention | oral (male receiving) | pierced nipples | presyncope feelings described in detail | reader gets toaster strudeled | reader is an exhibitionist | return of the FAT COCK | sad angsty taehyung for a hot minute | saving water- wink wonk | so much fucking cum | soft fingering | soft fucking | soft missionary | sprained ankle :( | they are absolutely WHIPPPED smitten in LOVE with each other its borderline disgusting | they’re so soft at each other i s2g | you’ll see),Kim Taehyung | V/Reader Series: The Snowball Effect [5],"['Art Puns', 'Birthday Sex', 'Cum Eating', 'Cum Play', 'Cunnilingus', 'Dirty Jokes', 'Edging', 'FIND THE TURING TEST REFERENCE!', 'Hard Fucking', 'IUD talk', 'Jealousy', 'Jisoo the wise makes an appearance', 'Kim Taehyung: still the reigning king of lovemaking.', 'Light Spanking', 'Love Kink', 'Masturbation', 'Paint Kink', 'Pseudo Phone Sex', 'Rough Fingering', 'Squirting', 'Tae paints on y/n’s naked body', 'Tae wants a baby (sorry', 'Tannie is a cockblock', 'Tattoos', 'Unprotected Sex', 'a little bit of blood (like a very little bit', 'anxiety attack', 'cum talk', 'dirty talking', 'general hangriness lololol', 'gratuitous nipple play', 'impreg kink', 'just the kind that’s on your bandage after a fresh tattoo)', 'less soft doggy style', 'lots of sloppy romantic kissing', 'maybe a little size kink', 'mild face/throat fucking', 'more LOVE LOVE LOVE', 'more filthy missionary', 'more impreg kink', 'my obscene and all consuming Jeongguk thirst jumped out for a sec oops', 'needles mention', 'oral (male receiving)', 'pierced nipples', 'presyncope feelings described in detail', 'reader gets toaster strudeled', 'reader is an exhibitionist', 'return of the FAT COCK', 'sad angsty taehyung for a hot minute', 'saving water- wink wonk', 'so much fucking cum', 'soft fingering', 'soft fucking', 'soft missionary', 'sprained ankle :(', 'they are absolutely WHIPPPED smitten in LOVE with each other its borderline disgusting', 'they’re so soft at each other i s2g', 'you’ll see)']","['Birthday Sex', 'Cunnilingus', 'Dirty Jokes', 'Jealousy', 'Masturbation', 'Paint Kink', 'Tattoos']","['Art Puns', 'Cum Eating', 'Cum Play', 'Edging', 'FIND THE TURING TEST REFERENCE!', 'Hard Fucking', 'IUD talk', 'Jisoo the wise makes an appearance', 'Kim Taehyung: still the reigning king of lovemaking.', 'Light Spanking', 'Love Kink', 'Pseudo Phone Sex', 'Rough Fingering', 'Squirting', 'Tae paints on y/n’s naked body', 'Tae wants a baby (sorry', 'Tannie is a cockblock', 'Unprotected Sex', 'a little bit of blood (like a very little bit', 'anxiety attack', 'cum talk', 'dirty talking', 'general hangriness lololol', 'gratuitous nipple play', 'impreg kink', 'just the kind that’s on your bandage after a fresh tattoo)', 'less soft doggy style', 'lots of sloppy romantic kissing', 'maybe a little size kink', 'mild face/throat fucking', 'more LOVE LOVE LOVE', 'more filthy missionary', 'more impreg kink', 'my obscene and all consuming Jeongguk thirst jumped out for a sec oops', 'needles mention', 'oral (male receiving)', 'pierced nipples', 'presyncope feelings described in detail', 'reader gets toaster strudeled', 'reader is an exhibitionist', 'return of the FAT COCK', 'sad angsty taehyung for a hot minute', 'saving water- wink wonk', 'so much fucking cum', 'soft fingering', 'soft fucking', 'soft missionary', 'sprained ankle :(', 'they are absolutely WHIPPPED smitten in LOVE with each other its borderline disgusting', 'they’re so soft at each other i s2g', 'you’ll see)']","['Art Puns', 'Cum Eating', 'Cum Play', 'Edging', 'Hard Fucking', 'Light Spanking', 'Love Kink', 'Pseudo Phone Sex', 'Rough Fingering', 'Squirting', 'Unprotected Sex']",[]
https://golemlab.eu/graph/22980526,Like Real People Do,"After a little over a week of restless nights due to touch starvation, you finally confess your problem to your friend and co worker Kim Taehyung who offers to help.",2020-03-02,3648,Mature,F/M,Completed,125,taehyung,Alternate Universe - Not K-Pop Idols | Co-workers | Consent | Couch Cuddles | Couch Sex | Dry Humping | Dry Orgasm | Fluff | Fluff and Smut | Friends to Lovers | Kinda | Kissing | Making Out | NSFW | NSFW themes | Netflix and Chill | Praise Kink | Sleep Deprivation | Smutty | Touch-Starved | but not really | kind fluffy | little bit of praising | talking in tags | yeotan shows up to say hi,"Kim Taehyung | V/Reader, Kim Taehyung | V/You","['Alternate Universe - Not K-Pop Idols', 'Co-workers', 'Consent', 'Couch Cuddles', 'Couch Sex', 'Dry Humping', 'Dry Orgasm', 'Fluff', 'Fluff and Smut', 'Friends to Lovers', 'Kinda', 'Kissing', 'Making Out', 'NSFW', 'NSFW themes', 'Netflix and Chill', 'Praise Kink', 'Sleep Deprivation', 'Smutty', 'Touch-Starved', 'but not really', 'kind fluffy', 'little bit of praising', 'talking in tags', 'yeotan shows up to say hi']","['Alternate Universe - Not K-Pop Idols', 'Co-workers', 'Consent', 'Couch Cuddles', 'Couch Sex', 'Dry Humping', 'Dry Orgasm', 'Fluff', 'Fluff and Smut', 'Friends to Lovers', 'Kissing', 'Making Out', 'Netflix and Chill', 'Praise Kink', 'Sleep Deprivation', 'Smutty', 'Touch-Starved']","['Kinda', 'NSFW', 'NSFW themes', 'but not really', 'kind fluffy', 'little bit of praising', 'talking in tags', 'yeotan shows up to say hi']",['Kinda'],[]
https://golemlab.eu/graph/13254978,Follow,"Where you lead, he will follow.",2018-01-03,393,Teen And Up Audiences,F/M,Completed,125,taehyung,Alternate Universe - Vampire | Complicated Relationships | Human/Vampire Relationship | Slow Dancing | Vampire Kim Taehyung | V,Kim Taehyung | V/Reader Series: Vampire!Taehyung [3],"['Alternate Universe - Vampire', 'Complicated Relationships', 'Human/Vampire Relationship', 'Slow Dancing', 'Vampire Kim Taehyung', 'V']","['Alternate Universe - Vampire', 'Complicated Relationships', 'Human/Vampire Relationship', 'Slow Dancing']","['Vampire Kim Taehyung', 'V']",['Vampire Kim Taehyung'],[]
https://golemlab.eu/graph/21001760,spectacles || k.th,you wearing glasses = horny taehyung,2019-10-12,4877,Mature,M/M,Completed,125,taehyung,Bottom!Taehyung | Deepthroating | Hyung Kink | Oral | Public Sex | Smut | Top!Male!Reader | a little cum eating | lets count how many times i used ‘hyung’ | male!reader | puppy kink | taehyung x male!reader,Kim Taehyung | V/Reader,"['Bottom!Taehyung', 'Deepthroating', 'Hyung Kink', 'Oral', 'Public Sex', 'Smut', 'Top!Male!Reader', 'a little cum eating', 'lets count how many times i used ‘hyung’', 'male!reader', 'puppy kink', 'taehyung x male!reader']","['Deepthroating', 'Hyung Kink', 'Public Sex', 'Smut']","['Bottom!Taehyung', 'Oral', 'Top!Male!Reader', 'a little cum eating', 'lets count how many times i used ‘hyung’', 'male!reader', 'puppy kink', 'taehyung x male!reader']","['Bottom!Taehyung', 'Oral', 'Top!Male!Reader']",[]
https://golemlab.eu/graph/10866894,Glow,Taehyung is completely enraptured by the way the light makes your skin glow and can’t resist the urge the feel the beauty of it against his fingertips.,2017-05-09,1864,Explicit,F/M,Completed,125,taehyung,Cross-Posted on Tumblr | Explicit Language | Explicit Sexual Content | Fluff and Smut | Morning Sex | Plot What Plot/Porn Without Plot | boyfriend taehyung | that's all there is to it,Kim Taehyung | V/Reader,"['Cross-Posted on Tumblr', 'Explicit Language', 'Explicit Sexual Content', 'Fluff and Smut', 'Morning Sex', 'Plot What Plot/Porn Without Plot', 'boyfriend taehyung', ""that's all there is to it""]","['Cross-Posted on Tumblr', 'Explicit Language', 'Explicit Sexual Content', 'Fluff and Smut', 'Morning Sex', 'Plot What Plot/Porn Without Plot']","['boyfriend taehyung', ""that's all there is to it""]",[],[]
https://golemlab.eu/graph/17674412,Power Up,"In all of your time frequenting your town's local arcade. Your high scores have never been beaten, until they're all threatened at once. Enter Kim Taehyung, a video game casanova that even you find yourself falling victim to.",2019-02-09,6849,Explicit,F/M,Completed,125,taehyung,Degradation | Dirty Talk | Exhibitionism | Hate Sex | Humiliation | Penis In Vagina Sex | Public Sex | Rough Sex | Semi-Public Sex | Verbal Humiliation | kind of? | side yoonkook,Kim Taehyung | V/Reader,"['Degradation', 'Dirty Talk', 'Exhibitionism', 'Hate Sex', 'Humiliation', 'Penis In Vagina Sex', 'Public Sex', 'Rough Sex', 'Semi-Public Sex', 'Verbal Humiliation', 'kind of?', 'side yoonkook']","['Dirty Talk', 'Exhibitionism', 'Hate Sex', 'Humiliation', 'Penis In Vagina Sex', 'Public Sex', 'Rough Sex', 'Semi-Public Sex', 'Verbal Humiliation']","['Degradation', 'kind of?', 'side yoonkook']",['Degradation'],[]
https://golemlab.eu/graph/22863004,Purple People Eater,"“Oh, no, no. We don’t want you to feel that way sweets.” You start shaking, dread filling your body with an icy hot feeling that is shooting you and down your spine. Little fangs poke out of his lavender lips as he grins a boxy grin, stroking your face with the back of his clawed, furry hand. “I’m your friend, remember?”",2020-02-23,2612,Mature,F/M,Completed,124,taehyung,Aliens | Cannibalism | Implied/Referenced Sexual Assault | Kidnapping | Naked Men | Potential Murder | Yandere | Yandere Taehyung | adult-napping | alien mind and spacial manipulation | being groped | non consensually | potential torture | purple aliens | set in the 1950's | unwanted and noncompliant medical procedures,"Kim Taehyung | V/Reader, Kim taehyung x reader - Relationship, Taehyung x Reader, V x Reader","['Aliens', 'Cannibalism', 'Implied/Referenced Sexual Assault', 'Kidnapping', 'Naked Men', 'Potential Murder', 'Yandere', 'Yandere Taehyung', 'adult-napping', 'alien mind and spacial manipulation', 'being groped', 'non consensually', 'potential torture', 'purple aliens', ""set in the 1950's"", 'unwanted and noncompliant medical procedures']","['Aliens', 'Cannibalism', 'Implied/Referenced Sexual Assault', 'Kidnapping', 'Yandere']","['Naked Men', 'Potential Murder', 'Yandere Taehyung', 'adult-napping', 'alien mind and spacial manipulation', 'being groped', 'non consensually', 'potential torture', 'purple aliens', ""set in the 1950's"", 'unwanted and noncompliant medical procedures']","['Naked Men', 'Potential Murder', 'Yandere Taehyung']",[]
https://golemlab.eu/graph/13255008,Homesick,(But how can he miss something he's destroyed?),2018-01-03,188,Teen And Up Audiences,F/M,Completed,124,taehyung,Alternate Universe - Vampire | Homesickness | Human/Vampire Relationship | Mild Hurt/Comfort | Vampire Kim Taehyung | V,Kim Taehyung | V/Reader Series: Vampire!Taehyung [4],"['Alternate Universe - Vampire', 'Homesickness', 'Human/Vampire Relationship', 'Mild Hurt/Comfort', 'Vampire Kim Taehyung', 'V']","['Alternate Universe - Vampire', 'Homesickness', 'Human/Vampire Relationship', 'Mild Hurt/Comfort']","['Vampire Kim Taehyung', 'V']",['Vampire Kim Taehyung'],[]
https://golemlab.eu/graph/27423751,infamous,"You would rather die than to have someone figure out about your sexual escapades with Local Fuckboy, Kim Taehyung. It was an ego thing.",2020-11-06,12468,Explicit,F/M,Completed,123,taehyung,Alternate Universe - College/University | Bathroom Sex | Blow Jobs | Breast Play | Deepthroating | Dirty Talk | Party | Secret Relationship | Smut | Switch Kim Taehyung | V | Unprotected Sex | Use protection | Vaginal Fingering | fuckboy taehyung | fuckboy!au,Kim Taehyung | V/Reader,"['Alternate Universe - College/University', 'Bathroom Sex', 'Blow Jobs', 'Breast Play', 'Deepthroating', 'Dirty Talk', 'Party', 'Secret Relationship', 'Smut', 'Switch Kim Taehyung', 'V', 'Unprotected Sex', 'Use protection', 'Vaginal Fingering', 'fuckboy taehyung', 'fuckboy!au']","['Alternate Universe - College/University', 'Bathroom Sex', 'Blow Jobs', 'Deepthroating', 'Dirty Talk', 'Party', 'Secret Relationship', 'Smut', 'Vaginal Fingering']","['Breast Play', 'Switch Kim Taehyung', 'V', 'Unprotected Sex', 'Use protection', 'fuckboy taehyung', 'fuckboy!au']","['Breast Play', 'Switch Kim Taehyung', 'Unprotected Sex']",[]
https://golemlab.eu/graph/21674179,A crow without wings,"❧ AU: [Demon!Taehyung] The road construction forced you to walk through the graveyard near you place in order to get home. At first it was uncomfortable and you’d hurry along the path, but eventually you noticed a lonely crow that lived in the graveyard and walking home became less uncomfortable knowing you had a friend watching you… But turns out this crow wasn’t really what you had expected….",2019-12-04,5847,Mature,F/M,Completed,123,taehyung,Angst | Dark | Demon Kim Taehyung | V | Demon Sex | Smut | Top Kim Taehyung | V,Kim Taehyung | V/Reader,"['Angst', 'Dark', 'Demon Kim Taehyung', 'V', 'Demon Sex', 'Smut', 'Top Kim Taehyung', 'V']","['Angst', 'Dark', 'Demon Sex', 'Smut']","['Demon Kim Taehyung', 'V', 'Top Kim Taehyung', 'V']","['Demon Kim Taehyung', 'Top Kim Taehyung']",[]
https://golemlab.eu/graph/29358483,His Princess,He was obsessed with you and you were curious about him. He only saw you and he was determined to have His Princess in his arms. !!!*I would like to preface that this story is fiction and while I don't believe that any of the boys would act like this in real life it is how they are portrayed in this story. If you don't like the way I have portrayed the boys then please don't read.*!!!,2021-02-11,18187,Explicit,F/M,In-Progress,121,taehyung,Alternate Universe | BDSM | Blindfolds | Blood and Gore | Blood and Violence | Bondage | Consensual Sex | Daddy Kink | Dom/sub | Exhibitionism | Explicit Sexual Content | Gun Kink | Gun Violence | Kidnapping | Knifeplay | Murder | Protective Kim Taehyung | V | Psychotic Kim Taehyung | V | Rough Oral Sex | Shower Sex | Stalking | Stockholm Syndrome | Temperature Play | Vaginal Fingering | Vaginal Sex | Wax Play | Yandere Kim Taehyung | V,Kim Taehyung | V/Reader,"['Alternate Universe', 'BDSM', 'Blindfolds', 'Blood and Gore', 'Blood and Violence', 'Bondage', 'Consensual Sex', 'Daddy Kink', 'Dom/sub', 'Exhibitionism', 'Explicit Sexual Content', 'Gun Kink', 'Gun Violence', 'Kidnapping', 'Knifeplay', 'Murder', 'Protective Kim Taehyung', 'V', 'Psychotic Kim Taehyung', 'V', 'Rough Oral Sex', 'Shower Sex', 'Stalking', 'Stockholm Syndrome', 'Temperature Play', 'Vaginal Fingering', 'Vaginal Sex', 'Wax Play', 'Yandere Kim Taehyung', 'V']","['Alternate Universe', 'BDSM', 'Blindfolds', 'Blood and Gore', 'Blood and Violence', 'Bondage', 'Consensual Sex', 'Daddy Kink', 'Dom/sub', 'Exhibitionism', 'Explicit Sexual Content', 'Gun Kink', 'Gun Violence', 'Kidnapping', 'Knifeplay', 'Murder', 'Rough Oral Sex', 'Shower Sex', 'Stalking', 'Stockholm Syndrome', 'Temperature Play', 'Vaginal Fingering', 'Vaginal Sex', 'Wax Play']","['Protective Kim Taehyung', 'V', 'Psychotic Kim Taehyung', 'V', 'Yandere Kim Taehyung', 'V']","['Protective Kim Taehyung', 'Psychotic Kim Taehyung', 'Yandere Kim Taehyung']",[]
https://golemlab.eu/graph/12707796,Beautiful,"You don't quite know how you got here or what's going on, but there's a man on his knees in front of you, and as you frown and try to figure out where you are, you notice that the chair you're sitting in is really nice. The man says something that you don't understand, and you say, ""What?"" He makes a face, and you reflect that he's incredibly beautiful. His hair is messy in a way that's really just pretty, and his lips are, frankly, distracting. ""V,"" he says, pointing at himself, and you tell him, ""You're beautiful."" He ducks his head in embarrassment and laughs. "" You're beautiful,"" he counters, and asks, ""Name?"" --- basically what happens is you're in a place and there's a fancy chair and v calls you beautiful? also dick sucking. first x reader fic",2017-11-13,710,Explicit,M/M,Completed,120,taehyung,Blow Jobs | Language Barrier | Praise Kink,Kim Taehyung | V/Reader,"['Blow Jobs', 'Language Barrier', 'Praise Kink']","['Blow Jobs', 'Language Barrier', 'Praise Kink']",[],[],[]
https://golemlab.eu/graph/29616696,play date,"There was no one else in the world that you’d proudly call your partner in crime other than Kim Taehyung, and you could always trust him to come to your rescue and save the day. So what happens when you’re in dire need of a sweet release from the same man you call your best friend?",2021-02-21,9976,Explicit,F/M,Completed,120,taehyung,69 (Sex Position) | Cockwarming | College AU | Dirty Talk | Dom Taehyung | Literally Just Pure Smut | Marking | Oral Sex | Orgasm Denial | PWP with feelings | Penetrative Sex | Praise Kink | Switch OC | Teasing | Vaginal Fingering | dom/sub themes | friends to lovers au | handjob | heavy pet names | mostly sub oc | pure filth | thigh riding,"Kim Taehyung | V/Reader, Kim Taehyung | V/You","['69 (Sex Position)', 'Cockwarming', 'College AU', 'Dirty Talk', 'Dom Taehyung', 'Literally Just Pure Smut', 'Marking', 'Oral Sex', 'Orgasm Denial', 'PWP with feelings', 'Penetrative Sex', 'Praise Kink', 'Switch OC', 'Teasing', 'Vaginal Fingering', 'dom/sub themes', 'friends to lovers au', 'handjob', 'heavy pet names', 'mostly sub oc', 'pure filth', 'thigh riding']","['69 (Sex Position)', 'Dirty Talk', 'Marking', 'Oral Sex', 'Orgasm Denial', 'Praise Kink', 'Teasing', 'Vaginal Fingering']","['Cockwarming', 'College AU', 'Dom Taehyung', 'Literally Just Pure Smut', 'PWP with feelings', 'Penetrative Sex', 'Switch OC', 'dom/sub themes', 'friends to lovers au', 'handjob', 'heavy pet names', 'mostly sub oc', 'pure filth', 'thigh riding']","['Cockwarming', 'College AU', 'Dom Taehyung', 'Literally Just Pure Smut', 'Penetrative Sex', 'Switch OC']",[]
https://golemlab.eu/graph/20373223,Promise,"[Art History Professor!Taehyung] You’re a university student, a good student too. But especially good when it comes to your favorite class… The class Taehyung teaches. Taehyung is the young genius professor, looks good, is good and who everyone thinks good of… desirable to say the least. But there’s a secret. A secret you know and he knows. But it’s only your secret. A secret that only brings trouble, jealousy and heart ache. Taehyung hates it and he’s had enough…",2019-08-24,20177,Mature,F/M,Completed,119,taehyung,Angry Sex | Angst and Fluff and Smut | Angst and Smut | Declarations Of Love | Fighting | Jealous Kim Taehyung | V | Paris (City) | Power Bottom Kim Taehyung | V | Secret Relationship | Secrets | Teacher Kim Taehyung | V | Teacher-Student Relationship | Top Kim Taehyung | V | multiple smut | professor taehyung,Kim Taehyung | V/Reader,"['Angry Sex', 'Angst and Fluff and Smut', 'Angst and Smut', 'Declarations Of Love', 'Fighting', 'Jealous Kim Taehyung', 'V', 'Paris (City)', 'Power Bottom Kim Taehyung', 'V', 'Secret Relationship', 'Secrets', 'Teacher Kim Taehyung', 'V', 'Teacher-Student Relationship', 'Top Kim Taehyung', 'V', 'multiple smut', 'professor taehyung']","['Angry Sex', 'Angst and Fluff and Smut', 'Declarations Of Love', 'Paris (City)', 'Secret Relationship', 'Secrets', 'Teacher-Student Relationship']","['Angst and Smut', 'Fighting', 'Jealous Kim Taehyung', 'V', 'Power Bottom Kim Taehyung', 'V', 'Teacher Kim Taehyung', 'V', 'Top Kim Taehyung', 'V', 'multiple smut', 'professor taehyung']","['Fighting', 'Jealous Kim Taehyung', 'Power Bottom Kim Taehyung', 'Teacher Kim Taehyung', 'Top Kim Taehyung']",[]
https://golemlab.eu/graph/9606137,Thursdays,It's thursday ;),2017-02-06,2216,Mature,F/M,Completed,119,taehyung,Clit teasing | Eating out | Oral | Smut | Spanking | Stripping | Taehyung smut | a lot of touching grabbing and kissing | lowkey animalistic | top tae,Kim Taehyung | V/Reader,"['Clit teasing', 'Eating out', 'Oral', 'Smut', 'Spanking', 'Stripping', 'Taehyung smut', 'a lot of touching grabbing and kissing', 'lowkey animalistic', 'top tae']","['Smut', 'Spanking', 'Stripping']","['Clit teasing', 'Eating out', 'Oral', 'Taehyung smut', 'a lot of touching grabbing and kissing', 'lowkey animalistic', 'top tae']",['Oral'],[]
https://golemlab.eu/graph/23812852,FOUR,in which the reader lives next door to taehyung… and his three brothers. she doesn’t realize they’re quadruplets until it’s just a little too late. . . . The Kim Quadruplets: Mic Drop!Tae as “V” Boy With Luv!Tae as “Vante” Pied Piper!Tae as “Hansung” ON!Tae as “Taehyung”,2020-04-24,7389,Mature,F/M,Completed,119,taehyung,Alternate Universe - Coffee Shops & Cafés | Alternate Universe - Neighbors | Bondage | Brothers | Eventual Smut | Fluff and Smut | Four Taehyungs | Polyamory | Smut | quadruplets,Kim Taehyung | V/Reader,"['Alternate Universe - Coffee Shops & Cafés', 'Alternate Universe - Neighbors', 'Bondage', 'Brothers', 'Eventual Smut', 'Fluff and Smut', 'Four Taehyungs', 'Polyamory', 'Smut', 'quadruplets']","['Alternate Universe - Neighbors', 'Bondage', 'Brothers', 'Eventual Smut', 'Fluff and Smut', 'Polyamory', 'Smut']","['Alternate Universe - Coffee Shops & Cafés', 'Four Taehyungs', 'quadruplets']",['Four Taehyungs'],[]
https://golemlab.eu/graph/17274062,third time's the charm,"The first time you run into your ex-boyfriend, Kim Taehyung, it's 10 a.m., and you're at the cafe down the road. The second time, it’s after three months, and you bump into him because you're laughing at something your friend says. Unfortunately, they say these things happen in three’s.",2019-01-02,4630,Explicit,F/M,Completed,118,taehyung,Angst | Deepthroating | Dirty Talk | Oral Sex | Size Kink | Smut,Kim Taehyung | V/Reader,"['Angst', 'Deepthroating', 'Dirty Talk', 'Oral Sex', 'Size Kink', 'Smut']","['Angst', 'Deepthroating', 'Dirty Talk', 'Oral Sex', 'Size Kink', 'Smut']",[],[],[]
https://golemlab.eu/graph/9606257,Departure,"On your way to the airport your boyfriend has been beyond distant, distracted in his own thoughts and mind ever since the taxi picked you up at home. But what exactly was he thinking about? Worried, you asked him about it only to be dragged in to the nearest toilet at the airport right before your flights due time…",2017-02-06,1891,Mature,F/M,Completed,117,taehyung,"""sssh"" | Against the Wall - Freeform | Biting | Fingering | Fluff | Fluffy Ending | In Public | Orgasm Denial | Taehyung smut | airport | neck kisses | needy tae | quicky | rough | walls",Kim Taehyung | V/Reader,"['""sssh""', 'Against the Wall - Freeform', 'Biting', 'Fingering', 'Fluff', 'Fluffy Ending', 'In Public', 'Orgasm Denial', 'Taehyung smut', 'airport', 'neck kisses', 'needy tae', 'quicky', 'rough', 'walls']","['Biting', 'Fluff', 'Fluffy Ending', 'In Public', 'Orgasm Denial']","['""sssh""', 'Against the Wall - Freeform', 'Fingering', 'Taehyung smut', 'airport', 'neck kisses', 'needy tae', 'quicky', 'rough', 'walls']",['Fingering'],[]
https://golemlab.eu/graph/14409429,Watch me,"You and Taehyung had finally become a couple after a significant time as friends. The two of you set off for a weekend get-away, but during the night you caught him in the act and from there things took a turn…",2018-04-23,3896,Mature,F/M,Completed,117,taehyung,Biting | Exhibitionism | First Time Together | Fluff | Fluff and Smut | Hair Pulling | Masterbation | Smut | Taehyung smut | bts smut | fight for dominance | rough,Kim Taehyung | V/Reader,"['Biting', 'Exhibitionism', 'First Time Together', 'Fluff', 'Fluff and Smut', 'Hair Pulling', 'Masterbation', 'Smut', 'Taehyung smut', 'bts smut', 'fight for dominance', 'rough']","['Biting', 'Exhibitionism', 'Fluff', 'Fluff and Smut', 'Smut']","['First Time Together', 'Hair Pulling', 'Masterbation', 'Taehyung smut', 'bts smut', 'fight for dominance', 'rough']","['First Time Together', 'Hair Pulling', 'Masterbation']",[]
https://golemlab.eu/graph/19949074,Growl,"Clearing his throat, he tries again, gaze intense. His eyes are about to fall out of his skull with the power of his attempt at a telepathic message to his friend. “Come on, Jimin. Ask me. You know what? I’ll help you. I pick dare.” A sly glint of amusement pulls at the edge of Jimin’s mouth, his tongue darting out to wet his lips. You look back and forth between the two of them, not sure what was happening but sure as hell knowing it was going to be nothing be trouble. “I dare you to sing a song that shows off your best growling for our girl here,”",2019-07-24,4605,Explicit,F/M,Completed,115,taehyung,Alcohol | Blow Jobs | But a soft demon | Come Swallowing | Cussing | Dirty Talk | Heavy Petting | Karaoke | Kim Taehyung is also a Demon | Kim Taehyung | V is a Little Shit | Oral Sex | Park Jimin being an instigator | Public Blow Jobs | Semi-Public Sex | Seokjin being a whole mood | cliche use of truth or dare,"Kim Taehyung | V/Reader, Kim Taehyung | V/You","['Alcohol', 'Blow Jobs', 'But a soft demon', 'Come Swallowing', 'Cussing', 'Dirty Talk', 'Heavy Petting', 'Karaoke', 'Kim Taehyung is also a Demon', 'Kim Taehyung', 'V is a Little Shit', 'Oral Sex', 'Park Jimin being an instigator', 'Public Blow Jobs', 'Semi-Public Sex', 'Seokjin being a whole mood', 'cliche use of truth or dare']","['Alcohol', 'Blow Jobs', 'Come Swallowing', 'Cussing', 'Dirty Talk', 'Heavy Petting', 'Karaoke', 'Oral Sex', 'Public Blow Jobs', 'Semi-Public Sex']","['But a soft demon', 'Kim Taehyung is also a Demon', 'Kim Taehyung', 'V is a Little Shit', 'Park Jimin being an instigator', 'Seokjin being a whole mood', 'cliche use of truth or dare']",['Kim Taehyung'],[]
https://golemlab.eu/graph/10967889,Like Pieces of Glass That We Can't Turn Back,"Laying on the kitchen floor was the most attractive person that you have ever seen, all tan skin and nice blonde hair. He was talking to himself in a loud, high pitched -feminine?- voice, over the muffled sound of Beyoncé’s 'I Woke Up Like This' coming from the open door of what you assumed to be their bedroom. To make matters worse, he was half naked wearing only bright red boxer shorts, purple Hello Kitty slippers, and a Burgerking crown on top of his bleached head. You can't really hear what he's saying but you assume its quite dramatic by the way he's holding his hand out, reaching for something desperately that he just barely can’t grasp. You think he could be quoting Shakespeare but you’re not too sure. - or you meet jmin's roommate and it's downhill from then on",2017-05-22,8599,Teen And Up Audiences,Multi,Completed,115,taehyung,Alternate Universe - College/University | Anxiety Attacks | Fluff and Humor | Gender-Neutral Pronouns | Light Angst | Reader-Insert | Social Anxiety | the yoonmin implied its me lowkey ghost thirsting after yoongi thru jimin | youre both art students but its not mentioned more than like twice,"Kim Taehyung | V/Reader, implied yoonmin","['Alternate Universe - College/University', 'Anxiety Attacks', 'Fluff and Humor', 'Gender-Neutral Pronouns', 'Light Angst', 'Reader-Insert', 'Social Anxiety', 'the yoonmin implied its me lowkey ghost thirsting after yoongi thru jimin', 'youre both art students but its not mentioned more than like twice']","['Alternate Universe - College/University', 'Anxiety Attacks', 'Fluff and Humor', 'Gender-Neutral Pronouns', 'Light Angst', 'Reader-Insert', 'Social Anxiety']","['the yoonmin implied its me lowkey ghost thirsting after yoongi thru jimin', 'youre both art students but its not mentioned more than like twice']",[],[]
https://golemlab.eu/graph/6416566,Pour Down on Me,"Taehyung is slow to rise in the mornings, but you use your wiles to lead him into the shower with you.  Of course, he'll be seeking justice for your teasing, and you're eagerly anticipating what he has in store.",2016-03-31,2802,Mature,F/M,Completed,114,taehyung,Shower Sex | Smut,Kim Taehyung | V/Reader,"['Shower Sex', 'Smut']","['Shower Sex', 'Smut']",[],[],[]
https://golemlab.eu/graph/12282213,Show & Tell,"Virgin!Tae & Virgin!Reader // Both of you are ready to go all the way but the lack of confidence is holding Taehyung back to engage when you’re more than ready. Contains: Dirty talk (!!!), Rough (!), Masturbation (T), subtle strip teasing, grinding, oral (giving+recieving),ear nibbling, nipple action (!!), biting, PROTECTION and of course… cum, a lot of it. This fic switches between dom/top!Tae and dom/top!Reader.",2017-10-06,3546,Mature,F/M,Completed,113,taehyung,Biting | Dirty Talk | First Time | Masturbation | Nipple Play | Oral | Protected | Protection | Smut | Strip Tease | Taehyung smut | Teasing | Top Kim Taehyung | V | Virgin Kim Taehyung | V | bts smut | cum | ear nibbling | nipple action | rough,Kim Taehyung | V/Reader,"['Biting', 'Dirty Talk', 'First Time', 'Masturbation', 'Nipple Play', 'Oral', 'Protected', 'Protection', 'Smut', 'Strip Tease', 'Taehyung smut', 'Teasing', 'Top Kim Taehyung', 'V', 'Virgin Kim Taehyung', 'V', 'bts smut', 'cum', 'ear nibbling', 'nipple action', 'rough']","['Biting', 'Dirty Talk', 'First Time', 'Masturbation', 'Nipple Play', 'Protection', 'Smut', 'Strip Tease', 'Teasing']","['Oral', 'Protected', 'Taehyung smut', 'Top Kim Taehyung', 'V', 'Virgin Kim Taehyung', 'V', 'bts smut', 'cum', 'ear nibbling', 'nipple action', 'rough']","['Oral', 'Protected', 'Top Kim Taehyung', 'Virgin Kim Taehyung']",[]
https://golemlab.eu/graph/25242553,Let Love Be Enough,"On the day of your daughter’s wedding, you can’t avoid Taehyung.",2020-07-13,9499,Explicit,F/M,Completed,113,taehyung,Angst | Angst with a Happy Ending | Cheating | Crying During Sex | Emotional Hurt/Comfort | Emotional Sex | Infidelity | Reunion Sex | Smut | ex-husband!tae,"Kim Taehyung | V/Reader, Kim Taehyung | V/You","['Angst', 'Angst with a Happy Ending', 'Cheating', 'Crying During Sex', 'Emotional Hurt/Comfort', 'Emotional Sex', 'Infidelity', 'Reunion Sex', 'Smut', 'ex-husband!tae']","['Angst', 'Angst with a Happy Ending', 'Cheating', 'Emotional Hurt/Comfort', 'Emotional Sex', 'Infidelity', 'Reunion Sex', 'Smut']","['Crying During Sex', 'ex-husband!tae']",['Crying During Sex'],[]
https://golemlab.eu/graph/13211697,Let Me Love You. | [ Neko! Kim Taehyung x Reader ],"[ Title makes it seem cringe worthy, but believe me, it's not that bad. ] in which you get a pet cat for christmas, but little did you know this cat was actually half human...",2017-12-31,2914,Teen And Up Audiences,F/M,In-Progress,112,taehyung,Angst | Cute Kim Taehyung | V | Depression | Drama | Eventual Smut | Fluff | Love | References to Depression | Smut | neko | possessive,Kim Taehyung | V/Reader,"['Angst', 'Cute Kim Taehyung', 'V', 'Depression', 'Drama', 'Eventual Smut', 'Fluff', 'Love', 'References to Depression', 'Smut', 'neko', 'possessive']","['Angst', 'Depression', 'Drama', 'Eventual Smut', 'Fluff', 'Love', 'References to Depression', 'Smut']","['Cute Kim Taehyung', 'V', 'neko', 'possessive']",['Cute Kim Taehyung'],[]
https://golemlab.eu/graph/24243217,Rockabye,"With the sting of your divorce renewed by the winter chill in the air, you certainly weren’t looking for anything like love this Christmas. But even flowers can blossom from deep within the snow.",2020-05-18,8935,Explicit,F/M,Completed,112,taehyung,Alcohol | Alternate Universe - Flower Shop | Angst | Assault | Fluff | Physical Abuse | Post-Divorce | References to Drugs | Single Parents | Swearing | Verbal Abuse,Kim Taehyung | V/Reader,"['Alcohol', 'Alternate Universe - Flower Shop', 'Angst', 'Assault', 'Fluff', 'Physical Abuse', 'Post-Divorce', 'References to Drugs', 'Single Parents', 'Swearing', 'Verbal Abuse']","['Alcohol', 'Alternate Universe - Flower Shop', 'Angst', 'Assault', 'Fluff', 'Physical Abuse', 'Post-Divorce', 'References to Drugs', 'Single Parents', 'Swearing', 'Verbal Abuse']",[],[],[]
https://golemlab.eu/graph/16193780,All Hallows,"You’ve left behind civilization to live in a cabin alone in the woods. A friendly fox begins to spend every day with you, providing a comfortable companionship you’d been missing. But what happens when All Hallows comes and what you thought was reality turns out to be something you’d never dreamed of?",2018-10-04,4850,Explicit,F/M,Completed,111,taehyung,Kitsune | Mating Bites | Smut,Kim Taehyung | V/Reader Series: Myths Come to Life [1],"['Kitsune', 'Mating Bites', 'Smut']","['Kitsune', 'Mating Bites', 'Smut']",[],[],[]
https://golemlab.eu/graph/15390252,Colors,"You’d been a fan of BTS for a long time, and you dreamed of someday meeting them- especially Taehyung. Something about him made you feel different. You had assumed it was just a crush... — AU where you and your soulmate’s skin momentarily turn a different color upon your first touch.",2018-07-22,4108,Teen And Up Audiences,F/M,Completed,111,taehyung,Fan Meet | Fansign | Fluff | Kisses | Namjoon is a good friend | Romance | Soulmate AU | Soulmates | Steamy kisses owo | Tae is soft !! | getting to know eachother,Kim Taehyung | V/Reader,"['Fan Meet', 'Fansign', 'Fluff', 'Kisses', 'Namjoon is a good friend', 'Romance', 'Soulmate AU', 'Soulmates', 'Steamy kisses owo', 'Tae is soft !!', 'getting to know eachother']","['Fluff', 'Romance', 'Soulmates']","['Fan Meet', 'Fansign', 'Kisses', 'Namjoon is a good friend', 'Soulmate AU', 'Steamy kisses owo', 'Tae is soft !!', 'getting to know eachother']","['Fan Meet', 'Fansign', 'Kisses', 'Soulmate AU']",[]
https://golemlab.eu/graph/21493558,The Magic Touch,"Taehyung is out to prove that he can be just as good as any vibrator, his magic more powerful and more enticing then anything battery operated.",2019-11-19,756,Explicit,F/M,Completed,111,taehyung,Alternate Universe - Modern with Magic | Dirty Talk | Hair-pulling | He is better then the vibrator | Misuse of powers | Multiple Orgasms | Nipple Licking | Pet Names | Rough Sex | Squirting | Taehyung becomes a human vibrator | Taehyung is a warlock | Vaginal Fingering | Vaginal Sex | Warlocks,Kim Taehyung | V/Reader Series: Bangtan Monster Mash [6],"['Alternate Universe - Modern with Magic', 'Dirty Talk', 'Hair-pulling', 'He is better then the vibrator', 'Misuse of powers', 'Multiple Orgasms', 'Nipple Licking', 'Pet Names', 'Rough Sex', 'Squirting', 'Taehyung becomes a human vibrator', 'Taehyung is a warlock', 'Vaginal Fingering', 'Vaginal Sex', 'Warlocks']","['Alternate Universe - Modern with Magic', 'Dirty Talk', 'Hair-pulling', 'Multiple Orgasms', 'Nipple Licking', 'Pet Names', 'Rough Sex', 'Vaginal Fingering', 'Vaginal Sex', 'Warlocks']","['He is better then the vibrator', 'Misuse of powers', 'Squirting', 'Taehyung becomes a human vibrator', 'Taehyung is a warlock']",['Squirting'],[]
https://golemlab.eu/graph/23133790,The Fairy Shirt,"Taehyung has been a massive flirt for as long as you've known him, but what happens when he finally drops the facade? or Reader is mad thirsty for Kim Taehyung and will deny it for the rest of their life.",2020-03-13,9514,General Audiences,F/M,Completed,110,taehyung,Flirty Kim Taehyung | V | Fluff | Jeon Jungkook is a Little Shit | Kim Taehyung | V is Whipped | Kim Taehyung | V is a Little Shit | Mutual Pining | Reader-Insert | Teacher Kim Taehyung | V,Kim Taehyung | V/Reader,"['Flirty Kim Taehyung', 'V', 'Fluff', 'Jeon Jungkook is a Little Shit', 'Kim Taehyung', 'V is Whipped', 'Kim Taehyung', 'V is a Little Shit', 'Mutual Pining', 'Reader-Insert', 'Teacher Kim Taehyung', 'V']","['Fluff', 'Mutual Pining', 'Reader-Insert']","['Flirty Kim Taehyung', 'V', 'Kim Taehyung', 'V is Whipped', 'Kim Taehyung', 'V is a Little Shit', 'Teacher Kim Taehyung', 'V']","['Flirty Kim Taehyung', 'Kim Taehyung', 'Kim Taehyung', 'Teacher Kim Taehyung']",['Jeon Jungkook is a Little Shit']
https://golemlab.eu/graph/38901243,Free Use,What happens when your long term crush Taehyung agrees to be your dom?,2022-05-10,7801,Explicit,F/M,Completed,110,taehyung,Dirty Talk | Dom Taehyung | Dom/sub relationship | Free Use Kink | Smut | Taehyung smut | bts smut,Kim Taehyung | V/Reader,"['Dirty Talk', 'Dom Taehyung', 'Dom/sub relationship', 'Free Use Kink', 'Smut', 'Taehyung smut', 'bts smut']","['Dirty Talk', 'Smut']","['Dom Taehyung', 'Dom/sub relationship', 'Free Use Kink', 'Taehyung smut', 'bts smut']","['Dom Taehyung', 'Free Use Kink']",[]
https://golemlab.eu/graph/8173939,Serein,Your best friend Taehyung comes crashing into your life one day and boy is he cute.,2016-10-01,6460,General Audiences,F/M,Completed,109,taehyung,Alternate Universe | Best Friends | Fluff | Happy Ending | Mild Angst,Kim Taehyung | V/Reader,"['Alternate Universe', 'Best Friends', 'Fluff', 'Happy Ending', 'Mild Angst']","['Alternate Universe', 'Best Friends', 'Fluff', 'Happy Ending']",['Mild Angst'],['Mild Angst'],[]
https://golemlab.eu/graph/17231795,Dick on the go,"It was all shits and giggles when you and Taehyung were desperate seniors in High School, having no idea what to do with your lives, wondering if you’d ever find a decent job or even graduate in the first place. It is not so funny anymore when you come home from the big city to enjoy your vacation time and you find his sex-shop right in front of the house you grew up in when you were a kid. “If nothing works out I’m just gonna open a sex shop and call it something obnoxious like ‘Dick on the Go’ or something with a stupid zucchini logo flashing on top of the building.” He had said one time. Shit, you had no idea he actually meant it.",2018-12-30,19696,Explicit,F/M,Completed,109,taehyung,Crack | Smut,Kim Taehyung | V/Reader,"['Crack', 'Smut']","['Crack', 'Smut']",[],[],[]
https://golemlab.eu/graph/24543397,Priestess & Serpent,"When he was born, Prince Taehyung was marked as the Serpent King’s Descendant with the mark of scales on his chest to prove it. As he grew up, he was appointed a playmate who would soon be training in the royal shrine as a maiden because of her unusually large spiritual power. They were pronounced engaged when Taehyung was just shy of his teenage years by royal command and he did nothing to fight the arrangement.  Now, you’re a grown woman and head of the shrine as the Center Priestess and devotee to the shrine and royal family with a heart filled almost too full of love for your future husband-to-be. When the wedding is announced and a ball is held in an advanced celebration you wonder, does your fiancé really want to marry you? Or is he just following his father’s royal orders? You don’t know what your heart can’t take more: the idea of being rejected and unloved, or never knowing the true feelings of Prince Taehyung’s heart.",2020-06-04,16639,Teen And Up Audiences,F/M,Completed,109,taehyung,Heartache | Insecurity | Prince Taehyung | Slow Burn | arranged married | brief mention of violence/death | obvs religious themes | past kidnap attemps | priestess reader | royal au | serpent prince taehyung | taehyung cries oops | taehyung is also the most devoted boy to ever devote | y/n loves too much it hurts,Kim Taehyung | V/Reader,"['Heartache', 'Insecurity', 'Prince Taehyung', 'Slow Burn', 'arranged married', 'brief mention of violence/death', 'obvs religious themes', 'past kidnap attemps', 'priestess reader', 'royal au', 'serpent prince taehyung', 'taehyung cries oops', 'taehyung is also the most devoted boy to ever devote', 'y/n loves too much it hurts']","['Heartache', 'Insecurity', 'Slow Burn']","['Prince Taehyung', 'arranged married', 'brief mention of violence/death', 'obvs religious themes', 'past kidnap attemps', 'priestess reader', 'royal au', 'serpent prince taehyung', 'taehyung cries oops', 'taehyung is also the most devoted boy to ever devote', 'y/n loves too much it hurts']",['Prince Taehyung'],[]
https://golemlab.eu/graph/33048325,"because of you, blue","Nearly a year out from your breakup with Taehyung, Jin begs you for help saving his failing restaurant. The two of you aren’t exactly friends, but you feel some stupid sense of obligation and, really, what’s the worst that could happen? (or, the one where jin might commit a crime in the name of love.)",2021-08-05,52181,Explicit,F/M,Completed,108,taehyung,Alternate Universe - Not K-Pop Idols | Artist!Reader | Breakups & Heartbreak | Eventual Smut | Exes to Lovers | Fluff and Humor | Hurt/Comfort | Jeon Jungkook is a Little Shit | Jeon Jungkook is everyone's favorite himbo stoner | Kim Seokjin is a master manipulator (in a good way) | Kim Seokjin | Jin is So Done | Light Angst | Oral Sex | Porn with Feelings | Recreational Drug Use | Swearing | Talks of Being Broke | Vaginal Fingering | Vaginal Sex | idiots to lovers | photographer!taehyung,"Kim Taehyung | V/Reader, Kim Taehyung | V/You","['Alternate Universe - Not K-Pop Idols', 'Artist!Reader', 'Breakups & Heartbreak', 'Eventual Smut', 'Exes to Lovers', 'Fluff and Humor', 'Hurt/Comfort', 'Jeon Jungkook is a Little Shit', ""Jeon Jungkook is everyone's favorite himbo stoner"", 'Kim Seokjin is a master manipulator (in a good way)', 'Kim Seokjin', 'Jin is So Done', 'Light Angst', 'Oral Sex', 'Porn with Feelings', 'Recreational Drug Use', 'Swearing', 'Talks of Being Broke', 'Vaginal Fingering', 'Vaginal Sex', 'idiots to lovers', 'photographer!taehyung']","['Alternate Universe - Not K-Pop Idols', 'Eventual Smut', 'Fluff and Humor', 'Hurt/Comfort', 'Light Angst', 'Oral Sex', 'Porn with Feelings', 'Recreational Drug Use', 'Swearing', 'Vaginal Fingering', 'Vaginal Sex']","['Artist!Reader', 'Breakups & Heartbreak', 'Exes to Lovers', ""Jeon Jungkook is everyone's favorite himbo stoner"", 'Kim Seokjin is a master manipulator (in a good way)', 'Kim Seokjin', 'Jin is So Done', 'Talks of Being Broke', 'idiots to lovers', 'photographer!taehyung']","['Artist!Reader', 'Breakups & Heartbreak', 'Kim Seokjin']",['Jeon Jungkook is a Little Shit']
https://golemlab.eu/graph/4228053,Travels,Tourism and traveling is completely different. You find amazing things when you go to the core of a country.,2015-06-28,1128,General Audiences,F/M,Completed,108,taehyung,Reader-Insert | farmer!v | middle of freaking no where korea,Kim Taehyung | V/Reader,"['Reader-Insert', 'farmer!v', 'middle of freaking no where korea']",['Reader-Insert'],"['farmer!v', 'middle of freaking no where korea']",[],[]
https://golemlab.eu/graph/8768062,Personalism,"""I'm going to miss you, Noona."" Taehyung mentions again, moving to set the cotton ball aside and rip out some gauze, ""I'm going to miss doing errands for you, having lunch with you, spending time with you..."" He pauses to remove the covering of the gauze to wrap around your finger, ""I'm going to miss walking you to the doors, walking beside you, walking everywhere with you. I'm going to miss you being beside me, Noona.""",2016-12-06,8036,General Audiences,F/M,Completed,108,taehyung,Alternate Universe - Robots & Androids | Android Taehyung | Angst | Angst with a Happy Ending | Fluff | Fluff and Angst | Futuristic | Reader is a Noona | android!au,Kim Taehyung | V/Reader Series: Android!BTS [3],"['Alternate Universe - Robots & Androids', 'Android Taehyung', 'Angst', 'Angst with a Happy Ending', 'Fluff', 'Fluff and Angst', 'Futuristic', 'Reader is a Noona', 'android!au']","['Alternate Universe - Robots & Androids', 'Angst', 'Angst with a Happy Ending', 'Fluff', 'Fluff and Angst']","['Android Taehyung', 'Futuristic', 'Reader is a Noona', 'android!au']","['Android Taehyung', 'Futuristic']",[]
https://golemlab.eu/graph/24051505,Jazzy Romance [BTS V - KIM TAEHYUNG - SMUT +18],"One shot inspired by Spotify's playlist ""Jazzy Romance"". Taehyung is reserved and classy, but beneath that persona there is a wild desire for the unknown.",2020-05-07,3383,Explicit,F/M,Completed,108,taehyung,Denial of Feelings | Noona Kink | Smut | Submissive Character | dominant female,Kim Taehyung | V/Reader,"['Denial of Feelings', 'Noona Kink', 'Smut', 'Submissive Character', 'dominant female']","['Denial of Feelings', 'Noona Kink', 'Smut', 'Submissive Character']",['dominant female'],[],[]
https://golemlab.eu/graph/10659252,Helping Hand,You wake up from a dream with an ache between your legs and Taehyung is more than willing to lend a helping hand.,2017-04-18,3694,Mature,F/M,Completed,108,taehyung,Masturbation | Multiple Orgasms | Oral Sex | PWP without Porn | Smut,Kim Taehyung | V/Reader,"['Masturbation', 'Multiple Orgasms', 'Oral Sex', 'PWP without Porn', 'Smut']","['Masturbation', 'Multiple Orgasms', 'Oral Sex', 'PWP without Porn', 'Smut']",[],[],[]
https://golemlab.eu/graph/19221022,Moonlit: Kim Taehyung,,2019-06-15,5559,Teen And Up Audiences,F/M,Completed,107,taehyung,Arrange Marriage | Love | Prince x Princess | Taehyung prince | prince AU,Kim Taehyung | V/Reader,"['Arrange Marriage', 'Love', 'Prince x Princess', 'Taehyung prince', 'prince AU']",['Love'],"['Arrange Marriage', 'Prince x Princess', 'Taehyung prince', 'prince AU']",['Arrange Marriage'],[]
https://golemlab.eu/graph/21241727,Harvest Moon,"Werewolf!Taehyung x Reader: You live a normal life, in a normal little town, but it’s the Wolf-Harvest Festival, and the moon is full.",2019-10-30,3408,General Audiences,F/M,Completed,106,taehyung,Alternate Universe - Werewolf | Halloween | Werewolf Mates | Werewolves,Kim Taehyung | V/Reader,"['Alternate Universe - Werewolf', 'Halloween', 'Werewolf Mates', 'Werewolves']","['Alternate Universe - Werewolf', 'Halloween', 'Werewolf Mates', 'Werewolves']",[],[],[]
https://golemlab.eu/graph/14893991,Twelve Years,Best friends make the best lovers.,2018-06-10,1075,Mature,F/M,Completed,105,taehyung,Fluff | Friends to Lovers | Implied Sexual Content,Kim Taehyung | V/Reader,"['Fluff', 'Friends to Lovers', 'Implied Sexual Content']","['Fluff', 'Friends to Lovers', 'Implied Sexual Content']",[],[],[]
https://golemlab.eu/graph/14210811,fireflies,"“There’s no hope for people like us, sweetheart. We’re destined to fall in love a thousand times, and have our hearts broken in each one of them. We might as well be miserable together.”",2018-04-04,21033,Mature,F/M,Completed,105,taehyung,Alternate Universe - College/University | Angst | College AU | Fluff | Punk AU | Smut | intense talks abt love | punk!taehyung,Kim Taehyung | V/Reader,"['Alternate Universe - College/University', 'Angst', 'College AU', 'Fluff', 'Punk AU', 'Smut', 'intense talks abt love', 'punk!taehyung']","['Alternate Universe - College/University', 'Angst', 'Fluff', 'Smut']","['College AU', 'Punk AU', 'intense talks abt love', 'punk!taehyung']","['College AU', 'Punk AU']",[]
https://golemlab.eu/graph/26425552,Devotion,Taehyung gives 100% in everything that he does. Especially when it comes to showing you how much he loves you.,2020-09-12,1545,General Audiences,F/M,Completed,105,taehyung,Drabble | Fluff | Mafia AU | You save Tae from a knife and he’s forever grateful.,Kim Taehyung | V/Reader,"['Drabble', 'Fluff', 'Mafia AU', 'You save Tae from a knife and he’s forever grateful.']","['Drabble', 'Fluff']","['Mafia AU', 'You save Tae from a knife and he’s forever grateful.']",['Mafia AU'],[]
https://golemlab.eu/graph/18101963,"Hey There, Roomie",The sexual tension between you and your roommate is finally acted upon.,2019-03-13,2178,Explicit,F/M,Completed,105,taehyung,Alternate Universe - Roommates/Housemates | Dirty Talk | Humiliation | Masturbation | Sex toy? | Voyeurism | exhibitionsm,Kim Taehyung | V/Reader,"['Alternate Universe - Roommates/Housemates', 'Dirty Talk', 'Humiliation', 'Masturbation', 'Sex toy?', 'Voyeurism', 'exhibitionsm']","['Alternate Universe - Roommates/Housemates', 'Dirty Talk', 'Humiliation', 'Masturbation', 'Voyeurism']","['Sex toy?', 'exhibitionsm']",[],[]
https://golemlab.eu/graph/24433096,Morning Cuddles,A morning spent with needy Tae.,2020-05-29,1938,Explicit,F/M,Completed,104,taehyung,Dirty Talk | Morning Sex | Smut,Kim Taehyung | V/Reader,"['Dirty Talk', 'Morning Sex', 'Smut']","['Dirty Talk', 'Morning Sex', 'Smut']",[],[],[]
https://golemlab.eu/graph/19351708,True Canvas,"While artist Taehyung is busy preparing for a big showcase of his artwork he is unable to spend much time with you, leaving you missing his warm touch, and bright smile. You understand his busy schedule, and do your best to help him with whatever you can. After spending the evening by his side at his showcase he wants to show you just how much he loves, and appreciates you.",2019-06-25,6939,Explicit,F/M,Completed,104,taehyung,Established Relationship | Romance | Smut | artist,Kim Taehyung | V/Reader,"['Established Relationship', 'Romance', 'Smut', 'artist']","['Established Relationship', 'Romance', 'Smut']",['artist'],[],[]
https://golemlab.eu/graph/16145417,Freak,"Your crush on your best friend was obvious and so was his. But as you took the next step together things turned out completely different. An accident caused an unbreakable bond and you found out about the secret he had kept from you for so long. A secret that put you in danger, forcing you to run away with him. But the bond brought with it more than you both thought… To put it charmingly, your blood thirsty lover was thirsty for far more than just blood and the world you once knew turned into something completely different. TW: Explicit sexual content, graphic violence, blood.",2018-09-30,25337,Explicit,F/M,Completed,104,taehyung,Angst | Breeding | Dom Kim Taehyung | V | Mating Cycles/In Heat | Smut | There is A LOT of smut | Top Kim Taehyung | V | Vampire AU | Vampire Kim Taehyung | V | Vampires,Kim Taehyung | V/Reader,"['Angst', 'Breeding', 'Dom Kim Taehyung', 'V', 'Mating Cycles/In Heat', 'Smut', 'There is A LOT of smut', 'Top Kim Taehyung', 'V', 'Vampire AU', 'Vampire Kim Taehyung', 'V', 'Vampires']","['Angst', 'Breeding', 'Mating Cycles/In Heat', 'Smut', 'Vampires']","['Dom Kim Taehyung', 'V', 'There is A LOT of smut', 'Top Kim Taehyung', 'V', 'Vampire AU', 'Vampire Kim Taehyung', 'V']","['Dom Kim Taehyung', 'Top Kim Taehyung', 'Vampire AU', 'Vampire Kim Taehyung']",[]
https://golemlab.eu/graph/28143033,Hardly Professional.,"Taehyung was your boss and as far as you were concerned, your relationship was strictly business. But with Taehyung as best man and you as the maid of honor, you find yourself in a situation that is quite the opposite of professional. ___________________________ “Taehyung, what---,” your breath cut short as his mouth dragged up your thigh towards the expensive piece of lace resting there. “I’m just playing by the rules of tradition sweetheart,” he hummed.",2020-12-18,13144,Explicit,F/M,Completed,104,taehyung,Boss/Employee Relationship | CEO Kim Taehyung | V | Daddy Kink | Dirty Talk | Dom/sub | Falling In Love | Idiots in Love | Light Bondage | Masturbation | Oral Sex | Slight Spanking | Smut | Switch Kim Taehyung | V | both characters are bad at feelings,"Kim Taehyung | V/Reader, Min Yoonji/Park Jimin","['Boss/Employee Relationship', 'CEO Kim Taehyung', 'V', 'Daddy Kink', 'Dirty Talk', 'Dom/sub', 'Falling In Love', 'Idiots in Love', 'Light Bondage', 'Masturbation', 'Oral Sex', 'Slight Spanking', 'Smut', 'Switch Kim Taehyung', 'V', 'both characters are bad at feelings']","['Boss/Employee Relationship', 'Daddy Kink', 'Dirty Talk', 'Dom/sub', 'Falling In Love', 'Idiots in Love', 'Light Bondage', 'Masturbation', 'Oral Sex', 'Smut']","['CEO Kim Taehyung', 'V', 'Slight Spanking', 'Switch Kim Taehyung', 'V', 'both characters are bad at feelings']","['CEO Kim Taehyung', 'Slight Spanking', 'Switch Kim Taehyung']",[]
https://golemlab.eu/graph/21900145,Thoughts with actions,"You’ve been keeping yourself busy lately… a little too busy for your boyfriend’s liking and he starts to get worried about you. After all, he is your boyfriend, you share a bed together and know each other well… well enough for him to be able to tell when you’re stressed …and when you need his help to calm down…",2019-12-22,3019,Explicit,F/M,Completed,104,taehyung,Cute Kim Taehyung | V | Fluff and Smut | Kim Taehyung | V is a Sweetheart | Making Love | Smut | Stress Relief | Top Kim Taehyung | V | cuddle fucking,Kim Taehyung | V/Reader,"['Cute Kim Taehyung', 'V', 'Fluff and Smut', 'Kim Taehyung', 'V is a Sweetheart', 'Making Love', 'Smut', 'Stress Relief', 'Top Kim Taehyung', 'V', 'cuddle fucking']","['Fluff and Smut', 'Making Love', 'Smut', 'Stress Relief']","['Cute Kim Taehyung', 'V', 'Kim Taehyung', 'V is a Sweetheart', 'Top Kim Taehyung', 'V', 'cuddle fucking']","['Cute Kim Taehyung', 'Kim Taehyung', 'Top Kim Taehyung']",[]
https://golemlab.eu/graph/18002150,Auction,"Kim Taehyung is your ASL teacher.  One day you have a lesson on Money signs, and that is followed up with an auction.",2019-03-05,1257,Explicit,F/M,Completed,103,taehyung,American Sign Language | Non-Consensual Hugging | Non-Consensual Oral Sex | Rape | Sign Language | Smut | Teacher-Student Relationship | Vaginal Sex | Virgin Reader | teacher!taehyung,Kim Taehyung | V/Reader,"['American Sign Language', 'Non-Consensual Hugging', 'Non-Consensual Oral Sex', 'Rape', 'Sign Language', 'Smut', 'Teacher-Student Relationship', 'Vaginal Sex', 'Virgin Reader', 'teacher!taehyung']","['American Sign Language', 'Non-Consensual Hugging', 'Non-Consensual Oral Sex', 'Rape', 'Sign Language', 'Smut', 'Teacher-Student Relationship', 'Vaginal Sex']","['Virgin Reader', 'teacher!taehyung']",['Virgin Reader'],[]
https://golemlab.eu/graph/18121283,home,"prompt by @ hybridfanfiction on tumblr: ""Bowerbirds construct fancy houses for the female they’re courting. Your hybrid makes due with home improvement projects. You often come home to them painting or building new furniture."" - i allowed myself the creative freedom of adapting and made the reader genderless.",2019-03-15,1494,General Audiences,F/M,Completed,103,taehyung,Bird Hybrid | Bird Hybrid Kim Taehyung | V | Bird/Human Hybrids | Fluff | Golden Hour | Hybrid Kim Taehyung | V | Quasiplatonic Relationship | Queerplatonic relationship | Warm | bowerbird hybrid | bowerbird hybrid kim taeyhung | comfortable | flatmate kim taeyhung | genderless reader | hybrid!taeyhung | living with taehyung | prompted on tumblr | qpr | sun flooded flat,Kim Taehyung | V/Reader,"['Bird Hybrid', 'Bird Hybrid Kim Taehyung', 'V', 'Bird/Human Hybrids', 'Fluff', 'Golden Hour', 'Hybrid Kim Taehyung', 'V', 'Quasiplatonic Relationship', 'Queerplatonic relationship', 'Warm', 'bowerbird hybrid', 'bowerbird hybrid kim taeyhung', 'comfortable', 'flatmate kim taeyhung', 'genderless reader', 'hybrid!taeyhung', 'living with taehyung', 'prompted on tumblr', 'qpr', 'sun flooded flat']","['Bird/Human Hybrids', 'Fluff', 'Warm']","['Bird Hybrid', 'Bird Hybrid Kim Taehyung', 'V', 'Golden Hour', 'Hybrid Kim Taehyung', 'V', 'Quasiplatonic Relationship', 'Queerplatonic relationship', 'bowerbird hybrid', 'bowerbird hybrid kim taeyhung', 'comfortable', 'flatmate kim taeyhung', 'genderless reader', 'hybrid!taeyhung', 'living with taehyung', 'prompted on tumblr', 'qpr', 'sun flooded flat']","['Bird Hybrid', 'Bird Hybrid Kim Taehyung', 'Golden Hour', 'Hybrid Kim Taehyung', 'Quasiplatonic Relationship']",[]
https://golemlab.eu/graph/21868081,Just Say Yes,"One simple rule: Say yes. Whatever anyone asks or offers, you can't say no. Or else.",2019-12-20,15302,Mature,F/M,Completed,103,taehyung,Anal Sex | BIG OLD JIMIN HOE | Can't think of all the tags | Crushes | Cum Swallowing | Dirty Talk | Drinking | Dubious Consent | Games | Hand & Finger Kink | Jimin is a hoe | Jimin is bi | Kim Taehyung is fucking sexy in this one | Kissing | Masturbation in Bathroom | Mildly Dubious Consent | Mind Games | Oral Fixation | Oral Sex | Rape/Non-con Elements | Raw Anal | Sex | Suga drinks in this one | Suga is anti-social | Unprotected Sex | Vaginal Fingering | cum,Kim Taehyung | V/Reader Series: The College Years [6],"['Anal Sex', 'BIG OLD JIMIN HOE', ""Can't think of all the tags"", 'Crushes', 'Cum Swallowing', 'Dirty Talk', 'Drinking', 'Dubious Consent', 'Games', 'Hand & Finger Kink', 'Jimin is a hoe', 'Jimin is bi', 'Kim Taehyung is fucking sexy in this one', 'Kissing', 'Masturbation in Bathroom', 'Mildly Dubious Consent', 'Mind Games', 'Oral Fixation', 'Oral Sex', 'Rape/Non-con Elements', 'Raw Anal', 'Sex', 'Suga drinks in this one', 'Suga is anti-social', 'Unprotected Sex', 'Vaginal Fingering', 'cum']","['Anal Sex', 'Crushes', 'Dirty Talk', 'Drinking', 'Dubious Consent', 'Games', 'Hand & Finger Kink', 'Kissing', 'Masturbation in Bathroom', 'Mildly Dubious Consent', 'Mind Games', 'Oral Fixation', 'Oral Sex', 'Rape/Non-con Elements', 'Sex', 'Vaginal Fingering']","['BIG OLD JIMIN HOE', ""Can't think of all the tags"", 'Cum Swallowing', 'Jimin is a hoe', 'Jimin is bi', 'Kim Taehyung is fucking sexy in this one', 'Raw Anal', 'Suga drinks in this one', 'Suga is anti-social', 'Unprotected Sex', 'cum']","['Cum Swallowing', 'Raw Anal', 'Unprotected Sex']",[]
https://golemlab.eu/graph/13683951,Lipstick,"Tired of feeling submissive, Taehyung plans out a surprise for you when you come home and what’s better than a naked hottie waiting for you in the bathtub with a bowl of strawberries feat soft jazz? Will he be able to find his dominant side despite his soft personality? Smut features: Rough vanilla, dom!tae, hickeys, oral/foreplay, mild bondage, displays of dominance, dirty talk (”good girl”) , a lot of kissing and a sticky mess.",2018-02-14,2775,Mature,F/M,Completed,103,taehyung,Bathtub | Dom Kim Taehyung | V | Fluff | Smut | Taehyung smut | Vanilla | bts - Freeform | mild bondage | romantic | rough | taehyung - Freeform | valentines day,Kim Taehyung | V/Reader,"['Bathtub', 'Dom Kim Taehyung', 'V', 'Fluff', 'Smut', 'Taehyung smut', 'Vanilla', 'bts - Freeform', 'mild bondage', 'romantic', 'rough', 'taehyung - Freeform', 'valentines day']","['Fluff', 'Smut', 'Vanilla']","['Bathtub', 'Dom Kim Taehyung', 'V', 'Taehyung smut', 'bts - Freeform', 'mild bondage', 'romantic', 'rough', 'taehyung - Freeform', 'valentines day']","['Bathtub', 'Dom Kim Taehyung']",[]
https://golemlab.eu/graph/22972906,apartment 512,"after finally finding a decent place to live, you couldn’t believe that you landed next to the loudest neighbour in existance.",2020-03-01,14139,Mature,F/M,Completed,103,taehyung,Alternate Universe - Neighbors | Kim Taehyung | V is Whipped | Kim Taehyung | V is a Little Shit | Originally Posted on Tumblr | neighbour kim taehyung,Kim Taehyung | V/Reader Series: about the boy [1],"['Alternate Universe - Neighbors', 'Kim Taehyung', 'V is Whipped', 'Kim Taehyung', 'V is a Little Shit', 'Originally Posted on Tumblr', 'neighbour kim taehyung']","['Alternate Universe - Neighbors', 'Originally Posted on Tumblr']","['Kim Taehyung', 'V is Whipped', 'Kim Taehyung', 'V is a Little Shit', 'neighbour kim taehyung']","['Kim Taehyung', 'Kim Taehyung']",[]
https://golemlab.eu/graph/17067758,Precious,"This is pure smut, nothing else. - based on asks sent to me with kink requests",2018-12-19,2447,Explicit,F/M,Completed,102,taehyung,69 (Sex Position) | Ben Wa Balls | Creampie | Dirty Talk | Dom Kim Taehyung | V | Oral Sex | Overstimulation | Praise Kink | Rough Sex | Say it | Size Kink | Smut | Teasing | Vaginal Fingering | cum kink | ear nibbling | ear sucking | hold it | mention of impreg fetish | strong hands | use of toys,Kim Taehyung | V/Reader,"['69 (Sex Position)', 'Ben Wa Balls', 'Creampie', 'Dirty Talk', 'Dom Kim Taehyung', 'V', 'Oral Sex', 'Overstimulation', 'Praise Kink', 'Rough Sex', 'Say it', 'Size Kink', 'Smut', 'Teasing', 'Vaginal Fingering', 'cum kink', 'ear nibbling', 'ear sucking', 'hold it', 'mention of impreg fetish', 'strong hands', 'use of toys']","['69 (Sex Position)', 'Ben Wa Balls', 'Creampie', 'Dirty Talk', 'Oral Sex', 'Overstimulation', 'Praise Kink', 'Rough Sex', 'Size Kink', 'Smut', 'Teasing', 'Vaginal Fingering']","['Dom Kim Taehyung', 'V', 'Say it', 'cum kink', 'ear nibbling', 'ear sucking', 'hold it', 'mention of impreg fetish', 'strong hands', 'use of toys']",['Dom Kim Taehyung'],[]
https://golemlab.eu/graph/19080373,Riding High,The weed makes you needy and Taehyung knows just how to help you,2019-06-03,1516,Explicit,F/M,Completed,102,taehyung,Dirty Talk | Drugs | Friends to Lovers | Implied/Referenced Drug Use | PWP | Smut | Stoner Taehyung | no actual penetration | thigh riding,Kim Taehyung | V/Reader,"['Dirty Talk', 'Drugs', 'Friends to Lovers', 'Implied/Referenced Drug Use', 'PWP', 'Smut', 'Stoner Taehyung', 'no actual penetration', 'thigh riding']","['Dirty Talk', 'Drugs', 'Friends to Lovers', 'Implied/Referenced Drug Use', 'Smut']","['PWP', 'Stoner Taehyung', 'no actual penetration', 'thigh riding']",['Stoner Taehyung'],[]
https://golemlab.eu/graph/16868239,it's cliché  but it's not,"That night, you chose him.",2018-12-05,8807,Explicit,F/M,Completed,102,taehyung,Alternate Universe - College/University | Angst | Smut,Kim Taehyung | V/Reader,"['Alternate Universe - College/University', 'Angst', 'Smut']","['Alternate Universe - College/University', 'Angst', 'Smut']",[],[],[]
https://golemlab.eu/graph/18112856,For You,Eleven years ago your best friend died in those woods and eleven years later he returned from the grave to find you.,2019-03-14,5649,General Audiences,F/M,Completed,101,taehyung,Alternate Universe - Werewolf | Angst | Werewolf Kim Taehyung | V,"Kim Taehyung | V/Reader, Kim Taehyung | V/You","['Alternate Universe - Werewolf', 'Angst', 'Werewolf Kim Taehyung', 'V']","['Alternate Universe - Werewolf', 'Angst']","['Werewolf Kim Taehyung', 'V']",['Werewolf Kim Taehyung'],[]
https://golemlab.eu/graph/6244699,Lessons,As a new student you didn't expect Kim Taehyung to take such a quick interest to you. And leave you wanting more.,2016-03-14,2006,Explicit,F/M,Completed,101,taehyung,Public Blow Jobs | Smut | Students | fuckboy au,Kim Taehyung | V/Reader,"['Public Blow Jobs', 'Smut', 'Students', 'fuckboy au']","['Public Blow Jobs', 'Smut', 'Students']",['fuckboy au'],[],[]
https://golemlab.eu/graph/11070765,The Moon And The Stars,"You and Tae are roommates and it’s great. You two get along well and hang out from time to time. One night he comes home from a night of partying, completely wasted, and tells you he’s in love with you. However, given his reputation, that’s not exactly a good thing…",2017-06-02,5000,Teen And Up Audiences,F/M,Completed,100,taehyung,Alternate Universe - Roommates/Housemates | Angst | Falling In Love | Fluff | Fluff and Angst | Friends to Lovers | Roommates,Kim Taehyung | V/Reader,"['Alternate Universe - Roommates/Housemates', 'Angst', 'Falling In Love', 'Fluff', 'Fluff and Angst', 'Friends to Lovers', 'Roommates']","['Alternate Universe - Roommates/Housemates', 'Angst', 'Falling In Love', 'Fluff', 'Fluff and Angst', 'Friends to Lovers', 'Roommates']",[],[],[]
https://golemlab.eu/graph/19220857,Tamer: Kim Taehyung X Hogwarts AU,"☆ Kim Taehyung is known as a troublemaker, and you, being a good student, want nothing to do with him. So when you get his attention after helping him out... what will you do? ☆",2019-06-15,23087,Teen And Up Audiences,F/M,Completed,100,taehyung,AU | Alternate Universe - Hogwarts | BTS AU | Fanfiction | Hogwarts | bts fanfiction,Kim Taehyung | V/Reader,"['AU', 'Alternate Universe - Hogwarts', 'BTS AU', 'Fanfiction', 'Hogwarts', 'bts fanfiction']","['Alternate Universe - Hogwarts', 'Fanfiction', 'Hogwarts']","['AU', 'BTS AU', 'bts fanfiction']",[],[]
https://golemlab.eu/graph/8731768,Liar Liar,Taehyung has been hiding something crucial from you. It's time you find out what it was.,2016-12-03,2900,Mature,F/M,Completed,100,taehyung,Angst | Break Up | Cheating | ITS MY SPECIALTY | POV Second Person | Sadly | Trust Issues | lmao hope you like angst | this is another request,Kim Taehyung | V/Reader,"['Angst', 'Break Up', 'Cheating', 'ITS MY SPECIALTY', 'POV Second Person', 'Sadly', 'Trust Issues', 'lmao hope you like angst', 'this is another request']","['Angst', 'Break Up', 'Cheating', 'POV Second Person', 'Trust Issues']","['ITS MY SPECIALTY', 'Sadly', 'lmao hope you like angst', 'this is another request']",['Sadly'],[]
https://golemlab.eu/graph/7799818,What's Next?,"Kim Taehyung x Reader smut You always knew about the differences between Taehyung and V, and it was a wild experience.",2016-08-17,7677,Mature,F/M,In-Progress,100,taehyung,Smut | bts - Freeform,Kim Taehyung | V/Reader,"['Smut', 'bts - Freeform']",['Smut'],['bts - Freeform'],[],[]
https://golemlab.eu/graph/7942981,Short Embrace,"Taehyung comes home and finds you asleep, as tired as he is, he crawls into bed with you and share a brief intimate moment between the two of you.",2016-09-03,501,Teen And Up Audiences,F/M,Completed,100,taehyung,Cuddling & Snuggling | Fluff | Sleepy Cuddles,Kim Taehyung | V/Reader,"['Cuddling & Snuggling', 'Fluff', 'Sleepy Cuddles']","['Cuddling & Snuggling', 'Fluff', 'Sleepy Cuddles']",[],[],[]
https://golemlab.eu/graph/27256192,I'm Your Paradise,"You and Kim Tae-hyung are teachers at the same school. You've secretly had a crush on him for months now and as it turns out, the feeling is mutual.",2020-10-29,1987,Explicit,F/M,Completed,99,taehyung,Classroom Sex | Desk Sex | Kim Taehyung | V-centric | Light Angst | Reader-Insert | Smut | Teacher Kim Taehyung | V,Kim Taehyung | V/Reader Series: Blood Sweat & Tears (BTS x Reader Fics) [1],"['Classroom Sex', 'Desk Sex', 'Kim Taehyung', 'V-centric', 'Light Angst', 'Reader-Insert', 'Smut', 'Teacher Kim Taehyung', 'V']","['Classroom Sex', 'Desk Sex', 'Light Angst', 'Reader-Insert', 'Smut']","['Kim Taehyung', 'V-centric', 'Teacher Kim Taehyung', 'V']","['Kim Taehyung', 'Teacher Kim Taehyung']",[]
https://golemlab.eu/graph/13134189,Rain,AU: It’s pure smut & straight to it. You and Taehyung are being cozy in bed and you’re watching tv while he is being needy and trying to get your attention…,2017-12-24,1732,Mature,F/M,Completed,98,taehyung,A lot of tongue | Bottom Kim Taehyung | V | Choking | Needy Kim Taehyung | V | Oral | Smut | Sub Kim Taehyung | V | Sweet Talk | Vocal | detailed | rough,Kim Taehyung | V/Reader,"['A lot of tongue', 'Bottom Kim Taehyung', 'V', 'Choking', 'Needy Kim Taehyung', 'V', 'Oral', 'Smut', 'Sub Kim Taehyung', 'V', 'Sweet Talk', 'Vocal', 'detailed', 'rough']","['Choking', 'Smut']","['A lot of tongue', 'Bottom Kim Taehyung', 'V', 'Needy Kim Taehyung', 'V', 'Oral', 'Sub Kim Taehyung', 'V', 'Sweet Talk', 'Vocal', 'detailed', 'rough']","['Bottom Kim Taehyung', 'Needy Kim Taehyung', 'Oral', 'Sub Kim Taehyung', 'Sweet Talk', 'Vocal']",[]
https://golemlab.eu/graph/7582108,Confession From a Bully,"Basically, Taehyung(V) is an asshole and bullies the reader because they're close to another guy and he is jealous. The reader plays tough but they're actually really hurt. Emotional confession followed by a happy end.",2016-07-25,3183,Teen And Up Audiences,F/M,Completed,98,taehyung,AU | Alternate Universe - High School | Angst with a Happy Ending | Confessions | Crying | Happy Ending | High School | I really suck at tagging | Jealous Taehyung | Jealousy | Jimin & Taehyung can't stand each other | Jimin is your best friend | Light Angst | Love Confessions | Taehyung Is An Asshole | Taehyung Is a Bully | Taehyung doesn't like Jimin | chapter 2 | idek | reader is annoyed | they are watching a drama,Kim Taehyung | V/Reader,"['AU', 'Alternate Universe - High School', 'Angst with a Happy Ending', 'Confessions', 'Crying', 'Happy Ending', 'High School', 'I really suck at tagging', 'Jealous Taehyung', 'Jealousy', ""Jimin & Taehyung can't stand each other"", 'Jimin is your best friend', 'Light Angst', 'Love Confessions', 'Taehyung Is An Asshole', 'Taehyung Is a Bully', ""Taehyung doesn't like Jimin"", 'chapter 2', 'idek', 'reader is annoyed', 'they are watching a drama']","['Alternate Universe - High School', 'Angst with a Happy Ending', 'Confessions', 'Crying', 'Happy Ending', 'High School', 'Jealousy', 'Light Angst', 'Love Confessions']","['AU', 'I really suck at tagging', 'Jealous Taehyung', ""Jimin & Taehyung can't stand each other"", 'Jimin is your best friend', 'Taehyung Is An Asshole', 'Taehyung Is a Bully', ""Taehyung doesn't like Jimin"", 'chapter 2', 'idek', 'reader is annoyed', 'they are watching a drama']","['Jealous Taehyung', 'Taehyung Is An Asshole']",[]
https://golemlab.eu/graph/15169190,Milk For The Kitten,Ever wanted to pull on Taehyung's mullet and hear how he moans himself into submission?,2018-07-04,1328,Explicit,F/M,Completed,98,taehyung,Arachnophobia | BDSM | Bondage | D/s | Face-Sitting | Femdom | Graphic Description | Hair-pulling | Kitten!Tae | Noona Kink | Orgasm Denial | Swearing | biting kink | dom!reader | sub!taehyung,Kim Taehyung | V/Reader Series: Domestic Sub!BTS [5],"['Arachnophobia', 'BDSM', 'Bondage', 'D/s', 'Face-Sitting', 'Femdom', 'Graphic Description', 'Hair-pulling', 'Kitten!Tae', 'Noona Kink', 'Orgasm Denial', 'Swearing', 'biting kink', 'dom!reader', 'sub!taehyung']","['Arachnophobia', 'BDSM', 'Bondage', 'Face-Sitting', 'Femdom', 'Graphic Description', 'Hair-pulling', 'Noona Kink', 'Orgasm Denial', 'Swearing']","['D/s', 'Kitten!Tae', 'biting kink', 'dom!reader', 'sub!taehyung']",['Kitten!Tae'],[]
https://golemlab.eu/graph/25884865,it's complicated,"Taehyung is your best friend...who you also have sex with. The arrangement was strictly no-strings-attached in the beginning; however, now, the lines have blurred considerably and you might have actual feelings for him.",2020-08-14,14464,Explicit,F/M,Completed,97,taehyung,Alcohol | Alternate Universe - After College/University | Alternate Universe - College/University | Alternate Universe - High School | Angst | Best Friends | Explicit Language | Friends With Benefits | Friends to Lovers | Loss of Virginity | Smut | Unhealthy Relationships,Kim Taehyung | V/Reader,"['Alcohol', 'Alternate Universe - After College/University', 'Alternate Universe - College/University', 'Alternate Universe - High School', 'Angst', 'Best Friends', 'Explicit Language', 'Friends With Benefits', 'Friends to Lovers', 'Loss of Virginity', 'Smut', 'Unhealthy Relationships']","['Alcohol', 'Alternate Universe - After College/University', 'Alternate Universe - College/University', 'Alternate Universe - High School', 'Angst', 'Best Friends', 'Explicit Language', 'Friends With Benefits', 'Friends to Lovers', 'Loss of Virginity', 'Smut', 'Unhealthy Relationships']",[],[],[]
https://golemlab.eu/graph/11939073,Impatience,“‘m sorry. Bu-but I haven’t received my cuddles or pets today and you give the best cuddles and you know that one spot behind my ear that makes my tail go- hey can you pet me now?” Part of a series of hybrid drabbles I will be starting.,2017-08-28,485,General Audiences,Other,Completed,97,taehyung,Fluff | Hybrid AU | Hybrid Kim Taehyung | V | Platonic Relationships,Kim Taehyung | V/Reader Series: BTS Hybrid Drabbles [1],"['Fluff', 'Hybrid AU', 'Hybrid Kim Taehyung', 'V', 'Platonic Relationships']","['Fluff', 'Platonic Relationships']","['Hybrid AU', 'Hybrid Kim Taehyung', 'V']","['Hybrid AU', 'Hybrid Kim Taehyung']",[]
https://golemlab.eu/graph/16718971,1-800-Music-Street,"you’re enchanted by a street performer and then he saves you, resulting in multiple meetings one can only describe as fate. or homeless!tae, saxophonist!tae, street performer!tae",2018-11-23,13244,Explicit,F/M,Completed,96,taehyung,Cunnilingus | Dirty Talk | Multiple Orgasms | Mutual Masturbation | Overstimulation | Street Performer!Taehyung | homeless!taehyung | mentions of weed and alcohol | mild violence | saxophonist!taehyung,Kim Taehyung | V/Reader,"['Cunnilingus', 'Dirty Talk', 'Multiple Orgasms', 'Mutual Masturbation', 'Overstimulation', 'Street Performer!Taehyung', 'homeless!taehyung', 'mentions of weed and alcohol', 'mild violence', 'saxophonist!taehyung']","['Cunnilingus', 'Dirty Talk', 'Multiple Orgasms', 'Mutual Masturbation', 'Overstimulation']","['Street Performer!Taehyung', 'homeless!taehyung', 'mentions of weed and alcohol', 'mild violence', 'saxophonist!taehyung']",['Street Performer!Taehyung'],[]
https://golemlab.eu/graph/26294863,Preg. Kink | KTH Short,"Just a few lines imagining Taehyung with a very *very* strong pregnancy kink - might be used in a future, longer, fic.",2020-09-05,229,Explicit,F/M,Completed,96,taehyung,Breeding Kink | NSFW | Pregnancy Kink | Reader-Insert | Tae has a really dirty mouth | and short | fem! reader | honestly a snippet I might use for a story later | it's really kinky | maybe I should make him put it to use next time ;),Kim Taehyung | V/Reader Series: Bangtan Shorts [2],"['Breeding Kink', 'NSFW', 'Pregnancy Kink', 'Reader-Insert', 'Tae has a really dirty mouth', 'and short', 'fem! reader', 'honestly a snippet I might use for a story later', ""it's really kinky"", 'maybe I should make him put it to use next time ;)']","['Pregnancy Kink', 'Reader-Insert']","['Breeding Kink', 'NSFW', 'Tae has a really dirty mouth', 'and short', 'fem! reader', 'honestly a snippet I might use for a story later', ""it's really kinky"", 'maybe I should make him put it to use next time ;)']",['Breeding Kink'],[]
https://golemlab.eu/graph/18211733,Notes,"A job, a best friend and a relatively calm life had you seemingly settled. But with a lack of romance… not that you craved it nor had a romantic interest in anyone. But one day it was all to change when you were suddenly informed by your commonly disliked boss that you weren’t needed anymore… unless you took a job as his secretary. Hesitant at first you eventually accepted as he managed to talk you into it. With the pay he offered you could at least give it a chance you thought… but it didn’t take long until he made you change your mind and feel like the common opinion towards him might have been true after all. But something still felt off… As you threatened to quit, determined to get another job and get away from him, he refused to let you… begging for you to stay. The odd feeling you had suppressed was getting harder to contain and sooner or later, the true intentions and meanings of his actions were to be revealed along with your own…",2019-03-23,24554,Mature,F/M,Completed,96,taehyung,Angst | Angst and Smut | Bedroom Sex | CEO Kim Taehyung | V | Confessional Sex | Dirty Talk | Enemies to Friends to Lovers | Fingering | Jealous Kim Taehyung | V | Love Confessions | Office Sex | One-Sided Attraction | Oral Sex | Orgasm Delay/Denial | Partners to Lovers | Semi-Public Sex | Slow Build | Slow Burn | Smut | hints of being in love | kind of,Kim Taehyung | V/Reader,"['Angst', 'Angst and Smut', 'Bedroom Sex', 'CEO Kim Taehyung', 'V', 'Confessional Sex', 'Dirty Talk', 'Enemies to Friends to Lovers', 'Fingering', 'Jealous Kim Taehyung', 'V', 'Love Confessions', 'Office Sex', 'One-Sided Attraction', 'Oral Sex', 'Orgasm Delay/Denial', 'Partners to Lovers', 'Semi-Public Sex', 'Slow Build', 'Slow Burn', 'Smut', 'hints of being in love', 'kind of']","['Angst', 'Bedroom Sex', 'Confessional Sex', 'Dirty Talk', 'Enemies to Friends to Lovers', 'Love Confessions', 'Office Sex', 'One-Sided Attraction', 'Oral Sex', 'Orgasm Delay/Denial', 'Partners to Lovers', 'Semi-Public Sex', 'Slow Build', 'Slow Burn', 'Smut']","['Angst and Smut', 'CEO Kim Taehyung', 'V', 'Fingering', 'Jealous Kim Taehyung', 'V', 'hints of being in love', 'kind of']","['CEO Kim Taehyung', 'Fingering', 'Jealous Kim Taehyung']",[]
https://golemlab.eu/graph/24654508,Backstage Passes,"ever since you befriended kim taehyung of bts, he’s practically begged you to go to one of his concerts. having suffer a bit from claustophobia, you always decline until he gets the idea to have you backstage",2020-06-11,5199,General Audiences,F/M,Completed,95,taehyung,190623 Taehyung | 5th Muster Magic Shop | Alternate Universe - Idols | Claustrophobia | Concerts | Cute | Fluff | Friends to Lovers | Friendship/Love | Idol Kim Taehyung | V | Kissing | Namjoon is dumb | mild tho,Kim Taehyung | V/Reader,"['190623 Taehyung', '5th Muster Magic Shop', 'Alternate Universe - Idols', 'Claustrophobia', 'Concerts', 'Cute', 'Fluff', 'Friends to Lovers', 'Friendship/Love', 'Idol Kim Taehyung', 'V', 'Kissing', 'Namjoon is dumb', 'mild tho']","['Alternate Universe - Idols', 'Claustrophobia', 'Concerts', 'Cute', 'Fluff', 'Friends to Lovers', 'Friendship/Love', 'Kissing']","['190623 Taehyung', '5th Muster Magic Shop', 'Idol Kim Taehyung', 'V', 'Namjoon is dumb', 'mild tho']","['190623 Taehyung', 'Idol Kim Taehyung']",[]
https://golemlab.eu/graph/21519382,Gimme Shelter,"You’ve been acting reckless since your last breakup, and your guardian angel, Taehyung, is not amused.",2019-11-22,4173,Explicit,F/M,Completed,94,taehyung,Angel Corruption | Angel Kim Namjoon | RM | Angel Kim Taehyung | V | Angst | Drinking | Praise Kink | Vaginal Sex | guardian angel Taehyung | reader is a Mess,Kim Taehyung | V/Reader Series: I have come to lead you to the other shore [4],"['Angel Corruption', 'Angel Kim Namjoon', 'RM', 'Angel Kim Taehyung', 'V', 'Angst', 'Drinking', 'Praise Kink', 'Vaginal Sex', 'guardian angel Taehyung', 'reader is a Mess']","['Angel Corruption', 'Angst', 'Drinking', 'Praise Kink', 'Vaginal Sex']","['Angel Kim Namjoon', 'RM', 'Angel Kim Taehyung', 'V', 'guardian angel Taehyung', 'reader is a Mess']","['Angel Kim Namjoon', 'Angel Kim Taehyung']",[]
https://golemlab.eu/graph/11605305,Scars,"He had been on the verge of insanity, but they’d pulled him back. He'd been to the edge of hell and they'd grabbed hold of him at the precipice. These two were family, his lifeline, his only hope.  He would get through this. For their sakes, he would hold it together. But would he ever forget? Not for a moment.",2017-07-25,44358,Mature,F/M,Completed,93,taehyung,Angst | Attempted Sexual Assault | Blood and Violence | Eventual Smut | Eventual mild smut | Fluff and Angst | Guilt | Mild Smut | Minor Character Death | Mystery | Romance | Romantic Fluff | Violence,Kim Taehyung | V/Reader,"['Angst', 'Attempted Sexual Assault', 'Blood and Violence', 'Eventual Smut', 'Eventual mild smut', 'Fluff and Angst', 'Guilt', 'Mild Smut', 'Minor Character Death', 'Mystery', 'Romance', 'Romantic Fluff', 'Violence']","['Angst', 'Attempted Sexual Assault', 'Blood and Violence', 'Eventual Smut', 'Fluff and Angst', 'Guilt', 'Mild Smut', 'Minor Character Death', 'Mystery', 'Romance', 'Romantic Fluff', 'Violence']",['Eventual mild smut'],[],[]
https://golemlab.eu/graph/11547321,Independent,"Your mom calls you stubborn, your friends call you wild, and the boys you’ve left in your wake call you a frigid bitch.  You’ve built a life of independence and you like it that way. Kim Taehyung, however; might just be able to change your mind.",2017-07-19,94916,Teen And Up Audiences,F/M,Completed,92,taehyung,Angst | Fluff | Novel | Slow Burn,"Kim Taehyung | V/Reader, Taehyung - Relationship Series: Independent [1]","['Angst', 'Fluff', 'Novel', 'Slow Burn']","['Angst', 'Fluff', 'Novel', 'Slow Burn']",[],[],[]
https://golemlab.eu/graph/8738332,Envy,Dining out with the group has its perks... But then it has its negative benefits.,2016-12-04,4495,Mature,F/M,Completed,90,taehyung,Arguing | Face Punching | Fighting | Fun | Hair-pulling | POV Second Person | this was a good request not gonna lie lol,Kim Taehyung | V/Reader,"['Arguing', 'Face Punching', 'Fighting', 'Fun', 'Hair-pulling', 'POV Second Person', 'this was a good request not gonna lie lol']","['Arguing', 'Face Punching', 'Fun', 'Hair-pulling', 'POV Second Person']","['Fighting', 'this was a good request not gonna lie lol']",['Fighting'],[]
https://golemlab.eu/graph/25131121,Smiles and toothache,"It's Kim Taehee. The girl you know better than your own damn mother, the girl with fire beneath her feet and passion loud in her eyes— On her fucking back in your beat up car with her pussy gushing slick that smells like fucking lychees, looking every bit the cock hungry whore that she is.",2020-07-07,3728,Explicit,Other,Completed,89,taehyung,Alpha/Beta/Omega Dynamics | Anal Sex | Biting | Blood and Injury | Bottom Kim Taehyung | V | Date Rape Drug/Roofies | Dead Dove: Do Not Eat | Female Kim Taehyung | V | Forced Pregnancy | Hurt No Comfort | Kidnapping | Mating Cycles/In Heat | No Lube | Non-Consensual Drug Use | Non-Consensual Spanking | Omega Kim Taehyung | V | Stalking | Vaginal Sex,Kim Taehyung | V/Reader Series: All you want is honey [1],"['Alpha/Beta/Omega Dynamics', 'Anal Sex', 'Biting', 'Blood and Injury', 'Bottom Kim Taehyung', 'V', 'Date Rape Drug/Roofies', 'Dead Dove: Do Not Eat', 'Female Kim Taehyung', 'V', 'Forced Pregnancy', 'Hurt No Comfort', 'Kidnapping', 'Mating Cycles/In Heat', 'No Lube', 'Non-Consensual Drug Use', 'Non-Consensual Spanking', 'Omega Kim Taehyung', 'V', 'Stalking', 'Vaginal Sex']","['Alpha/Beta/Omega Dynamics', 'Anal Sex', 'Biting', 'Blood and Injury', 'Date Rape Drug/Roofies', 'Dead Dove: Do Not Eat', 'Forced Pregnancy', 'Hurt No Comfort', 'Kidnapping', 'Mating Cycles/In Heat', 'No Lube', 'Non-Consensual Drug Use', 'Non-Consensual Spanking', 'Stalking', 'Vaginal Sex']","['Bottom Kim Taehyung', 'V', 'Female Kim Taehyung', 'V', 'Omega Kim Taehyung', 'V']","['Bottom Kim Taehyung', 'Female Kim Taehyung', 'Omega Kim Taehyung']",[]
https://golemlab.eu/graph/15169481,Playfight,How to fuck your baby boy Kim Taehyung in a raging blizzard?,2018-07-04,1379,Explicit,F/M,Completed,89,taehyung,Angst to Smut to Fluff | But Protected | Car Sex | Choking | Femdom | Graphic Description | Riding | Sexy Winter Clothing | deep penetration | dom!reader | lotta cum | sub!taehyung,Kim Taehyung | V/Reader Series: BTS | Nature Setting AUs [3],"['Angst to Smut to Fluff', 'But Protected', 'Car Sex', 'Choking', 'Femdom', 'Graphic Description', 'Riding', 'Sexy Winter Clothing', 'deep penetration', 'dom!reader', 'lotta cum', 'sub!taehyung']","['Car Sex', 'Choking', 'Femdom', 'Graphic Description', 'Riding']","['Angst to Smut to Fluff', 'But Protected', 'Sexy Winter Clothing', 'deep penetration', 'dom!reader', 'lotta cum', 'sub!taehyung']","['But Protected', 'Sexy Winter Clothing']",[]
https://golemlab.eu/graph/5919106,Story in your Eyes,Formal events were definitely not your forte.,2016-02-05,2075,General Audiences,F/M,Completed,89,taehyung,,Kim Taehyung | V/Reader Series: Eye Contact [6],[],[],[],[],[]
https://golemlab.eu/graph/13328811,Me & U,a night out with friends leads to some good old fashioned fun,2018-01-10,3537,Mature,F/M,Completed,89,taehyung,Dirty Talk | Semi-Public Sex | Smut | Vaginal Fingering | Vibrators,Kim Taehyung | V/Reader,"['Dirty Talk', 'Semi-Public Sex', 'Smut', 'Vaginal Fingering', 'Vibrators']","['Dirty Talk', 'Semi-Public Sex', 'Smut', 'Vaginal Fingering', 'Vibrators']",[],[],[]
https://golemlab.eu/graph/29349006,Good Boy,"It was Taehyung's birthday but he didn't want dinner and presents by candlelight, he wanted to be owned.",2021-02-11,1524,Explicit,F/M,Completed,88,taehyung,Animal Play Puppy Kim Taehyung | V | Dom/sub | Dom/sub Play | Knotting Dildos | Omorashi | Pegging | Pet Play | Sub Kim Taehyung | V | Watersports | dominant female reader,Kim Taehyung | V/Reader,"['Animal Play Puppy Kim Taehyung', 'V', 'Dom/sub', 'Dom/sub Play', 'Knotting Dildos', 'Omorashi', 'Pegging', 'Pet Play', 'Sub Kim Taehyung', 'V', 'Watersports', 'dominant female reader']","['Dom/sub', 'Dom/sub Play', 'Knotting Dildos', 'Omorashi', 'Pegging', 'Watersports']","['Animal Play Puppy Kim Taehyung', 'V', 'Pet Play', 'Sub Kim Taehyung', 'V', 'dominant female reader']","['Pet Play', 'Sub Kim Taehyung']",[]
https://golemlab.eu/graph/19084414,From Behind the Lens,You are on the set of Taehyung’s latest project. Today they will be filming an erotic scene. Taehyung is definitely trying to get under your skin.,2019-06-04,1422,Mature,F/M,Completed,88,taehyung,BDSM | Jealousy | Mild Sexual Content | Mild Smut | POV Second Person | Reader Insert | Sexual Content | Yandere | Yandere Kim Taehyung | V,Kim Taehyung | V/Reader,"['BDSM', 'Jealousy', 'Mild Sexual Content', 'Mild Smut', 'POV Second Person', 'Reader Insert', 'Sexual Content', 'Yandere', 'Yandere Kim Taehyung', 'V']","['BDSM', 'Jealousy', 'Mild Sexual Content', 'Mild Smut', 'POV Second Person', 'Sexual Content', 'Yandere']","['Reader Insert', 'Yandere Kim Taehyung', 'V']","['Reader Insert', 'Yandere Kim Taehyung']",[]
https://golemlab.eu/graph/29779344,Green with Envy,Taehyung is a little jealous of your friends. He decides everyone needs to know who you belong to.,2021-03-01,2367,Explicit,F/M,Completed,88,taehyung,Barebacking | Clothed Sex | Dirty Talk | Hair-pulling | Jealous Kim Taehyung | V | Panties | Plot What Plot/Porn Without Plot | Smut | Vaginal Sex,"Kim Taehyung | V/Reader, Kim Taehyung | V/You","['Barebacking', 'Clothed Sex', 'Dirty Talk', 'Hair-pulling', 'Jealous Kim Taehyung', 'V', 'Panties', 'Plot What Plot/Porn Without Plot', 'Smut', 'Vaginal Sex']","['Barebacking', 'Clothed Sex', 'Dirty Talk', 'Hair-pulling', 'Panties', 'Plot What Plot/Porn Without Plot', 'Smut', 'Vaginal Sex']","['Jealous Kim Taehyung', 'V']",['Jealous Kim Taehyung'],[]
https://golemlab.eu/graph/18578374,Strawberries and Next Time,Taehyung is just the softest soft college boy in the world and just wants a happy date with his crush.,2019-04-24,3441,General Audiences,F/M,Completed,87,taehyung,College AU | First Date | Fluff,Kim Taehyung | V/Reader,"['College AU', 'First Date', 'Fluff']",['Fluff'],"['College AU', 'First Date']","['College AU', 'First Date']",[]
https://golemlab.eu/graph/14231001,danse macabre,"As a newborn vampire, you still have a lot to learn ― fortunately, someone is very happy to teach. “Step number one: pick your prey.”",2018-04-06,13647,Mature,F/M,Completed,87,taehyung,Alternate Universe - Vampire | Angst | Blood Kink | Blood Play | Fantasy | Horror | Reader Insert | Smut | Vampires | light gore,Kim Taehyung | V/Reader,"['Alternate Universe - Vampire', 'Angst', 'Blood Kink', 'Blood Play', 'Fantasy', 'Horror', 'Reader Insert', 'Smut', 'Vampires', 'light gore']","['Alternate Universe - Vampire', 'Angst', 'Blood Kink', 'Fantasy', 'Horror', 'Smut', 'Vampires']","['Blood Play', 'Reader Insert', 'light gore']","['Blood Play', 'Reader Insert']",[]
https://golemlab.eu/graph/14932746,Blinded by the lights,The light in his eyes blinds your thoughts and renders inconsequential the fact that you’re standing right at the center of the dance floor; the deepness of his voice as he drags you into a dangerous game makes all your inhibitions fall until it really doesn’t matter if anyone catches a glimpse of the both of you and the unequivocal way his hand moves between your legs.,2018-06-14,2368,Explicit,F/M,Completed,87,taehyung,Public Sex | Smut,Kim Taehyung | V/Reader,"['Public Sex', 'Smut']","['Public Sex', 'Smut']",[],[],[]
https://golemlab.eu/graph/27851682,The Sevenfold Path - Taehyung,"Summoner Kim Taehyung is the eldest son of a powerful family, newly ascended and already making a name for himself. He also happens to be your childhood friend and first love. What does your future hold if you give him your heart for a second time? (Begin by reading The Sevenfold Path - Prologue)",2020-12-03,37888,Teen And Up Audiences,F/M,Completed,86,taehyung,Alternate Universe | Reader-Insert | WITCHES AU | magical au,Kim Taehyung | V/Reader Series: The Sevenfold Path [2],"['Alternate Universe', 'Reader-Insert', 'WITCHES AU', 'magical au']","['Alternate Universe', 'Reader-Insert']","['WITCHES AU', 'magical au']",[],[]
https://golemlab.eu/graph/9583520,What Goes Up....Will Also Go Down,You don't know BTS personally but you attend a release party with your friends.  By the end you'll know Kim Taehyung better than you imagined.,2017-02-05,5229,Explicit,F/M,Completed,86,taehyung,Elevator Sex | Flirting | My First Work in This Fandom | One Night Stands | Sex | Smut | Tags Are Hard | What Was I Thinking?,Kim Taehyung | V/Reader,"['Elevator Sex', 'Flirting', 'My First Work in This Fandom', 'One Night Stands', 'Sex', 'Smut', 'Tags Are Hard', 'What Was I Thinking?']","['Elevator Sex', 'Flirting', 'My First Work in This Fandom', 'One Night Stands', 'Sex', 'Smut', 'Tags Are Hard', 'What Was I Thinking?']",[],[],[]
https://golemlab.eu/graph/31810894,Taming the Beast,"You were the next in line to be the head of your village, when your mother gave you to the enemy to save your people from merciless slaughter. What happens when they try to Tame a Beast?",2021-06-08,34199,Explicit,F/M,In-Progress,86,taehyung,BTS Royalty | Eventual Smut | Prince Taehyung | Princes & Princesses | Royalty | Smut | Taehyung smut | Taehyung x Reader - Freeform | V smut | bts - Freeform | bts smut | kim taehyung - Freeform | prince v,Kim Taehyung | V/Reader,"['BTS Royalty', 'Eventual Smut', 'Prince Taehyung', 'Princes & Princesses', 'Royalty', 'Smut', 'Taehyung smut', 'Taehyung x Reader - Freeform', 'V smut', 'bts - Freeform', 'bts smut', 'kim taehyung - Freeform', 'prince v']","['Eventual Smut', 'Princes & Princesses', 'Royalty', 'Smut']","['BTS Royalty', 'Prince Taehyung', 'Taehyung smut', 'Taehyung x Reader - Freeform', 'V smut', 'bts - Freeform', 'bts smut', 'kim taehyung - Freeform', 'prince v']","['BTS Royalty', 'Prince Taehyung']",[]
https://golemlab.eu/graph/12406599,- αℓℓυяємєит -,"prompts:  ""That sounds illegal. I’m in” |“Don’t you realize, I was born to die” | ""He/She, is alive” wordCount: 1.1k pairing: taehyungxreader genre: angst | smut length: one shot | request- triggers: mature content,police, cussing,  mentions of “daddy” and “babygirl” masterlist",2017-10-18,1167,Mature,F/M,Completed,85,taehyung,BTS!AU | Badboy!Tae | Drabble | Gang AU | Mafia AU | Smut | Taehyung bad | Taehyung bad boy | Taetae - Freeform | bangtan - Freeform | bonnie and clyde au | bts fanfic | bts smut | gang bangtan | mafia bangtan | request | taehyung - Freeform,Kim Taehyung | V/Reader,"['BTS!AU', 'Badboy!Tae', 'Drabble', 'Gang AU', 'Mafia AU', 'Smut', 'Taehyung bad', 'Taehyung bad boy', 'Taetae - Freeform', 'bangtan - Freeform', 'bonnie and clyde au', 'bts fanfic', 'bts smut', 'gang bangtan', 'mafia bangtan', 'request', 'taehyung - Freeform']","['Drabble', 'Smut']","['BTS!AU', 'Badboy!Tae', 'Gang AU', 'Mafia AU', 'Taehyung bad', 'Taehyung bad boy', 'Taetae - Freeform', 'bangtan - Freeform', 'bonnie and clyde au', 'bts fanfic', 'bts smut', 'gang bangtan', 'mafia bangtan', 'request', 'taehyung - Freeform']","['Badboy!Tae', 'Gang AU', 'Mafia AU', 'Taetae - Freeform']",[]
https://golemlab.eu/graph/35930830,Fortis,"fortis (Latin) adj. brave, bold, courageous … Three words to describe something you are not. You avoid confrontation, you're reluctant to speak up to your parents, and you’re scared to confess your feelings to your best friend, Jeon Jungkook. Now, Jungkook is officially unattainable and you’re stuck doing a dead-end job for your father's company. You yearn for something different. So when you get a few months off work, you take the opportunity to also get a break from your routine and try new things. You end up in a small town, sticking out like a sore thumb and looking like a fish out of water. As if things aren’t bad enough, you also seem to have provoked the ire of one of the locals, Kim Taehyung.",2022-01-11,40946,Teen And Up Audiences,F/M,In-Progress,85,taehyung,Alternate Universe - Not K-Pop Idols | Attempt at Humor | Auto Racing AU but I don't know anything about cars | Class Differences | Drama & Romance | Fluff and Angst | I’m bad at tagging | Love Triangles | Not Beta Read | Science Fiction | Stargazing and mythology references | Swearing | Unrequited Love | cliches | some SKZ references since a couple of Stray Kids somehow wander into this mess | strangers to enemies to eventual lovers,Kim Taehyung | V/Reader,"['Alternate Universe - Not K-Pop Idols', 'Attempt at Humor', ""Auto Racing AU but I don't know anything about cars"", 'Class Differences', 'Drama & Romance', 'Fluff and Angst', 'I’m bad at tagging', 'Love Triangles', 'Not Beta Read', 'Science Fiction', 'Stargazing and mythology references', 'Swearing', 'Unrequited Love', 'cliches', 'some SKZ references since a couple of Stray Kids somehow wander into this mess', 'strangers to enemies to eventual lovers']","['Alternate Universe - Not K-Pop Idols', 'Attempt at Humor', 'Class Differences', 'Drama & Romance', 'Fluff and Angst', 'Love Triangles', 'Not Beta Read', 'Science Fiction', 'Swearing', 'Unrequited Love']","[""Auto Racing AU but I don't know anything about cars"", 'I’m bad at tagging', 'Stargazing and mythology references', 'cliches', 'some SKZ references since a couple of Stray Kids somehow wander into this mess', 'strangers to enemies to eventual lovers']",[],[]
https://golemlab.eu/graph/28161966,Finally,Taehyung just wants this event to end so that he can have some actual fun with you instead of celebrating his brother's yearly event for his plants.,2020-12-19,4018,Explicit,F/M,Completed,84,taehyung,Alternate Universe - Royalty | Cunnilingus | Dirty Talk | Poor Joonie Just Wants Everyone To Love His Plants | Pregnancy | Prince Kim Taehyung | V | Princess reader | Rough Sex | Semi-Public Sex | Vaginal Fingering | Vaginal Sex | commission,Kim Taehyung | V/Reader,"['Alternate Universe - Royalty', 'Cunnilingus', 'Dirty Talk', 'Poor Joonie Just Wants Everyone To Love His Plants', 'Pregnancy', 'Prince Kim Taehyung', 'V', 'Princess reader', 'Rough Sex', 'Semi-Public Sex', 'Vaginal Fingering', 'Vaginal Sex', 'commission']","['Alternate Universe - Royalty', 'Cunnilingus', 'Dirty Talk', 'Pregnancy', 'Rough Sex', 'Semi-Public Sex', 'Vaginal Fingering', 'Vaginal Sex']","['Poor Joonie Just Wants Everyone To Love His Plants', 'Prince Kim Taehyung', 'V', 'Princess reader', 'commission']",['Prince Kim Taehyung'],[]
https://golemlab.eu/graph/11024310,one night in a strange city,inspired by before sunrise an argument between lovers brings two together on one train,2017-05-28,1134,Teen And Up Audiences,F/M,Completed,84,taehyung,Adorable Kim Taehyung | V | Alternate Universe | Before Sunrise AU | Cute Kim Taehyung | V | Domestic Fluff | Fluff | Fluff and Humor | Fluff without Plot | Kim Taehyung | V is a Sweetheart | Kim Taehyung | V-centric | One Shot | Protective Bangtan Boys | Reader-Insert | Romantic Fluff | Short One Shot | Trains,Kim Taehyung | V/Reader,"['Adorable Kim Taehyung', 'V', 'Alternate Universe', 'Before Sunrise AU', 'Cute Kim Taehyung', 'V', 'Domestic Fluff', 'Fluff', 'Fluff and Humor', 'Fluff without Plot', 'Kim Taehyung', 'V is a Sweetheart', 'Kim Taehyung', 'V-centric', 'One Shot', 'Protective Bangtan Boys', 'Reader-Insert', 'Romantic Fluff', 'Short One Shot', 'Trains']","['Alternate Universe', 'Domestic Fluff', 'Fluff', 'Fluff and Humor', 'Fluff without Plot', 'One Shot', 'Reader-Insert', 'Romantic Fluff', 'Short One Shot', 'Trains']","['Adorable Kim Taehyung', 'V', 'Before Sunrise AU', 'Cute Kim Taehyung', 'V', 'Kim Taehyung', 'V is a Sweetheart', 'Kim Taehyung', 'V-centric', 'Protective Bangtan Boys']","['Adorable Kim Taehyung', 'Before Sunrise AU', 'Cute Kim Taehyung', 'Kim Taehyung', 'Kim Taehyung', 'Protective Bangtan Boys']",[]
https://golemlab.eu/graph/36055129,Everlast,"""Here's how this is going to work. You're going to listen to me, and maybe, just maybe we'll survive,"" he said. She merely chuckled. ""We're so screwed."" ~~~ Kim Taehyung and Y/n L/n were on that plane for two entirely different reasons. One was a business trip, the other was on his way to see family. Fate has different plans for them when they find themselves the sole survivors of a crash, stranded on the dangerous island of Everlast. Food, shelter, and wildlife are all against them. However, their actual biggest problem is getting along...",2021-12-29,16949,Mature,F/M,Completed,84,taehyung,Airplane Crashes | Alternate Universe | Banter | Being Lost | Bickering | Enemies to Lovers | Eventual Smut | Everyone Needs A Hug | Falling In Love | Fluff and Angst | Fluff and Crack | Fun | Humor | I'm Bad At Tagging | I'm Sorry | Idiots in Love | Islands | Kim Taehyung | V Has a Nice Ass | Kim Taehyung | V is Bad at Feelings | Kim Taehyung | V is a Little Shit | Love Confessions | Morning Kisses | Reader-Insert | Romance | Romantic Fluff | Sex | Sex Is Fun | Smut | Survival | Survivor Guilt | Thriller | What Have I Done | Wilderness Survival,Kim Taehyung | V/Reader,"['Airplane Crashes', 'Alternate Universe', 'Banter', 'Being Lost', 'Bickering', 'Enemies to Lovers', 'Eventual Smut', 'Everyone Needs A Hug', 'Falling In Love', 'Fluff and Angst', 'Fluff and Crack', 'Fun', 'Humor', ""I'm Bad At Tagging"", ""I'm Sorry"", 'Idiots in Love', 'Islands', 'Kim Taehyung', 'V Has a Nice Ass', 'Kim Taehyung', 'V is Bad at Feelings', 'Kim Taehyung', 'V is a Little Shit', 'Love Confessions', 'Morning Kisses', 'Reader-Insert', 'Romance', 'Romantic Fluff', 'Sex', 'Sex Is Fun', 'Smut', 'Survival', 'Survivor Guilt', 'Thriller', 'What Have I Done', 'Wilderness Survival']","['Airplane Crashes', 'Alternate Universe', 'Banter', 'Being Lost', 'Bickering', 'Enemies to Lovers', 'Eventual Smut', 'Everyone Needs A Hug', 'Falling In Love', 'Fluff and Angst', 'Fluff and Crack', 'Fun', 'Humor', ""I'm Bad At Tagging"", ""I'm Sorry"", 'Idiots in Love', 'Islands', 'Love Confessions', 'Morning Kisses', 'Reader-Insert', 'Romance', 'Romantic Fluff', 'Sex', 'Sex Is Fun', 'Smut', 'Survival', 'Survivor Guilt', 'Thriller', 'What Have I Done', 'Wilderness Survival']","['Kim Taehyung', 'V Has a Nice Ass', 'Kim Taehyung', 'V is Bad at Feelings', 'Kim Taehyung', 'V is a Little Shit']","['Kim Taehyung', 'Kim Taehyung', 'Kim Taehyung']",[]
https://golemlab.eu/graph/24013594,girls like you,Girls like you were the ones he desired from afar. Girls like you weren’t the girls you take home to mother. Girls like you knew the power they had over a boy like him and fuck did he love it.,2020-05-05,26162,Mature,F/M,Completed,84,taehyung,Choking | Cockwarming | Dry Humping | Forced Orgasm | Light Dom/sub | Multiple Orgasms | Overstimulation | Public Hand Jobs | Public Masturbation | Safeword Use | Sex Toys | Sexting,Kim Taehyung | V/Reader,"['Choking', 'Cockwarming', 'Dry Humping', 'Forced Orgasm', 'Light Dom/sub', 'Multiple Orgasms', 'Overstimulation', 'Public Hand Jobs', 'Public Masturbation', 'Safeword Use', 'Sex Toys', 'Sexting']","['Choking', 'Dry Humping', 'Forced Orgasm', 'Light Dom/sub', 'Multiple Orgasms', 'Overstimulation', 'Public Hand Jobs', 'Public Masturbation', 'Safeword Use', 'Sex Toys', 'Sexting']",['Cockwarming'],['Cockwarming'],[]
https://golemlab.eu/graph/14905970,Hot Water,"“Ah fine Jagiya. I was hoping you’d join me in the shower before practice but...” he trails off, releasing you and sliding out of bed.",2018-06-11,1392,Explicit,F/M,Completed,83,taehyung,Dirty Talk | Fluff | Fluff and Smut | Shower Sex | Vaginal Fingering | Vaginal Sex,Kim Taehyung | V/Reader,"['Dirty Talk', 'Fluff', 'Fluff and Smut', 'Shower Sex', 'Vaginal Fingering', 'Vaginal Sex']","['Dirty Talk', 'Fluff', 'Fluff and Smut', 'Shower Sex', 'Vaginal Fingering', 'Vaginal Sex']",[],[],[]
https://golemlab.eu/graph/28495479,Nation's Sweetheart,"In order to protect both your and Taehyung's careers, you choose to break up with your long-term boyfriend. While dealing with the usual pain that comes after a separation, you find yourself struggling to explain your actions while also maintaining a healthy distance to safeguard your heart, which isn't made easy when Taehyung comes strolling back into the picture. Things take a dangerous turn when your past refuses to stay dead and threatens to take you down with it. ~~~~~ Yandere!Idol!Taehyung x Idol!Reader",2021-01-02,4364,Mature,F/M,Completed,82,taehyung,Blood and Violence | Cross-Posted on Tumblr | Dark | Explicit Language | Idol Kim Taehyung | V | Idol Reader | POV Second Person | Reader-Insert | Suggestive Themes | Swearing | Tumblr Ask Box Fic | Yandere | Yandere Bangtan Boys | BTS | Yandere Kim Taehyung | V | yandere kpop | yandere kpop idols,Kim Taehyung | V/Reader,"['Blood and Violence', 'Cross-Posted on Tumblr', 'Dark', 'Explicit Language', 'Idol Kim Taehyung', 'V', 'Idol Reader', 'POV Second Person', 'Reader-Insert', 'Suggestive Themes', 'Swearing', 'Tumblr Ask Box Fic', 'Yandere', 'Yandere Bangtan Boys', 'BTS', 'Yandere Kim Taehyung', 'V', 'yandere kpop', 'yandere kpop idols']","['Blood and Violence', 'Cross-Posted on Tumblr', 'Dark', 'Explicit Language', 'POV Second Person', 'Reader-Insert', 'Suggestive Themes', 'Swearing', 'Tumblr Ask Box Fic', 'Yandere']","['Idol Kim Taehyung', 'V', 'Idol Reader', 'Yandere Bangtan Boys', 'BTS', 'Yandere Kim Taehyung', 'V', 'yandere kpop', 'yandere kpop idols']","['Idol Kim Taehyung', 'Idol Reader', 'Yandere Bangtan Boys', 'Yandere Kim Taehyung']",[]
https://golemlab.eu/graph/17449580,Strawberry Milk,"Growing up, your little brother Jimin used to follow you around like a duckling. And wherever he went, so did his best friend, Taehyung. That made two ducklings. Although he was only a couple of years younger than you, you always saw him as a baby, like a second little brother. You didn’t expect that would ever change.",2019-01-17,5762,Teen And Up Audiences,F/M,Completed,82,taehyung,Alternate Universe - College/University | Childhood Friends | Childhood Memories | Falling In Love | Friends to Lovers | Friendship/Love | Rollerblades & Rollerskates | Sharing a Bed | Sibling Love | Siblings | Stargazing | Strawberries,Kim Taehyung | V/Reader,"['Alternate Universe - College/University', 'Childhood Friends', 'Childhood Memories', 'Falling In Love', 'Friends to Lovers', 'Friendship/Love', 'Rollerblades & Rollerskates', 'Sharing a Bed', 'Sibling Love', 'Siblings', 'Stargazing', 'Strawberries']","['Alternate Universe - College/University', 'Childhood Friends', 'Childhood Memories', 'Falling In Love', 'Friends to Lovers', 'Friendship/Love', 'Rollerblades & Rollerskates', 'Sharing a Bed', 'Sibling Love', 'Siblings', 'Stargazing', 'Strawberries']",[],[],[]
https://golemlab.eu/graph/17233895,He Decided [M],"There are two things Taehyung is known for: his leadership and his ways with women. So when he approaches a maid like you, there’s no doubt in your mind what he’s after. Would his persistence and your softening feelings for him change your initial decision to deny him what he wants?",2018-12-31,26621,Mature,F/M,Completed,82,taehyung,Angst | Fluff | Japanese Period | Smut,Kim Taehyung | V/Reader Series: He... [2018 Birthday One-Shot Series] [7],"['Angst', 'Fluff', 'Japanese Period', 'Smut']","['Angst', 'Fluff', 'Smut']",['Japanese Period'],['Japanese Period'],[]
https://golemlab.eu/graph/13037343,Alive(Kim Taehyung x Reader),"""You didn't kill her,"" I started, ""it was just an accident."" *** ""I know that this may not make sense and it'll probably freak you out, but you kind of...died."" In which Taehyung is brought back from the dead.",2017-12-17,10088,Teen And Up Audiences,F/M,In-Progress,81,taehyung,Character Death,Kim Taehyung | V/Reader,['Character Death'],['Character Death'],[],[],[]
https://golemlab.eu/graph/16868467,The Red Room in the Back,You didn't mean to snoop... but he doesn't seem to mind.,2018-12-05,4155,Explicit,F/M,Completed,81,taehyung,Smut,Kim Taehyung | V/Reader Series: Taehyung's Toys [2],['Smut'],['Smut'],[],[],[]
https://golemlab.eu/graph/9113455,Happy Birthday V,"unoriginal title is unoriginal Birthday fic for the ever wonderful Taehyung! First chapter is the cute fluff version, second chapter is the smut version. Same opening writing, just different endings second chapter written for Lolihena since they request Taetae and reader go a ~little~ further ;}",2016-12-30,3493,Mature,F/M,Completed,81,taehyung,Birthday Party | Birthday Sex | Established Relationship | Fingering | Fluff | Porn With Plot | Sex | Smut | always get consent kids | drunk tae would be hella cute | happy birthday Tae | others mentioned briefly - Freeform,Kim Taehyung | V/Reader,"['Birthday Party', 'Birthday Sex', 'Established Relationship', 'Fingering', 'Fluff', 'Porn With Plot', 'Sex', 'Smut', 'always get consent kids', 'drunk tae would be hella cute', 'happy birthday Tae', 'others mentioned briefly - Freeform']","['Birthday Party', 'Birthday Sex', 'Established Relationship', 'Fluff', 'Porn With Plot', 'Sex', 'Smut']","['Fingering', 'always get consent kids', 'drunk tae would be hella cute', 'happy birthday Tae', 'others mentioned briefly - Freeform']",['Fingering'],[]
https://golemlab.eu/graph/28104951,Anything For You,"It's bad enough you got blindingly drunk at the party and spilled your guts to Hobi and Jimin, but how are you supposed to hold it together now? Your best friend, who you've been stupid enough to fall head over heels for, shows up to nurse you through your hangover. You're already convinced Kim Taehyung will be the death of you, although your own idiocy is a close second, but now Tae wants to know why you've been keeping secrets from him. Telling the truth could wreck your friendship, but lying would hurt him more.",2020-12-16,16415,Mature,F/M,Completed,81,taehyung,Angst and Fluff and Smut | Best Friends | Cute Kim Taehyung | V | Drunk Kim Taehyung | V | Drunken Confessions | Excessive Drinking | Jealous Kim Taehyung | V | Jealousy | Kim Taehyung | V is Bad at Feelings | Messy | Pining | Smut is in Part 3 | Soft Kim Taehyung | V | his girlfriend hates you | part 1 is over protective kim taehyung | part 2 is a bit angsty | taking care of you while you're hungover | this got longer than i intended | you hate her | you like to flirt with jimin,Kim Taehyung | V/Reader,"['Angst and Fluff and Smut', 'Best Friends', 'Cute Kim Taehyung', 'V', 'Drunk Kim Taehyung', 'V', 'Drunken Confessions', 'Excessive Drinking', 'Jealous Kim Taehyung', 'V', 'Jealousy', 'Kim Taehyung', 'V is Bad at Feelings', 'Messy', 'Pining', 'Smut is in Part 3', 'Soft Kim Taehyung', 'V', 'his girlfriend hates you', 'part 1 is over protective kim taehyung', 'part 2 is a bit angsty', ""taking care of you while you're hungover"", 'this got longer than i intended', 'you hate her', 'you like to flirt with jimin']","['Angst and Fluff and Smut', 'Best Friends', 'Drunken Confessions', 'Excessive Drinking', 'Jealousy', 'Messy', 'Pining']","['Cute Kim Taehyung', 'V', 'Drunk Kim Taehyung', 'V', 'Jealous Kim Taehyung', 'V', 'Kim Taehyung', 'V is Bad at Feelings', 'Smut is in Part 3', 'Soft Kim Taehyung', 'V', 'his girlfriend hates you', 'part 1 is over protective kim taehyung', 'part 2 is a bit angsty', ""taking care of you while you're hungover"", 'this got longer than i intended', 'you hate her', 'you like to flirt with jimin']","['Cute Kim Taehyung', 'Drunk Kim Taehyung', 'Jealous Kim Taehyung', 'Kim Taehyung', 'Soft Kim Taehyung']",[]
https://golemlab.eu/graph/28132092,All I Want for Christmas,"You’re ready for another Christmas at the shelter, but Taehyung has other ideas, and brings you home with him instead. You never thought you’d receive this many gifts. “For the Christmas request, can I please request a human!Taehyung x Calico cat hybrid!fem!reader where he adopts her and brings her home on Christmas? It’d be so cute because she’d be so happy to have a home and it’d honestly be the best Christmas for both of them🥰🐈💜”",2020-12-17,1771,General Audiences,F/M,Completed,80,taehyung,Cat Hybrid Reader | Hybrids,Kim Taehyung | V/Reader,"['Cat Hybrid Reader', 'Hybrids']",['Hybrids'],['Cat Hybrid Reader'],['Cat Hybrid Reader'],[]
https://golemlab.eu/graph/16996314,Caught,"When you decided to help your dad on his fishing boat for the day you never thought you’d end up catching something other than a fish in your net, but when you find yourself looking into the deep brown eyes of a mermaid you don’t know what to think anymore. ___ “You want me to what?” “Oh come on its just a little kiss! If you do this for me I’ll…I- I’ll grant you a wish!” “Mermaids don’t grant wishes.” “How would you know that we don’t? This is your first time meeting one!”",2018-12-15,7400,General Audiences,F/M,In-Progress,80,taehyung,Cross-Posted on Tumblr | Fluff | Jimin is your roomate | Mermaid!Taehyung | Reader-Insert | like really cute fluff | mermaid au,Kim Taehyung | V/Reader,"['Cross-Posted on Tumblr', 'Fluff', 'Jimin is your roomate', 'Mermaid!Taehyung', 'Reader-Insert', 'like really cute fluff', 'mermaid au']","['Cross-Posted on Tumblr', 'Fluff', 'Reader-Insert']","['Jimin is your roomate', 'Mermaid!Taehyung', 'like really cute fluff', 'mermaid au']",['Mermaid!Taehyung'],[]
https://golemlab.eu/graph/39643833,Under the pump,"Your new partner is mean, rude and yet somehow has people queueing up to sleep with him. You don't see the appeal at all.",2022-06-14,6797,Explicit,F/M,Completed,80,taehyung,Blood and Injury | Explicit Language | Explicit Sexual Content | Paramedic Kim Taehyung | V,Kim Taehyung | V/Reader,"['Blood and Injury', 'Explicit Language', 'Explicit Sexual Content', 'Paramedic Kim Taehyung', 'V']","['Blood and Injury', 'Explicit Language', 'Explicit Sexual Content']","['Paramedic Kim Taehyung', 'V']",['Paramedic Kim Taehyung'],[]
https://golemlab.eu/graph/22047835,black irises in the sunshine,"anger is everything. other gods tease you for the short fuse, but it comes with the territory. people have called you stupid, have called you dumb, oafish, useless, incompetent, insolent, rude, arrogant. all of it. insults and mockery flung at you, but even your skin isn't thick enough to deal with the constant abuse. it's the exact reason you keep to the underground, knuckles bloody and bruised, fighting anyone that dared enter the cage. it's the reason you go to the clubs, surround yourself with mortals and their writhing bodies. it's there that you see him the first time, voice husky as it rolls through the room. it's there you finds someone who treats you differently than the rest. you just never expected him to be one of the muses.",2019-12-31,14053,Explicit,F/M,Completed,78,taehyung,? - Freeform | Angst | Ares is Bisexual | Ares!Reader | Bartender Suho | Bisexual MC | Calliope!Tae | Cunnilingus | Explicit Smut | Family Issues | Fighter!Ares | Just Straight | Kratos - Freeform | Like | Like enough to make my skin go GRRRRR but not enough to make me puke so | Lounge Singer!Tae | Multiple Orgasms | Not Straight Reader | Pansexual Reader - Freeform | Praise | Self-Esteem Issues | Self-Hatred | Soft Smut That's Angsty But Positive? | Tae is Very giving | Taehyung Has A Big Dick | Taehyung Makes Things Better | This is super | Worship | Zeus is a DICK | a lot of it | anger issues | at least one kind of anxiety disorder | bisexual reader | body worhsip | but if you can guess who they are then | hm | idk how to describe this bitch | is a dick | literally like this is very violent because ares is violent | muse!tae | my poor babie | semi-graphic depictions of violence | taeHUNG am i right | there are mentions of other muses too | uh | you get a cookie bc theyre That Vague,Kim Taehyung | V/Reader Series: monsters and gods [3],"['? - Freeform', 'Angst', 'Ares is Bisexual', 'Ares!Reader', 'Bartender Suho', 'Bisexual MC', 'Calliope!Tae', 'Cunnilingus', 'Explicit Smut', 'Family Issues', 'Fighter!Ares', 'Just Straight', 'Kratos - Freeform', 'Like', 'Like enough to make my skin go GRRRRR but not enough to make me puke so', 'Lounge Singer!Tae', 'Multiple Orgasms', 'Not Straight Reader', 'Pansexual Reader - Freeform', 'Praise', 'Self-Esteem Issues', 'Self-Hatred', ""Soft Smut That's Angsty But Positive?"", 'Tae is Very giving', 'Taehyung Has A Big Dick', 'Taehyung Makes Things Better', 'This is super', 'Worship', 'Zeus is a DICK', 'a lot of it', 'anger issues', 'at least one kind of anxiety disorder', 'bisexual reader', 'body worhsip', 'but if you can guess who they are then', 'hm', 'idk how to describe this bitch', 'is a dick', 'literally like this is very violent because ares is violent', 'muse!tae', 'my poor babie', 'semi-graphic depictions of violence', 'taeHUNG am i right', 'there are mentions of other muses too', 'uh', 'you get a cookie bc theyre That Vague']","['Angst', 'Cunnilingus', 'Family Issues', 'Like', 'Multiple Orgasms', 'Self-Esteem Issues', 'Self-Hatred', 'Worship']","['? - Freeform', 'Ares is Bisexual', 'Ares!Reader', 'Bartender Suho', 'Bisexual MC', 'Calliope!Tae', 'Explicit Smut', 'Fighter!Ares', 'Just Straight', 'Kratos - Freeform', 'Like enough to make my skin go GRRRRR but not enough to make me puke so', 'Lounge Singer!Tae', 'Not Straight Reader', 'Pansexual Reader - Freeform', 'Praise', ""Soft Smut That's Angsty But Positive?"", 'Tae is Very giving', 'Taehyung Has A Big Dick', 'Taehyung Makes Things Better', 'This is super', 'Zeus is a DICK', 'a lot of it', 'anger issues', 'at least one kind of anxiety disorder', 'bisexual reader', 'body worhsip', 'but if you can guess who they are then', 'hm', 'idk how to describe this bitch', 'is a dick', 'literally like this is very violent because ares is violent', 'muse!tae', 'my poor babie', 'semi-graphic depictions of violence', 'taeHUNG am i right', 'there are mentions of other muses too', 'uh', 'you get a cookie bc theyre That Vague']","['? - Freeform', 'Ares!Reader', 'Bartender Suho', 'Bisexual MC', 'Calliope!Tae', 'Explicit Smut', 'Fighter!Ares', 'Just Straight', 'Kratos - Freeform', 'Lounge Singer!Tae', 'Not Straight Reader', 'Pansexual Reader - Freeform', 'Praise', 'Taehyung Makes Things Better']",[]
https://golemlab.eu/graph/15227793,Phantom,"AU: He was always there… in your dreams, in your pointless doodles… everywhere, was he protecting you? haunting you? or simply watching you? Day after day, night after night, his presence always lingering until one day, the one day that changed your life forever… The day you finally meet the phantom in your dreams and fell in love with him. But who… or what… is he and what is he hiding? The fic is dark angst - smut based on and inspired by Singularity, the lyrics, mv aesthetic and choreography",2018-07-09,10532,Explicit,F/M,Completed,78,taehyung,(yes it includes all 4) | After care | And Much More - Freeform | Angst | Begging | Biting | Bottom Kim Taehyung | V | Bruising | Choking | Creampie | Dom Kim Taehyung | V | Fingering | Name Calling | Oral | Passionate | Punishment | Smut | Sub Kim Taehyung | V | Teasing | Top Kim Taehyung | V | Vanilla | bts - Freeform | dark angst | getting caught | rough | singularity - Freeform | taehyung - Freeform,Kim Taehyung | V/Reader,"['(yes it includes all 4)', 'After care', 'And Much More - Freeform', 'Angst', 'Begging', 'Biting', 'Bottom Kim Taehyung', 'V', 'Bruising', 'Choking', 'Creampie', 'Dom Kim Taehyung', 'V', 'Fingering', 'Name Calling', 'Oral', 'Passionate', 'Punishment', 'Smut', 'Sub Kim Taehyung', 'V', 'Teasing', 'Top Kim Taehyung', 'V', 'Vanilla', 'bts - Freeform', 'dark angst', 'getting caught', 'rough', 'singularity - Freeform', 'taehyung - Freeform']","['Angst', 'Begging', 'Biting', 'Choking', 'Creampie', 'Punishment', 'Smut', 'Teasing', 'Vanilla']","['(yes it includes all 4)', 'After care', 'And Much More - Freeform', 'Bottom Kim Taehyung', 'V', 'Bruising', 'Dom Kim Taehyung', 'V', 'Fingering', 'Name Calling', 'Oral', 'Passionate', 'Sub Kim Taehyung', 'V', 'Top Kim Taehyung', 'V', 'bts - Freeform', 'dark angst', 'getting caught', 'rough', 'singularity - Freeform', 'taehyung - Freeform']","['And Much More - Freeform', 'Bottom Kim Taehyung', 'Bruising', 'Dom Kim Taehyung', 'Fingering', 'Name Calling', 'Oral', 'Passionate', 'Sub Kim Taehyung', 'Top Kim Taehyung']",[]
https://golemlab.eu/graph/30052275,Take a Bite,"Taehyung’s grip around your waist tightens. His free hand runs up your leg slowly, “Don’t say things like that unless you mean them, baby girl. Your pretty mouth could get you in trouble.” you don’t expect your night with your friend slash crush to end this way.",2021-03-15,7122,Mature,F/M,Completed,78,taehyung,Alternate Universe - Vampire | Biting | Daddy Kink | Dubious Consent | Facials | Humiliation | Mean Kim Taehyung | V | Oral Sex | Public Sex | Rough Sex | Smut | Yandere | Yandere Kim Taehyung | V | slight degradation,Kim Taehyung | V/Reader,"['Alternate Universe - Vampire', 'Biting', 'Daddy Kink', 'Dubious Consent', 'Facials', 'Humiliation', 'Mean Kim Taehyung', 'V', 'Oral Sex', 'Public Sex', 'Rough Sex', 'Smut', 'Yandere', 'Yandere Kim Taehyung', 'V', 'slight degradation']","['Alternate Universe - Vampire', 'Biting', 'Daddy Kink', 'Dubious Consent', 'Facials', 'Humiliation', 'Oral Sex', 'Public Sex', 'Rough Sex', 'Smut', 'Yandere']","['Mean Kim Taehyung', 'V', 'Yandere Kim Taehyung', 'V', 'slight degradation']","['Mean Kim Taehyung', 'Yandere Kim Taehyung']",[]
https://golemlab.eu/graph/15749061,Winter's Gift,"He thumbs at the tears which stain your cheeks and draws you into his embrace, holding you close beneath the glimmering stars. “Stay?” you whisper, gaze meeting his. He smiles. “Always.”",2018-08-20,3453,General Audiences,F/M,Completed,78,taehyung,Fae & Fairies | Light Angst | Romance,Kim Taehyung | V/Reader Series: Winter Court Series [8],"['Fae & Fairies', 'Light Angst', 'Romance']","['Fae & Fairies', 'Light Angst', 'Romance']",[],[],[]
https://golemlab.eu/graph/19286149,His Trigger-Happy Lady,Taehyung was protective of you.  You who ran and created his all-female sub-unit of his well maintained Mafia.  You come back to your bar wounded and Taehyung makes damn well that the reason for it is swiftly taken care of.,2019-06-20,2799,Teen And Up Audiences,F/M,Completed,78,taehyung,Drabble | Friends to Lovers | Mafia AU | Violence,Kim Taehyung | V/Reader,"['Drabble', 'Friends to Lovers', 'Mafia AU', 'Violence']","['Drabble', 'Friends to Lovers', 'Violence']",['Mafia AU'],['Mafia AU'],[]
https://golemlab.eu/graph/10856415,All Hands on Deck,"You go all day with a budding heat between your legs and return home with the idea of taking care of it yourself however, when Taehyung arrives home a few days early from a business trip, you decide to let him join- but only after you make him watch.",2017-05-08,6119,Mature,F/M,Completed,77,taehyung,Dirty Talk | Edging | Foreplay | Masturbation | Multiple Orgasms | Oral Sex | Smut,Kim Taehyung | V/Reader,"['Dirty Talk', 'Edging', 'Foreplay', 'Masturbation', 'Multiple Orgasms', 'Oral Sex', 'Smut']","['Dirty Talk', 'Foreplay', 'Masturbation', 'Multiple Orgasms', 'Oral Sex', 'Smut']",['Edging'],['Edging'],[]
https://golemlab.eu/graph/9272459,Neutral ; Kim TaeHyung x Reader ; Oneshot,"Kim TaeHyung x Reader Genre ; Fluff , maybe a bit philosophical Warnings ; None Watching him from afar was the only thing you did. The only thing you could do. He was beautiful, he was fair, he was intelligent. He was funny, he was kind, he was talented. You were normal. Neutral. Without really having talent, but without being unfit either. You did not do the wrong things neither you did things well.",2017-01-10,833,Teen And Up Audiences,F/M,Completed,77,taehyung,Fluff | Weird Fluff | idk - Freeform | maybe a bit philosophical,Kim Taehyung | V/Reader,"['Fluff', 'Weird Fluff', 'idk - Freeform', 'maybe a bit philosophical']","['Fluff', 'Weird Fluff']","['idk - Freeform', 'maybe a bit philosophical']",[],[]
https://golemlab.eu/graph/21785620,Come In From The Cold,Taehyung threatens to take everything off if you don’t stop. Disagreements over the tree lead to Christmas lights bondage and rough makeup sex,2019-12-14,2369,Explicit,F/M,Completed,77,taehyung,Bondage | Christmas Lights Bondage | Christmas Smut | Dirty Talk | Dom Kim Taehyung | V | Dom/sub | Facial | Fingerfucking | Makeup Sex | Oral Sex | Rough Sex | Smut,Kim Taehyung | V/Reader,"['Bondage', 'Christmas Lights Bondage', 'Christmas Smut', 'Dirty Talk', 'Dom Kim Taehyung', 'V', 'Dom/sub', 'Facial', 'Fingerfucking', 'Makeup Sex', 'Oral Sex', 'Rough Sex', 'Smut']","['Bondage', 'Christmas Smut', 'Dirty Talk', 'Dom/sub', 'Fingerfucking', 'Makeup Sex', 'Oral Sex', 'Rough Sex', 'Smut']","['Christmas Lights Bondage', 'Dom Kim Taehyung', 'V', 'Facial']","['Christmas Lights Bondage', 'Dom Kim Taehyung', 'Facial']",[]
https://golemlab.eu/graph/23104996,Thirsty Bitch,"You’ve been bad all night, and Taehyung’s had enough.",2020-03-11,1502,Explicit,F/M,Completed,77,taehyung,Cumplay | Degradation | Dirty Talk | FaceFucking | PWP | Public Sex | Watersports | piss drinking,Kim Taehyung | V/Reader,"['Cumplay', 'Degradation', 'Dirty Talk', 'FaceFucking', 'PWP', 'Public Sex', 'Watersports', 'piss drinking']","['Dirty Talk', 'Public Sex', 'Watersports']","['Cumplay', 'Degradation', 'FaceFucking', 'PWP', 'piss drinking']","['Cumplay', 'Degradation', 'FaceFucking']",[]
https://golemlab.eu/graph/9428579,Wings,"While going on a camping trip one weekend with your brother and his friends, you run into a mysterious stranger who catches your attention in all the ways no man has ever done before.",2017-01-22,12989,Mature,F/M,Completed,77,taehyung,Alternate Universe - Fantasy | Fanfiction | Smut,Kim Taehyung | V/Reader,"['Alternate Universe - Fantasy', 'Fanfiction', 'Smut']","['Alternate Universe - Fantasy', 'Fanfiction', 'Smut']",[],[],[]
https://golemlab.eu/graph/9110806,Closeted Intimacy,You and Taehyung have sex in a closet at the BigHit studio.,2016-12-29,1215,Mature,F/M,Completed,77,taehyung,Bangtan boys smut | Plot What Plot/Porn Without Plot | bangtan boys - Freeform | sex in a closet,Kim Taehyung | V/Reader,"['Bangtan boys smut', 'Plot What Plot/Porn Without Plot', 'bangtan boys - Freeform', 'sex in a closet']",['Plot What Plot/Porn Without Plot'],"['Bangtan boys smut', 'bangtan boys - Freeform', 'sex in a closet']",[],[]
https://golemlab.eu/graph/22430338,groovy,"Even in the 70s, it goes without saying that you shouldn’t have feelings for your best friend’s little sister. 1970s au.",2020-01-27,19370,Explicit,F/M,Completed,77,taehyung,1970s | 1970s slang | Based on a Dear Evan Hansen Song | Childhood Friends | Crying | Family Issues | Implied/Referenced Alcohol Abuse/Alcoholism | Inspired by Music | JUNGKOOK IS DEAD | Jeon Jungkook & Kim Taehyung | V are Best Friends | Past Character Death | References to Depression | References to Drugs | Smut | Unhealthy Coping Mechanisms | taehyung is in love with his best friend's little sister,Kim Taehyung | V/Reader Series: Rewind Series [4],"['1970s', '1970s slang', 'Based on a Dear Evan Hansen Song', 'Childhood Friends', 'Crying', 'Family Issues', 'Implied/Referenced Alcohol Abuse/Alcoholism', 'Inspired by Music', 'JUNGKOOK IS DEAD', 'Jeon Jungkook & Kim Taehyung', 'V are Best Friends', 'Past Character Death', 'References to Depression', 'References to Drugs', 'Smut', 'Unhealthy Coping Mechanisms', ""taehyung is in love with his best friend's little sister""]","['1970s', 'Based on a Dear Evan Hansen Song', 'Childhood Friends', 'Crying', 'Family Issues', 'Implied/Referenced Alcohol Abuse/Alcoholism', 'Inspired by Music', 'Past Character Death', 'References to Depression', 'References to Drugs', 'Smut', 'Unhealthy Coping Mechanisms']","['1970s slang', 'JUNGKOOK IS DEAD', 'Jeon Jungkook & Kim Taehyung', 'V are Best Friends', ""taehyung is in love with his best friend's little sister""]",['Jeon Jungkook & Kim Taehyung'],[]
https://golemlab.eu/graph/7528330,Romeo Robin Hood,"“Hey” You said snapping your fingers in his face “What’s your name?” “Taehyung, Kim Taehyung. Your turn.” He said, now leaning back on his chair and smirking like he wasn’t in jail right now. “Kim Kardashian. Where are you from?” you replied graciously returning the smirk.",2016-07-19,1654,General Audiences,F/M,Completed,77,taehyung,BTS fluff | bts humour | btsxreader - Freeform,Kim Taehyung | V/Reader Series: BTS x Reader [5],"['BTS fluff', 'bts humour', 'btsxreader - Freeform']",[],"['BTS fluff', 'bts humour', 'btsxreader - Freeform']",[],[]
https://golemlab.eu/graph/15099719,No Words,"You’re over the moon when you discover your new tattoo, counting the days until you meet your soulmate, it’s all you can think about. But nothing is perfect and it just so happens to be– –that you’re the anomaly.",2018-06-29,2963,Teen And Up Audiences,F/M,Completed,77,taehyung,Alternate Universe - Soulmates | Angst | Drabble | Drabble Collection | Light Angst | Short One Shot | Soulmate-Identifying Marks | Soulmates,Kim Taehyung | V/Reader Series: Stigmata [1],"['Alternate Universe - Soulmates', 'Angst', 'Drabble', 'Drabble Collection', 'Light Angst', 'Short One Shot', 'Soulmate-Identifying Marks', 'Soulmates']","['Alternate Universe - Soulmates', 'Angst', 'Drabble', 'Drabble Collection', 'Light Angst', 'Short One Shot', 'Soulmate-Identifying Marks', 'Soulmates']",[],[],[]
https://golemlab.eu/graph/23364829,about the boy,"the loud boy next door turned out to be way different than you expected him to be, you even ended up dating the guy. but, how is that going to play out for you?",2020-03-28,27296,Mature,F/M,Completed,76,taehyung,Originally Posted on Tumblr | Taehyung is whipped | but he is also a dumb boy and we stan,Kim Taehyung | V/Reader Series: about the boy [2],"['Originally Posted on Tumblr', 'Taehyung is whipped', 'but he is also a dumb boy and we stan']",['Originally Posted on Tumblr'],"['Taehyung is whipped', 'but he is also a dumb boy and we stan']",[],[]
https://golemlab.eu/graph/26118691,the dinner date,"pretending to be on a date with your best friend to get a free meal at the fancy restaurant jeongguk works weekends at doesn’t sound so terrible, all things considered. there’s just one small problem: you’re pretty sure you’re in love with the aforementioned best friend.",2020-08-26,2529,Teen And Up Audiences,F/M,Completed,76,taehyung,SO MUCH FLUFF | fake dating for free food | friends to lovers au | waiter jungkook that's determined to set the Mood,"Kim Taehyung | V/Reader, Kim Taehyung | V/You","['SO MUCH FLUFF', 'fake dating for free food', 'friends to lovers au', ""waiter jungkook that's determined to set the Mood""]",[],"['SO MUCH FLUFF', 'fake dating for free food', 'friends to lovers au', ""waiter jungkook that's determined to set the Mood""]",[],[]
https://golemlab.eu/graph/20127586,Hard Rock,As long as he came back you were fine with being used,2019-08-05,1291,Explicit,F/M,Completed,76,taehyung,Angst | Choking | Degradation | Dirty Talk | Dom/sub Undertones | Hair-pulling | Musicians | Rockstar! AU | Rough Sex | Spanking | Squirting | Unprotected Sex | Vaginal Fingering | spitting,Kim Taehyung | V/Reader,"['Angst', 'Choking', 'Degradation', 'Dirty Talk', 'Dom/sub Undertones', 'Hair-pulling', 'Musicians', 'Rockstar! AU', 'Rough Sex', 'Spanking', 'Squirting', 'Unprotected Sex', 'Vaginal Fingering', 'spitting']","['Angst', 'Choking', 'Dirty Talk', 'Dom/sub Undertones', 'Hair-pulling', 'Musicians', 'Rough Sex', 'Spanking', 'Vaginal Fingering']","['Degradation', 'Rockstar! AU', 'Squirting', 'Unprotected Sex', 'spitting']","['Degradation', 'Rockstar! AU', 'Squirting', 'Unprotected Sex']",[]
https://golemlab.eu/graph/19178056,A Birthday Full Of Surprises,After discovering Taehyung committing an act of betrayal you tell him a secret that turns his world upside down.,2019-06-11,5209,General Audiences,F/M,Completed,76,taehyung,Angst | Angst with a Happy Ending | Break Up | Cheating | Family | Fluff | Fluff and Angst | Secrets,Kim Taehyung | V/Reader,"['Angst', 'Angst with a Happy Ending', 'Break Up', 'Cheating', 'Family', 'Fluff', 'Fluff and Angst', 'Secrets']","['Angst', 'Angst with a Happy Ending', 'Break Up', 'Cheating', 'Family', 'Fluff', 'Fluff and Angst', 'Secrets']",[],[],[]
https://golemlab.eu/graph/11547759,The Disappearance of Kim Taehyung,"To name a hurricane after Kim Taehyung would be offensive to the said boy. He’s so much more than that. He’s a hurricane and an earthquake mixed together into one, he’s the tidal wave that follows. The only thing you look forward to in your life is the natural disaster that comes and goes as he pleases. He takes what he can, until there’s nothing left to give and even then he comes back for more. He’ll come back and you’ll always be waiting. Until he doesn’t. Kim Taehyung disappears.",2017-07-19,31276,Teen And Up Audiences,F/M,Completed,75,taehyung,Cussing | Implied/Referenced Drug Use | Non-Graphic Violence | Swearing | alcohol use | non-descriptive mentions of blood,Kim Taehyung | V/Reader,"['Cussing', 'Implied/Referenced Drug Use', 'Non-Graphic Violence', 'Swearing', 'alcohol use', 'non-descriptive mentions of blood']","['Cussing', 'Implied/Referenced Drug Use', 'Non-Graphic Violence', 'Swearing']","['alcohol use', 'non-descriptive mentions of blood']",[],[]
https://golemlab.eu/graph/14151420,Movements (M),"You’ve been sneaking around for a year with your boyfriend, who cannot date under the ban set by his agency. When the ban is lifted, you both want to take advantage of the opportunities at hand. What will you and Taehyung do with absolute freedom?",2018-03-30,7850,Mature,F/M,Completed,75,taehyung,Anal Fingering | Bisexual Male Character | Clit Stimulation | Dildos | Established Relationship | Fingering | Fluff | Hickies | Kitchen Sex | Male!Dom | Male!sub | Marking | Mentions of asphyxiation | Mentions of choking | Oral Sex | Pegging | Possessive Behavior | Sex | Sex Toys | Smut | Swearing | Vaginal Fingering | bisexual!taehyung | female!dom | female!sub | marking kink | mentions of BDSM | mentions of ice play | mentions of threesome | safe sex,Kim Taehyung | V/Reader Series: Bangtan One-shots [6],"['Anal Fingering', 'Bisexual Male Character', 'Clit Stimulation', 'Dildos', 'Established Relationship', 'Fingering', 'Fluff', 'Hickies', 'Kitchen Sex', 'Male!Dom', 'Male!sub', 'Marking', 'Mentions of asphyxiation', 'Mentions of choking', 'Oral Sex', 'Pegging', 'Possessive Behavior', 'Sex', 'Sex Toys', 'Smut', 'Swearing', 'Vaginal Fingering', 'bisexual!taehyung', 'female!dom', 'female!sub', 'marking kink', 'mentions of BDSM', 'mentions of ice play', 'mentions of threesome', 'safe sex']","['Anal Fingering', 'Bisexual Male Character', 'Dildos', 'Established Relationship', 'Fluff', 'Kitchen Sex', 'Marking', 'Oral Sex', 'Pegging', 'Possessive Behavior', 'Sex', 'Sex Toys', 'Smut', 'Swearing', 'Vaginal Fingering']","['Clit Stimulation', 'Fingering', 'Hickies', 'Male!Dom', 'Male!sub', 'Mentions of asphyxiation', 'Mentions of choking', 'bisexual!taehyung', 'female!dom', 'female!sub', 'marking kink', 'mentions of BDSM', 'mentions of ice play', 'mentions of threesome', 'safe sex']","['Clit Stimulation', 'Fingering', 'Hickies', 'Male!Dom']",[]
https://golemlab.eu/graph/26124724,along the boardwalk,they always said Kim Taehyung had a you-shaped hole in his heart.,2020-08-26,12886,Teen And Up Audiences,F/M,Completed,75,taehyung,College | Light Smut | Strangers to Lovers | Unprotected Sex | a skater boy au!,Kim Taehyung | V/Reader,"['College', 'Light Smut', 'Strangers to Lovers', 'Unprotected Sex', 'a skater boy au!']","['College', 'Strangers to Lovers']","['Light Smut', 'Unprotected Sex', 'a skater boy au!']","['Light Smut', 'Unprotected Sex']",[]
https://golemlab.eu/graph/35149960,Moonlight,"The full moon means one thing and one thing only to your best friend, Kim Taehyung. It’s the the one time a month he turns into a wolf and frolics in the moon light. However, on his 25th Hallows’ Eve, his wolf is calling out for his mate.",2021-11-16,5822,Explicit,F/M,Completed,75,taehyung,Alternate Universe - Werewolf | Oral Sex | Vaginal Sex | Werewolf Kim Taehyung | V,Kim Taehyung | V/Reader,"['Alternate Universe - Werewolf', 'Oral Sex', 'Vaginal Sex', 'Werewolf Kim Taehyung', 'V']","['Alternate Universe - Werewolf', 'Oral Sex', 'Vaginal Sex']","['Werewolf Kim Taehyung', 'V']",['Werewolf Kim Taehyung'],[]
https://golemlab.eu/graph/27158354,Sun. Moon. Star.,Each day you grew more frustrated that Taehyung was taking so long to make you his wife. Until the day the truth of your forgotten past was uncovered and threatened to tear you both apart for good.,2020-10-23,13515,Explicit,F/M,Completed,74,taehyung,Alternate Universe - Fantasy | Alternate Universe - Magic | Alternate Universe - Royalty | Blacksmith Taehyung | Church Sex | Cunnilingus | Explicit Language | Explicit Sexual Content | Fantasy | Incomplete | Knight Jeon Jungkook | Knight Kim Seokjin | Jin | Magic | Minor Violence | Oral Sex | Originally Posted on Tumblr | POV Second Person | Reader-Insert | Romance | Sickening Romantic Drivel | Smut | Unprotected Sex | soap opera level dramatics,Kim Taehyung | V/Reader,"['Alternate Universe - Fantasy', 'Alternate Universe - Magic', 'Alternate Universe - Royalty', 'Blacksmith Taehyung', 'Church Sex', 'Cunnilingus', 'Explicit Language', 'Explicit Sexual Content', 'Fantasy', 'Incomplete', 'Knight Jeon Jungkook', 'Knight Kim Seokjin', 'Jin', 'Magic', 'Minor Violence', 'Oral Sex', 'Originally Posted on Tumblr', 'POV Second Person', 'Reader-Insert', 'Romance', 'Sickening Romantic Drivel', 'Smut', 'Unprotected Sex', 'soap opera level dramatics']","['Alternate Universe - Fantasy', 'Alternate Universe - Magic', 'Alternate Universe - Royalty', 'Church Sex', 'Cunnilingus', 'Explicit Language', 'Explicit Sexual Content', 'Fantasy', 'Magic', 'Minor Violence', 'Oral Sex', 'Originally Posted on Tumblr', 'POV Second Person', 'Reader-Insert', 'Romance', 'Smut']","['Blacksmith Taehyung', 'Incomplete', 'Knight Kim Seokjin', 'Jin', 'Sickening Romantic Drivel', 'Unprotected Sex', 'soap opera level dramatics']","['Blacksmith Taehyung', 'Incomplete', 'Knight Kim Seokjin', 'Jin', 'Sickening Romantic Drivel', 'Unprotected Sex']",['Knight Jeon Jungkook']
https://golemlab.eu/graph/22703800,hemlock,"It was his own fault for cheating on you. When you decide to teach your boyfriend a lesson, it ends in a shock that not even you, a witch, saw coming.",2020-02-14,2023,Explicit,F/M,Completed,73,taehyung,A bit more plot | Dirty Talk | Incubus Kim Taehyung | V | Oral Sex | Porn With Plot | Slight corruption (kind of) | Vaginal Sex | Witches | You're still a witch obv | kind of,Kim Taehyung | V/Reader Series: Life's A Witch (And So Am I) [3],"['A bit more plot', 'Dirty Talk', 'Incubus Kim Taehyung', 'V', 'Oral Sex', 'Porn With Plot', 'Slight corruption (kind of)', 'Vaginal Sex', 'Witches', ""You're still a witch obv"", 'kind of']","['Dirty Talk', 'Oral Sex', 'Porn With Plot', 'Vaginal Sex', 'Witches']","['A bit more plot', 'Incubus Kim Taehyung', 'V', 'Slight corruption (kind of)', ""You're still a witch obv"", 'kind of']",['Incubus Kim Taehyung'],[]
https://golemlab.eu/graph/25252507,Hold Me,,2020-07-14,1937,Explicit,F/M,Completed,73,taehyung,Husband Taehyung,Kim Taehyung | V/Reader,['Husband Taehyung'],[],['Husband Taehyung'],['Husband Taehyung'],[]
https://golemlab.eu/graph/29932548,handsy,"Clearing his throat once more, his shoulder relaxes against the doorframe, his eyes continue to debate where to look. “Wha-whatcha doing there?” He immediately turns away from you after speaking, facing the wall as he aggressively rubs at the nape of his neck. “Oh...you know...just trying to sleep.” There’s a brief silence- minus the light flapping of your curtains. That and the mental beating you’re giving yourself for trying to joke about the situation at hand. There is no hiding it. You’ve been caught red-handed. “Y/n,” Taehyung warns. Shutting your eyes tightly, your brain moves at hyper-speed trying to figure out what to do or say next. A million scenarios flood in and all you want is to pick the option that lets you keep your roommate and not have to live with exploding embarrassment for the rest of your life. You’re about to open your mouth and just say the first thing that comes to mind, perhaps brutal honesty will help you out in the end, but Taehyung beats you to the punch. “Do you...do you need help?”",2021-03-09,3697,Explicit,F/M,Completed,73,taehyung,Alternate Universe - Roommates/Housemates | Body Worship | Daddy Kink | Dirty Talk | Dom Kim Taehyung | V | Foot Fetish | Friends to Lovers | Kim Taehyung | V Smut | Light Foot Worship | Love Confessions | Masturbation | Mutual Pining | PWP | Plot What Plot/Porn Without Plot | Praise Kink | Smut | Top Kim Taehyung | V | punishment kink | taehyung doesn't get off this is all about y/n | this is so cursed i'm so sorry,Kim Taehyung | V/Reader,"['Alternate Universe - Roommates/Housemates', 'Body Worship', 'Daddy Kink', 'Dirty Talk', 'Dom Kim Taehyung', 'V', 'Foot Fetish', 'Friends to Lovers', 'Kim Taehyung', 'V Smut', 'Light Foot Worship', 'Love Confessions', 'Masturbation', 'Mutual Pining', 'PWP', 'Plot What Plot/Porn Without Plot', 'Praise Kink', 'Smut', 'Top Kim Taehyung', 'V', 'punishment kink', ""taehyung doesn't get off this is all about y/n"", ""this is so cursed i'm so sorry""]","['Alternate Universe - Roommates/Housemates', 'Body Worship', 'Daddy Kink', 'Dirty Talk', 'Foot Fetish', 'Friends to Lovers', 'Love Confessions', 'Masturbation', 'Mutual Pining', 'Plot What Plot/Porn Without Plot', 'Praise Kink', 'Smut']","['Dom Kim Taehyung', 'V', 'Kim Taehyung', 'V Smut', 'Light Foot Worship', 'PWP', 'Top Kim Taehyung', 'V', 'punishment kink', ""taehyung doesn't get off this is all about y/n"", ""this is so cursed i'm so sorry""]","['Dom Kim Taehyung', 'Kim Taehyung', 'V Smut', 'Light Foot Worship', 'Top Kim Taehyung']",[]
https://golemlab.eu/graph/13056981,The Personal Stylist,"You and Taehyung dated briefly before his debut before breaking things off. When you get hired on the styling team for his group, Taehyung grows interested with the woman he used to know again, paid to clothe him. Alternatively, you are Taehyung's personal stylist and he wants to be everything but clothed around you.",2017-12-18,6052,Mature,F/M,In-Progress,73,taehyung,Alternate Universe - Idols,Kim Taehyung | V/Reader,['Alternate Universe - Idols'],['Alternate Universe - Idols'],[],[],[]
https://golemlab.eu/graph/35585335,White Lies,"Growing up together, you had always thought that he would always be a part of your life forever, until he suddenly chose a different path, leaving you altogether in the shadows of your past. What happens when you finally decide to move on, to walk down your new path in life without him, while completely unaware of how it had been him who had been standing in the shadows, drowning in his own little secrets?",2021-12-08,66712,Mature,F/M,Completed,73,taehyung,Aftercare | Angst | Angst and Hurt/Comfort | Angst with a Happy Ending | Artist Kim Taehyung | V | Best Friends | Biting | Body Worship | Breast Play | Broken Heart | Broken Promises | Childhood Friends | Clit Play | Clothed Foreplay | Cunnilingus | Dirty Talk | Emotional Manipulation | Eventual Smut | Explicit Sexual Content | Fake/Pretend Relationship | First Love | First Time | Foreplay | Friends to Lovers | Healing | Healing Sex | Kissing | Nipple Play | Oral Sex | Painting | Rough Sex | Sensual Play | Sexual Tension | Unprotected Sex | Unrequited Love | Vaginal Fingering | implied first time sex | minor cum play,Kim Taehyung | V/Reader,"['Aftercare', 'Angst', 'Angst and Hurt/Comfort', 'Angst with a Happy Ending', 'Artist Kim Taehyung', 'V', 'Best Friends', 'Biting', 'Body Worship', 'Breast Play', 'Broken Heart', 'Broken Promises', 'Childhood Friends', 'Clit Play', 'Clothed Foreplay', 'Cunnilingus', 'Dirty Talk', 'Emotional Manipulation', 'Eventual Smut', 'Explicit Sexual Content', 'Fake/Pretend Relationship', 'First Love', 'First Time', 'Foreplay', 'Friends to Lovers', 'Healing', 'Healing Sex', 'Kissing', 'Nipple Play', 'Oral Sex', 'Painting', 'Rough Sex', 'Sensual Play', 'Sexual Tension', 'Unprotected Sex', 'Unrequited Love', 'Vaginal Fingering', 'implied first time sex', 'minor cum play']","['Aftercare', 'Angst', 'Angst and Hurt/Comfort', 'Angst with a Happy Ending', 'Best Friends', 'Biting', 'Body Worship', 'Broken Promises', 'Childhood Friends', 'Cunnilingus', 'Dirty Talk', 'Emotional Manipulation', 'Eventual Smut', 'Explicit Sexual Content', 'Fake/Pretend Relationship', 'First Love', 'First Time', 'Foreplay', 'Friends to Lovers', 'Healing', 'Healing Sex', 'Kissing', 'Nipple Play', 'Oral Sex', 'Painting', 'Rough Sex', 'Sensual Play', 'Sexual Tension', 'Unrequited Love', 'Vaginal Fingering']","['Artist Kim Taehyung', 'V', 'Breast Play', 'Broken Heart', 'Clit Play', 'Clothed Foreplay', 'Unprotected Sex', 'implied first time sex', 'minor cum play']","['Artist Kim Taehyung', 'Breast Play', 'Broken Heart', 'Clit Play', 'Clothed Foreplay', 'Unprotected Sex']",[]
https://golemlab.eu/graph/7612705,Because of Dog,"“Someone's gonna come over right now and help you, isn't that great? Now you can start over and be happy again.”",2016-07-28,4242,General Audiences,F/M,Completed,72,taehyung,Alternate Universe - Veterinarians | Fluff | just some sweet stuff idk | lots of fluff,Kim Taehyung | V/Reader Series: Bangtan as Vets [2],"['Alternate Universe - Veterinarians', 'Fluff', 'just some sweet stuff idk', 'lots of fluff']","['Alternate Universe - Veterinarians', 'Fluff']","['just some sweet stuff idk', 'lots of fluff']",[],[]
https://golemlab.eu/graph/27238387,Under the Covers,"You and Taehyung are paired up for and undercover mission. You are to pose as a married couple in order to infiltrate the inner workings of the Chinese Mafia, but, what no one accounted for were feelings getting in the way...",2020-10-28,23451,Explicit,F/M,Completed,71,taehyung,Bangtan smut | Reader Insert | Smut | Spy!AU | bangtan - Freeform | bts - Freeform | bts smut | kim taehyung/reader - Freeform,Kim Taehyung | V/Reader,"['Bangtan smut', 'Reader Insert', 'Smut', 'Spy!AU', 'bangtan - Freeform', 'bts - Freeform', 'bts smut', 'kim taehyung/reader - Freeform']",['Smut'],"['Bangtan smut', 'Reader Insert', 'Spy!AU', 'bangtan - Freeform', 'bts - Freeform', 'bts smut', 'kim taehyung/reader - Freeform']","['Reader Insert', 'Spy!AU']",[]
https://golemlab.eu/graph/6621433,The Suspect in Room Two,"Sometimes there are perks to being in the wrong place, at the wrong time.",2016-04-22,4595,Teen And Up Audiences,F/M,Completed,71,taehyung,Fluff | Humor | btslibrary,Kim Taehyung | V/Reader,"['Fluff', 'Humor', 'btslibrary']","['Fluff', 'Humor']",['btslibrary'],[],[]
https://golemlab.eu/graph/18112754,Making Mistakes,"It was a mistake—a stupid, drunk mistake.",2019-03-14,2118,Explicit,F/M,Completed,71,taehyung,Dirty Talk | Vaginal Fingering | fuckboy!au | he takes pictures and videos yikes,"Kim Taehyung | V/Reader, Kim Taehyung | V/You","['Dirty Talk', 'Vaginal Fingering', 'fuckboy!au', 'he takes pictures and videos yikes']","['Dirty Talk', 'Vaginal Fingering']","['fuckboy!au', 'he takes pictures and videos yikes']",[],[]
https://golemlab.eu/graph/25603357,Heart on Fire,"As a hunter you’ve had many run ins with the demon V, who enjoys playing with you by leaving a trail of bloody bodies, fights, and flirting. You swear to take down the demon, but what happens when there’s more to him than meets the eye?",2020-07-30,19642,Explicit,F/M,Completed,70,taehyung,Anal Fingering | Blood | Bondage | Demon Sex | Demon!AU | Demons | Dirty Talk | Dream Sex | Hunter - Freeform | Language | Minor Character Death | Oral Sex | Penetrative Sex | Rituals | Smut | Supernatural - Freeform | Torture | Unsafe Sex | Vaginal Fingering | Violence | breath play | dead bodies examined briefly | kinky smut | soft smut | supernatural!AU,Kim Taehyung | V/Reader,"['Anal Fingering', 'Blood', 'Bondage', 'Demon Sex', 'Demon!AU', 'Demons', 'Dirty Talk', 'Dream Sex', 'Hunter - Freeform', 'Language', 'Minor Character Death', 'Oral Sex', 'Penetrative Sex', 'Rituals', 'Smut', 'Supernatural - Freeform', 'Torture', 'Unsafe Sex', 'Vaginal Fingering', 'Violence', 'breath play', 'dead bodies examined briefly', 'kinky smut', 'soft smut', 'supernatural!AU']","['Anal Fingering', 'Blood', 'Bondage', 'Demon Sex', 'Demons', 'Dirty Talk', 'Dream Sex', 'Language', 'Minor Character Death', 'Oral Sex', 'Rituals', 'Smut', 'Torture', 'Unsafe Sex', 'Vaginal Fingering', 'Violence']","['Demon!AU', 'Hunter - Freeform', 'Penetrative Sex', 'Supernatural - Freeform', 'breath play', 'dead bodies examined briefly', 'kinky smut', 'soft smut', 'supernatural!AU']","['Demon!AU', 'Hunter - Freeform', 'Penetrative Sex', 'Supernatural - Freeform']",[]
https://golemlab.eu/graph/19008259,you and me,"rich parents need more than one babysitter sometimes, but did it really have to be kim taehyung?",2019-05-29,29126,Teen And Up Audiences,F/M,Completed,70,taehyung,Alternate Universe - Babysitters | Alternate Universe - College/University | Attempt at Humor | Babysitting | Cute Kids | Fluff | Fluff and Humor | bc i find them cute | bff!yoongi | i feel like that's important to include | rich lesbians | side yoonmin | vmin friendship,"Kim Taehyung | V/Reader, Min Yoongi | Suga/Park Jimin","['Alternate Universe - Babysitters', 'Alternate Universe - College/University', 'Attempt at Humor', 'Babysitting', 'Cute Kids', 'Fluff', 'Fluff and Humor', 'bc i find them cute', 'bff!yoongi', ""i feel like that's important to include"", 'rich lesbians', 'side yoonmin', 'vmin friendship']","['Alternate Universe - Babysitters', 'Alternate Universe - College/University', 'Attempt at Humor', 'Babysitting', 'Cute Kids', 'Fluff', 'Fluff and Humor']","['bc i find them cute', 'bff!yoongi', ""i feel like that's important to include"", 'rich lesbians', 'side yoonmin', 'vmin friendship']",[],[]
https://golemlab.eu/graph/19240687,Shadowplay,"this is apart of the bts smut club drabble exchange for the first anniversary! 🐸🎉 request: Can I get a vampire!AU one with vampire!Taehyung (a complete kinky dom)? The reader has a crush on Taehyung and finds out that he’s a vampire and it all goes from there 🙂 Thank you ❤ summary: this a/n: vampire fics ?? not something i write, so i rlly hope i did alright! 💓 i rewrote this five times 😖 the research i put into vampire jizz is embarrassing lol",2019-06-16,3699,Mature,F/M,Completed,70,taehyung,Alternate Universe - Vampire | Fear Play | Vampire Sex,Kim Taehyung | V/Reader,"['Alternate Universe - Vampire', 'Fear Play', 'Vampire Sex']","['Alternate Universe - Vampire', 'Fear Play', 'Vampire Sex']",[],[],[]
https://golemlab.eu/graph/29731896,Accident,"you and taehyung are college students and while you’re working on an assignment you stumble across his search history, exposing that he might be into things you didn’t know he was into.",2021-02-27,1460,Mature,F/M,Completed,69,taehyung,Adorable Kim Taehyung | V | College | Dom/sub | Domestic Fluff | Femdom | Fluff | Light Dom/sub | Mild Smut | Mommy Kink | Please be nice | Sub Kim Taehyung | V | The reader is an author how fitting lol | mentions of porn | this is my first femdom fic,Kim Taehyung | V/Reader,"['Adorable Kim Taehyung', 'V', 'College', 'Dom/sub', 'Domestic Fluff', 'Femdom', 'Fluff', 'Light Dom/sub', 'Mild Smut', 'Mommy Kink', 'Please be nice', 'Sub Kim Taehyung', 'V', 'The reader is an author how fitting lol', 'mentions of porn', 'this is my first femdom fic']","['College', 'Dom/sub', 'Domestic Fluff', 'Femdom', 'Fluff', 'Light Dom/sub', 'Mild Smut']","['Adorable Kim Taehyung', 'V', 'Mommy Kink', 'Please be nice', 'Sub Kim Taehyung', 'V', 'The reader is an author how fitting lol', 'mentions of porn', 'this is my first femdom fic']","['Adorable Kim Taehyung', 'Mommy Kink', 'Sub Kim Taehyung']",[]
https://golemlab.eu/graph/26112100,across the stars,"kim taehyung has always dreamed of the fated day on which he will finally meet the love of his life, his soulmate. but when the countdown on his wrist freezes without a warning, he finds himself in search of something as elusive as love itself: the truth.",2020-08-25,23138,Mature,F/M,Completed,69,taehyung,And a dash of smut | Soulmate AU | angst with an optimistic ending | primarily angst | themes of loss & healing | with some fluff in the mix too,"Kim Taehyung | V/Reader, Kim Taehyung | V/You Series: a home for lost souls [1]","['And a dash of smut', 'Soulmate AU', 'angst with an optimistic ending', 'primarily angst', 'themes of loss & healing', 'with some fluff in the mix too']",[],"['And a dash of smut', 'Soulmate AU', 'angst with an optimistic ending', 'primarily angst', 'themes of loss & healing', 'with some fluff in the mix too']",['Soulmate AU'],[]
https://golemlab.eu/graph/24974464,Drabble: The Den,Original Drabble Ask: “Taehyung + Cocktail + s2l ~ congratulations on the 2000+ followers!!! 💜💜💜”,2020-06-29,1493,Mature,F/M,Completed,69,taehyung,Creampie | Ditry talk | Drabble | Mentions of alcohol | S2l | Smut | Strangers to Lovers | Supernatural AU - Freeform | Unprotected Sex | Werewolf AU | Werewolf Taehyung | maybe praise kink? | mentions of seedy establishments | sexy situations | werewolf!taehyung,"Kim Taehyung | V/Reader, Kim taehyung x reader - Relationship, Taehyung x Reader, V x Reader Series: Drabbles [6]","['Creampie', 'Ditry talk', 'Drabble', 'Mentions of alcohol', 'S2l', 'Smut', 'Strangers to Lovers', 'Supernatural AU - Freeform', 'Unprotected Sex', 'Werewolf AU', 'Werewolf Taehyung', 'maybe praise kink?', 'mentions of seedy establishments', 'sexy situations', 'werewolf!taehyung']","['Creampie', 'Drabble', 'Smut', 'Strangers to Lovers']","['Ditry talk', 'Mentions of alcohol', 'S2l', 'Supernatural AU - Freeform', 'Unprotected Sex', 'Werewolf AU', 'Werewolf Taehyung', 'maybe praise kink?', 'mentions of seedy establishments', 'sexy situations', 'werewolf!taehyung']","['Supernatural AU - Freeform', 'Unprotected Sex', 'Werewolf AU', 'Werewolf Taehyung']",[]
https://golemlab.eu/graph/22626586,Insomnia,You can't sleep.,2020-02-09,12184,Mature,F/M,Completed,69,taehyung,Alternate Universe - College/University | Crack | Dirty Talk | Sex Toys | Smut | oc being uptight | taehyung being a horndog | the usual,Kim Taehyung | V/Reader Series: Insomnia [1],"['Alternate Universe - College/University', 'Crack', 'Dirty Talk', 'Sex Toys', 'Smut', 'oc being uptight', 'taehyung being a horndog', 'the usual']","['Alternate Universe - College/University', 'Crack', 'Dirty Talk', 'Sex Toys', 'Smut']","['oc being uptight', 'taehyung being a horndog', 'the usual']",[],[]
https://golemlab.eu/graph/12010443,backseat fun,"“Trust me, thirty minutes is enough.”",2017-09-05,1163,Mature,F/M,Completed,68,taehyung,Dirty Talk | Semi-Public Sex | Smut | Spanking | sex in backseat of a car,Kim Taehyung | V/Reader,"['Dirty Talk', 'Semi-Public Sex', 'Smut', 'Spanking', 'sex in backseat of a car']","['Dirty Talk', 'Semi-Public Sex', 'Smut', 'Spanking']",['sex in backseat of a car'],[],[]
https://golemlab.eu/graph/16868389,The Little Blue Shop on Main Street,Stumbling upon a hidden gem in the middle of an alleyway turns out to be the greatest discovery of your life.,2018-12-05,9531,Teen And Up Audiences,F/M,Completed,68,taehyung,Alternate Universe - College/University | Fluff | Romance,Kim Taehyung | V/Reader Series: Taehyung's Toys [1],"['Alternate Universe - College/University', 'Fluff', 'Romance']","['Alternate Universe - College/University', 'Fluff', 'Romance']",[],[],[]
https://golemlab.eu/graph/19870684,Don't Swallow,"Genre: Smut with Taehyung x Female Reader (Y/N) plus surprise member Warnings: Swearing, oral sex (male receiving), Dom vibes, Reader is Sub, restraints, slapping, spitting, degradation, a need for a safe word, cum eating, voyeurism, threesome, Sir kink, anal sex, surprise member. Summary: Admitting your inner thoughts with your partner wasn’t a sensible idea. Reference: 5th Muster killed me. Song most listened to throughout: Get ur freak on by Missy Elliot All rights reserved ©Gotmetalkinginmysleep",2019-07-19,3200,Explicit,F/M,Completed,68,taehyung,Anal Sex | Come Eating | Daddy Kink | Dom/sub | Face Slapping | Oral Sex | Restraints | Spit Kink | Threesome - F/M/M | Voyeurism | surprise character - Freeform,Kim Taehyung | V/Reader,"['Anal Sex', 'Come Eating', 'Daddy Kink', 'Dom/sub', 'Face Slapping', 'Oral Sex', 'Restraints', 'Spit Kink', 'Threesome - F/M/M', 'Voyeurism', 'surprise character - Freeform']","['Anal Sex', 'Come Eating', 'Daddy Kink', 'Dom/sub', 'Face Slapping', 'Oral Sex', 'Restraints', 'Spit Kink', 'Threesome - F/M/M', 'Voyeurism']",['surprise character - Freeform'],[],[]
https://golemlab.eu/graph/26281921,Penetrating The Offense,Your boyfriend wasn't normally the jealous type.. until he saw what you wore that day and how all the other men were devouring you with their eyes. *TW: mild degradation/name-calling/slut-shaming,2020-09-04,2638,Explicit,F/M,Completed,68,taehyung,Dom/sub | Jealousy | Name-Calling | No Plot/Plotless | Oral Sex | Pet Names | Princess/Sir realtionship | Rough Sex | Smut | Vaginal Sex,Kim Taehyung | V/Reader,"['Dom/sub', 'Jealousy', 'Name-Calling', 'No Plot/Plotless', 'Oral Sex', 'Pet Names', 'Princess/Sir realtionship', 'Rough Sex', 'Smut', 'Vaginal Sex']","['Dom/sub', 'Jealousy', 'Name-Calling', 'No Plot/Plotless', 'Oral Sex', 'Pet Names', 'Rough Sex', 'Smut', 'Vaginal Sex']",['Princess/Sir realtionship'],[],[]
https://golemlab.eu/graph/11539308,NSFW,"Taehyung is a bit needy but with cellphones being a thing, you're always in contact, even when you're on at the office. Too bad Taehyung sometimes gets a little NSFW.",2017-07-18,2043,Explicit,F/M,Completed,67,taehyung,Cross-Posted on Tumblr | Fairly vanilla stuff | Mentions of Sexting - Freeform | Mentions of dick pics | Taehyung is a tease,Kim Taehyung | V/Reader,"['Cross-Posted on Tumblr', 'Fairly vanilla stuff', 'Mentions of Sexting - Freeform', 'Mentions of dick pics', 'Taehyung is a tease']",['Cross-Posted on Tumblr'],"['Fairly vanilla stuff', 'Mentions of Sexting - Freeform', 'Mentions of dick pics', 'Taehyung is a tease']",[],[]
https://golemlab.eu/graph/22288000,Taehyung: True Attraction,"...Making you sigh as you press closer, saying that you want him too. ""What if I want to give you attitude.."" You're taken aback. Did he just call you out? Is he challenging you for real? Is this flirting???",2020-01-17,10664,Explicit,F/M,Completed,67,taehyung,Attraction | Awkward Flirting | Explicit Sexual Content | First Kiss | Flirting | Kissing | Nipple Play | Sex | Vaginal Fingering,"Kim Taehyung | V/Reader, Kim Taehyung | V/You","['Attraction', 'Awkward Flirting', 'Explicit Sexual Content', 'First Kiss', 'Flirting', 'Kissing', 'Nipple Play', 'Sex', 'Vaginal Fingering']","['Attraction', 'Awkward Flirting', 'Explicit Sexual Content', 'First Kiss', 'Flirting', 'Kissing', 'Nipple Play', 'Sex', 'Vaginal Fingering']",[],[],[]
https://golemlab.eu/graph/14875017,cuddly reassurance,"you get a late night call and your hand flies to mute the tv before you answer. ""hello?""",2018-06-11,859,General Audiences,M/M,Completed,67,taehyung,taehyung needs a cuddle buddy and that means you my dude,Kim Taehyung | V/Reader,['taehyung needs a cuddle buddy and that means you my dude'],[],['taehyung needs a cuddle buddy and that means you my dude'],[],[]
https://golemlab.eu/graph/20395924,honeymoon rehearsal,Neither you nor your fiancé can wait to be married - and perhaps there’s something else Taehyung can’t wait for.,2019-08-26,9265,Mature,F/M,Completed,67,taehyung,Blindfolds | Clothed Sex | Dirty Talk | Missionary Position | Riding | Weddings | wedding smut,Kim Taehyung | V/Reader,"['Blindfolds', 'Clothed Sex', 'Dirty Talk', 'Missionary Position', 'Riding', 'Weddings', 'wedding smut']","['Blindfolds', 'Clothed Sex', 'Dirty Talk', 'Missionary Position', 'Riding', 'Weddings']",['wedding smut'],[],[]
https://golemlab.eu/graph/16593818,Purple Rose,"Loans, gambling and drugs, all part of a lavish world unfamiliar to you… Until the day you accepted an offering to deliver a mysterious parcel in exchange for a large amount of money that you very much needed. You ended up being asked to do more jobs for them and got involved with the business more and more… …and the cold hearted leader of it all, who was falling for you, fast. His cold heart melted around you and he showed you a different side of himself, a side that was warm, caring and loving. But with this love came danger far beyond sane…",2018-11-11,17333,Explicit,F/M,Completed,67,taehyung,Angst | Mafia AU | Rich Kim Taehyung | V | Smut | Teasing | Vanilla | a lot of smut | mafia taehyung | taehyung - Freeform,Kim Taehyung | V/Reader,"['Angst', 'Mafia AU', 'Rich Kim Taehyung', 'V', 'Smut', 'Teasing', 'Vanilla', 'a lot of smut', 'mafia taehyung', 'taehyung - Freeform']","['Angst', 'Smut', 'Teasing', 'Vanilla']","['Mafia AU', 'Rich Kim Taehyung', 'V', 'a lot of smut', 'mafia taehyung', 'taehyung - Freeform']","['Mafia AU', 'Rich Kim Taehyung']",[]
https://golemlab.eu/graph/13772508,not a courtesy (i wanna stay in your life),"""i didn't know you had a kid."" well it's not like it's easy to tell someone you've only started dating that you have a kid. and honestly? dating someone for longer than a few weeks doesn't make it any easier.",2018-02-23,1047,General Audiences,M/M,Completed,66,taehyung,i wanted to give her a tata pillow but thought it was overkill | reader is a single dad | your kid is adorable,Kim Taehyung | V/Reader,"['i wanted to give her a tata pillow but thought it was overkill', 'reader is a single dad', 'your kid is adorable']",[],"['i wanted to give her a tata pillow but thought it was overkill', 'reader is a single dad', 'your kid is adorable']",[],[]
https://golemlab.eu/graph/17444123,Hold Your Breath,"It was illegal to talk to those of the sea.  However, you stopped caring about the law and started caring about him instead.",2019-01-16,1451,General Audiences,F/M,In-Progress,66,taehyung,AU | Alternate Universe | Drabble | Female Reader | Sea Prince AU,Kim Taehyung | V/Reader Series: Sea Prince AU | kth [1],"['AU', 'Alternate Universe', 'Drabble', 'Female Reader', 'Sea Prince AU']","['Alternate Universe', 'Drabble']","['AU', 'Female Reader', 'Sea Prince AU']","['Female Reader', 'Sea Prince AU']",[]
https://golemlab.eu/graph/19808308,Heliotrope,"A drabble series where Taehyung is a successful artistic erotica actor but has to expand his areas of expertise in the rapidly evolving world of adult film. Lost and inexperienced in everything that doesn’t involve classy settings, flattering lighting and romantic scripts, he basically has to start from scratch to make it in the online porn community. As a highly demanded A-lister in that community, you take him under your wings (or better yet, between your legs).",2019-07-14,11679,Mature,F/M,In-Progress,66,taehyung,Adult Film | Degradation | Jeon Jungkook & Kim Taehyung | V are Rivals | Mutual Pining | Porn | Porn with Feelings | Pornstars | Rival Relationship | Rivalry | Strangers to Lovers | Strong Language | fan behaviour from jjks side really | idek i'm making this up as i go tbh | maybe i'll throw some angst in there too at some point | reader is sweet i love her | taegi - Freeform,Kim Taehyung | V/Reader Series: Heliotrope [1],"['Adult Film', 'Degradation', 'Jeon Jungkook & Kim Taehyung', 'V are Rivals', 'Mutual Pining', 'Porn', 'Porn with Feelings', 'Pornstars', 'Rival Relationship', 'Rivalry', 'Strangers to Lovers', 'Strong Language', 'fan behaviour from jjks side really', ""idek i'm making this up as i go tbh"", ""maybe i'll throw some angst in there too at some point"", 'reader is sweet i love her', 'taegi - Freeform']","['Mutual Pining', 'Porn', 'Porn with Feelings', 'Pornstars', 'Rival Relationship', 'Rivalry', 'Strangers to Lovers']","['Adult Film', 'Degradation', 'Jeon Jungkook & Kim Taehyung', 'V are Rivals', 'Strong Language', 'fan behaviour from jjks side really', ""idek i'm making this up as i go tbh"", ""maybe i'll throw some angst in there too at some point"", 'reader is sweet i love her', 'taegi - Freeform']","['Adult Film', 'Degradation', 'Jeon Jungkook & Kim Taehyung', 'Strong Language']",[]
https://golemlab.eu/graph/17940920,Daddy's Home,i've been sitting on this for a while,2019-02-27,795,Explicit,F/M,Completed,66,taehyung,Daddy Kink | Rough Sex | rough tae | well its rough to me,Kim Taehyung | V/Reader,"['Daddy Kink', 'Rough Sex', 'rough tae', 'well its rough to me']","['Daddy Kink', 'Rough Sex']","['rough tae', 'well its rough to me']",[],[]
https://golemlab.eu/graph/11274222,Who is this guy?,"What happens when you meet your stalker? Read and find out. I wrote this, seeing as there is little male reader x BTS. I just want to say... I don't know know what I'm doing! This is a crap plot, story, thing, but I hope you like it anyway. I may or may not continue this story. We'll see what happens.",2017-06-22,5357,Explicit,M/M,Completed,66,taehyung,Eventual Smut | Gay Sex | Kitten Kink | Sexual Harassment | Smut | Some Plot,Kim Taehyung | V/Reader,"['Eventual Smut', 'Gay Sex', 'Kitten Kink', 'Sexual Harassment', 'Smut', 'Some Plot']","['Eventual Smut', 'Gay Sex', 'Sexual Harassment', 'Smut', 'Some Plot']",['Kitten Kink'],['Kitten Kink'],[]
https://golemlab.eu/graph/23229181,"Look At You And Your Beautiful, Stupid Face","When it was finally time to make plans for spring break, your bird-brained brother decided to force you to bunk up with his stupid, beautiful best friend, with his beautiful, stupid face, stupid sultry voice and deep stupid eyes. God, you hated to love him.",2020-03-20,1646,Explicit,F/M,Completed,65,taehyung,Enemies to Lovers | Masturbation | Pining | Sharing a Bed | Tsundere Reader,Kim Taehyung | V/Reader,"['Enemies to Lovers', 'Masturbation', 'Pining', 'Sharing a Bed', 'Tsundere Reader']","['Enemies to Lovers', 'Masturbation', 'Pining', 'Sharing a Bed']",['Tsundere Reader'],['Tsundere Reader'],[]
https://golemlab.eu/graph/29586840,Our First Night,"""Tonight was supposed to be the night; you’d planned every detail. You’d asked Taehyung to come over around eight, dinner already being dished up and wine already poured. You’d invited him to stay the night, as he often had in the last two months of your relationship. But in those two months, whilst there had been some rather heated make-out sessions… You still hadn’t given yourself to him completely.""",2021-02-20,4410,Explicit,F/M,Completed,65,taehyung,First Time | Insecurity | Praise Kink | Self-Esteem Issues | Self-Hatred | Squirting | Teasing | Vaginal Fingering | Vaginal Sex | plus size | plus size reader,Kim Taehyung | V/Reader,"['First Time', 'Insecurity', 'Praise Kink', 'Self-Esteem Issues', 'Self-Hatred', 'Squirting', 'Teasing', 'Vaginal Fingering', 'Vaginal Sex', 'plus size', 'plus size reader']","['First Time', 'Insecurity', 'Praise Kink', 'Self-Esteem Issues', 'Self-Hatred', 'Teasing', 'Vaginal Fingering', 'Vaginal Sex']","['Squirting', 'plus size', 'plus size reader']",['Squirting'],[]
https://golemlab.eu/graph/41079930,Just You,"Daddy Tae fucks a baby (or two) into you !! - AFAB reader, no gendered name-calling or anything like that though !!!,",2022-08-16,162,Explicit,F/M,Completed,65,taehyung,Ambiguous Age | Forced Pregnancy | Impregnation | Mating Press | Mildly Dubious Consent | Parent/Child Incest | Possessive Kim Taehyung | V | Slut Shaming | Teen Pregnancy | Vaginal Sex,Kim Taehyung | V/Reader,"['Ambiguous Age', 'Forced Pregnancy', 'Impregnation', 'Mating Press', 'Mildly Dubious Consent', 'Parent/Child Incest', 'Possessive Kim Taehyung', 'V', 'Slut Shaming', 'Teen Pregnancy', 'Vaginal Sex']","['Ambiguous Age', 'Forced Pregnancy', 'Impregnation', 'Mildly Dubious Consent', 'Parent/Child Incest', 'Slut Shaming', 'Teen Pregnancy', 'Vaginal Sex']","['Mating Press', 'Possessive Kim Taehyung', 'V']","['Mating Press', 'Possessive Kim Taehyung']",[]
https://golemlab.eu/graph/17592944,With You,"As always, cross-posted on my Tumblr Blog!",2019-01-29,2272,General Audiences,F/M,Completed,65,taehyung,AU | All that is pure and good | Fluffy | Happy | High School AU | Pt. 2 of I Can't Quit,Kim Taehyung | V/Reader Series: High School AU | kth [2],"['AU', 'All that is pure and good', 'Fluffy', 'Happy', 'High School AU', ""Pt. 2 of I Can't Quit""]",['Happy'],"['AU', 'All that is pure and good', 'Fluffy', 'High School AU', ""Pt. 2 of I Can't Quit""]","['Fluffy', 'High School AU']",[]
https://golemlab.eu/graph/11299716,Hidden Desires,You and Kim Taehyung have been roommates for years. It isn't surprising if you actually have hidden desires for your roommate.,2017-06-25,2754,Explicit,F/M,Completed,65,taehyung,Butt Plugs | Condoms | Dildos | Fluff and Smut | Kissing | Oral Sex | Rough Kissing | Rough Sex | Sex | Sex Toys | Smut,Kim Taehyung | V/Reader,"['Butt Plugs', 'Condoms', 'Dildos', 'Fluff and Smut', 'Kissing', 'Oral Sex', 'Rough Kissing', 'Rough Sex', 'Sex', 'Sex Toys', 'Smut']","['Butt Plugs', 'Condoms', 'Dildos', 'Fluff and Smut', 'Kissing', 'Oral Sex', 'Rough Kissing', 'Rough Sex', 'Sex', 'Sex Toys', 'Smut']",[],[],[]
https://golemlab.eu/graph/15059099,Nightdream,"You’re too busy with work and Taehyung misses you, he starts having dreams about you, intense dreams that change his attitude and he wants to punish you…",2018-06-26,2196,Mature,F/M,Completed,65,taehyung,Bondage | Clothes Ripping | Dirty Talk | Dom Kim Taehyung | V | Hair Pulling | Spanking | Top Kim Taehyung | V | shameless dirty talk | tease,Kim Taehyung | V/Reader,"['Bondage', 'Clothes Ripping', 'Dirty Talk', 'Dom Kim Taehyung', 'V', 'Hair Pulling', 'Spanking', 'Top Kim Taehyung', 'V', 'shameless dirty talk', 'tease']","['Bondage', 'Dirty Talk', 'Spanking']","['Clothes Ripping', 'Dom Kim Taehyung', 'V', 'Hair Pulling', 'Top Kim Taehyung', 'V', 'shameless dirty talk', 'tease']","['Clothes Ripping', 'Dom Kim Taehyung', 'Hair Pulling', 'Top Kim Taehyung']",[]
https://golemlab.eu/graph/21771733,Devilish,"Sex, blood, fashion dripping holy water Holy shit, she worshiping my dick like it’s the Holy Father” - Devilish, Chase Atlantic You break into the office of the devil himself.  You find him terrifying, yet intriguing.  He is fuming with anger at you, yet when he realizes that you are infatuated by him, he decides to see how far he can push your lust, until you lose your wings and become a fallen angel.",2019-12-12,14989,Explicit,F/M,In-Progress,65,taehyung,Angel Corruption | Biblical Scripture References (Abrahamic Religions) | CEO Kim Taehyung | V | Choking | Daddy Kink | Dom/sub | Explicit Language | Face Slapping | Fallen Angels | Hair-pulling | Hell | King Kim Taehyung | V | Minor Character Death | Rope Bondage | Rough Oral Sex | Rough Sex | Smut | Spanking,Kim Taehyung | V/Reader,"['Angel Corruption', 'Biblical Scripture References (Abrahamic Religions)', 'CEO Kim Taehyung', 'V', 'Choking', 'Daddy Kink', 'Dom/sub', 'Explicit Language', 'Face Slapping', 'Fallen Angels', 'Hair-pulling', 'Hell', 'King Kim Taehyung', 'V', 'Minor Character Death', 'Rope Bondage', 'Rough Oral Sex', 'Rough Sex', 'Smut', 'Spanking']","['Angel Corruption', 'Biblical Scripture References (Abrahamic Religions)', 'Choking', 'Daddy Kink', 'Dom/sub', 'Explicit Language', 'Face Slapping', 'Fallen Angels', 'Hair-pulling', 'Hell', 'Minor Character Death', 'Rope Bondage', 'Rough Oral Sex', 'Rough Sex', 'Smut', 'Spanking']","['CEO Kim Taehyung', 'V', 'King Kim Taehyung', 'V']","['CEO Kim Taehyung', 'King Kim Taehyung']",[]
https://golemlab.eu/graph/7480398,Peony Candy.,"As a life long friend of Kim Taehyung, you were hired to be a part of BTS' touring crew. Through this, the two of you become closer. Way closer.",2016-07-14,1739,Mature,F/M,Completed,64,taehyung,Kissing | Oral Sex | Public Sex | Vaginal Fingering,Kim Taehyung | V/Reader,"['Kissing', 'Oral Sex', 'Public Sex', 'Vaginal Fingering']","['Kissing', 'Oral Sex', 'Public Sex', 'Vaginal Fingering']",[],[],[]
https://golemlab.eu/graph/26833819,Take Out,Taehyung loves listening to your wildest fantasies and then making them reality... No matter who's watching.,2020-10-05,2679,Explicit,F/M,Completed,64,taehyung,Car Sex | Dirty Talk | Exhibitionism | PWP | Smut | Taehyung wants to make your fantasies come true | This is pure smut actually | Voyeurism,Kim Taehyung | V/Reader,"['Car Sex', 'Dirty Talk', 'Exhibitionism', 'PWP', 'Smut', 'Taehyung wants to make your fantasies come true', 'This is pure smut actually', 'Voyeurism']","['Car Sex', 'Dirty Talk', 'Exhibitionism', 'Smut', 'Voyeurism']","['PWP', 'Taehyung wants to make your fantasies come true', 'This is pure smut actually']",[],[]
https://golemlab.eu/graph/35733109,Ten out of Ten,"→ Pairing: Taehyung x Female Reader → Summary: Fratboy Taehyung has been torturing you on campus for the last three years, finding anything that’ll irritate the life out of you, doing anything to drive you absolutely insane during the classes you unfortunately shared. But now that you’re seniors, that energy has somehow shifted and he’s come to learn that he may or may not have secret feelings for you. What happens when you make the same earth-shattering realization? → Genres: Smut | Humor → AU: College | Enemies to Lovers | Fratboy!Bangtan → Word Count: 8.6k → Rating: 18+ → Warnings: Explicit & unprotected sex | consensual drunk sex | ‘revenge’ sex (all fun and games) | mentions of alcohol | alcohol consumption | dirty talk | soft kissing | rough kissing | hard & hard dom!tae | grinding | fingering | sloppy oral sex | cock swallowing | choking on tae’s cock | throat fucking | praising | begging | sense of ownership | size kink | taehyung has a huge dong | belly bulge | reader gets dicked down almost too good (if that’s a thing) | breast play | biting | teasing | cockwarming | cum play | spanking | choking | pussy slapping | overstimulation | multiple orgasms",2021-12-16,8618,Explicit,F/M,Completed,64,taehyung,Begging | Choking | Cock Swallowing | Drunk Sex | Face-Fucking | Kim Taehyung | V Has a Big Dick | Praise Kink | Rough Oral Sex | Size Kink | pussy slapping,Kim Taehyung | V/Reader,"['Begging', 'Choking', 'Cock Swallowing', 'Drunk Sex', 'Face-Fucking', 'Kim Taehyung', 'V Has a Big Dick', 'Praise Kink', 'Rough Oral Sex', 'Size Kink', 'pussy slapping']","['Begging', 'Choking', 'Drunk Sex', 'Face-Fucking', 'Praise Kink', 'Rough Oral Sex', 'Size Kink']","['Cock Swallowing', 'Kim Taehyung', 'V Has a Big Dick', 'pussy slapping']","['Cock Swallowing', 'Kim Taehyung']",[]
https://golemlab.eu/graph/31879171,His Flower,"You're name is Ivy. You've just left your abusive ex and his pack along with your young son, Misha. You go to your brother for shelter. You know it's only a matter of time before HE finds you. Then you meet Rose and Namjoon, who take you in. When bringing you back to their home you find something you didn't think you could... YOUR MATE... Taehyung has had a rough go of it from the start. He was raised by psychotic alpha, who saw him only as a chess piece. He was just another thing to further the pack's power. That was until the pack was ripped apart. He found a new pack with Bangtan. They moved to a small town in the middle of no where. He doesn't understand the others need to be here. He doesn't like the way his elder brothers have thrown themselves at their mates. Mates? As if... That's how Tae felt until YOU walked into their home... ⚠️ THIS BOOK WILL CONTAIN SMUT AND MENTIONS OF ABUSE. 18+ MATURE THEMES⚠️",2021-06-11,25821,Explicit,F/M,Completed,64,taehyung,Abuse | Angst | Btswolfpack | Fluff | Hurt | Mates | ShifterAU | Smut,Kim Taehyung | V/Reader Series: BTS Wolf Pack Series [5],"['Abuse', 'Angst', 'Btswolfpack', 'Fluff', 'Hurt', 'Mates', 'ShifterAU', 'Smut']","['Abuse', 'Angst', 'Fluff', 'Hurt', 'Mates', 'Smut']","['Btswolfpack', 'ShifterAU']","['Btswolfpack', 'ShifterAU']",[]
https://golemlab.eu/graph/17371277,Le début de notre Éternelle Chanson,,2019-01-10,10014,Explicit,F/M,Completed,64,taehyung,BTS fluff | Honeymoon | Husband Taehyung | Taehyung smut | bts smut | taehyung fluff | virgin bts,Kim Taehyung | V/Reader,"['BTS fluff', 'Honeymoon', 'Husband Taehyung', 'Taehyung smut', 'bts smut', 'taehyung fluff', 'virgin bts']",['Honeymoon'],"['BTS fluff', 'Husband Taehyung', 'Taehyung smut', 'bts smut', 'taehyung fluff', 'virgin bts']",['Husband Taehyung'],[]
https://golemlab.eu/graph/6215944,Drinks,Tae is a bit looser when waisted.,2016-03-11,1264,Mature,F/M,Completed,64,taehyung,Drinking | Fluff | Fluff and Smut | Kissing | Mild Smut | Underage Drinking,Kim Taehyung | V/Reader,"['Drinking', 'Fluff', 'Fluff and Smut', 'Kissing', 'Mild Smut', 'Underage Drinking']","['Drinking', 'Fluff', 'Fluff and Smut', 'Kissing', 'Mild Smut', 'Underage Drinking']",[],[],[]
https://golemlab.eu/graph/27613496,The Nutcracker,"waking up one day to a mysterious box your mother gave you, you open it and suddenly a wooden man appears and tells you that you have to save … the Four Kingdoms?",2020-11-18,11922,Explicit,F/M,Completed,64,taehyung,Be Very Afraid | Dom/sub | Fluff and Smut | Foul Language | Mentions of Self-hatred | Minimal Prep | Orgasm Denial | References to The Nutcracker | Slight dom!Tae | Smut | Tae is a sweetheart | bd tae | dirty words | hard dick | look between and see fluff everywhere | mild violence | oral (female receiving) | slight angst | smut; maple syrup | toy discrimination | unedited | vanilla sex,Kim Taehyung | V/Reader,"['Be Very Afraid', 'Dom/sub', 'Fluff and Smut', 'Foul Language', 'Mentions of Self-hatred', 'Minimal Prep', 'Orgasm Denial', 'References to The Nutcracker', 'Slight dom!Tae', 'Smut', 'Tae is a sweetheart', 'bd tae', 'dirty words', 'hard dick', 'look between and see fluff everywhere', 'mild violence', 'oral (female receiving)', 'slight angst', 'smut; maple syrup', 'toy discrimination', 'unedited', 'vanilla sex']","['Dom/sub', 'Fluff and Smut', 'Orgasm Denial', 'References to The Nutcracker', 'Smut']","['Be Very Afraid', 'Foul Language', 'Mentions of Self-hatred', 'Minimal Prep', 'Slight dom!Tae', 'Tae is a sweetheart', 'bd tae', 'dirty words', 'hard dick', 'look between and see fluff everywhere', 'mild violence', 'oral (female receiving)', 'slight angst', 'smut; maple syrup', 'toy discrimination', 'unedited', 'vanilla sex']","['Be Very Afraid', 'Foul Language', 'Minimal Prep']",[]
https://golemlab.eu/graph/26968753,Always the same,"They all warned you against him. And when he proved them right, you were left with a broken heart, mended with food. What happens when your paths cross again? You're definitely not the same woman you were back then.",2020-10-12,5801,Mature,F/M,Completed,64,taehyung,Fluffy-ish | Heartbreak | How Do I Tag | Insecurity | Miscommunication | Sexual Content | Smut | Vaginal Sex | Weight Gain,Kim Taehyung | V/Reader,"['Fluffy-ish', 'Heartbreak', 'How Do I Tag', 'Insecurity', 'Miscommunication', 'Sexual Content', 'Smut', 'Vaginal Sex', 'Weight Gain']","['Heartbreak', 'How Do I Tag', 'Insecurity', 'Miscommunication', 'Sexual Content', 'Smut', 'Vaginal Sex', 'Weight Gain']",['Fluffy-ish'],[],[]
https://golemlab.eu/graph/17579135,Charme et luxure,"Oh yes, the city of Paris. The city of love is it not? But how come it is known as such? The atmosphere has something special about it, something special that changes people… In the air lingers infectionate charm, but at night charm can easily turn into lust… A turn that you had imagined and longed for ever since you stepped off the plane in the city itself for a getaway, hand in hand with your lover…",2019-01-28,4860,Mature,F/M,Completed,63,taehyung,Fluff and Smut | Hotel Sex | Mirror Sex | Oral Sex | Paris - Freeform | Passionate | Power Bottom Kim Taehyung | V | Rough Kissing | Rough Sex | Smut | Top Kim Taehyung | V | romantic | romantic smut,Kim Taehyung | V/Reader,"['Fluff and Smut', 'Hotel Sex', 'Mirror Sex', 'Oral Sex', 'Paris - Freeform', 'Passionate', 'Power Bottom Kim Taehyung', 'V', 'Rough Kissing', 'Rough Sex', 'Smut', 'Top Kim Taehyung', 'V', 'romantic', 'romantic smut']","['Fluff and Smut', 'Hotel Sex', 'Mirror Sex', 'Oral Sex', 'Rough Kissing', 'Rough Sex', 'Smut']","['Paris - Freeform', 'Passionate', 'Power Bottom Kim Taehyung', 'V', 'Top Kim Taehyung', 'V', 'romantic', 'romantic smut']","['Paris - Freeform', 'Passionate', 'Power Bottom Kim Taehyung', 'Top Kim Taehyung']",[]
https://golemlab.eu/graph/17027595,Say It Like You Mean It,Taehyung wants to cum inside of you.,2018-12-17,1028,Mature,F/M,Completed,63,taehyung,Smut,Kim Taehyung | V/Reader,['Smut'],['Smut'],[],[],[]
https://golemlab.eu/graph/35450860,Piano Man,"You get irritated with your ex and confide in your daughters piano instructor, who you also have a crush on. Or, alternatively: You shamelessly bone your kids piano teacher. You little slut.",2021-12-01,3239,Explicit,F/M,Completed,63,taehyung,Breast Fucking | Oral Sex | Romance | Smut | Teacher Kim Taehyung | V | Vaginal Fingering,Kim Taehyung | V/Reader,"['Breast Fucking', 'Oral Sex', 'Romance', 'Smut', 'Teacher Kim Taehyung', 'V', 'Vaginal Fingering']","['Breast Fucking', 'Oral Sex', 'Romance', 'Smut', 'Vaginal Fingering']","['Teacher Kim Taehyung', 'V']",['Teacher Kim Taehyung'],[]
https://golemlab.eu/graph/21513370,You Got Me Hypnotized,"Taehyung has finally come home from a business trip with other vampires and decides to surprise you with a fantasy you and him had been talking about doing for awhile now, putting some of his powers to use in a way that both of you should enjoy.",2019-11-21,2155,Explicit,F/M,Completed,63,taehyung,Alternate Universe - Vampire | Blood Drinking | Communication | Consensual Non-Consent | Creative Use Of Powers | Fear Play | Fluff and Humor | In Love | Kim Taehyung Is A Vampire | Mildly Dubious Consent | Rape Fantasy | Rough Sex | Safewords Are In Use | Vaginal Sex | Vampire Sex | Vampires | Yeontan Is Their Baby | inappropriate use of powers,Kim Taehyung | V/Reader,"['Alternate Universe - Vampire', 'Blood Drinking', 'Communication', 'Consensual Non-Consent', 'Creative Use Of Powers', 'Fear Play', 'Fluff and Humor', 'In Love', 'Kim Taehyung Is A Vampire', 'Mildly Dubious Consent', 'Rape Fantasy', 'Rough Sex', 'Safewords Are In Use', 'Vaginal Sex', 'Vampire Sex', 'Vampires', 'Yeontan Is Their Baby', 'inappropriate use of powers']","['Alternate Universe - Vampire', 'Blood Drinking', 'Communication', 'Consensual Non-Consent', 'Fear Play', 'Fluff and Humor', 'Mildly Dubious Consent', 'Rape Fantasy', 'Rough Sex', 'Vaginal Sex', 'Vampire Sex', 'Vampires']","['Creative Use Of Powers', 'In Love', 'Kim Taehyung Is A Vampire', 'Safewords Are In Use', 'Yeontan Is Their Baby', 'inappropriate use of powers']","['Creative Use Of Powers', 'In Love', 'Safewords Are In Use', 'Yeontan Is Their Baby']",[]
https://golemlab.eu/graph/16241375,What's In A Name?,"You’ve always thought that you’d be one of those people without a soulmate. Always preferring to be alone, always lost in your own headspace, but waking up on your 17th birthday seeing a name glowing brightly on your wrist made you want to scream.... If it wasn’t scientifically proven and universally accepted as a sign of fate, you’d think it was utter nonsense.BS.",2018-10-09,2771,Teen And Up Audiences,F/M,Completed,62,taehyung,Alternate Universe - College/University | Alternate Universe - Soulmates | Angst with a Happy Ending | Eventual Romance | Fluff | Light Angst | Reader-Insert | Romance,"Kim Taehyung | V/Reader, Kim Taehyung | V/You","['Alternate Universe - College/University', 'Alternate Universe - Soulmates', 'Angst with a Happy Ending', 'Eventual Romance', 'Fluff', 'Light Angst', 'Reader-Insert', 'Romance']","['Alternate Universe - College/University', 'Alternate Universe - Soulmates', 'Angst with a Happy Ending', 'Eventual Romance', 'Fluff', 'Light Angst', 'Reader-Insert', 'Romance']",[],[],[]
https://golemlab.eu/graph/16815880,Blizzard,"You and Taehyung both work as skiing instructors at a popular ski resort, teaching the very youngest kids how to ski. An interest is sparked in each other but in secrecy from the other. One evening the instructor team decided to get together for a movie night but it took a twist into a game of spin the bottle that resulted in heavy feelings of jealousy. As a heavy snowstorm pulls in over the resort you’re all trapped indoors and meanwhile you and your friend Hoseok try to figure out a plan to make things go back to normal between you and Taehyung again. But things turned out completely unexpected, yet desired instead…",2018-12-03,13242,Mature,F/M,Completed,62,taehyung,Blizzards & Snowstorms | Detailed smut | Dirty Talk | Fluff and Smut | Friends to Lovers | Jealous Kim Taehyung | V | Jealousy | Oral Sex | Partners to Lovers | Rough Kissing | Rough Sex | Seven Minutes In Heaven Game | Shameless Smut | Size Kink | Ski instructor Taehyung | Smut | Spin the Bottle | big dick lol | rough vanilla | slightly possessive,Kim Taehyung | V/Reader,"['Blizzards & Snowstorms', 'Detailed smut', 'Dirty Talk', 'Fluff and Smut', 'Friends to Lovers', 'Jealous Kim Taehyung', 'V', 'Jealousy', 'Oral Sex', 'Partners to Lovers', 'Rough Kissing', 'Rough Sex', 'Seven Minutes In Heaven Game', 'Shameless Smut', 'Size Kink', 'Ski instructor Taehyung', 'Smut', 'Spin the Bottle', 'big dick lol', 'rough vanilla', 'slightly possessive']","['Blizzards & Snowstorms', 'Dirty Talk', 'Fluff and Smut', 'Friends to Lovers', 'Jealousy', 'Oral Sex', 'Partners to Lovers', 'Rough Kissing', 'Rough Sex', 'Seven Minutes In Heaven Game', 'Shameless Smut', 'Size Kink', 'Smut', 'Spin the Bottle']","['Detailed smut', 'Jealous Kim Taehyung', 'V', 'Ski instructor Taehyung', 'big dick lol', 'rough vanilla', 'slightly possessive']",['Jealous Kim Taehyung'],[]
https://golemlab.eu/graph/16668055,Friends,"After your bad break up, Taehyung is determined to help you forget your ex. Like a true friend.",2018-11-19,3338,Explicit,F/M,Completed,61,taehyung,Dirty Talk | Drunk Sex | He's such a good friend | Profanity | Reader has a dirty mouth | Teasing | and an even worse dirty mind | i have a big kink for characters denying their attraction for other characters | sue me | tae shows up like a hot pocket | you need to drink your sorrows away | you take him home cause who wouldn't,Kim Taehyung | V/Reader,"['Dirty Talk', 'Drunk Sex', ""He's such a good friend"", 'Profanity', 'Reader has a dirty mouth', 'Teasing', 'and an even worse dirty mind', 'i have a big kink for characters denying their attraction for other characters', 'sue me', 'tae shows up like a hot pocket', 'you need to drink your sorrows away', ""you take him home cause who wouldn't""]","['Dirty Talk', 'Drunk Sex', 'Teasing']","[""He's such a good friend"", 'Profanity', 'Reader has a dirty mouth', 'and an even worse dirty mind', 'i have a big kink for characters denying their attraction for other characters', 'sue me', 'tae shows up like a hot pocket', 'you need to drink your sorrows away', ""you take him home cause who wouldn't""]",['Profanity'],[]
https://golemlab.eu/graph/22178947,His Prophet,"The royal Sun God of Navern is a complete recluse; the polar opposite of what one would immediately assume of the God of the Sun should be.  Being the only God in his kingdom, he stayed within his castle walls- or at least it is assumed.  Staff and servants of the palace only see him occasionally in the halls or peering out into the gardens. It was the dreams of one certain townswoman who worked in a small library that he happens to run into one night that changes everything.",2020-01-09,9826,General Audiences,F/M,Completed,61,taehyung,Fantasy | Protective Taehyung | Romance | arranged marriage vibes (kinda) | god AU | kingdoms and castles lol | medieval aspects | royal au sorta,Kim Taehyung | V/Reader,"['Fantasy', 'Protective Taehyung', 'Romance', 'arranged marriage vibes (kinda)', 'god AU', 'kingdoms and castles lol', 'medieval aspects', 'royal au sorta']","['Fantasy', 'Romance']","['Protective Taehyung', 'arranged marriage vibes (kinda)', 'god AU', 'kingdoms and castles lol', 'medieval aspects', 'royal au sorta']",['Protective Taehyung'],[]
https://golemlab.eu/graph/11235591,Whipped,"Best friends forever. Closest companions.  Story of how they get closer than that, journeying from friends to something more.",2017-06-18,2404,Mature,F/M,Completed,61,taehyung,Alternate Universe - College/University | Alternate Universe - Soulmates | Fluff | Fluff and Smut | Jealous Kim Taehyung | V | One Shot | Smut | bestfriend au,Kim Taehyung | V/Reader,"['Alternate Universe - College/University', 'Alternate Universe - Soulmates', 'Fluff', 'Fluff and Smut', 'Jealous Kim Taehyung', 'V', 'One Shot', 'Smut', 'bestfriend au']","['Alternate Universe - College/University', 'Alternate Universe - Soulmates', 'Fluff', 'Fluff and Smut', 'One Shot', 'Smut']","['Jealous Kim Taehyung', 'V', 'bestfriend au']",['Jealous Kim Taehyung'],[]
https://golemlab.eu/graph/21748987,Dating... Kim Taehyung,"You never would have thought that the love of your life was just one swipe right away... - Part of the Dating BTS series, written in a bullet point style. Complete series can be found on my tumblr.",2019-12-10,2611,Mature,F/M,Completed,61,taehyung,Mentions of Smut | Smut,Kim Taehyung | V/Reader Series: Dating BTS [6],"['Mentions of Smut', 'Smut']",['Smut'],['Mentions of Smut'],[],[]
https://golemlab.eu/graph/13434354,Workaholic,Taehyung has been busy. Too busy. What happens when his family starts to feel his absence?,2018-01-21,2886,General Audiences,F/M,Completed,61,taehyung,Angst | Children | Fluff | Reader-Insert | Taehyung is father material,Kim Taehyung | V/Reader,"['Angst', 'Children', 'Fluff', 'Reader-Insert', 'Taehyung is father material']","['Angst', 'Children', 'Fluff', 'Reader-Insert']",['Taehyung is father material'],[],[]
https://golemlab.eu/graph/14139414,Into the Light,"You only wanted to celebrate your birthday, but being stood up by all your friends and finding out they rather ditch your party for a bachelor auction, you follow them and end up with your very own instant purchase as a birthday gift --- This series consists of seven stand-alone stories. Some of the stories are loosely connected. So if you choose to read all of them… here is the best order to do that RM was first . Suga is following after RM. Jin is followed by Jungkook who is followed by Jimin. V is followed by J-Hope But you can read all them as a standalone. Please note if you read them all, there will be slight repetitions within these three groups.",2018-03-29,3981,Teen And Up Audiences,F/M,Completed,61,taehyung,Bachelor Auction | Baristas | Fake Friends | new best friends,"Kim Taehyung | V/Reader Series: Going Once, Going Twice, Sold [6]","['Bachelor Auction', 'Baristas', 'Fake Friends', 'new best friends']","['Bachelor Auction', 'Baristas']","['Fake Friends', 'new best friends']",['Fake Friends'],[]
https://golemlab.eu/graph/26635753,Take a Break,,2020-09-24,1538,Explicit,F/M,Completed,61,taehyung,Blow Jobs | Oral Sex | Riding | Rough Sex,Kim Taehyung | V/Reader,"['Blow Jobs', 'Oral Sex', 'Riding', 'Rough Sex']","['Blow Jobs', 'Oral Sex', 'Riding', 'Rough Sex']",[],[],[]
https://golemlab.eu/graph/25947214,For The First Time,Your boyfriend Taehyung waited until you were ready for your first time and tonight was the night.,2020-08-17,2062,Explicit,F/M,Completed,61,taehyung,,Kim Taehyung | V/Reader,[],[],[],[],[]
https://golemlab.eu/graph/15723921,Silver lining,"Being a modern nymph, you find yourself in all kinds of situations. This time, however, it's a particularly fishy one and there doesn't seem to be any easy way out of it. But you assume fate has thrown you a lifeline when you meet Kim Taehyung, a popular idol with eccentric taste, in a petshop. Could it be more than a coincidence?",2018-08-18,15216,Teen And Up Audiences,F/M,In-Progress,60,taehyung,Dysfunctional Family | Fish | Idol Kim Taehyung | V | Mentions of Death | Nymphs & Dryads | Slow Burn,Kim Taehyung | V/Reader,"['Dysfunctional Family', 'Fish', 'Idol Kim Taehyung', 'V', 'Mentions of Death', 'Nymphs & Dryads', 'Slow Burn']","['Dysfunctional Family', 'Fish', 'Nymphs & Dryads', 'Slow Burn']","['Idol Kim Taehyung', 'V', 'Mentions of Death']",['Idol Kim Taehyung'],[]
https://golemlab.eu/graph/10395738,My Love,in which your fiancé hosts a party and your dress is too scandalous,2017-03-21,2014,Mature,F/M,Completed,60,taehyung,Established Relationship | Sort Of | business man AU | elaborate party | taehyung saying 'my love' in english is my new religion | y'all do it in a bathroom,Kim Taehyung | V/Reader,"['Established Relationship', 'Sort Of', 'business man AU', 'elaborate party', ""taehyung saying 'my love' in english is my new religion"", ""y'all do it in a bathroom""]",['Established Relationship'],"['Sort Of', 'business man AU', 'elaborate party', ""taehyung saying 'my love' in english is my new religion"", ""y'all do it in a bathroom""]",['Sort Of'],[]
https://golemlab.eu/graph/10672503,banana-tasting lips and confetti in his hair,"HYYH Taehyung AU, full of an angsty and gut-wrenching sweet romance that will leave you breathless. Baby girl./ Don’t slip away. You’re going to disappear. You’re disappearing from me. You’re fading from me. /Baby girl./ Taehyung. What are we doing? This is reckless. It was reckless. He was slipping away. He could disappear. You ran with him. You walked with him. You flew with him. You really loved the boy with confetti in his hair.",2017-04-19,5081,Mature,F/M,Completed,59,taehyung,Angst | HYYH | Light Smut | Protective Bangtan Boys | The Most Beautiful Moment In Life | YNWA | taehyung is sad | the most beautiful moment in life au | very upsetting | you never walk alone,Kim Taehyung | V/Reader,"['Angst', 'HYYH', 'Light Smut', 'Protective Bangtan Boys', 'The Most Beautiful Moment In Life', 'YNWA', 'taehyung is sad', 'the most beautiful moment in life au', 'very upsetting', 'you never walk alone']",['Angst'],"['HYYH', 'Light Smut', 'Protective Bangtan Boys', 'The Most Beautiful Moment In Life', 'YNWA', 'taehyung is sad', 'the most beautiful moment in life au', 'very upsetting', 'you never walk alone']","['Light Smut', 'Protective Bangtan Boys']",[]
https://golemlab.eu/graph/27937272,Always,"To you, summer was just a season. Life was too competitive and cut-throat to slow down. Besides, your corporate job never allowed you to enjoy it. To think, that job took everything from you and still let you go. Defeated, you head home to recharge. One day, you meet up with TAEHYUNG, your dearest friend from home, and he takes it upon himself to teach you how to slow down; even if it means waiting for you all over again. You never realized how much you missed him until now. But he missed you. Terribly. He always has. Kim Taehyung x reader - COMPLETED ONE-SHOT PG13 with soft sexual tension, more pining really Soft, gentle, slightly heart broken, sweetheart Taehyung Female reader of open age, nationality, and looks, but works & lives in South Korea Fluff, drama, slice of life, friendship, comfort, hurt, romance Childhood friends to distant friends to lovers, happy ending OT7 makes an appearance and they have a cute moment as a group w/ reader",2020-12-07,7795,Teen And Up Audiences,F/M,Completed,59,taehyung,Alternate Universe | Angst with a Happy Ending | Best Friends | Childhood Friends | Childhood Memories | Cute Kim Taehyung | V | Falling In Love | First Love | Fluff | Fluff and Angst | Fluff and Hurt/Comfort | Fluff and Mush | Friends to Lovers | Friendship/Love | Hurt Kim Taehyung | V | Hurt/Comfort | Kim Taehyung | V is Whipped | Light Angst | Male-Female Friendship | Returning Home | Romance | Unrequited Crush | Unrequited Love,Kim Taehyung | V/Reader,"['Alternate Universe', 'Angst with a Happy Ending', 'Best Friends', 'Childhood Friends', 'Childhood Memories', 'Cute Kim Taehyung', 'V', 'Falling In Love', 'First Love', 'Fluff', 'Fluff and Angst', 'Fluff and Hurt/Comfort', 'Fluff and Mush', 'Friends to Lovers', 'Friendship/Love', 'Hurt Kim Taehyung', 'V', 'Hurt/Comfort', 'Kim Taehyung', 'V is Whipped', 'Light Angst', 'Male-Female Friendship', 'Returning Home', 'Romance', 'Unrequited Crush', 'Unrequited Love']","['Alternate Universe', 'Angst with a Happy Ending', 'Best Friends', 'Childhood Friends', 'Childhood Memories', 'Falling In Love', 'First Love', 'Fluff', 'Fluff and Angst', 'Fluff and Hurt/Comfort', 'Fluff and Mush', 'Friends to Lovers', 'Friendship/Love', 'Hurt/Comfort', 'Light Angst', 'Male-Female Friendship', 'Returning Home', 'Romance', 'Unrequited Crush', 'Unrequited Love']","['Cute Kim Taehyung', 'V', 'Hurt Kim Taehyung', 'V', 'Kim Taehyung', 'V is Whipped']","['Cute Kim Taehyung', 'Hurt Kim Taehyung', 'Kim Taehyung']",[]
https://golemlab.eu/graph/12185880,Red Bandana,"The night before the comeback stage, your boyfriend, Kim Taehyung, finds a new use for the red bandana that serves as your blindfold.",2017-09-25,3409,Explicit,F/M,Completed,59,taehyung,Daddy Kink | Exhibitionism | Plot What Plot/Porn Without Plot | Remember the red bandana from the comeback stage | Yeah that inspired this,Kim Taehyung | V/Reader,"['Daddy Kink', 'Exhibitionism', 'Plot What Plot/Porn Without Plot', 'Remember the red bandana from the comeback stage', 'Yeah that inspired this']","['Daddy Kink', 'Exhibitionism', 'Plot What Plot/Porn Without Plot']","['Remember the red bandana from the comeback stage', 'Yeah that inspired this']",[],[]
https://golemlab.eu/graph/9548633,Lonely,Taehyung texts you out of the blue to go on a date.,2017-02-13,5262,General Audiences,F/M,Completed,59,taehyung,Attempt at Humor | Cute Kim Taehyung | V | Dating | Fluff | Holding Hands | POV Second Person | Sweet | Sweet Kim Taehyung | V | Texting,Kim Taehyung | V/Reader,"['Attempt at Humor', 'Cute Kim Taehyung', 'V', 'Dating', 'Fluff', 'Holding Hands', 'POV Second Person', 'Sweet', 'Sweet Kim Taehyung', 'V', 'Texting']","['Attempt at Humor', 'Dating', 'Fluff', 'Holding Hands', 'POV Second Person', 'Sweet', 'Texting']","['Cute Kim Taehyung', 'V', 'Sweet Kim Taehyung', 'V']","['Cute Kim Taehyung', 'Sweet Kim Taehyung']",[]
https://golemlab.eu/graph/17457875,I Can't Quit,"He made a promise, but only when you vanished",2019-01-18,4764,Teen And Up Audiences,F/M,Completed,59,taehyung,Angst | High School AU | Romance | Tae is a dick in the beginning | Violence,Kim Taehyung | V/Reader Series: High School AU | kth [1],"['Angst', 'High School AU', 'Romance', 'Tae is a dick in the beginning', 'Violence']","['Angst', 'Romance', 'Violence']","['High School AU', 'Tae is a dick in the beginning']",['High School AU'],[]
https://golemlab.eu/graph/18525754,to the sun and back,"Your summer job as a receptionist at the Apollo Resort had the promise of being a safe getaway for your accumulated stress, but it all turned upside down when you met the charming surf instructor named Kim Taehyung.",2019-04-19,18593,Mature,F/M,Completed,59,taehyung,Angst | Fingering | Fluff | Smut | Summer Romance | Surfing | receptionist seokjin | resort au | surfer Taehyung,Kim Taehyung | V/Reader,"['Angst', 'Fingering', 'Fluff', 'Smut', 'Summer Romance', 'Surfing', 'receptionist seokjin', 'resort au', 'surfer Taehyung']","['Angst', 'Fluff', 'Smut', 'Summer Romance', 'Surfing']","['Fingering', 'receptionist seokjin', 'resort au', 'surfer Taehyung']",['Fingering'],[]
https://golemlab.eu/graph/20041366,You Work Too Hard,You've been working all night on your university paper and Taehyung thinks you should take a break.,2019-07-30,1252,Explicit,F/M,Completed,58,taehyung,Fluff | Fluff and Smut | Kim Taehyung | V is a Little Shit | Oneshot | Oral Sex | Reader-Insert | Smut | but he's also so so soft | he is babie,Kim Taehyung | V/Reader,"['Fluff', 'Fluff and Smut', 'Kim Taehyung', 'V is a Little Shit', 'Oneshot', 'Oral Sex', 'Reader-Insert', 'Smut', ""but he's also so so soft"", 'he is babie']","['Fluff', 'Fluff and Smut', 'Oral Sex', 'Reader-Insert', 'Smut']","['Kim Taehyung', 'V is a Little Shit', 'Oneshot', ""but he's also so so soft"", 'he is babie']","['Kim Taehyung', 'Oneshot']",[]
https://golemlab.eu/graph/15788367,Ride Me (Kim Taehyung x Female Reader) *Smut*,Boring smut because for me It’s hard to imagine Tae being a very sexual person and so imagining him in these situations don’t come easily to me sorry to all the Tae stans...,2018-08-25,447,Mature,F/M,Completed,58,taehyung,Shameless Smut | Smutty | Vaginal Sex,Kim Taehyung | V/Reader,"['Shameless Smut', 'Smutty', 'Vaginal Sex']","['Shameless Smut', 'Smutty', 'Vaginal Sex']",[],[],[]
https://golemlab.eu/graph/17043713,Yes?,"Taehyung x reader oneshot (established relationship AU) Fluff, smut (ish) Word Count: 5005 Kim Taehyung asks you the question.",2018-12-17,5011,Mature,F/M,Completed,58,taehyung,,Kim Taehyung | V/Reader,[],[],[],[],[]
https://golemlab.eu/graph/23225110,Sweet Night,"Taehyung lies down and stretches out his left arm, and you know that he’s waiting for you to use it as your pillow. You sink down onto the ground and lie next to him, reaching out to wrap your arms around his middle, almost as if it were out of instinct. Taehyung then takes the other blanket and drapes it over the two of you, and you just lie there for a while, basking in each other’s warmth. “You took me out to cuddle?” “Heck yeah.”",2020-03-20,2386,Teen And Up Audiences,F/M,Completed,58,taehyung,Alternate Universe | Established Relationship | Fluff | For Anyone Who Needs Some Soft and Fluffy Delulu Material | Inspired by Music | Kim Taehyung | V is Whipped | One Shot | Soft Kim Taehyung | V | Tooth-Rotting Fluff,"Kim Taehyung | V/Reader, Kim Taehyung | V/You Series: With you, anywhere will be my home [1]","['Alternate Universe', 'Established Relationship', 'Fluff', 'For Anyone Who Needs Some Soft and Fluffy Delulu Material', 'Inspired by Music', 'Kim Taehyung', 'V is Whipped', 'One Shot', 'Soft Kim Taehyung', 'V', 'Tooth-Rotting Fluff']","['Alternate Universe', 'Established Relationship', 'Fluff', 'Inspired by Music', 'One Shot', 'Tooth-Rotting Fluff']","['For Anyone Who Needs Some Soft and Fluffy Delulu Material', 'Kim Taehyung', 'V is Whipped', 'Soft Kim Taehyung', 'V']","['Kim Taehyung', 'Soft Kim Taehyung']",[]
https://golemlab.eu/graph/16882446,The Fuckening: Taehyung,A series of drunk texts from his best friend send Taehyung spiraling.,2018-12-06,1664,Mature,F/M,In-Progress,58,taehyung,Eventual Smut | Fluff | Friends to Lovers | Humor | Sexting | Smut,Kim Taehyung | V/Reader Series: The Fuckening: A Collection [2],"['Eventual Smut', 'Fluff', 'Friends to Lovers', 'Humor', 'Sexting', 'Smut']","['Eventual Smut', 'Fluff', 'Friends to Lovers', 'Humor', 'Sexting', 'Smut']",[],[],[]
https://golemlab.eu/graph/17561699,Noona,"Taehyung, Jungkook, and Jimin lives in same apartment building. One day Taehyung received a mail for another Kim. She turned out to be Jimin's new neighbor.",2019-01-27,41192,Explicit,F/M,Completed,58,taehyung,Alternate Universe - College/University | Alternate Universe - Neighbors | Angst and Tragedy,Kim Taehyung | V/Reader,"['Alternate Universe - College/University', 'Alternate Universe - Neighbors', 'Angst and Tragedy']","['Alternate Universe - College/University', 'Alternate Universe - Neighbors', 'Angst and Tragedy']",[],[],[]
https://golemlab.eu/graph/14166504,Sex Tape,you and taehyung decided to have a little fun and post it on tumblr.,2018-04-01,2088,Mature,F/M,Completed,57,taehyung,Badboy taehyung | Bangtan Scenarios | Friends With Benefits | Sex | Sextape | Taehyung x Reader - Freeform | bangtan smuts | tumblr sex,Kim Taehyung | V/Reader Series: Bangtan/BTS One Shot collections [1],"['Badboy taehyung', 'Bangtan Scenarios', 'Friends With Benefits', 'Sex', 'Sextape', 'Taehyung x Reader - Freeform', 'bangtan smuts', 'tumblr sex']","['Friends With Benefits', 'Sex']","['Badboy taehyung', 'Bangtan Scenarios', 'Sextape', 'Taehyung x Reader - Freeform', 'bangtan smuts', 'tumblr sex']","['Bangtan Scenarios', 'Sextape']",[]
https://golemlab.eu/graph/12032142,Second Chance,"When Taehyung left to be a trainee, you were left behind, never once did he contact you until he suddenly shows up after seven years.",2017-09-08,16146,Teen And Up Audiences,F/M,Completed,57,taehyung,Fluff | Romantic Fluff | bts - Freeform | kim taehyung fluff | v fluff,Kim Taehyung | V/Reader Series: Second Chance [1],"['Fluff', 'Romantic Fluff', 'bts - Freeform', 'kim taehyung fluff', 'v fluff']","['Fluff', 'Romantic Fluff']","['bts - Freeform', 'kim taehyung fluff', 'v fluff']",[],[]
https://golemlab.eu/graph/11653914,Questionable Methods,"Two days before an important test, your Korean teacher had decided to keep you in after school, simply to revise the material you covered that term – well, that was your explanation in case anyone asked. It wasn’t too far from the truth, Taehyung was very much intent on helping you pass your test. It was his methods that were rather....questionable.",2017-07-30,1091,Explicit,F/M,Completed,57,taehyung,I Tried | I don't usually write for bts | Sex Toys | Teacher-Student Relationship | Teasing | request,Kim Taehyung | V/Reader,"['I Tried', ""I don't usually write for bts"", 'Sex Toys', 'Teacher-Student Relationship', 'Teasing', 'request']","['I Tried', 'Sex Toys', 'Teacher-Student Relationship', 'Teasing']","[""I don't usually write for bts"", 'request']",[],[]
https://golemlab.eu/graph/13268637,Prince Charming,How was I supposed to know that the sweet guy who showed up at the coffee shop I work at was a world-famous idol?,2018-01-04,2079,Teen And Up Audiences,F/M,In-Progress,57,taehyung,Chance Meetings | Dating | Flirting | Fluff | Idols | Kim Taehyung | V is Whipped | Kim Taehyung | V is a Sweetheart | Long-Distance Relationship | Romance | Whirlwind Romance,Kim Taehyung | V/Reader,"['Chance Meetings', 'Dating', 'Flirting', 'Fluff', 'Idols', 'Kim Taehyung', 'V is Whipped', 'Kim Taehyung', 'V is a Sweetheart', 'Long-Distance Relationship', 'Romance', 'Whirlwind Romance']","['Chance Meetings', 'Dating', 'Flirting', 'Fluff', 'Idols', 'Long-Distance Relationship', 'Romance']","['Kim Taehyung', 'V is Whipped', 'Kim Taehyung', 'V is a Sweetheart', 'Whirlwind Romance']","['Kim Taehyung', 'Kim Taehyung', 'Whirlwind Romance']",[]
https://golemlab.eu/graph/8912134,closer • taehyung | m,The guy across the hall has got you feeling some type of way... ;),2016-12-19,2152,Mature,F/M,Completed,57,taehyung,,Kim Taehyung | V/Reader,[],[],[],[],[]
https://golemlab.eu/graph/14446155,Short & Sweet,just smut tbh,2018-04-26,1482,Explicit,F/M,Completed,56,taehyung,Dirty Talk | One Night Stands | Smut | Vaginal Fingering | Vaginal Sex,Kim Taehyung | V/Reader,"['Dirty Talk', 'One Night Stands', 'Smut', 'Vaginal Fingering', 'Vaginal Sex']","['Dirty Talk', 'One Night Stands', 'Smut', 'Vaginal Fingering', 'Vaginal Sex']",[],[],[]
https://golemlab.eu/graph/5420492,late night,"the street lights are flickering amber when you step outside, breeze chilled and biting, sky darkened and dotted with stars above city tower blocks. “i’m bored, let’s go.” and you go.",2015-12-13,1958,Teen And Up Audiences,F/M,Completed,56,taehyung,Drabble | Fluff | Mild Smut | just somewhat poetic ramblings because i adore kim taehyung,Kim Taehyung | V/Reader,"['Drabble', 'Fluff', 'Mild Smut', 'just somewhat poetic ramblings because i adore kim taehyung']","['Drabble', 'Fluff', 'Mild Smut']",['just somewhat poetic ramblings because i adore kim taehyung'],[],[]
https://golemlab.eu/graph/27228250,The Final,"The final chapter of Pillow Talk...plenty of misunderstandings, drunkenness, a little angst, a little smut and maybe...just maybe the end you want 😏",2020-10-27,5491,Explicit,F/M,Completed,56,taehyung,Alternate Universe | Alternate Universe - Modern Setting | Angst | Drinking | Drunk Texting | Drunkenness | Fluff and Smut | Making Love | Misunderstandings | Online Dating | Oral Sex | Shower Sex,Kim Taehyung | V/Reader Series: Pillow Talk [8],"['Alternate Universe', 'Alternate Universe - Modern Setting', 'Angst', 'Drinking', 'Drunk Texting', 'Drunkenness', 'Fluff and Smut', 'Making Love', 'Misunderstandings', 'Online Dating', 'Oral Sex', 'Shower Sex']","['Alternate Universe', 'Alternate Universe - Modern Setting', 'Angst', 'Drinking', 'Drunk Texting', 'Drunkenness', 'Fluff and Smut', 'Making Love', 'Misunderstandings', 'Online Dating', 'Oral Sex', 'Shower Sex']",[],[],[]
https://golemlab.eu/graph/23262361,Daffodils,"“Daffodils are an optimistic flower, and foolproof.” (Tasha Tudor) or sometimes denial is the brain’s way of protecting itself.",2020-03-22,4386,Teen And Up Audiences,F/M,Completed,56,taehyung,Angst | Angst with a Happy Ending | Hanahaki Disease,"Kim Taehyung | V/Reader, Kim Taehyung | V/You Series: Flora & Fauna [6]","['Angst', 'Angst with a Happy Ending', 'Hanahaki Disease']","['Angst', 'Angst with a Happy Ending', 'Hanahaki Disease']",[],[],[]
https://golemlab.eu/graph/11796243,goodnight moon,"“I’ll love you, forever and always. To the moon and back.”",2017-08-14,3671,Teen And Up Audiences,F/M,Completed,56,taehyung,Alternate Universe - Zombie Apocalypse | Angst | descriptions of blood and death,Kim Taehyung | V/Reader,"['Alternate Universe - Zombie Apocalypse', 'Angst', 'descriptions of blood and death']","['Alternate Universe - Zombie Apocalypse', 'Angst']",['descriptions of blood and death'],[],[]
https://golemlab.eu/graph/18432080,Reconciliation in Currency,Sometimes reconciliation comes at a cost. Literally. twitter: kmindset_ tumblr: kmindset,2019-04-11,3652,Explicit,F/M,In-Progress,55,taehyung,Alternate Universe - Sugar Daddy | Angry Kissing | Angry Sex | Angst | Angst and Fluff and Smut | Best Friends | CEO Kim Taehyung | V | Car Sex | Complicated Relationships | Dom Kim Taehyung | V | Drama | Emotional Sex | Enemies to Friends to Lovers | Face-Fucking | Flashbacks | Friends to Enemies | Friends to Lovers | Friendship/Love | Fucking | Kim Taehyung | V-centric | Love Confessions | Oral Sex | Other Additional Tags to Be Added | Phone Sex | Public Sex | Rich Kim Taehyung | V | Rough Kissing | Rough Sex | Semi-Public Sex | Sex Toys | Shameless Smut | Shower Sex | Smut | Sugar Daddy | Sugar Daddy Kim Taehyung | V | Tags Contain Spoilers | True Love | estranged friends,Kim Taehyung | V/Reader,"['Alternate Universe - Sugar Daddy', 'Angry Kissing', 'Angry Sex', 'Angst', 'Angst and Fluff and Smut', 'Best Friends', 'CEO Kim Taehyung', 'V', 'Car Sex', 'Complicated Relationships', 'Dom Kim Taehyung', 'V', 'Drama', 'Emotional Sex', 'Enemies to Friends to Lovers', 'Face-Fucking', 'Flashbacks', 'Friends to Enemies', 'Friends to Lovers', 'Friendship/Love', 'Fucking', 'Kim Taehyung', 'V-centric', 'Love Confessions', 'Oral Sex', 'Other Additional Tags to Be Added', 'Phone Sex', 'Public Sex', 'Rich Kim Taehyung', 'V', 'Rough Kissing', 'Rough Sex', 'Semi-Public Sex', 'Sex Toys', 'Shameless Smut', 'Shower Sex', 'Smut', 'Sugar Daddy', 'Sugar Daddy Kim Taehyung', 'V', 'Tags Contain Spoilers', 'True Love', 'estranged friends']","['Alternate Universe - Sugar Daddy', 'Angry Kissing', 'Angry Sex', 'Angst', 'Angst and Fluff and Smut', 'Best Friends', 'Car Sex', 'Complicated Relationships', 'Drama', 'Emotional Sex', 'Enemies to Friends to Lovers', 'Face-Fucking', 'Flashbacks', 'Friends to Enemies', 'Friends to Lovers', 'Friendship/Love', 'Fucking', 'Love Confessions', 'Oral Sex', 'Other Additional Tags to Be Added', 'Phone Sex', 'Public Sex', 'Rough Kissing', 'Rough Sex', 'Semi-Public Sex', 'Sex Toys', 'Shameless Smut', 'Shower Sex', 'Smut', 'Sugar Daddy', 'Tags Contain Spoilers', 'True Love']","['CEO Kim Taehyung', 'V', 'Dom Kim Taehyung', 'V', 'Kim Taehyung', 'V-centric', 'Rich Kim Taehyung', 'V', 'Sugar Daddy Kim Taehyung', 'V', 'estranged friends']","['CEO Kim Taehyung', 'Dom Kim Taehyung', 'Kim Taehyung', 'Rich Kim Taehyung', 'Sugar Daddy Kim Taehyung']",[]
https://golemlab.eu/graph/11535474,Attractive Stranger,in which you meet an attractive stranger after sketching him in a bookstore cafe.,2017-07-18,1207,General Audiences,F/M,Completed,55,taehyung,Fluff | That's it | just fluff,Kim Taehyung | V/Reader Series: one shots [2],"['Fluff', ""That's it"", 'just fluff']",['Fluff'],"[""That's it"", 'just fluff']",[],[]
https://golemlab.eu/graph/9382322,Bring out the GUCCI baby!,"""HERE"" it says, here WHAT? (Or where you first see your boyfriend's WINGS album photo teaser and go bat shit crazy because boy looks GOOD!)",2017-01-18,4001,Explicit,F/M,Completed,54,taehyung,Just Sex | Lots of Sex | PWP without Porn | V's Teaser Photo from WINGS | blindfolding | gucci | here | let's see...,"Kim Taehyung | V/Reader, Kim Taehyung | V/You","['Just Sex', 'Lots of Sex', 'PWP without Porn', ""V's Teaser Photo from WINGS"", 'blindfolding', 'gucci', 'here', ""let's see...""]","['Just Sex', 'PWP without Porn']","['Lots of Sex', ""V's Teaser Photo from WINGS"", 'blindfolding', 'gucci', 'here', ""let's see...""]",[],[]
https://golemlab.eu/graph/38538409,Annoying,"You love your husband, but sometimes he makes you want to wring his neck.",2022-04-22,2483,Explicit,F/M,Completed,54,taehyung,Explicit Language | Explicit Sexual Content | Fluff and Smut | Minor Injuries,Kim Taehyung | V/Reader Series: Marriage Story [7],"['Explicit Language', 'Explicit Sexual Content', 'Fluff and Smut', 'Minor Injuries']","['Explicit Language', 'Explicit Sexual Content', 'Fluff and Smut', 'Minor Injuries']",[],[],[]
https://golemlab.eu/graph/22974190,All of the Above,"His hair is Fanta orange and it suits him. —smut, prostitute taehyung",2020-03-01,2278,Explicit,F/M,Completed,54,taehyung,Alternate Universe - Not K-Pop Idols | Angst | Dirty Talk | Oral Sex | Prostitute Kim Taehyung | V | Smut,Kim Taehyung | V/Reader,"['Alternate Universe - Not K-Pop Idols', 'Angst', 'Dirty Talk', 'Oral Sex', 'Prostitute Kim Taehyung', 'V', 'Smut']","['Alternate Universe - Not K-Pop Idols', 'Angst', 'Dirty Talk', 'Oral Sex', 'Smut']","['Prostitute Kim Taehyung', 'V']",['Prostitute Kim Taehyung'],[]
https://golemlab.eu/graph/14271462,priceless,"ah, you love him. how could you say no?",2018-04-10,732,General Audiences,M/M,Completed,54,taehyung,Fluff | huuuuuuuuhhh you're a sugar daddy,Kim Taehyung | V/Reader,"['Fluff', ""huuuuuuuuhhh you're a sugar daddy""]",['Fluff'],"[""huuuuuuuuhhh you're a sugar daddy""]",[],[]
https://golemlab.eu/graph/26315266,Unforgettable Night | Kim Taehyung x reader,Being Kim Taehyung's chauffeur was the best decision you ever made-not only do you have a job many wished to have but you gained a best friend. But who knew you'd end up falling for him? The question is...is the feeling mutual or is it one-sided?,2020-09-06,8463,General Audiences,F/M,Completed,54,taehyung,Communication | Emotional Hurt/Comfort | Fluff and Angst | Friends to Lovers | One-sided attraction to mutual attraction | Pining | falling in love with an artist | implied engagement proposal,Kim Taehyung | V/Reader,"['Communication', 'Emotional Hurt/Comfort', 'Fluff and Angst', 'Friends to Lovers', 'One-sided attraction to mutual attraction', 'Pining', 'falling in love with an artist', 'implied engagement proposal']","['Communication', 'Emotional Hurt/Comfort', 'Fluff and Angst', 'Friends to Lovers', 'Pining']","['One-sided attraction to mutual attraction', 'falling in love with an artist', 'implied engagement proposal']",[],[]
https://golemlab.eu/graph/7751071,Opposites Attract,"This coffee shop is your place to relax, to get away from your parents, to forget about school and the future. But why does this boy keep coming to steal your favorite spot?!",2016-08-12,2017,General Audiences,Gen,Completed,53,taehyung,Alternate Universe - Coffee Shops & Cafés | Alternate Universe - High School | Annoyance to Love | Fluff,Kim Taehyung | V/Reader,"['Alternate Universe - Coffee Shops & Cafés', 'Alternate Universe - High School', 'Annoyance to Love', 'Fluff']","['Alternate Universe - High School', 'Fluff']","['Alternate Universe - Coffee Shops & Cafés', 'Annoyance to Love']",[],[]
https://golemlab.eu/graph/25924993,A Palette of Emotions,"Taehyung dreams of being a professional and famous artist one day, but finds that the sea of creativity can be lurking with blood-hungry sharks, as well as bland, motionless starfish. Swimming through the sea of opportunities somehow washed him up onto the shore of Bright Star Preschool, as an art teacher. This wasn’t where he expected to be 4 years into his career, but anything to get his big break though, right? Feat. BTS, TXT, ITZY, Jisoo (BlackPink), Taeyong (NCT)",2020-08-16,165816,General Audiences,F/M,Completed,53,taehyung,Adorable Kim Taehyung | V | Alternate Universe | Alternate Universe - Modern Setting | Alternate Universe - Not K-Pop Idols | Alternate Universe - Teachers | K-pop References | Kim Taehyung | V & Park Jimin are Best Friends | Kim Taehyung | V is Whipped,Kim Taehyung | V/Reader,"['Adorable Kim Taehyung', 'V', 'Alternate Universe', 'Alternate Universe - Modern Setting', 'Alternate Universe - Not K-Pop Idols', 'Alternate Universe - Teachers', 'K-pop References', 'Kim Taehyung', 'V & Park Jimin are Best Friends', 'Kim Taehyung', 'V is Whipped']","['Alternate Universe', 'Alternate Universe - Modern Setting', 'Alternate Universe - Not K-Pop Idols', 'Alternate Universe - Teachers', 'K-pop References']","['Adorable Kim Taehyung', 'V', 'Kim Taehyung', 'V & Park Jimin are Best Friends', 'Kim Taehyung', 'V is Whipped']","['Adorable Kim Taehyung', 'Kim Taehyung', 'Kim Taehyung']",[]
https://golemlab.eu/graph/6165887,Accidentally,,2016-03-05,1635,Mature,Other,Completed,53,taehyung,Daddy Kink | Smut,Kim Taehyung | V/Reader,"['Daddy Kink', 'Smut']","['Daddy Kink', 'Smut']",[],[],[]
https://golemlab.eu/graph/14240124,Prelude to Goodbyes,so maybe i’m weak for jacking tae off in semi-public places featuring gender-ambiguous reader,2018-04-07,2343,Mature,F/M,Completed,52,taehyung,Cute Kim Taehyung | V | Fluff and Smut | Kim Taehyung | V is a Sweetheart | Mild Smut | Non-Graphic Smut | Park Jimin Is a Little Shit | Shameless Smut | Smut,Kim Taehyung | V/Reader,"['Cute Kim Taehyung', 'V', 'Fluff and Smut', 'Kim Taehyung', 'V is a Sweetheart', 'Mild Smut', 'Non-Graphic Smut', 'Park Jimin Is a Little Shit', 'Shameless Smut', 'Smut']","['Fluff and Smut', 'Mild Smut', 'Non-Graphic Smut', 'Shameless Smut', 'Smut']","['Cute Kim Taehyung', 'V', 'Kim Taehyung', 'V is a Sweetheart', 'Park Jimin Is a Little Shit']","['Cute Kim Taehyung', 'Kim Taehyung']",[]
https://golemlab.eu/graph/31484438,songs about you,Both of your touches used to fit your little agreement to fulfill your desires whenever you needed it - when had exactly these touches started to become a quiet whisper in the back of your mind that had you yearn for so much more than just careless nights?,2021-05-23,26547,Mature,F/M,Completed,52,taehyung,Aftercare | Biting | Breast Play | Explicit Sexual Content | Groping | Making Out | Marking | Multiple Orgasms | Oral Sex | Praise Kink | Rough Sex | Soft Dom Kim Taehyung | V | Soft sex too | Swearing | Unprotected Sex | Vaginal Fingering | handjob | mention of anxiety | multiple sex scenes | this fic hurt me :),Kim Taehyung | V/Reader,"['Aftercare', 'Biting', 'Breast Play', 'Explicit Sexual Content', 'Groping', 'Making Out', 'Marking', 'Multiple Orgasms', 'Oral Sex', 'Praise Kink', 'Rough Sex', 'Soft Dom Kim Taehyung', 'V', 'Soft sex too', 'Swearing', 'Unprotected Sex', 'Vaginal Fingering', 'handjob', 'mention of anxiety', 'multiple sex scenes', 'this fic hurt me :)']","['Aftercare', 'Biting', 'Explicit Sexual Content', 'Groping', 'Making Out', 'Marking', 'Multiple Orgasms', 'Oral Sex', 'Praise Kink', 'Rough Sex', 'Swearing', 'Vaginal Fingering']","['Breast Play', 'Soft Dom Kim Taehyung', 'V', 'Soft sex too', 'Unprotected Sex', 'handjob', 'mention of anxiety', 'multiple sex scenes', 'this fic hurt me :)']","['Breast Play', 'Soft Dom Kim Taehyung', 'Unprotected Sex']",[]
https://golemlab.eu/graph/18618949,BTS OneShots (Taehyung),Very smutty slightly kinky bts oneshot. This was way too much fun to write lmao,2019-04-27,1182,Explicit,F/M,Completed,52,taehyung,Female Solo | Light Dom/sub | Masterbation | Plot What Plot/Porn Without Plot | Sex Toys | Smut | Top Kim Taehyung | V,Kim Taehyung | V/Reader,"['Female Solo', 'Light Dom/sub', 'Masterbation', 'Plot What Plot/Porn Without Plot', 'Sex Toys', 'Smut', 'Top Kim Taehyung', 'V']","['Female Solo', 'Light Dom/sub', 'Plot What Plot/Porn Without Plot', 'Sex Toys', 'Smut']","['Masterbation', 'Top Kim Taehyung', 'V']","['Masterbation', 'Top Kim Taehyung']",[]
https://golemlab.eu/graph/10746657,Totally Extra-Terrestrial (And Completely Out of this World),"“Oh, I’m sorry, did you want me to destroy the barn while I was in the process of nearly dying?  Why don’t you try flying that thing, see how far you get without pissing your pants.”",2017-04-27,3866,Teen And Up Audiences,F/M,Completed,52,taehyung,Alien!AU | Alien!Taehyung | Inspired by Tumblr | POV Third Person | human!reader | short series,"Kim Taehyung | V/Reader, Others May Appear - Relationship Series: Bangtan Begins: My Weird au's and Stories with More Than One Part [1]","['Alien!AU', 'Alien!Taehyung', 'Inspired by Tumblr', 'POV Third Person', 'human!reader', 'short series']",['POV Third Person'],"['Alien!AU', 'Alien!Taehyung', 'Inspired by Tumblr', 'human!reader', 'short series']","['Alien!AU', 'Alien!Taehyung']",[]
https://golemlab.eu/graph/39410628,Easy,"Taehyung's always been confident about his ability to satisfy you in bed. It's the one thing he's consistently got right throughout your marriage, until now.",2022-06-03,3631,Explicit,F/M,Completed,52,taehyung,Explicit Language | Explicit Sexual Content | Porn with Feelings,Kim Taehyung | V/Reader Series: Marriage Story [9],"['Explicit Language', 'Explicit Sexual Content', 'Porn with Feelings']","['Explicit Language', 'Explicit Sexual Content', 'Porn with Feelings']",[],[],[]
https://golemlab.eu/graph/15466581,Pearl Necklace,"Friends since childhood, you grew up together by the beach. Years passed and he developed feelings for you. But he’s keeping a part of himself hidden from the world*. You’re suppressing your feelings towards him and he’s dying for his love to be requited to the point that it breaks you. Afraid of being hurt and knowing he’s hiding something from you, you try to protect yourself… but from what? * (*******!Tae)",2018-07-28,13023,Teen And Up Audiences,F/M,Completed,52,taehyung,Angst | Fluff | Mermaid Taehyung | Mild Smut | Vanilla | angsty fluff | bts - Freeform | mermaid | mermaid au | taehyung - Freeform,Kim Taehyung | V/Reader,"['Angst', 'Fluff', 'Mermaid Taehyung', 'Mild Smut', 'Vanilla', 'angsty fluff', 'bts - Freeform', 'mermaid', 'mermaid au', 'taehyung - Freeform']","['Angst', 'Fluff', 'Mild Smut', 'Vanilla']","['Mermaid Taehyung', 'angsty fluff', 'bts - Freeform', 'mermaid', 'mermaid au', 'taehyung - Freeform']",['Mermaid Taehyung'],[]
https://golemlab.eu/graph/6933613,Cuffed.,He felt ignored and he wasn’t gonna let you get away.,2016-05-22,1768,Mature,F/M,Completed,51,taehyung,Handcuffs | Smut | Submissive,Kim Taehyung | V/Reader,"['Handcuffs', 'Smut', 'Submissive']","['Handcuffs', 'Smut']",['Submissive'],['Submissive'],[]
https://golemlab.eu/graph/13236669,Fight Me (Taehyung x Reader),"“Fight me.” You said, with as much power as possible. He laughed and then sighed. “Maybe some other time.""",2018-01-02,1140,General Audiences,Other,Completed,51,taehyung,bts - Freeform,Kim Taehyung | V/Reader,['bts - Freeform'],[],['bts - Freeform'],[],[]
https://golemlab.eu/graph/16837351,Stay Over,You and Taehyung have rules. But rules are meant to be broken.,2018-12-04,507,Mature,F/M,Completed,51,taehyung,Alternate Universe - College/University | Fluff | Friends With Benefits | Implied Sexual Content | fuck buddies,Kim Taehyung | V/Reader,"['Alternate Universe - College/University', 'Fluff', 'Friends With Benefits', 'Implied Sexual Content', 'fuck buddies']","['Alternate Universe - College/University', 'Fluff', 'Friends With Benefits', 'Implied Sexual Content']",['fuck buddies'],[],[]
https://golemlab.eu/graph/21442090,taehyung,"prompt: ""That's okay, I bought two.""",2019-11-15,1346,Teen And Up Audiences,F/M,Completed,51,taehyung,Explicit Language | Fugitives | Mentions of Sex | Partners in Crime | Robbers AU,Kim Taehyung | V/Reader Series: 100 ways to say i love you [6],"['Explicit Language', 'Fugitives', 'Mentions of Sex', 'Partners in Crime', 'Robbers AU']","['Explicit Language', 'Fugitives', 'Partners in Crime']","['Mentions of Sex', 'Robbers AU']",['Robbers AU'],[]
https://golemlab.eu/graph/27394795,The Man on the Train,"While waiting for your morning train on the west side, a man on the opposite train catches your eye.",2020-11-05,8893,General Audiences,F/M,Completed,51,taehyung,BTS fluff | Slow Burn | Taehyung x Reader - Freeform | kim taehyung - Freeform | roommate park jimin - Freeform | taehyung fluff,Kim Taehyung | V/Reader Series: Fics | Kim Taehyung [1],"['BTS fluff', 'Slow Burn', 'Taehyung x Reader - Freeform', 'kim taehyung - Freeform', 'roommate park jimin - Freeform', 'taehyung fluff']",['Slow Burn'],"['BTS fluff', 'Taehyung x Reader - Freeform', 'kim taehyung - Freeform', 'roommate park jimin - Freeform', 'taehyung fluff']",[],[]
https://golemlab.eu/graph/29451444,definition of love,"“Burn yourself into my memory until I can’t escape you.” When the gorgeous student from your literature class starts showing interest in you, you discover that there's much more to him than his know-it-all facade. But is this realization enough to get through your insecurities and secrets?",2021-02-15,10484,Mature,F/M,Completed,51,taehyung,Breast Play | Explicit Sexual Content | Flirting | Implied/Referenced Alcohol Abuse/Alcoholism | Kissing | Making Out | Nipple Play | Oral Sex | Past Character Death | Pining | Sexual Tension | Unhealthy Coping Mechanisms | Unprotected Sex | Vaginal Fingering | Vaginal Sex | a lot of flirting | ass grabbing | kinda handjob | minor character tho | taehyung is a book nerd!!,Kim Taehyung | V/Reader,"['Breast Play', 'Explicit Sexual Content', 'Flirting', 'Implied/Referenced Alcohol Abuse/Alcoholism', 'Kissing', 'Making Out', 'Nipple Play', 'Oral Sex', 'Past Character Death', 'Pining', 'Sexual Tension', 'Unhealthy Coping Mechanisms', 'Unprotected Sex', 'Vaginal Fingering', 'Vaginal Sex', 'a lot of flirting', 'ass grabbing', 'kinda handjob', 'minor character tho', 'taehyung is a book nerd!!']","['Explicit Sexual Content', 'Flirting', 'Implied/Referenced Alcohol Abuse/Alcoholism', 'Kissing', 'Making Out', 'Nipple Play', 'Oral Sex', 'Past Character Death', 'Pining', 'Sexual Tension', 'Unhealthy Coping Mechanisms', 'Vaginal Fingering', 'Vaginal Sex']","['Breast Play', 'Unprotected Sex', 'a lot of flirting', 'ass grabbing', 'kinda handjob', 'minor character tho', 'taehyung is a book nerd!!']","['Breast Play', 'Unprotected Sex']",[]
https://golemlab.eu/graph/40944387,Rut (Taehyung x Reader),"Two dummies are almost too dumb, but then they aren’t. I’m so good at summarizing things.",2022-08-10,2683,Explicit,F/M,Completed,50,taehyung,Alpha Kim Taehyung | V | Alpha/Beta | Alpha/Beta/Omega Dynamics | Friends to Lovers | Knotting | Rutting | Size Kink,Kim Taehyung | V/Reader Series: revenge of the kinks [4],"['Alpha Kim Taehyung', 'V', 'Alpha/Beta', 'Alpha/Beta/Omega Dynamics', 'Friends to Lovers', 'Knotting', 'Rutting', 'Size Kink']","['Alpha/Beta', 'Alpha/Beta/Omega Dynamics', 'Friends to Lovers', 'Knotting', 'Rutting', 'Size Kink']","['Alpha Kim Taehyung', 'V']",['Alpha Kim Taehyung'],[]
https://golemlab.eu/graph/40388232,Melt,"Taehyung's never been plagued by anxiety, but for some reason, life feels pretty stressful right now.",2022-07-18,2801,Explicit,F/M,Completed,49,taehyung,Explicit Language | Explicit Sexual Content | Pregnant Sex | Under-Desk Blow Jobs,Kim Taehyung | V/Reader Series: Marriage Story [10],"['Explicit Language', 'Explicit Sexual Content', 'Pregnant Sex', 'Under-Desk Blow Jobs']","['Explicit Language', 'Explicit Sexual Content', 'Pregnant Sex', 'Under-Desk Blow Jobs']",[],[],[]
https://golemlab.eu/graph/11070909,Moving On,There are two things that Taehyung will always be sure of: he loves you and he misses you.,2017-06-02,1250,Teen And Up Audiences,Gen,Completed,49,taehyung,Brother-Sister Relationships | Implied/Referenced Suicide | Sad | Siblings,Kim Taehyung | V/Reader,"['Brother-Sister Relationships', 'Implied/Referenced Suicide', 'Sad', 'Siblings']","['Brother-Sister Relationships', 'Implied/Referenced Suicide', 'Sad', 'Siblings']",[],[],[]
https://golemlab.eu/graph/10780695,You Da One,"When you are nursing a hangover you meet someone you least expect. This is a shitty summary, just ignore this and read it.",2017-05-01,2573,Mature,F/M,Completed,49,taehyung,Daddy Kink | Dirty Talk | Plot What Plot/Porn Without Plot,Kim Taehyung | V/Reader,"['Daddy Kink', 'Dirty Talk', 'Plot What Plot/Porn Without Plot']","['Daddy Kink', 'Dirty Talk', 'Plot What Plot/Porn Without Plot']",[],[],[]
https://golemlab.eu/graph/21634918,Lavender flowers,[Vampire!AU] It all started when your boyfriend starting showing weird and abnormal behaviour… At first it wasn’t anything beyond the ordinary but as it gradually got worse and worse you were getting really worried… He couldn’t sleep and kept waking up in the middle of the night. But one morning was worse than others… and it would be the start of new encounters and a big change for both of you…,2019-12-01,12288,Mature,F/M,Completed,49,taehyung,Angst | Bottom Kim Taehyung | V | Mating Cycles/In Heat | Smut | Vampire Kim Taehyung | V | Vampire Sex | Vampires,Kim Taehyung | V/Reader,"['Angst', 'Bottom Kim Taehyung', 'V', 'Mating Cycles/In Heat', 'Smut', 'Vampire Kim Taehyung', 'V', 'Vampire Sex', 'Vampires']","['Angst', 'Mating Cycles/In Heat', 'Smut', 'Vampire Sex', 'Vampires']","['Bottom Kim Taehyung', 'V', 'Vampire Kim Taehyung', 'V']","['Bottom Kim Taehyung', 'Vampire Kim Taehyung']",[]
https://golemlab.eu/graph/12611108,Stigma,A collection of moments with Kim Taehyung.,2017-11-02,791,Teen And Up Audiences,F/M,In-Progress,49,taehyung,Drabbles | Fluff | Light Angst | Romance | YNWA Spin off | oneshots,Kim Taehyung | V/Reader Series: The Red String of Fate [8],"['Drabbles', 'Fluff', 'Light Angst', 'Romance', 'YNWA Spin off', 'oneshots']","['Fluff', 'Light Angst', 'Romance']","['Drabbles', 'YNWA Spin off', 'oneshots']",['Drabbles'],[]
https://golemlab.eu/graph/19276282,Three Years to Lose You,"Prompt #17: ""I don't care."" A soulmate au where two people who have the same mark on their arm are destined to be for one another. But is it the only thing important in life? And are you willing to let go of the one person meant to be with you?",2019-06-19,2393,General Audiences,F/M,Completed,49,taehyung,Alternate Universe - Soulmates | Angst | Fluff | Romantic Soulmates | Slight fluff | Soulmate AU | Soulmate-Identifying Marks | Soulmates | i'm trying the angst,Kim Taehyung | V/Reader,"['Alternate Universe - Soulmates', 'Angst', 'Fluff', 'Romantic Soulmates', 'Slight fluff', 'Soulmate AU', 'Soulmate-Identifying Marks', 'Soulmates', ""i'm trying the angst""]","['Alternate Universe - Soulmates', 'Angst', 'Fluff', 'Romantic Soulmates', 'Soulmate-Identifying Marks', 'Soulmates']","['Slight fluff', 'Soulmate AU', ""i'm trying the angst""]",['Soulmate AU'],[]
https://golemlab.eu/graph/23340469,The Way He Makes You Feel,"He looks at you so intently and you feel your face start to turn red. “Dress, off.” Is all he says and you find yourself being obedient, pulling your dress up and over your head. You’re left standing in your bra and panties and you instinctively cover your chest with your arms. He walks over to you and circles you like a shark, thumb rubbing over his lips as he looks you up and down.",2020-03-27,1501,Explicit,F/M,Completed,49,taehyung,Aftercare | Blindfolds | Daddy Kink | Edgeplay | Kim Taehyung | V is a Sweetheart | Light Bondage | Oral Sex | Overstimulation | Rough Sex | Smut,"Kim Taehyung | V/Reader, Kim Taehyung | V/You","['Aftercare', 'Blindfolds', 'Daddy Kink', 'Edgeplay', 'Kim Taehyung', 'V is a Sweetheart', 'Light Bondage', 'Oral Sex', 'Overstimulation', 'Rough Sex', 'Smut']","['Aftercare', 'Blindfolds', 'Daddy Kink', 'Edgeplay', 'Light Bondage', 'Oral Sex', 'Overstimulation', 'Rough Sex', 'Smut']","['Kim Taehyung', 'V is a Sweetheart']",['Kim Taehyung'],[]
https://golemlab.eu/graph/18462065,Cosmopolitan,in which you learn Kim Taehyung is definitely not gay although his choice of drinks says otherwise,2019-04-14,6183,Mature,F/M,Completed,49,taehyung,Ass Play | College AU | Dirty Talk | Enemies to Lovers | Oral Sex | Sexual Content | alcohol drinking | cursing | e2l AU | intercourse,Kim Taehyung | V/Reader Series: The Alcohol Series [3],"['Ass Play', 'College AU', 'Dirty Talk', 'Enemies to Lovers', 'Oral Sex', 'Sexual Content', 'alcohol drinking', 'cursing', 'e2l AU', 'intercourse']","['Ass Play', 'Dirty Talk', 'Enemies to Lovers', 'Oral Sex', 'Sexual Content']","['College AU', 'alcohol drinking', 'cursing', 'e2l AU', 'intercourse']",['College AU'],[]
https://golemlab.eu/graph/7087432,... by candlelight,,2016-06-04,2051,Explicit,F/M,Completed,49,taehyung,Light Bondage | Oral | Smut,Kim Taehyung | V/Reader,"['Light Bondage', 'Oral', 'Smut']","['Light Bondage', 'Smut']",['Oral'],['Oral'],[]
https://golemlab.eu/graph/19482754,Lucky,,2019-07-05,565,Explicit,F/M,Completed,48,taehyung,Casual Sex | Fluff | Sexting | Smut,Kim Taehyung | V/Reader,"['Casual Sex', 'Fluff', 'Sexting', 'Smut']","['Casual Sex', 'Fluff', 'Sexting', 'Smut']",[],[],[]
https://golemlab.eu/graph/6535579,Robin and Starfire,“Starfire?” Your eyes widened at the name. You turned around to find Taehyung staring at you with that rectangle smile you remembered so well.,2016-04-12,1085,General Audiences,F/M,Completed,48,taehyung,Bangtan Sonyondan | Fluff | bangtan - Freeform | bangtan boys - Freeform | bts - Freeform | bulletproof boys | kim taehyung - Freeform | v - Freeform,Kim Taehyung | V/Reader,"['Bangtan Sonyondan', 'Fluff', 'bangtan - Freeform', 'bangtan boys - Freeform', 'bts - Freeform', 'bulletproof boys', 'kim taehyung - Freeform', 'v - Freeform']",['Fluff'],"['Bangtan Sonyondan', 'bangtan - Freeform', 'bangtan boys - Freeform', 'bts - Freeform', 'bulletproof boys', 'kim taehyung - Freeform', 'v - Freeform']",['Bangtan Sonyondan'],[]
https://golemlab.eu/graph/30221031,Diamonds & Liquor,"You work at a diamond jewelry boutique selling anything from large statement necklaces to minimalistic diamond rings with a not-so-minimalistic price tag. The boutique was almost seen as ‘vintage’ but not for the reasons you would think. Your manager was not one for replacing what works and upgrading what still functions… But one day at a closing shift, something traumatic you never expected to be a part of happened and you ended up in the hands of the renowned boutique chain’s CEO, whom you had heard more than enough negative things about… was he really as cold and prude as everyone claimed? ❧ Disclaimer: This is fiction. Actions and events in these stories are often exaggerated and to a certain degree unrealistic.  Please have this in consideration when reading fiction, especially if it includes sexual content. ❧ Rating: EXPLICIT || sexual content, unprotected sex, violence ||  Warnings: mention of fatal fire, robbery, assault (context: robbery, mild), guns, police / crime investigation ‘enviroments’, sweet potato fries. ❧ Smut features: Vanilla, virgin!Tae, sweet & spicy, reassuring(=“is this ok?” “Does it feel good?”)",2021-03-23,27480,Explicit,F/M,Completed,48,taehyung,Angst | Angst and Smut | Angst with a Happy Ending | CEO Kim Taehyung | V | Crimes & Criminals | Robbery | Smut | Strangers to Lovers | Virgin Kim Taehyung | V,Kim Taehyung | V/Reader,"['Angst', 'Angst and Smut', 'Angst with a Happy Ending', 'CEO Kim Taehyung', 'V', 'Crimes & Criminals', 'Robbery', 'Smut', 'Strangers to Lovers', 'Virgin Kim Taehyung', 'V']","['Angst', 'Angst with a Happy Ending', 'Crimes & Criminals', 'Robbery', 'Smut', 'Strangers to Lovers']","['Angst and Smut', 'CEO Kim Taehyung', 'V', 'Virgin Kim Taehyung', 'V']","['CEO Kim Taehyung', 'Virgin Kim Taehyung']",[]
https://golemlab.eu/graph/21376816,Screw You ~Oneshot Taehyung|V~,Taehyung x Reader ~Oneshot~ You and Taehyung have been hooking up secretly for months but working as BTS’s stylist also means you could loose your job indefinitely if caught sleeping with him. So what happens when you try to call it quits?,2019-11-10,3883,Mature,F/M,Completed,48,taehyung,Confession | Jealous | Jealousy | Love Confession | Oneshot | Oral Sex | Secret Hookups | Secret Relationship | Sex | Unprotect sex | Vaginal Sex | a bit of jungkook | in just a scene | mature - Freeform,Kim Taehyung | V/Reader,"['Confession', 'Jealous', 'Jealousy', 'Love Confession', 'Oneshot', 'Oral Sex', 'Secret Hookups', 'Secret Relationship', 'Sex', 'Unprotect sex', 'Vaginal Sex', 'a bit of jungkook', 'in just a scene', 'mature - Freeform']","['Jealousy', 'Oral Sex', 'Secret Relationship', 'Sex', 'Vaginal Sex']","['Confession', 'Jealous', 'Love Confession', 'Oneshot', 'Secret Hookups', 'Unprotect sex', 'a bit of jungkook', 'in just a scene', 'mature - Freeform']","['Confession', 'Jealous', 'Love Confession', 'Oneshot', 'Secret Hookups']",[]
https://golemlab.eu/graph/22470292,perfect fit,"You invite Taehyung over to have a relaxing time in bed with you until a certain box appears, curiosity begins to bother you but when you are forbidden to open it- things go differently for Taehyung in his original hope to make you his.",2020-01-29,4221,Mature,F/M,Completed,48,taehyung,Biting | Dirty Talk | Intense Sex | Making Love | Marking | Multiple Orgasms | Spanking | mention of Kihyun | monsta x kihyun | thick reader,Kim Taehyung | V/Reader,"['Biting', 'Dirty Talk', 'Intense Sex', 'Making Love', 'Marking', 'Multiple Orgasms', 'Spanking', 'mention of Kihyun', 'monsta x kihyun', 'thick reader']","['Biting', 'Dirty Talk', 'Making Love', 'Marking', 'Multiple Orgasms', 'Spanking']","['Intense Sex', 'mention of Kihyun', 'monsta x kihyun', 'thick reader']",['Intense Sex'],[]
https://golemlab.eu/graph/19826971,here is ok.,reader gets a little Really Wasted and taehyung drives her home and then they literally just want to smooch each other for twenty minutes idk i'm not good at summaries but reader is baby in this fanfic so if that's not your thing then please do not read this,2019-07-16,3172,Teen And Up Audiences,F/M,Completed,48,taehyung,Emotionally Repressed | Fluff and Humor | Little Space | Reader is baby | Self-Indulgent | some alcohol reference,Kim Taehyung | V/Reader,"['Emotionally Repressed', 'Fluff and Humor', 'Little Space', 'Reader is baby', 'Self-Indulgent', 'some alcohol reference']","['Emotionally Repressed', 'Fluff and Humor', 'Self-Indulgent']","['Little Space', 'Reader is baby', 'some alcohol reference']",['Little Space'],[]
https://golemlab.eu/graph/25185076,The Idiot's Guide To Unhook A Bra,Your boyfriend is determined to remove your bra single-handedly and he’ll stop at nothing till he does it. You’re the one suffering the consequences however.,2020-07-10,11353,Explicit,F/M,Completed,48,taehyung,Blow Jobs | Creampie | Cunnilingus | Dirty Talk | Domestic Fluff | Established Relationship | Fluff and Smut | Hair-pulling | Humor | Lingerie | Praise Kink | Reader-Insert | Vaginal Fingering,Kim Taehyung | V/Reader,"['Blow Jobs', 'Creampie', 'Cunnilingus', 'Dirty Talk', 'Domestic Fluff', 'Established Relationship', 'Fluff and Smut', 'Hair-pulling', 'Humor', 'Lingerie', 'Praise Kink', 'Reader-Insert', 'Vaginal Fingering']","['Blow Jobs', 'Creampie', 'Cunnilingus', 'Dirty Talk', 'Domestic Fluff', 'Established Relationship', 'Fluff and Smut', 'Hair-pulling', 'Humor', 'Lingerie', 'Praise Kink', 'Reader-Insert', 'Vaginal Fingering']",[],[],[]
https://golemlab.eu/graph/19013842,Man of the Sea,"Taehyung was a curious type, always fascinated by this or that, and eager to learn new things. And the thing he was most curious about were humans and the kinds of lives they lead. But for all his aching to find out on his own, he’d yet to be able to go through with it. Y/n loves the ocean, the beach; and she’s mostly content with the life she lives. Though it’s not much, she has enough. But one thing has alluded her. Love. And though she’s patient about it, she also wouldn’t mind if love struck her out of no where and swept her off her feet.",2019-05-29,35887,Mature,F/M,In-Progress,47,taehyung,Fluff | Language | Mild Angst | Smut | merman au,Kim Taehyung | V/Reader,"['Fluff', 'Language', 'Mild Angst', 'Smut', 'merman au']","['Fluff', 'Language', 'Smut']","['Mild Angst', 'merman au']",['Mild Angst'],[]
https://golemlab.eu/graph/32047690,Surreptitious,"Surreptitious;  adjective 'kept secret, especially because it would not be approved of.'",2021-06-19,20732,Explicit,F/M,Completed,47,taehyung,Angry Sex | Angst | Betrayal | Car Sex | Daddy Kink | Enemies to Lovers | Hair-pulling | Minor Violence | Oral Sex | Passion | Penetrative Sex | Secret Relationship | Throat Fucking,Kim Taehyung | V/Reader,"['Angry Sex', 'Angst', 'Betrayal', 'Car Sex', 'Daddy Kink', 'Enemies to Lovers', 'Hair-pulling', 'Minor Violence', 'Oral Sex', 'Passion', 'Penetrative Sex', 'Secret Relationship', 'Throat Fucking']","['Angry Sex', 'Angst', 'Betrayal', 'Car Sex', 'Daddy Kink', 'Enemies to Lovers', 'Hair-pulling', 'Minor Violence', 'Oral Sex', 'Passion', 'Secret Relationship']","['Penetrative Sex', 'Throat Fucking']","['Penetrative Sex', 'Throat Fucking']",[]
https://golemlab.eu/graph/21758491,Hero,"[Strangers to lovers] You were working at a library, not a huge one but a tiny local neighbourhood one. Thus, you often recognized most faces coming in and out. But there was one face in particular that you remembered extra much… be it that he was a piece of eye-candy but something about him drew you in… The day was nothing beyond normal apart from that all the Christmas décor was going to be put up, but an accidental slip caused you to fall right into the arm of him, like a destined meeting planned by fate. But there was one more thing… He had a daughter, but she wasn’t his. [Dad!Tae]",2019-12-11,7819,Teen And Up Audiences,F/M,Completed,47,taehyung,Fluff and Angst | Strangers to Lovers,Kim Taehyung | V/Reader,"['Fluff and Angst', 'Strangers to Lovers']","['Fluff and Angst', 'Strangers to Lovers']",[],[],[]
https://golemlab.eu/graph/28975935,Outro: Duality,"Six months ago, you had a chance meeting in a museum. Tonight, your handsome idol boyfriend surprises you with a fancy dinner to celebrate the important anniversary, and naturally the celebration carries into the bedroom for dessert.",2021-01-25,3754,Explicit,F/M,Completed,47,taehyung,Committed Relationship | Established Relationship | Explicit Language | Explicit Sexual Content | Fluff and Smut | Gratuitous Smut | Idol Kim Taehyung | V | Kim Taehyung | V Has a Big Dick | Kim Taehyung | V Smut | Kim Taehyung | V in Love | Kim Taehyung | V is Good at Feelings | Shameless Smut | Smut,Kim Taehyung | V/Reader Series: Commissions [3],"['Committed Relationship', 'Established Relationship', 'Explicit Language', 'Explicit Sexual Content', 'Fluff and Smut', 'Gratuitous Smut', 'Idol Kim Taehyung', 'V', 'Kim Taehyung', 'V Has a Big Dick', 'Kim Taehyung', 'V Smut', 'Kim Taehyung', 'V in Love', 'Kim Taehyung', 'V is Good at Feelings', 'Shameless Smut', 'Smut']","['Committed Relationship', 'Established Relationship', 'Explicit Language', 'Explicit Sexual Content', 'Fluff and Smut', 'Gratuitous Smut', 'Shameless Smut', 'Smut']","['Idol Kim Taehyung', 'V', 'Kim Taehyung', 'V Has a Big Dick', 'Kim Taehyung', 'V Smut', 'Kim Taehyung', 'V in Love', 'Kim Taehyung', 'V is Good at Feelings']","['Idol Kim Taehyung', 'Kim Taehyung', 'Kim Taehyung', 'V Smut', 'Kim Taehyung', 'Kim Taehyung']",[]
https://golemlab.eu/graph/15963053,Milk and Moonshine,"Kim Taehyung was everything this neighbourhood wasn’t: Warm, playful, kind and artsy. And he had your milk.",2018-09-11,2320,General Audiences,F/M,Completed,47,taehyung,Alternate Universe - Neighbors | Art Student Kim Taehyung | V | Fluff,Kim Taehyung | V/Reader,"['Alternate Universe - Neighbors', 'Art Student Kim Taehyung', 'V', 'Fluff']","['Alternate Universe - Neighbors', 'Fluff']","['Art Student Kim Taehyung', 'V']",['Art Student Kim Taehyung'],[]
https://golemlab.eu/graph/17357735,"Steal Some Covers, Share Some Skin",A gentle wake up from your loving boyfriend Tae.,2019-01-09,1522,Explicit,F/M,Completed,47,taehyung,Come Swallowing | Gucci gang come thru! | Kim Taehyung | V is a Sweetheart | Morning Sex | Oral Sex | Plot What Plot/Porn Without Plot | Tags Are Hard | Tags May Change | Wake-Up Sex,Kim Taehyung | V/Reader,"['Come Swallowing', 'Gucci gang come thru!', 'Kim Taehyung', 'V is a Sweetheart', 'Morning Sex', 'Oral Sex', 'Plot What Plot/Porn Without Plot', 'Tags Are Hard', 'Tags May Change', 'Wake-Up Sex']","['Come Swallowing', 'Morning Sex', 'Oral Sex', 'Plot What Plot/Porn Without Plot', 'Tags Are Hard', 'Tags May Change', 'Wake-Up Sex']","['Gucci gang come thru!', 'Kim Taehyung', 'V is a Sweetheart']",['Kim Taehyung'],[]
https://golemlab.eu/graph/36650194,Creep,Taehyung is your DILF neighbor who becomes very curious about you. What lengths will he take to get to know you better?,2022-01-25,48178,Explicit,F/M,In-Progress,47,taehyung,Biting | Blowjobs | Divorce | Fingering | Foot Fetish | Insecurities | Kissing | Knives | Lots of Cursing | Outdoor Sex | Panty Kink | Panty Sniffing | Peeping Tom | Protected Sex | Sleepy Sex | Stalking | Watching | alcohol consumption | beautiful dick | being caught is thrilling | big dick | dilf | female receiving | invasion of provacy | jerking off | pentrative sex | spicy honey | toe kissing | voyuerism,Kim Taehyung | V/Reader Series: Creep [1],"['Biting', 'Blowjobs', 'Divorce', 'Fingering', 'Foot Fetish', 'Insecurities', 'Kissing', 'Knives', 'Lots of Cursing', 'Outdoor Sex', 'Panty Kink', 'Panty Sniffing', 'Peeping Tom', 'Protected Sex', 'Sleepy Sex', 'Stalking', 'Watching', 'alcohol consumption', 'beautiful dick', 'being caught is thrilling', 'big dick', 'dilf', 'female receiving', 'invasion of provacy', 'jerking off', 'pentrative sex', 'spicy honey', 'toe kissing', 'voyuerism']","['Biting', 'Divorce', 'Foot Fetish', 'Kissing', 'Knives', 'Outdoor Sex', 'Panty Kink', 'Sleepy Sex', 'Stalking', 'Watching']","['Blowjobs', 'Fingering', 'Insecurities', 'Lots of Cursing', 'Panty Sniffing', 'Peeping Tom', 'Protected Sex', 'alcohol consumption', 'beautiful dick', 'being caught is thrilling', 'big dick', 'dilf', 'female receiving', 'invasion of provacy', 'jerking off', 'pentrative sex', 'spicy honey', 'toe kissing', 'voyuerism']","['Blowjobs', 'Fingering', 'Insecurities', 'Panty Sniffing', 'Peeping Tom', 'Protected Sex']",[]
https://golemlab.eu/graph/6420052,A Trip to Seoul; Kim Taehyung's Unexpected Hello!,"What would you do if you accidentally ran into Kim Taehyung, BTS's treasured V, in some random location in Seoul? Maybe a spontaneous ice cream date ensues.",2016-04-04,1158,General Audiences,F/M,Completed,47,taehyung,,Kim Taehyung | V/Reader,[],[],[],[],[]
https://golemlab.eu/graph/22253872,his dandelion,"for a boy who always uses dark color in his painting, he paints you in yellow. free and wild but bright and lovely.",2020-01-14,3714,Teen And Up Audiences,F/M,Completed,47,taehyung,??? - Freeform | Angst and Hurt/Comfort | Art Student Kim Taehyung | V | Athlete Reader - Freeform | Crying | Friends to Lovers | Friendship | Injury | Soft Kim Taehyung | V,Kim Taehyung | V/Reader,"['??? - Freeform', 'Angst and Hurt/Comfort', 'Art Student Kim Taehyung', 'V', 'Athlete Reader - Freeform', 'Crying', 'Friends to Lovers', 'Friendship', 'Injury', 'Soft Kim Taehyung', 'V']","['Angst and Hurt/Comfort', 'Crying', 'Friends to Lovers', 'Friendship', 'Injury']","['??? - Freeform', 'Art Student Kim Taehyung', 'V', 'Athlete Reader - Freeform', 'Soft Kim Taehyung', 'V']","['??? - Freeform', 'Art Student Kim Taehyung', 'Athlete Reader - Freeform', 'Soft Kim Taehyung']",[]
https://golemlab.eu/graph/17130371,Sesame Ginger Candy,"You didn't like going out, you liked to stay home and read your books.  What happens when you goes out one night and an alphas scent triggers your heat?",2018-12-24,1776,Explicit,F/M,Completed,47,taehyung,Alpha/Beta/Omega Dynamics | Attempted Rape/Non-Con | Fluff and Smut | Happy Ending | Omega Verse | Past Rape/Non-con,Kim Taehyung | V/Reader,"['Alpha/Beta/Omega Dynamics', 'Attempted Rape/Non-Con', 'Fluff and Smut', 'Happy Ending', 'Omega Verse', 'Past Rape/Non-con']","['Alpha/Beta/Omega Dynamics', 'Attempted Rape/Non-Con', 'Fluff and Smut', 'Happy Ending', 'Omega Verse', 'Past Rape/Non-con']",[],[],[]
https://golemlab.eu/graph/14923055,Wake Up Call,You fall for the beautiful artist you've been seeing around,2018-06-13,7546,Explicit,F/M,Completed,46,taehyung,Artist Kim Taehyung | V | Fluff | Smut,Kim Taehyung | V/Reader,"['Artist Kim Taehyung', 'V', 'Fluff', 'Smut']","['Fluff', 'Smut']","['Artist Kim Taehyung', 'V']",['Artist Kim Taehyung'],[]
https://golemlab.eu/graph/13200663,Spinebreaker,Kim Taehyung agrees to be your fake boyfriend and finds out more than he signed up for.,2017-12-30,2356,Mature,M/M,Completed,46,taehyung,Alcohol | Enemies to Lovers | Fake/Pretend Relationship | Romance | Swearing,Kim Taehyung | V/Reader Series: sseudanym [3],"['Alcohol', 'Enemies to Lovers', 'Fake/Pretend Relationship', 'Romance', 'Swearing']","['Alcohol', 'Enemies to Lovers', 'Fake/Pretend Relationship', 'Romance', 'Swearing']",[],[],[]
https://golemlab.eu/graph/16920132,Limerence,Limerence /ˈlɪmɪrəns/ (n) — the state of being deeply infatuated with another person resulting from romantic attraction and characterized by feelings of euphoria and the desire to have one's feelings reciprocated.,2018-12-09,2164,Mature,F/M,Completed,46,taehyung,BTS fluff | Husband Taehyung,Kim Taehyung | V/Reader,"['BTS fluff', 'Husband Taehyung']",[],"['BTS fluff', 'Husband Taehyung']",['Husband Taehyung'],[]
https://golemlab.eu/graph/27074500,i wanna tell you but i don't know how,"Love. It slips off of his tongue so smoothly, so easily, without a second thought, and you wonder if he even realises how much it simultaneously terrifies and exhilarates you, every time he says it.",2020-10-18,1316,Teen And Up Audiences,F/M,Completed,46,taehyung,Dancing | Dancing in the Rain | Dinner | Drama & Romance | Emotional Constipation | Established Relationship | Fluff | Kissing | Kissing in the Rain | Love Confessions | Poetic | Romance | Sappy | Sappy Ending | Swearing | fancy dinner | tae's preferred term of endearment for you is love and i think that's beautiful,Kim Taehyung | V/Reader Series: BTS [9],"['Dancing', 'Dancing in the Rain', 'Dinner', 'Drama & Romance', 'Emotional Constipation', 'Established Relationship', 'Fluff', 'Kissing', 'Kissing in the Rain', 'Love Confessions', 'Poetic', 'Romance', 'Sappy', 'Sappy Ending', 'Swearing', 'fancy dinner', ""tae's preferred term of endearment for you is love and i think that's beautiful""]","['Dancing', 'Dancing in the Rain', 'Dinner', 'Drama & Romance', 'Emotional Constipation', 'Established Relationship', 'Fluff', 'Kissing', 'Kissing in the Rain', 'Love Confessions', 'Poetic', 'Romance', 'Sappy', 'Sappy Ending', 'Swearing']","['fancy dinner', ""tae's preferred term of endearment for you is love and i think that's beautiful""]",[],[]
https://golemlab.eu/graph/21565402,Night Showers,"Sometimes you find yourself doubting your relationship with your idol boyfriend. Taehyung tries his best to make you feel loved, and he even tries his best to treat you as his equal. You can’t help it when your mind finds its way back to those thoughts, and it especially doesn’t help when you see pictures surface of him with her",2019-11-26,4450,Explicit,F/M,Completed,46,taehyung,Angst | Creampie | Dirty Talk | Fluff | Makeup Sex | Smut,Kim Taehyung | V/Reader,"['Angst', 'Creampie', 'Dirty Talk', 'Fluff', 'Makeup Sex', 'Smut']","['Angst', 'Creampie', 'Dirty Talk', 'Fluff', 'Makeup Sex', 'Smut']",[],[],[]
https://golemlab.eu/graph/16885143,Golden,"You are left as a sacrifice to the demigod your village worships, and he offers you a choice as to what you actually give up.",2018-12-06,1113,Mature,F/M,Completed,46,taehyung,Dubious Consent | Smut,Kim Taehyung | V/Reader,"['Dubious Consent', 'Smut']","['Dubious Consent', 'Smut']",[],[],[]
https://golemlab.eu/graph/18141269,end of paradise | kth (m),"not all paradise ends in the same way, darling.",2019-03-17,5856,Explicit,F/M,Completed,46,taehyung,Idol AU | Taehyung smut | Taehyung x Reader - Freeform | bts smut | bts x reader angst | taehyung fanfics | taehyung imagines | taehyung x reader angst | taehyung x reader smut,Kim Taehyung | V/Reader,"['Idol AU', 'Taehyung smut', 'Taehyung x Reader - Freeform', 'bts smut', 'bts x reader angst', 'taehyung fanfics', 'taehyung imagines', 'taehyung x reader angst', 'taehyung x reader smut']",[],"['Idol AU', 'Taehyung smut', 'Taehyung x Reader - Freeform', 'bts smut', 'bts x reader angst', 'taehyung fanfics', 'taehyung imagines', 'taehyung x reader angst', 'taehyung x reader smut']",['Idol AU'],[]
https://golemlab.eu/graph/23947267,Explicit,"You, part of the Big Hit management team, are ordered to discuss some bad news with your celebrity crush, Taehyung. Will he take it well?",2020-05-03,2481,Explicit,F/M,Completed,45,taehyung,Blow Jobs | Dom/sub | Fingerfucking | My First Fanfic | My First Smut | Office Blow Jobs | Smut | Vaginal Fingering,Kim Taehyung | V/Reader,"['Blow Jobs', 'Dom/sub', 'Fingerfucking', 'My First Fanfic', 'My First Smut', 'Office Blow Jobs', 'Smut', 'Vaginal Fingering']","['Blow Jobs', 'Dom/sub', 'Fingerfucking', 'My First Fanfic', 'My First Smut', 'Office Blow Jobs', 'Smut', 'Vaginal Fingering']",[],[],[]
https://golemlab.eu/graph/35689198,Whiteout,"You and your brothers best friend attempt to throw Jungkook a fun, weekend-long birthday celebration at a cabin you rented. Unfortunately, things don't go as planned. You find yourself stranded with no power, and all of your feelings, alone with Taehyung.",2021-12-13,9341,Explicit,F/M,Completed,45,taehyung,69 (Sex Position) | Dirty Talk | Dry Humping | Explicit Language | Explicit Sexual Content | Oral Sex | Unprotected Sex | Vaginal Fingering | alcohol consumption,Kim Taehyung | V/Reader,"['69 (Sex Position)', 'Dirty Talk', 'Dry Humping', 'Explicit Language', 'Explicit Sexual Content', 'Oral Sex', 'Unprotected Sex', 'Vaginal Fingering', 'alcohol consumption']","['69 (Sex Position)', 'Dirty Talk', 'Dry Humping', 'Explicit Language', 'Explicit Sexual Content', 'Oral Sex', 'Vaginal Fingering']","['Unprotected Sex', 'alcohol consumption']",['Unprotected Sex'],[]
https://golemlab.eu/graph/41253549,Come back to bed,"(Idol!Tae, Husband!Tae) You moved to Paris with your husband about a year ago. Since then, you’d found a job at a high-end fashion brand that you really enjoyed. While preparing for the upcoming fashion show you have a lot to deal with at work and what could make it worse if it wasn’t for the designer’s assistant who refused to leave you alone or take the hint “I’m married”. Taehyung is of course invited to the fashion show, but at the after party the assistant massively over-steps… right in front of Taehyung, unaware of the fact that Taehyung is your husband.",2022-08-24,8613,Mature,F/M,Completed,45,taehyung,Cute Kim Taehyung | V | Fashion & Couture | Fluff and Smut | Idol Kim Taehyung | V | Jealous Kim Taehyung | V | Loving Marriage | Paris (City) | Top Kim Taehyung | V,Kim Taehyung | V/Reader,"['Cute Kim Taehyung', 'V', 'Fashion & Couture', 'Fluff and Smut', 'Idol Kim Taehyung', 'V', 'Jealous Kim Taehyung', 'V', 'Loving Marriage', 'Paris (City)', 'Top Kim Taehyung', 'V']","['Fashion & Couture', 'Fluff and Smut', 'Loving Marriage', 'Paris (City)']","['Cute Kim Taehyung', 'V', 'Idol Kim Taehyung', 'V', 'Jealous Kim Taehyung', 'V', 'Top Kim Taehyung', 'V']","['Cute Kim Taehyung', 'Idol Kim Taehyung', 'Jealous Kim Taehyung', 'Top Kim Taehyung']",[]
https://golemlab.eu/graph/20307667,Reminiscence,"At your husband's cafe-restaurant Reminisce, customers wine and dine to recall fond memories of the past. It's always been a happy place for you and your family of three. Until a certain VIP guest scratches memories of a secret rendezvous years back in Miami.",2019-08-19,4198,Mature,F/M,Completed,45,taehyung,Fluff | Implied Smut | Romance | slight angst,Kim Taehyung | V/Reader Series: Effervescence [1],"['Fluff', 'Implied Smut', 'Romance', 'slight angst']","['Fluff', 'Romance']","['Implied Smut', 'slight angst']",['Implied Smut'],[]
https://golemlab.eu/graph/21735418,too good to be true,"up and coming photography major kim taehyung is unexpectedly enlisted to help on an eccentric designer's fashion shoot, snapping pics of all the most popular models, including newcomer to the scene; you. it seems that even with all the pretty women in the room, taehyung truly can't keep his eyes off of you.",2019-12-09,1458,Teen And Up Audiences,F/M,Completed,45,taehyung,Alternate Universe - Photographer | Fluff | model reader,Kim Taehyung | V/Reader,"['Alternate Universe - Photographer', 'Fluff', 'model reader']","['Alternate Universe - Photographer', 'Fluff']",['model reader'],[],[]
https://golemlab.eu/graph/14867354,Snapchat fun,,2018-06-07,1668,Mature,F/M,Completed,44,taehyung,,Kim Taehyung | V/Reader,[],[],[],[],[]
https://golemlab.eu/graph/17094635,Blood stained diamonds,"Hitman!Taehyung || You worked as an ’assistant’ for Taehyung and had for a long time. Over the course of that time you had slowly developed feelings for him and it was getting harder and harder for you to be around him with the lingering desire for him. Did he feel the same way? Or should you quit your job and move on? But quitting a job as a professional assassinator wasn’t that easy… One day he suddenly stopped the car abruptly as you were talking, unable to handle himself anymore and your life took a twist where desires were endlessly meet… It would’ve been a happy story if it wasn’t for the one kill that changed it all… Smut features: (In no particular order) Top!Tae (mainly), Brat!Tae, Brat tamer!Reader, Quickie, on a desk, Oral; eating out, BJ, cock warming, lowkey sex addicts, begging, teasing, in the shower, grinding, thigh riding, “sit”, bondage, rigger!reader, neck holding (chocking intimidation), cum denial, orgasm denial, neck kissing/sucking, spanking, fingering, “suck”, orders…",2018-12-21,22247,Explicit,F/M,Completed,44,taehyung,Angst | Hitman Tae | Hurts So Good | Kim Taehyung | V is a Brat | Love Confessions | Oral Sex | Partners to Lovers | Rope Bondage | Rough Kissing | Rough Sex | Smut | Smut and Angst | So much smut | Top Kim Taehyung | V,Kim Taehyung | V/Reader,"['Angst', 'Hitman Tae', 'Hurts So Good', 'Kim Taehyung', 'V is a Brat', 'Love Confessions', 'Oral Sex', 'Partners to Lovers', 'Rope Bondage', 'Rough Kissing', 'Rough Sex', 'Smut', 'Smut and Angst', 'So much smut', 'Top Kim Taehyung', 'V']","['Angst', 'Hurts So Good', 'Love Confessions', 'Oral Sex', 'Partners to Lovers', 'Rope Bondage', 'Rough Kissing', 'Rough Sex', 'Smut']","['Hitman Tae', 'Kim Taehyung', 'V is a Brat', 'Smut and Angst', 'So much smut', 'Top Kim Taehyung', 'V']","['Hitman Tae', 'Kim Taehyung', 'Top Kim Taehyung']",[]
https://golemlab.eu/graph/22136698,Boundaries,"Kim Taehyung had always been a little strange, but then again so had you…",2020-01-05,6462,Mature,F/M,Completed,44,taehyung,,Kim Taehyung | V/Reader,[],[],[],[],[]
https://golemlab.eu/graph/9224897,Cross Your Mind,"The reader in this is male. The two of you had a fight, and he just wanted to make it up to you.",2017-01-06,1283,General Audiences,F/M,Completed,44,taehyung,Angst | BoyxBoy | Fluff | Slash | bxb - Freeform,Kim Taehyung | V/Reader Series: Bangtan One-shots [2],"['Angst', 'BoyxBoy', 'Fluff', 'Slash', 'bxb - Freeform']","['Angst', 'Fluff', 'Slash']","['BoyxBoy', 'bxb - Freeform']",['BoyxBoy'],[]
https://golemlab.eu/graph/16911645,Family is My Strength,Kim Taehyung as a father in the return of superman show,2018-12-08,5594,Teen And Up Audiences,F/M,Completed,43,taehyung,Domestic Fluff | Husband Taehyung | bts as fathers | taehyung as a father | the return of superman,Kim Taehyung | V/Reader Series: TROS [6],"['Domestic Fluff', 'Husband Taehyung', 'bts as fathers', 'taehyung as a father', 'the return of superman']",['Domestic Fluff'],"['Husband Taehyung', 'bts as fathers', 'taehyung as a father', 'the return of superman']",['Husband Taehyung'],[]
https://golemlab.eu/graph/19318090,A Stormy Night,"Being utterly terrified at the sound of thunder, you have a hard time going back to sleep. The storm shows no sign of stopping, putting you in panic. That is, until your caring boyfriend cuddles your fears away.",2019-06-22,953,General Audiences,F/M,Completed,43,taehyung,Cuddling | Fluff | Panic Attack | Some angst | Thunderstorms,Kim Taehyung | V/Reader,"['Cuddling', 'Fluff', 'Panic Attack', 'Some angst', 'Thunderstorms']","['Fluff', 'Thunderstorms']","['Cuddling', 'Panic Attack', 'Some angst']","['Cuddling', 'Panic Attack']",[]
https://golemlab.eu/graph/16920045,Your First Time - Taehyung,Your child spends his summer holidays with his grandparents for the first time.,2018-12-09,5954,Explicit,F/M,Completed,43,taehyung,DOMESTIC BTS | Domestic Fluff | Fluff | Husband Taehyung | Smut,Kim Taehyung | V/Reader Series: YFT [2],"['DOMESTIC BTS', 'Domestic Fluff', 'Fluff', 'Husband Taehyung', 'Smut']","['Domestic Fluff', 'Fluff', 'Smut']","['DOMESTIC BTS', 'Husband Taehyung']",['Husband Taehyung'],[]
https://golemlab.eu/graph/14635170,Sweetheart,"Tae sends you a message that he's back in Seoul and wants to see you because he missed you. Well, you are not ready to see him just yet.",2018-05-13,610,Mature,F/M,In-Progress,43,taehyung,Angst | Established Relationship | Fluff and Angst | Fluff and Smut | Smut | Unplanned Pregnancy,Kim Taehyung | V/Reader,"['Angst', 'Established Relationship', 'Fluff and Angst', 'Fluff and Smut', 'Smut', 'Unplanned Pregnancy']","['Angst', 'Established Relationship', 'Fluff and Angst', 'Fluff and Smut', 'Smut', 'Unplanned Pregnancy']",[],[],[]
https://golemlab.eu/graph/25453759,Surprise (One Shot),You surprise your boyfriend Tae in Seoul.,2020-07-22,1387,Mature,F/M,Completed,43,taehyung,Boyfriend Tae | Implied smut sorta kinda | Mostly Fluff | Romance | Tae's a cute bf | Yeontan | kim taehyung - Freeform | park jimin - Freeform,Kim Taehyung | V/Reader,"['Boyfriend Tae', 'Implied smut sorta kinda', 'Mostly Fluff', 'Romance', ""Tae's a cute bf"", 'Yeontan', 'kim taehyung - Freeform', 'park jimin - Freeform']",['Romance'],"['Boyfriend Tae', 'Implied smut sorta kinda', 'Mostly Fluff', ""Tae's a cute bf"", 'Yeontan', 'kim taehyung - Freeform', 'park jimin - Freeform']","['Boyfriend Tae', 'Mostly Fluff', 'Yeontan']",[]
https://golemlab.eu/graph/9631928,magician's secret,"This man, no matter what tricks he pulled, has you second guessing and questioning everything you knew about him. Being the magician he is, he hides secrets from you, that leaves you wanting to find out what they were. He performs extravagantly, amazingly, that leaves you wanting for more, wanting to be by his side, and before you know it, you felt like you were drawn in to him, little by little, each time you watched him on that small stage at the town square. That is exactly what you thought when you look into his ice blues.",2017-02-09,13271,General Audiences,F/M,Completed,43,taehyung,Alternate Universe - Magician | Fluff | Magician Taehyung | One Shot | lots of fluff,Kim Taehyung | V/Reader,"['Alternate Universe - Magician', 'Fluff', 'Magician Taehyung', 'One Shot', 'lots of fluff']","['Fluff', 'One Shot']","['Alternate Universe - Magician', 'Magician Taehyung', 'lots of fluff']","['Alternate Universe - Magician', 'Magician Taehyung']",[]
https://golemlab.eu/graph/20160457,Won't You Stay Till I Die?,Taehyung is a shell of a man who heart beats for a girl who he couldn't have. WARNING: HEAVY INCEST,2019-08-16,942,Mature,F/M,In-Progress,42,taehyung,Heavy Angst | Implied/Referenced Sex | Kim Taehyung | V is Whipped | Non-Graphic Smut | Sibling Incest,Kim Taehyung | V/Reader,"['Heavy Angst', 'Implied/Referenced Sex', 'Kim Taehyung', 'V is Whipped', 'Non-Graphic Smut', 'Sibling Incest']","['Heavy Angst', 'Implied/Referenced Sex', 'Non-Graphic Smut', 'Sibling Incest']","['Kim Taehyung', 'V is Whipped']",['Kim Taehyung'],[]
https://golemlab.eu/graph/13728657,WONT BE UPDATED ANYMORE Are We Meant To Be | Kim Taehyung x Reader,"I DECIDED TO NOT UPDATE THIS ANYMORE You moved to Seoul with your two friends. You know Korean because you studied it for a year, though there’s still need for some improvements. You love to dance and you have a degree in film making. You practice at a dance studio near your dorm, little did you know it’s the dance studio BTS go to.",2018-02-18,49052,Mature,F/M,In-Progress,42,taehyung,Drama & Romance | Fluff | Fluff and Smut | Romance | Romantic Fluff,Kim Taehyung | V/Reader,"['Drama & Romance', 'Fluff', 'Fluff and Smut', 'Romance', 'Romantic Fluff']","['Drama & Romance', 'Fluff', 'Fluff and Smut', 'Romance', 'Romantic Fluff']",[],[],[]
https://golemlab.eu/graph/17050574,Music to my ears,"A listening party, in the dark, for two.",2018-12-18,1838,Explicit,F/M,Completed,42,taehyung,Cunnilingus | Multiple Orgasms | Oral Sex | Smut,Kim Taehyung | V/Reader,"['Cunnilingus', 'Multiple Orgasms', 'Oral Sex', 'Smut']","['Cunnilingus', 'Multiple Orgasms', 'Oral Sex', 'Smut']",[],[],[]
https://golemlab.eu/graph/18610690,Seemingly innocent,"You were practicing your choreography and your boyfriend Taehyung was watching you as he waited for you to finish. But knowing how fond he was of a certain segment in your routine you couldn’t help but give him a teasing finale for your final practice before the two of you could finally head back home… It was all meant to be playful and innocent at first, but things didn’t turn out as planned when the dancing suddenly shifted to your boyfriend’s track pants falling to his ankles as you went down on him with his back pressed against the mirror of the unlocked practice room.",2019-04-26,3707,Explicit,F/M,Completed,42,taehyung,Dancer Reader | Mirror Sex | Oral | Semi-Public Sex | Smut | Teasing | blowjob | neutral gone dom tae | practice room sex,Kim Taehyung | V/Reader,"['Dancer Reader', 'Mirror Sex', 'Oral', 'Semi-Public Sex', 'Smut', 'Teasing', 'blowjob', 'neutral gone dom tae', 'practice room sex']","['Mirror Sex', 'Semi-Public Sex', 'Smut', 'Teasing']","['Dancer Reader', 'Oral', 'blowjob', 'neutral gone dom tae', 'practice room sex']","['Dancer Reader', 'Oral']",[]
https://golemlab.eu/graph/6741073,Ethereal,"He seized my heart with such little effort that I was stunned. I didn't bother to struggle, however, because the thief was beyond ethereal.",2016-05-03,2546,General Audiences,F/M,Completed,41,taehyung,,Kim Taehyung | V/Reader,[],[],[],[],[]
https://golemlab.eu/graph/24328270,I'm His and He's Mine,"“God you’re so beautiful…” Tae’s deep voice washed over your already overheated skin.  “Do you have any idea how delicious you look?"" You had to concentrate on what he was saying because your focus was on the way Tae’s fingers trailed over your skin with featherlight touches.",2020-05-22,1343,Explicit,F/M,Completed,41,taehyung,Aural Kink | Dirty Talk | Oral Sex | Orgasm Delay/Denial | Vaginal Fingering | Vaginal Sex,Kim Taehyung | V/Reader,"['Aural Kink', 'Dirty Talk', 'Oral Sex', 'Orgasm Delay/Denial', 'Vaginal Fingering', 'Vaginal Sex']","['Aural Kink', 'Dirty Talk', 'Oral Sex', 'Orgasm Delay/Denial', 'Vaginal Fingering', 'Vaginal Sex']",[],[],[]
https://golemlab.eu/graph/23283043,Silhouette,You were working as a dance teacher at a dance academy and one day while dancing for yourself you stumble upon the new dance teacher at the academy watching you. Like a magnetic force you were drawn to each other and quickly became friends… and more than.,2020-03-23,7694,Mature,F/M,Completed,41,taehyung,Dancer Kim Taehyung | V | Smut | Strangers to Lovers | Top Kim Taehyung | V,Kim Taehyung | V/Reader,"['Dancer Kim Taehyung', 'V', 'Smut', 'Strangers to Lovers', 'Top Kim Taehyung', 'V']","['Smut', 'Strangers to Lovers']","['Dancer Kim Taehyung', 'V', 'Top Kim Taehyung', 'V']","['Dancer Kim Taehyung', 'Top Kim Taehyung']",[]
https://golemlab.eu/graph/19760875,Daisy Chain,Tae makes a chain of your underwear to decorate- and provoke you.,2019-07-11,1597,Explicit,F/M,Completed,40,taehyung,Dom/sub | Oral Sex | Riding | Smut | Vaginal Sex | brat taehyung | gfd,Kim Taehyung | V/Reader,"['Dom/sub', 'Oral Sex', 'Riding', 'Smut', 'Vaginal Sex', 'brat taehyung', 'gfd']","['Dom/sub', 'Oral Sex', 'Riding', 'Smut', 'Vaginal Sex']","['brat taehyung', 'gfd']",[],[]
https://golemlab.eu/graph/22059790,The Best Boy,"Tae wants to be the best boy for you, but sometimes he can’t help but be whiny.",2020-01-01,683,Explicit,F/M,Completed,40,taehyung,Creampie | Established Relationship | Explicit Language | Explicit Sexual Content | Hand Jobs | Light BDSM | Light Dom/sub | Slapping | Smut | Vaginal Sex,"Kim Taehyung | V/Reader, Kim Taehyung | V/You Series: BTS x Reader [28]","['Creampie', 'Established Relationship', 'Explicit Language', 'Explicit Sexual Content', 'Hand Jobs', 'Light BDSM', 'Light Dom/sub', 'Slapping', 'Smut', 'Vaginal Sex']","['Creampie', 'Established Relationship', 'Explicit Language', 'Explicit Sexual Content', 'Hand Jobs', 'Light BDSM', 'Light Dom/sub', 'Slapping', 'Smut', 'Vaginal Sex']",[],[],[]
https://golemlab.eu/graph/25872841,Devil's Garden,,2020-08-13,13934,Mature,F/M,In-Progress,40,taehyung,Crimes & Criminals | Private Investigators | Smut,"Kim Taehyung | V/Reader, Kim Taehyung | V/You Series: Desperado [3]","['Crimes & Criminals', 'Private Investigators', 'Smut']","['Crimes & Criminals', 'Private Investigators', 'Smut']",[],[],[]
https://golemlab.eu/graph/16837009,The Cult Leader and the Cock Pillow,Your best friend is the university's most eligible guy. You love him. He's too blind to see it or he doesn't care.,2018-12-04,664,Mature,F/M,Completed,40,taehyung,Alternate Universe - College/University | Best Friends | Explicit Language | Light Angst | Pining | Sexual References,Kim Taehyung | V/Reader,"['Alternate Universe - College/University', 'Best Friends', 'Explicit Language', 'Light Angst', 'Pining', 'Sexual References']","['Alternate Universe - College/University', 'Best Friends', 'Explicit Language', 'Light Angst', 'Pining']",['Sexual References'],['Sexual References'],[]
https://golemlab.eu/graph/21326707,By My Side,Y/N Gets a call that her boyfriend Taehyung collapsed after a concert and wouldn't wake up. What happens when everyone finds out he has an autoimmune disorder that's effected his body? - - - I wrote this for a friend who was in a similar situation so I promise it ends happily!,2019-11-05,5435,Teen And Up Audiences,F/M,Completed,40,taehyung,Angst | Disability | Fluff | Happy Ending | Hurt/Comfort | I wrote this for a friend | bts - Freeform | no one dies | reader - Freeform | relationship | taehyung - Freeform,Kim Taehyung | V/Reader Series: The Bumps In Life [1],"['Angst', 'Disability', 'Fluff', 'Happy Ending', 'Hurt/Comfort', 'I wrote this for a friend', 'bts - Freeform', 'no one dies', 'reader - Freeform', 'relationship', 'taehyung - Freeform']","['Angst', 'Disability', 'Fluff', 'Happy Ending', 'Hurt/Comfort']","['I wrote this for a friend', 'bts - Freeform', 'no one dies', 'reader - Freeform', 'relationship', 'taehyung - Freeform']",[],[]
https://golemlab.eu/graph/18873778,Strawberry Farm [K.TH × Reader],"When things get stressful in the city, your best friend invited you to stay a few weeks on her farm with her to cleanse yourself of stressful energy. Little did you know the man she shared a strawberry farm with was incredibly handsome, incredibly sweet, incredibly cute, and absolutely irresistible. You were screwed... Literally.",2019-05-19,6528,Mature,F/M,In-Progress,39,taehyung,Cute Kim Taehyung | V | Farmer Kim Taehyung | V | Sex | Since Tae said he would be a strawberry farmer uwu | This is for my friend Rai,Kim Taehyung | V/Reader,"['Cute Kim Taehyung', 'V', 'Farmer Kim Taehyung', 'V', 'Sex', 'Since Tae said he would be a strawberry farmer uwu', 'This is for my friend Rai']",['Sex'],"['Cute Kim Taehyung', 'V', 'Farmer Kim Taehyung', 'V', 'Since Tae said he would be a strawberry farmer uwu', 'This is for my friend Rai']","['Cute Kim Taehyung', 'Farmer Kim Taehyung']",[]
https://golemlab.eu/graph/23067649,Love For the Small Things,"You find yourself staring in the mirror, once again troubling over your body, in particular your small breasts. Taehyung, your long-time boyfriend, won't stand for your self-depreciation, and decides to show you just how perfect you are in his eyes. And how much he loves your cute little boobs. ;)",2020-03-08,1875,Explicit,F/M,Completed,39,taehyung,Body Worship | Fluff and Smut | Nipple Play | Self Confidence Issues | Self-Esteem Issues | Small Breasts | Soft Kim Taehyung | V | Vaginal Sex | breast orgasm,Kim Taehyung | V/Reader,"['Body Worship', 'Fluff and Smut', 'Nipple Play', 'Self Confidence Issues', 'Self-Esteem Issues', 'Small Breasts', 'Soft Kim Taehyung', 'V', 'Vaginal Sex', 'breast orgasm']","['Body Worship', 'Fluff and Smut', 'Nipple Play', 'Self Confidence Issues', 'Self-Esteem Issues', 'Vaginal Sex']","['Small Breasts', 'Soft Kim Taehyung', 'V', 'breast orgasm']","['Small Breasts', 'Soft Kim Taehyung']",[]
https://golemlab.eu/graph/20004586,Across a Lifetime,"In your world only a few rules exist: don’t reveal your true identity to anyone, kill or be killed and, most importantly, do not get caught. It only takes a few moments for the scale to be tipped to the wrong side, for the fine equilibrium to be easily ruptured by an inexplicable turn of events and for you to lose the only person that ever mattered to you. With the love of your life lost in the distant past, you are left with only one option: get caught.",2019-07-27,28334,Explicit,F/M,Completed,39,taehyung,Angst | Assassin AU | Criminal AU | Fluff | Sci-Fi | Smut | Taehyung smut | Time Travel AU | bts smut,Kim Taehyung | V/Reader,"['Angst', 'Assassin AU', 'Criminal AU', 'Fluff', 'Sci-Fi', 'Smut', 'Taehyung smut', 'Time Travel AU', 'bts smut']","['Angst', 'Fluff', 'Smut']","['Assassin AU', 'Criminal AU', 'Sci-Fi', 'Taehyung smut', 'Time Travel AU', 'bts smut']","['Assassin AU', 'Criminal AU', 'Sci-Fi', 'Time Travel AU']",[]
https://golemlab.eu/graph/24389758,The Challenge,"When you meet Taehyung, things start getting a little crazy as he pursues you, but you don’t know whether he’s genuinely interested, or just trying to entertain himself. But you do know one thing, you’re not about to be someone else’s plaything.",2020-05-26,910,General Audiences,F/M,In-Progress,39,taehyung,Hybrids | capuchin hybrid Tae | uncle taehyung,"Kim Taehyung | V/Reader, Minor or Background Relationship(s) Series: The Sanctuary [8]","['Hybrids', 'capuchin hybrid Tae', 'uncle taehyung']",['Hybrids'],"['capuchin hybrid Tae', 'uncle taehyung']",[],[]
https://golemlab.eu/graph/18614023,Guardian Angels,"You saved his life once, but when he shows up back in your life, should you avoid him like the rules say you’re supposed to?",2018-07-24,15929,Mature,F/M,Completed,39,taehyung,,Kim Taehyung | V/Reader,[],[],[],[],[]
https://golemlab.eu/graph/24654967,Make It Right || Taehyung x Reader,"""This eternal night with no end in sight, it's you who gifted me the morning."" Princess (Y/N) of the Cheongju Han Clan is one of the most powerful women in the country. She stumbled upon Kim Taehyung, who is known by none and witnesses him being treated less than dirt; being brutally beaten until near death daily for punishment he does not deserve. He knows nothing more than harsh violence inflicted onto him, (Y/N) seeks to change that even if it meant being disowned and having her title as crowned princess stripped completely away from her by the king.",2020-06-11,8120,Mature,F/M,In-Progress,39,taehyung,16th Century | 17th Century | Adorable Kim Taehyung | V | Alternate History | Alternate Reality | Alternate Universe - Royalty | Alternative Universe - Kingdom | Angst and Romance | Angst with a Happy Ending | Brutal Murder | Cute Kim Taehyung | V | Doctors & Physicians | Early Joseon | Eventual Smut | Fanfiction | First Love | Fluff and Angst | Forbidden Love | Historical | Hurt Kim Taehyung | V | Implied/Referenced Abuse | Implied/Referenced Torture | Kim Seokjin | Jin is a Sweetheart | Kim Taehyung | V is Whipped | Kim Taehyung | V is a Sweetheart | Kim Taehyung | V-centric | Loss of Virginity | Mental Anguish | Mentioned Bangtan Boys | BTS Member(s) | Mentioned Kim Namjoon | RM | Mentioned Kim Seokjin | Jin | Mild Smut | Musical References | Physical Abuse | Princes & Princesses | Princess reader | Reader-Insert | Realistic | Scholar Namjoon | Sexual Inexperience | Suicidal Thoughts | Treason,"Kim Taehyung | V/Reader, Kim Taehyung | V/You","['16th Century', '17th Century', 'Adorable Kim Taehyung', 'V', 'Alternate History', 'Alternate Reality', 'Alternate Universe - Royalty', 'Alternative Universe - Kingdom', 'Angst and Romance', 'Angst with a Happy Ending', 'Brutal Murder', 'Cute Kim Taehyung', 'V', 'Doctors & Physicians', 'Early Joseon', 'Eventual Smut', 'Fanfiction', 'First Love', 'Fluff and Angst', 'Forbidden Love', 'Historical', 'Hurt Kim Taehyung', 'V', 'Implied/Referenced Abuse', 'Implied/Referenced Torture', 'Kim Seokjin', 'Jin is a Sweetheart', 'Kim Taehyung', 'V is Whipped', 'Kim Taehyung', 'V is a Sweetheart', 'Kim Taehyung', 'V-centric', 'Loss of Virginity', 'Mental Anguish', 'Mentioned Bangtan Boys', 'BTS Member(s)', 'Mentioned Kim Namjoon', 'RM', 'Mentioned Kim Seokjin', 'Jin', 'Mild Smut', 'Musical References', 'Physical Abuse', 'Princes & Princesses', 'Princess reader', 'Reader-Insert', 'Realistic', 'Scholar Namjoon', 'Sexual Inexperience', 'Suicidal Thoughts', 'Treason']","['17th Century', 'Alternate History', 'Alternate Reality', 'Alternate Universe - Royalty', 'Alternative Universe - Kingdom', 'Angst and Romance', 'Angst with a Happy Ending', 'Brutal Murder', 'Doctors & Physicians', 'Eventual Smut', 'Fanfiction', 'First Love', 'Fluff and Angst', 'Forbidden Love', 'Historical', 'Implied/Referenced Abuse', 'Implied/Referenced Torture', 'Loss of Virginity', 'Mental Anguish', 'Mild Smut', 'Musical References', 'Physical Abuse', 'Princes & Princesses', 'Reader-Insert', 'Realistic', 'Sexual Inexperience', 'Suicidal Thoughts', 'Treason']","['16th Century', 'Adorable Kim Taehyung', 'V', 'Cute Kim Taehyung', 'V', 'Early Joseon', 'Hurt Kim Taehyung', 'V', 'Kim Seokjin', 'Jin is a Sweetheart', 'Kim Taehyung', 'V is Whipped', 'Kim Taehyung', 'V is a Sweetheart', 'Kim Taehyung', 'V-centric', 'Mentioned Bangtan Boys', 'BTS Member(s)', 'Mentioned Kim Namjoon', 'RM', 'Mentioned Kim Seokjin', 'Jin', 'Princess reader', 'Scholar Namjoon']","['Adorable Kim Taehyung', 'Cute Kim Taehyung', 'Early Joseon', 'Hurt Kim Taehyung', 'Kim Seokjin', 'Kim Taehyung', 'Kim Taehyung', 'Kim Taehyung', 'Mentioned Bangtan Boys', 'Mentioned Kim Namjoon', 'Mentioned Kim Seokjin', 'Jin', 'Scholar Namjoon']",[]
https://golemlab.eu/graph/19129936,Big God,"AU: Tae is a water god??? Never taken seriously by anyone and always cast to the side. You were only seen as a pretty face to be married off to benefit your family name. As the youngest, you accepted your fate as another unimportant branch in your family tree until one night an accident leaves you with a new obsession with water and the God that commands it. * Angst, Fluff- but like a really romanticy, sensual fluff?? idk Note: Sorry if there are any spelling errors/ grammatical errors. I already looked over this a few times but there’s always a few that slip by.",2019-06-07,6218,Teen And Up Audiences,F/M,Completed,39,taehyung,Alternate Universe - Fantasy | Mythical Beings & Creatures | Taehyung is a god | Taehyung is literally a water god,Kim Taehyung | V/Reader,"['Alternate Universe - Fantasy', 'Mythical Beings & Creatures', 'Taehyung is a god', 'Taehyung is literally a water god']","['Alternate Universe - Fantasy', 'Mythical Beings & Creatures']","['Taehyung is a god', 'Taehyung is literally a water god']",[],[]
https://golemlab.eu/graph/38565816,La Douleur Exquise,"Taehyung is in love with his best friend. The problem? He’s a stallion, a horse hybrid who’s basic instinct is to collect a herd of women to protect and procreate. His best friend is a lovebird hybrid and they mate for life. He knows it’s pretty much impossible to be together and that you’d end up hurt, but what happens when he finds out you love him just as much?",2022-04-23,14880,Mature,F/M,Completed,39,taehyung,Creampie | Dirty Talk | Filmed Sex | Horse Hybrid!Taehyung | Hybrid AU | Impregnation Kink | Lovebird Hybrid!Reader | Penetrative Sex | Unprotected Sex,Kim Taehyung | V/Reader,"['Creampie', 'Dirty Talk', 'Filmed Sex', 'Horse Hybrid!Taehyung', 'Hybrid AU', 'Impregnation Kink', 'Lovebird Hybrid!Reader', 'Penetrative Sex', 'Unprotected Sex']","['Creampie', 'Dirty Talk']","['Filmed Sex', 'Horse Hybrid!Taehyung', 'Hybrid AU', 'Impregnation Kink', 'Lovebird Hybrid!Reader', 'Penetrative Sex', 'Unprotected Sex']","['Filmed Sex', 'Horse Hybrid!Taehyung', 'Hybrid AU', 'Impregnation Kink', 'Lovebird Hybrid!Reader', 'Penetrative Sex', 'Unprotected Sex']",[]
https://golemlab.eu/graph/20057413,Oblivious,"Taehyung. You. Roommates, nothing else. Until he comes home super late and emotions are maybe a little bit frayed and the truth comes out. But not in the way you were expecting.",2019-08-13,1875,Teen And Up Audiences,F/M,Completed,39,taehyung,(or maybe a lot) | Kisses | Pining (a little) | Roommates,Kim Taehyung | V/Reader,"['(or maybe a lot)', 'Kisses', 'Pining (a little)', 'Roommates']",['Roommates'],"['(or maybe a lot)', 'Kisses', 'Pining (a little)']",['Kisses'],[]
https://golemlab.eu/graph/33665371,Back to Life,"A Tae drabble wherein his ex-girlfriend reappears after leaving him to marry someone else. Inspired by this tiktok (https://vm.tiktok.com/ZMRAEcUfC/) sent by @baebae-goodnight on tumblr, ty for derailing all my writing plans, much appreciated 💜",2021-09-04,1413,General Audiences,F/M,Completed,39,taehyung,Alternate Universe - Coffee Shops & Cafés | Angst | Drabble | Fluff | POV Third Person | Post-Break Up | Romance,Kim Taehyung | V/Reader,"['Alternate Universe - Coffee Shops & Cafés', 'Angst', 'Drabble', 'Fluff', 'POV Third Person', 'Post-Break Up', 'Romance']","['Angst', 'Drabble', 'Fluff', 'POV Third Person', 'Post-Break Up', 'Romance']",['Alternate Universe - Coffee Shops & Cafés'],[],[]
https://golemlab.eu/graph/6381133,The Cure,"Type: Scenario Pairing: Taehyung, You Genre: Fluff Words: 1049",2016-03-28,1029,General Audiences,F/M,Completed,38,taehyung,One Shot | Scenario | imagine,Kim Taehyung | V/Reader Series: Scenarios [15],"['One Shot', 'Scenario', 'imagine']",['One Shot'],"['Scenario', 'imagine']",['Scenario'],[]
https://golemlab.eu/graph/9572267,How I Met Your Mother,Taehyung tells his child how he met his wife.,2017-02-04,2125,General Audiences,F/M,Completed,38,taehyung,Alternate Universe - Coffee Shops & Cafés | Alternate Universe - College/University | Children | Mentions of Sex | So many cliches | one big fluff | this is lowkey based on my friend's preferences,"Kim Taehyung | V/Reader, Kim Taehyung | V/You","['Alternate Universe - Coffee Shops & Cafés', 'Alternate Universe - College/University', 'Children', 'Mentions of Sex', 'So many cliches', 'one big fluff', ""this is lowkey based on my friend's preferences""]","['Alternate Universe - College/University', 'Children']","['Alternate Universe - Coffee Shops & Cafés', 'Mentions of Sex', 'So many cliches', 'one big fluff', ""this is lowkey based on my friend's preferences""]",[],[]
https://golemlab.eu/graph/17578274,Two Can Play,"Taehyung couldn’t take it any longer. Waiting for the games to truly begin felt like his whole life was stretching out tortuously slow before his eyes. If she was into him, why did she have to keep it from escalating? He knew as well as she did that she wanted him. It was all a matter of time. But time was taking too long; so Taehyung was going to take matters into his own hands. Literally. Phone in one hand, cock in the other; he was going to do his fucking best to get her to give him a chance to prove he would be worth it.",2019-01-28,9919,Mature,F/M,In-Progress,38,taehyung,Dirty Talk | Language | Male Solo | Sexting | Smut,Kim Taehyung | V/Reader,"['Dirty Talk', 'Language', 'Male Solo', 'Sexting', 'Smut']","['Dirty Talk', 'Language', 'Male Solo', 'Sexting', 'Smut']",[],[],[]
https://golemlab.eu/graph/18102179,Ready or Not,"As long as he could remember, Taehyung hated you. But his perceptions of you will soon have to change if he hopes to get out of death competition alive.",2019-03-13,50182,Explicit,F/M,Completed,38,taehyung,Alternate Universe - Battle Royale Fusion | Attempted Rape | Body Shaming | Bullying | Death | Extreme Gore | Fingering | Genital Mutilation | Gore | Hinted Mental Issues | Mental Disorders | Oral | Sexual Assault | Suicide | Violence | extreme violence | implied suicide | intercourse | lots of death | triggering,Kim Taehyung | V/Reader,"['Alternate Universe - Battle Royale Fusion', 'Attempted Rape', 'Body Shaming', 'Bullying', 'Death', 'Extreme Gore', 'Fingering', 'Genital Mutilation', 'Gore', 'Hinted Mental Issues', 'Mental Disorders', 'Oral', 'Sexual Assault', 'Suicide', 'Violence', 'extreme violence', 'implied suicide', 'intercourse', 'lots of death', 'triggering']","['Alternate Universe - Battle Royale Fusion', 'Bullying', 'Death', 'Gore', 'Sexual Assault', 'Suicide', 'Violence']","['Attempted Rape', 'Body Shaming', 'Extreme Gore', 'Fingering', 'Genital Mutilation', 'Hinted Mental Issues', 'Mental Disorders', 'Oral', 'extreme violence', 'implied suicide', 'intercourse', 'lots of death', 'triggering']","['Attempted Rape', 'Body Shaming', 'Extreme Gore', 'Fingering', 'Genital Mutilation', 'Hinted Mental Issues', 'Mental Disorders', 'Oral']",[]
https://golemlab.eu/graph/16590986,lights out,when your apartment is haunted but not really.,2018-11-11,6789,Explicit,F/M,Completed,38,taehyung,Crack | Dirty Talk | Fluff and Crack | Fluff and Humor | Fluff and Smut | Friends to Lovers | Horror | Unprotected Sex | bad words,Kim Taehyung | V/Reader,"['Crack', 'Dirty Talk', 'Fluff and Crack', 'Fluff and Humor', 'Fluff and Smut', 'Friends to Lovers', 'Horror', 'Unprotected Sex', 'bad words']","['Crack', 'Dirty Talk', 'Fluff and Crack', 'Fluff and Humor', 'Fluff and Smut', 'Friends to Lovers', 'Horror']","['Unprotected Sex', 'bad words']",['Unprotected Sex'],[]
https://golemlab.eu/graph/16482698,the movie can wait,"“what is it? something on my face?"" “nothing... i just love you back, that’s all.”",2018-11-01,500,General Audiences,M/M,Completed,38,taehyung,Fluff | Movie Night,Kim Taehyung | V/Reader,"['Fluff', 'Movie Night']","['Fluff', 'Movie Night']",[],[],[]
https://golemlab.eu/graph/28489725,angel of music,"it was every performer’s dream to act on center stage of the grand kim theatre, daegu’s famed attraction. countless talent had come in through its doors and passed the critical auditions required, though not many earned approval from the ringmaster of it all. one day, you find yourself distraught after not earning the judges’ liking following your singing audition. but, you peak the curiosity of the theatre owner kim taehyung himself. not only does he want to nudge you past your comfort zone, but he persuades you to explore the lengths of which he could push your pretty little voice.",2021-01-01,10796,Mature,F/M,Completed,38,taehyung,Angst | Corruption | Demons | Fantasy | Fluff | Loss of Virginity | Smut | Theatre,"Kim Taehyung | V/Reader, Taehyung x Reader, V x Reader, taehyung x female reader, v x female reader","['Angst', 'Corruption', 'Demons', 'Fantasy', 'Fluff', 'Loss of Virginity', 'Smut', 'Theatre']","['Angst', 'Corruption', 'Demons', 'Fantasy', 'Fluff', 'Loss of Virginity', 'Smut', 'Theatre']",[],[],[]
https://golemlab.eu/graph/17200922,muse,taehyung makes your last shift at the museum a memorable one,2018-12-28,1872,Explicit,F/M,Completed,38,taehyung,Friends With Benefits | PWP | Semi-Public Sex | Smut,Kim Taehyung | V/Reader,"['Friends With Benefits', 'PWP', 'Semi-Public Sex', 'Smut']","['Friends With Benefits', 'Semi-Public Sex', 'Smut']",['PWP'],[],[]
https://golemlab.eu/graph/16864117,Smitten,"Artist!Taehyung | Your boyfriend happens to be the renowned painter and photographer Kim Taehyung. The two of you meet a few years ago at the exhibition center you worked at and he immediately became extremely found of you and tried all in his might and power to have you fall for his charm, which of course was easier done and just as easily said. One day when you were with him at his studio he got the courage to ask you to pose nude for him and for him to paint using your body as his canvas… You accept on one condition… that you get to paint on him too.",2018-12-05,6168,Mature,F/M,Completed,37,taehyung,"""Do you want me?"" | ""your body is my canvas"" | After care | Artist Kim Taehyung | V | Dirty Talk | Fluffy elements | Intimidation | Nude Modeling | Photographer Kim Taehyung | V | Smut | how you met throwbacks | muse reader | on the table | painting on each other | rough | this gets... sexy",Kim Taehyung | V/Reader,"['""Do you want me?""', '""your body is my canvas""', 'After care', 'Artist Kim Taehyung', 'V', 'Dirty Talk', 'Fluffy elements', 'Intimidation', 'Nude Modeling', 'Photographer Kim Taehyung', 'V', 'Smut', 'how you met throwbacks', 'muse reader', 'on the table', 'painting on each other', 'rough', 'this gets... sexy']","['Dirty Talk', 'Intimidation', 'Nude Modeling', 'Smut']","['""Do you want me?""', '""your body is my canvas""', 'After care', 'Artist Kim Taehyung', 'V', 'Fluffy elements', 'Photographer Kim Taehyung', 'V', 'how you met throwbacks', 'muse reader', 'on the table', 'painting on each other', 'rough', 'this gets... sexy']","['Artist Kim Taehyung', 'Photographer Kim Taehyung']",[]
https://golemlab.eu/graph/30551412,dirty,Your more than eager boyfriend helps you relieve stress after a hard day at work - and what better place is there to do so than the shower?,2021-04-08,2448,Mature,F/M,Completed,37,taehyung,Biting | Breast Play | Choking | Cockwarming | Dirty Talk | Explicit Sexual Content | Fingerfucking | Light Choking | Marking | Orgasm Delay | Pet Names | Praise Kink | Rough Sex | Shower Sex | Soft Dom Kim Taehyung | V | Teasing | Unprotected Sex | Vaginal Fingering | handjob,Kim Taehyung | V/Reader,"['Biting', 'Breast Play', 'Choking', 'Cockwarming', 'Dirty Talk', 'Explicit Sexual Content', 'Fingerfucking', 'Light Choking', 'Marking', 'Orgasm Delay', 'Pet Names', 'Praise Kink', 'Rough Sex', 'Shower Sex', 'Soft Dom Kim Taehyung', 'V', 'Teasing', 'Unprotected Sex', 'Vaginal Fingering', 'handjob']","['Biting', 'Choking', 'Dirty Talk', 'Explicit Sexual Content', 'Fingerfucking', 'Marking', 'Orgasm Delay', 'Pet Names', 'Praise Kink', 'Rough Sex', 'Shower Sex', 'Teasing', 'Vaginal Fingering']","['Breast Play', 'Cockwarming', 'Light Choking', 'Soft Dom Kim Taehyung', 'V', 'Unprotected Sex', 'handjob']","['Breast Play', 'Cockwarming', 'Light Choking', 'Soft Dom Kim Taehyung', 'Unprotected Sex']",[]
https://golemlab.eu/graph/16728342,Good First Impressions are Hard (unless you’re me),Your attention is completely filled and it’s not just from the two dogs causing chaos in your living room,2018-11-24,865,General Audiences,M/M,Completed,37,taehyung,Adorable Kim Taehyung | V | BTS has two brain cells and yeontan owns both of them | Fluff | Gay | I Wrote This Instead of Sleeping | Puppies | Tae is basically a puppy | Yeontan makes me happy okay | big dogs are good dogs,"Kim Taehyung | V/Reader, kim taehyung | v/male reader Series: Bts x male reader one shots [2]","['Adorable Kim Taehyung', 'V', 'BTS has two brain cells and yeontan owns both of them', 'Fluff', 'Gay', 'I Wrote This Instead of Sleeping', 'Puppies', 'Tae is basically a puppy', 'Yeontan makes me happy okay', 'big dogs are good dogs']","['Fluff', 'Gay', 'I Wrote This Instead of Sleeping']","['Adorable Kim Taehyung', 'V', 'BTS has two brain cells and yeontan owns both of them', 'Puppies', 'Tae is basically a puppy', 'Yeontan makes me happy okay', 'big dogs are good dogs']","['Adorable Kim Taehyung', 'Puppies']",[]
https://golemlab.eu/graph/23255395,30 Seconds,"Taehyung loves to send you thirst trap selfies. You, being the thirsty woman that you are, can’t help but to subtweet about how hot your partner is. Tae wants to know why you get so worked up over a selfie with nothing below his collarbone showing, so he confronts you in true Tae style.",2020-03-22,476,Explicit,F/M,Completed,37,taehyung,Crack | Established Relationship | Fluff | Grinding | Mild Smut | Nudity | Thirsty Kim Taehyung | V,"Kim Taehyung | V/Reader, Kim Taehyung | V/You Series: BTS x Reader [17]","['Crack', 'Established Relationship', 'Fluff', 'Grinding', 'Mild Smut', 'Nudity', 'Thirsty Kim Taehyung', 'V']","['Crack', 'Established Relationship', 'Fluff', 'Grinding', 'Mild Smut', 'Nudity']","['Thirsty Kim Taehyung', 'V']",['Thirsty Kim Taehyung'],[]
https://golemlab.eu/graph/35101666,Control,"༊*·˚ synopsis ⊰ you’ve been testing your husband’s patience for a while now, simply for fun. But you never imagined that he would take revenge this way. ༊*·˚ preview ⊰ “Good girl,” he mumbles, teeth grazing the tender skin of your earlobe. “I want you to change your clothes to something less professional now. And when you’re ready, join me in the living room. Don’t forget your present.”  With that, he steps around you, leaving your flustered self alone in the kitchen.",2021-11-13,4546,Explicit,F/M,Completed,37,taehyung,Boss/Employee Relationship | CEO Kim Taehyung | V | Dirty Talk | Dom Kim Taehyung | V | Established Relationship | Explicit Sexual Content | I'm Bad At Tagging | Kim Taehyung | V Has a Big Dick | Married Couple | Oral Sex | Orgasm Denial | Penis In Vagina Sex | Pet Names | Praise Kink | Sex Toys,"Kim Taehyung | V/Reader, Kim Taehyung | V/You","['Boss/Employee Relationship', 'CEO Kim Taehyung', 'V', 'Dirty Talk', 'Dom Kim Taehyung', 'V', 'Established Relationship', 'Explicit Sexual Content', ""I'm Bad At Tagging"", 'Kim Taehyung', 'V Has a Big Dick', 'Married Couple', 'Oral Sex', 'Orgasm Denial', 'Penis In Vagina Sex', 'Pet Names', 'Praise Kink', 'Sex Toys']","['Boss/Employee Relationship', 'Dirty Talk', 'Established Relationship', 'Explicit Sexual Content', ""I'm Bad At Tagging"", 'Married Couple', 'Oral Sex', 'Orgasm Denial', 'Penis In Vagina Sex', 'Pet Names', 'Praise Kink', 'Sex Toys']","['CEO Kim Taehyung', 'V', 'Dom Kim Taehyung', 'V', 'Kim Taehyung', 'V Has a Big Dick']","['CEO Kim Taehyung', 'Dom Kim Taehyung', 'Kim Taehyung']",[]
https://golemlab.eu/graph/21497173,Blank Canvas Love,"Famous artist Blank Canvas Love has hidden another painting in Seoul and the whole city is on the lookout. Well everyone except Taehyung, who wishes he could go out and find the paintings himself.",2019-11-20,9325,Mature,F/M,In-Progress,37,taehyung,Angst | Choking | Cock Slapping | Dom Kim Taehyung | V | Light BDSM | Praise Kink | Slow Burn | Smut | Sub Kim Taehyung | V,Kim Taehyung | V/Reader,"['Angst', 'Choking', 'Cock Slapping', 'Dom Kim Taehyung', 'V', 'Light BDSM', 'Praise Kink', 'Slow Burn', 'Smut', 'Sub Kim Taehyung', 'V']","['Angst', 'Choking', 'Cock Slapping', 'Light BDSM', 'Praise Kink', 'Slow Burn', 'Smut']","['Dom Kim Taehyung', 'V', 'Sub Kim Taehyung', 'V']","['Dom Kim Taehyung', 'Sub Kim Taehyung']",[]
https://golemlab.eu/graph/26153998,Nothing,'We shared something and you can't make it nothing.',2020-08-28,8685,General Audiences,F/M,Completed,37,taehyung,BTS fluff | Fluff | Friends to Lovers | Kim Taehyung | V-centric | bts - Freeform | taehyung - Freeform,Kim Taehyung | V/Reader Series: BTS | Series [1],"['BTS fluff', 'Fluff', 'Friends to Lovers', 'Kim Taehyung', 'V-centric', 'bts - Freeform', 'taehyung - Freeform']","['Fluff', 'Friends to Lovers']","['BTS fluff', 'Kim Taehyung', 'V-centric', 'bts - Freeform', 'taehyung - Freeform']",['Kim Taehyung'],[]
https://golemlab.eu/graph/13063545,Saxophone Star,Because who wouldn't love to be serenaded?,2017-12-19,238,General Audiences,Gen,Completed,36,taehyung,Saxophone | Serenading | a weird little drabble,Kim Taehyung | V/Reader,"['Saxophone', 'Serenading', 'a weird little drabble']",[],"['Saxophone', 'Serenading', 'a weird little drabble']","['Saxophone', 'Serenading']",[]
https://golemlab.eu/graph/13978953,Promise to the moon,She makes a promise to him and spends lifetimes trying to fulfill it.,2018-03-15,2992,Mature,F/M,Completed,36,taehyung,,Kim Taehyung | V/Reader,[],[],[],[],[]
https://golemlab.eu/graph/19220962,Lost My Way: Kim Taehyung,I wrote this a couple of days after I purchased my BTS Anaheim ticket because I just imagined this happening. Only if it did....,2019-06-15,6067,Teen And Up Audiences,F/M,Completed,36,taehyung,Accident | Anaheim concert | Cute | Fluff | Lost - Freeform | Love | bts fanfic | lost: bts,Kim Taehyung | V/Reader,"['Accident', 'Anaheim concert', 'Cute', 'Fluff', 'Lost - Freeform', 'Love', 'bts fanfic', 'lost: bts']","['Cute', 'Fluff', 'Love']","['Accident', 'Anaheim concert', 'Lost - Freeform', 'bts fanfic', 'lost: bts']","['Accident', 'Lost - Freeform']",[]
https://golemlab.eu/graph/13567539,Living a Cliche,Taehyung is having the best day of his senior year. He receives great news and takes a leap of faith to try and have the good things continue. The best day soon becomes the worst.,2018-02-04,4911,General Audiences,F/M,Completed,36,taehyung,Angst | Cheesy | Fluff | High School | Lots of Cliches | Prom | obviously,"Kim Taehyung | V/Reader, Reader/Other(s)","['Angst', 'Cheesy', 'Fluff', 'High School', 'Lots of Cliches', 'Prom', 'obviously']","['Angst', 'Cheesy', 'Fluff', 'High School', 'Prom']","['Lots of Cliches', 'obviously']",[],[]
https://golemlab.eu/graph/14714189,If You Wanna Keep me,Short Story | Kim Taehyung,2018-05-20,2777,General Audiences,F/M,Completed,35,taehyung,AU | Angst | Army | Fanfic | Love | Memories | Romance | bangtan boys - Freeform | bts - Freeform | kim taehyung misses you,Kim Taehyung | V/Reader,"['AU', 'Angst', 'Army', 'Fanfic', 'Love', 'Memories', 'Romance', 'bangtan boys - Freeform', 'bts - Freeform', 'kim taehyung misses you']","['Angst', 'Army', 'Love', 'Memories', 'Romance']","['AU', 'Fanfic', 'bangtan boys - Freeform', 'bts - Freeform', 'kim taehyung misses you']",['Fanfic'],[]
https://golemlab.eu/graph/36220075,Alone Together,"kim taehyung has a reputation in the architectural and engineering firm, vante and associates but when you, his secretary of one year, decided to spend Christmas with him—it began a yearly tradition between the two of you to spend the holidays together, only neither of you expected that good old romance would come into play.",2022-01-05,16563,General Audiences,F/M,Completed,35,taehyung,Angst | Christmas Eve | Fluff | Neglectful Parents | New Year's Eve | Overbearing Parents | Secretary Fem Reader | engineer taehyung,Kim Taehyung | V/Reader,"['Angst', 'Christmas Eve', 'Fluff', 'Neglectful Parents', ""New Year's Eve"", 'Overbearing Parents', 'Secretary Fem Reader', 'engineer taehyung']","['Angst', 'Christmas Eve', 'Fluff', ""New Year's Eve""]","['Neglectful Parents', 'Overbearing Parents', 'Secretary Fem Reader', 'engineer taehyung']","['Neglectful Parents', 'Overbearing Parents', 'Secretary Fem Reader']",[]
https://golemlab.eu/graph/22838119,Bedtime Memories,Going down memory lane with your boyfriend at two in the morning turns out to be exactly what you needed to slow down your racing mind.,2020-02-22,3062,Teen And Up Audiences,F/M,Completed,35,taehyung,Domestic Fluff | Established Relationship | Fluff | Kim Taehyung | V is a Sweetheart | Literal Sleeping Together | Memories | Romance | Romantic Fluff | Self-Insert | Sleepiness | This might be really sappy | Tooth-Rotting Fluff | brief mentions of sex,Kim Taehyung | V/Reader,"['Domestic Fluff', 'Established Relationship', 'Fluff', 'Kim Taehyung', 'V is a Sweetheart', 'Literal Sleeping Together', 'Memories', 'Romance', 'Romantic Fluff', 'Self-Insert', 'Sleepiness', 'This might be really sappy', 'Tooth-Rotting Fluff', 'brief mentions of sex']","['Domestic Fluff', 'Established Relationship', 'Fluff', 'Literal Sleeping Together', 'Memories', 'Romance', 'Romantic Fluff', 'Self-Insert', 'Sleepiness', 'Tooth-Rotting Fluff']","['Kim Taehyung', 'V is a Sweetheart', 'This might be really sappy', 'brief mentions of sex']",['Kim Taehyung'],[]
https://golemlab.eu/graph/25405033,One day I'd wake up feeling more,Just the usual morning routine with your fiancé.,2020-07-20,3315,Teen And Up Audiences,F/M,Completed,35,taehyung,Alternate Universe | Domestic Fluff | Established Relationship | Fluff | For Anyone Who Needs Some Soft and Fluffy Delulu Material | Inspired by Music | Kim Taehyung | V is Whipped | One Shot | Soft Kim Taehyung | V | Tooth-Rotting Fluff | Yeontan is here! | a little bit of,"Kim Taehyung | V/Reader, Kim Taehyung | V/You Series: With you, anywhere will be my home [2]","['Alternate Universe', 'Domestic Fluff', 'Established Relationship', 'Fluff', 'For Anyone Who Needs Some Soft and Fluffy Delulu Material', 'Inspired by Music', 'Kim Taehyung', 'V is Whipped', 'One Shot', 'Soft Kim Taehyung', 'V', 'Tooth-Rotting Fluff', 'Yeontan is here!', 'a little bit of']","['Alternate Universe', 'Domestic Fluff', 'Established Relationship', 'Fluff', 'Inspired by Music', 'One Shot', 'Tooth-Rotting Fluff']","['For Anyone Who Needs Some Soft and Fluffy Delulu Material', 'Kim Taehyung', 'V is Whipped', 'Soft Kim Taehyung', 'V', 'Yeontan is here!', 'a little bit of']","['Kim Taehyung', 'Soft Kim Taehyung']",[]
https://golemlab.eu/graph/30364596,hold me tight,"Taehyung was your best friend, and best friends don't let each other make stupid mistakes. Like taking too many tequila shots, or walking home in the rain without a jacket, or telling your best friend you're in love with them...but maybe some mistakes are worth making.",2021-03-30,4893,Teen And Up Audiences,F/M,Completed,35,taehyung,Alternate Universe - College/University | Angst and Fluff and Smut | Eventual Smut | Fluff | Fluff and Humor | Fluff and Smut | Friends With Benefits | Friends to Lovers | Idiots in Love | Kim Taehyung | V is Bad at Feelings | Kim Taehyung | V is Trying his Best | Light Angst | Miscommunication | University Student Kim Taehyung | V | all of my fics should be tagged idiots in love tbh | all that good stuff | but there's always gotta be a happy ending so | doesn't really have an impact on either plot but i imagine this as the same tae from past midnight! | mostly due to | my beloved | oc is even WORSE at feelings | which leads to some,Kim Taehyung | V/Reader,"['Alternate Universe - College/University', 'Angst and Fluff and Smut', 'Eventual Smut', 'Fluff', 'Fluff and Humor', 'Fluff and Smut', 'Friends With Benefits', 'Friends to Lovers', 'Idiots in Love', 'Kim Taehyung', 'V is Bad at Feelings', 'Kim Taehyung', 'V is Trying his Best', 'Light Angst', 'Miscommunication', 'University Student Kim Taehyung', 'V', 'all of my fics should be tagged idiots in love tbh', 'all that good stuff', ""but there's always gotta be a happy ending so"", ""doesn't really have an impact on either plot but i imagine this as the same tae from past midnight!"", 'mostly due to', 'my beloved', 'oc is even WORSE at feelings', 'which leads to some']","['Alternate Universe - College/University', 'Angst and Fluff and Smut', 'Eventual Smut', 'Fluff', 'Fluff and Humor', 'Fluff and Smut', 'Friends With Benefits', 'Friends to Lovers', 'Idiots in Love', 'Light Angst', 'Miscommunication']","['Kim Taehyung', 'V is Bad at Feelings', 'Kim Taehyung', 'V is Trying his Best', 'University Student Kim Taehyung', 'V', 'all of my fics should be tagged idiots in love tbh', 'all that good stuff', ""but there's always gotta be a happy ending so"", ""doesn't really have an impact on either plot but i imagine this as the same tae from past midnight!"", 'mostly due to', 'my beloved', 'oc is even WORSE at feelings', 'which leads to some']","['Kim Taehyung', 'Kim Taehyung', 'University Student Kim Taehyung']",[]
https://golemlab.eu/graph/20209843,I Love You || Kim Taehyung x Reader,"Life was doing well for you until you saw your ex-childhood best friend and crush, Kim Taehyung, on TV. He was becoming more famous by the second with his group known as BTS. It was even hard to avoid him when he was in the same town as you too. You do all your might to not interact with the handsome male, but it soon turns to be no avail in your part. What happens when you cross paths with the charming Kim Taehyung of BTS and he tries to win your heart again?",2019-08-11,1782,General Audiences,F/M,In-Progress,35,taehyung,Eventual Smut | Kim Taehyung | V & Park Jimin are Best Friends | Taehyung was rude back then | idk - Freeform,Kim Taehyung | V/Reader,"['Eventual Smut', 'Kim Taehyung', 'V & Park Jimin are Best Friends', 'Taehyung was rude back then', 'idk - Freeform']",['Eventual Smut'],"['Kim Taehyung', 'V & Park Jimin are Best Friends', 'Taehyung was rude back then', 'idk - Freeform']",['Kim Taehyung'],[]
https://golemlab.eu/graph/7374802,Birthday surprises,"Wake up and start driving? Sure why not, your boyfriends always making you do crazy shit.",2016-07-03,1585,General Audiences,F/M,Completed,35,taehyung,,Kim Taehyung | V/Reader Series: BTS x Reader [3],[],[],[],[],[]
https://golemlab.eu/graph/19354489,Distraction,,2019-06-25,1177,Explicit,F/M,Completed,35,taehyung,Established Relationship | Fluff | Smut | Vaginal Fingering,Kim Taehyung | V/Reader,"['Established Relationship', 'Fluff', 'Smut', 'Vaginal Fingering']","['Established Relationship', 'Fluff', 'Smut', 'Vaginal Fingering']",[],[],[]
https://golemlab.eu/graph/22043083,A New Years Eve with Kim Tae Hyung,Y/N and Tae Hyung are old friends. You have been in love with him since you first laid eye on him since middle school. Keeping a friendship and controlling your feelings for him had been hard. It had been four years since you had last seen him and now you are visiting your home town for the New Years holidays. Find out what happen between the two of you once you see each other again.,2019-12-31,7670,Explicit,F/M,Completed,35,taehyung,Alternate Universe - BTS World | Fluff and Angst | New Year's Eve | New York City | Old Friends | Reader-Insert | Sex | Short One Shot | Top Kim Taehyung | V,Kim Taehyung | V/Reader,"['Alternate Universe - BTS World', 'Fluff and Angst', ""New Year's Eve"", 'New York City', 'Old Friends', 'Reader-Insert', 'Sex', 'Short One Shot', 'Top Kim Taehyung', 'V']","['Alternate Universe - BTS World', 'Fluff and Angst', ""New Year's Eve"", 'New York City', 'Old Friends', 'Reader-Insert', 'Sex', 'Short One Shot']","['Top Kim Taehyung', 'V']",['Top Kim Taehyung'],[]
https://golemlab.eu/graph/26307244,Mr. Ethereal | Kim Taehyung x reader,Hoseok's friend Taehyung isn't like other guys you've met so you can't help but have fun with him at an amusement park. But wait...he has BLUE HAIR?!,2020-09-06,2359,General Audiences,F/M,Completed,35,taehyung,Fluff | cute fluff | rollercoaster,Kim Taehyung | V/Reader,"['Fluff', 'cute fluff', 'rollercoaster']",['Fluff'],"['cute fluff', 'rollercoaster']",[],[]
https://golemlab.eu/graph/40210206,Pinch of Sugar,"As a powerful CEO - Kim Taehyung cannot afford any mistakes to his image. He has taken to the employment of sugar babies - women paid to keep quiet about how he lives his life and to positively influence his public image. But when a contract goes sour and his last sugar baby exposes Taehyung, he needs someone softer to sweeten up his image. And you are just the pinch of sugar he needs.",2022-07-10,12509,Explicit,F/M,In-Progress,34,taehyung,CEO Kim Taehyung | V | Dom Kim Taehyung | V | Dom/sub | Kim Taehyung | V Smut | Sex Worker AU | Slow Burn | Sugar Daddy Kim Taehyung | V | Taehyung x Reader - Freeform,Kim Taehyung | V/Reader,"['CEO Kim Taehyung', 'V', 'Dom Kim Taehyung', 'V', 'Dom/sub', 'Kim Taehyung', 'V Smut', 'Sex Worker AU', 'Slow Burn', 'Sugar Daddy Kim Taehyung', 'V', 'Taehyung x Reader - Freeform']","['Dom/sub', 'Slow Burn']","['CEO Kim Taehyung', 'V', 'Dom Kim Taehyung', 'V', 'Kim Taehyung', 'V Smut', 'Sex Worker AU', 'Sugar Daddy Kim Taehyung', 'V', 'Taehyung x Reader - Freeform']","['CEO Kim Taehyung', 'Dom Kim Taehyung', 'Kim Taehyung', 'V Smut', 'Sex Worker AU', 'Sugar Daddy Kim Taehyung']",[]
https://golemlab.eu/graph/30304314,You're All I Need,Cute polar bear Taehyung.,2021-03-27,866,General Audiences,F/M,Completed,34,taehyung,Drabble | Fluff | Hybrid - Freeform,Kim Taehyung | V/Reader,"['Drabble', 'Fluff', 'Hybrid - Freeform']","['Drabble', 'Fluff']",['Hybrid - Freeform'],['Hybrid - Freeform'],[]
https://golemlab.eu/graph/15272706,requite,"To be clear, this is not an unrequited love. It is the gradual fall in which two best friends find themselves on a journey, navigating the waters of uncertainty on their very first, official date.",2018-07-24,4477,General Audiences,F/M,Completed,34,taehyung,Alternate Universe - College/University | Best Friends | First Dates | Friends to Lovers | Romantic Fluff | Slice of Life | Tooth-Rotting Fluff,Kim Taehyung | V/Reader,"['Alternate Universe - College/University', 'Best Friends', 'First Dates', 'Friends to Lovers', 'Romantic Fluff', 'Slice of Life', 'Tooth-Rotting Fluff']","['Alternate Universe - College/University', 'Best Friends', 'First Dates', 'Friends to Lovers', 'Romantic Fluff', 'Slice of Life', 'Tooth-Rotting Fluff']",[],[],[]
https://golemlab.eu/graph/39778452,Swallowing (Taehyung x Reader),"Two people meet through mutual friends, they exchange numbers then fluids… and they live sloppily ever after.",2022-06-20,2810,Explicit,F/M,Completed,34,taehyung,Blow Jobs | Come Swallowing | Friends to Lovers | One Night Stands | Smut,"Kim Taehyung | V/Reader, Kim Taehyung | V/You Series: revenge of the kinks [1]","['Blow Jobs', 'Come Swallowing', 'Friends to Lovers', 'One Night Stands', 'Smut']","['Blow Jobs', 'Come Swallowing', 'Friends to Lovers', 'One Night Stands', 'Smut']",[],[],[]
https://golemlab.eu/graph/25459690,Through Tears and Lullabies,Part of the Bangtan and Dads series. You haven't been married long when those two pink lines stare you right in the face.,2020-07-23,1195,Teen And Up Audiences,F/M,Completed,34,taehyung,Bangtan Dads,Kim Taehyung | V/Reader Series: Bangtan Dad AU Series [1],['Bangtan Dads'],[],['Bangtan Dads'],['Bangtan Dads'],[]
https://golemlab.eu/graph/23155423,Happee Birthday,Taehyung wants a very special birthday present.,2020-03-15,1293,Explicit,F/M,Completed,34,taehyung,Anal | Daddy Kink | Degradation | Established Relationship | Name-Calling | PWP | Smut | Watersports,Kim Taehyung | V/Reader,"['Anal', 'Daddy Kink', 'Degradation', 'Established Relationship', 'Name-Calling', 'PWP', 'Smut', 'Watersports']","['Anal', 'Daddy Kink', 'Established Relationship', 'Name-Calling', 'Smut', 'Watersports']","['Degradation', 'PWP']",['Degradation'],[]
https://golemlab.eu/graph/16741531,Attention,You boyfriend wants your attention.,2018-11-25,419,General Audiences,F/M,Completed,34,taehyung,Fluff,Kim Taehyung | V/Reader,['Fluff'],['Fluff'],[],[],[]
https://golemlab.eu/graph/6380731,Insecurities are Unhealthy,"Type: Scenario Pairing: Taehyung, You Genre: Fluff Words: 1301",2016-03-28,1279,General Audiences,F/M,Completed,34,taehyung,Fluff | One Shot | Scenario | imagine,Kim Taehyung | V/Reader Series: Scenarios [9],"['Fluff', 'One Shot', 'Scenario', 'imagine']","['Fluff', 'One Shot']","['Scenario', 'imagine']",['Scenario'],[]
https://golemlab.eu/graph/8228561,Tale of Two [Tease],,2016-10-07,743,Explicit,F/M,Completed,34,taehyung,Pet Play | Smut | Toys,Kim Taehyung | V/Reader,"['Pet Play', 'Smut', 'Toys']","['Smut', 'Toys']",['Pet Play'],['Pet Play'],[]
https://golemlab.eu/graph/22963495,"darling, I make a choice every day, and every day it's you.","You are tired, (I think) Of the always puzzle of living and doing; And so am I. -e.e cummings The shop keeps track, somehow, and you end up more or less in the right places at the right time. It's the in-betweens that are tricky.",2020-03-01,19881,Teen And Up Audiences,F/M,Completed,34,taehyung,Heavily xxxHoLic inspired (but not enough to be in that fandom) | Hurt/Comfort | I PROMISE not all of my fics will have an e.e cummings poem in their summary | Magic | Minor Injuries | Reader-Insert | Romance | Supernatural Elements | There are suggestions of other pairings but they don't go anywhere | This is just a shrine to all my worst qualities,Kim Taehyung | V/Reader,"['Heavily xxxHoLic inspired (but not enough to be in that fandom)', 'Hurt/Comfort', 'I PROMISE not all of my fics will have an e.e cummings poem in their summary', 'Magic', 'Minor Injuries', 'Reader-Insert', 'Romance', 'Supernatural Elements', ""There are suggestions of other pairings but they don't go anywhere"", 'This is just a shrine to all my worst qualities']","['Hurt/Comfort', 'Magic', 'Minor Injuries', 'Reader-Insert', 'Romance', 'Supernatural Elements']","['Heavily xxxHoLic inspired (but not enough to be in that fandom)', 'I PROMISE not all of my fics will have an e.e cummings poem in their summary', ""There are suggestions of other pairings but they don't go anywhere"", 'This is just a shrine to all my worst qualities']",[],[]
https://golemlab.eu/graph/21598390,Four - A Sequel,Sequel to Three.  Find out what happens when fate strikes again!,2019-11-28,21894,Explicit,F/M,Completed,33,taehyung,Angst | Attempted Rape/Non-Con | Flashbacks | Fluff and Smut | Kim Taehyung | V is a Sweetheart | Misunderstandings | Smut | Unplanned Pregnancy | Violence,Kim Taehyung | V/Reader,"['Angst', 'Attempted Rape/Non-Con', 'Flashbacks', 'Fluff and Smut', 'Kim Taehyung', 'V is a Sweetheart', 'Misunderstandings', 'Smut', 'Unplanned Pregnancy', 'Violence']","['Angst', 'Attempted Rape/Non-Con', 'Flashbacks', 'Fluff and Smut', 'Misunderstandings', 'Smut', 'Unplanned Pregnancy', 'Violence']","['Kim Taehyung', 'V is a Sweetheart']",['Kim Taehyung'],[]
https://golemlab.eu/graph/15310257,By the Moonlight,A handsome client at your hotel has you breaking all the rules...,2018-07-16,5345,Mature,F/M,Completed,33,taehyung,Beach Sex | Day At The Beach | Mexico | Shameless Smut | Smut,Kim Taehyung | V/Reader,"['Beach Sex', 'Day At The Beach', 'Mexico', 'Shameless Smut', 'Smut']","['Beach Sex', 'Day At The Beach', 'Mexico', 'Shameless Smut', 'Smut']",[],[],[]
https://golemlab.eu/graph/22280986,Relationship Goals,Childhood friends Taehyung and (Y/N),2020-01-16,4535,General Audiences,F/M,Completed,33,taehyung,,Kim Taehyung | V/Reader,[],[],[],[],[]
https://golemlab.eu/graph/19429651,14. Expensive Boy,Prompt: Pick-Up Lines Week 2 Day 7,2019-07-01,822,Teen And Up Audiences,F/M,Completed,33,taehyung,Crack | Pick-Up Lines | Sass | Sassy Kim Taehyung | V | Sassy Reader | one shots,Kim Taehyung | V/Reader Series: 50 Days of One Shots [14],"['Crack', 'Pick-Up Lines', 'Sass', 'Sassy Kim Taehyung', 'V', 'Sassy Reader', 'one shots']","['Crack', 'Pick-Up Lines']","['Sass', 'Sassy Kim Taehyung', 'V', 'Sassy Reader', 'one shots']","['Sass', 'Sassy Kim Taehyung', 'Sassy Reader']",[]
https://golemlab.eu/graph/24387343,Come Be My Teacher,"Short story about a lonely, mature lady looking for some company Who meets a shy, handsome young man.",2020-05-26,2403,Explicit,F/M,In-Progress,33,taehyung,Alternate Universe | First Time Blow Jobs | Kim Taehyung | V is a Sweetheart | Kissing | Oral Sex | Public Blow Jobs | Short One Shot | Shy Kim Taehyung | V | noona,Kim Taehyung | V/Reader,"['Alternate Universe', 'First Time Blow Jobs', 'Kim Taehyung', 'V is a Sweetheart', 'Kissing', 'Oral Sex', 'Public Blow Jobs', 'Short One Shot', 'Shy Kim Taehyung', 'V', 'noona']","['Alternate Universe', 'First Time Blow Jobs', 'Kissing', 'Oral Sex', 'Public Blow Jobs', 'Short One Shot']","['Kim Taehyung', 'V is a Sweetheart', 'Shy Kim Taehyung', 'V', 'noona']","['Kim Taehyung', 'Shy Kim Taehyung']",[]
https://golemlab.eu/graph/39326985,The Night Darkens Around Us,"At college Taehyung had a secret, his huge crush on his friend Namjoon’s distant and aloof study buddy, but what will happen when he finds out he’s the only one of his friends that she was distant with?",2022-05-30,9299,Explicit,F/M,Completed,33,taehyung,Anal Fingering | Angsty Kim Taehyung | V | Edgeplay | Hand Jobs | Kim Taehyung | V Smut | Oral Sex | Orgasm Denial | Smut,Kim Taehyung | V/Reader,"['Anal Fingering', 'Angsty Kim Taehyung', 'V', 'Edgeplay', 'Hand Jobs', 'Kim Taehyung', 'V Smut', 'Oral Sex', 'Orgasm Denial', 'Smut']","['Anal Fingering', 'Edgeplay', 'Hand Jobs', 'Oral Sex', 'Orgasm Denial', 'Smut']","['Angsty Kim Taehyung', 'V', 'Kim Taehyung', 'V Smut']","['Angsty Kim Taehyung', 'Kim Taehyung', 'V Smut']",[]
https://golemlab.eu/graph/9078709,Maybe this is all there is to our love,"You love him, it's palpable, undeniable, but also quite impossible. Because life has decided otherwise and the man you're marrying isn't called Kim Taehyung.",2016-12-27,965,Mature,F/M,Completed,33,taehyung,Angst | Inexplicit Wall Sex | One Shot | Should I write more | i love suffering,"Kim Taehyung | V/Reader, Kim Taehyung | V/You","['Angst', 'Inexplicit Wall Sex', 'One Shot', 'Should I write more', 'i love suffering']","['Angst', 'One Shot']","['Inexplicit Wall Sex', 'Should I write more', 'i love suffering']",['Inexplicit Wall Sex'],[]
https://golemlab.eu/graph/18075803,Sense of touch,Late nights in the art studio doesn’t have to mean that you’re drawing till late… Sometimes you just want to give your lover a special little treat and what better place than surrounded by dry paint brushes to caress your love’s skin with until he can’t take it anymore…,2019-03-11,2642,Mature,F/M,Completed,33,taehyung,Artist Kim Taehyung | V | Bottom Taehyung | Breast Fucking | Dirty Talk | Foreplay | Oral | Riding | Slow Build | Smut | Teasing | Unprotected Sex | breast attention | brushing | reader in control | shameless dirty talk | top reader | using paint brushes,Kim Taehyung | V/Reader,"['Artist Kim Taehyung', 'V', 'Bottom Taehyung', 'Breast Fucking', 'Dirty Talk', 'Foreplay', 'Oral', 'Riding', 'Slow Build', 'Smut', 'Teasing', 'Unprotected Sex', 'breast attention', 'brushing', 'reader in control', 'shameless dirty talk', 'top reader', 'using paint brushes']","['Breast Fucking', 'Dirty Talk', 'Foreplay', 'Riding', 'Slow Build', 'Smut', 'Teasing']","['Artist Kim Taehyung', 'V', 'Bottom Taehyung', 'Oral', 'Unprotected Sex', 'breast attention', 'brushing', 'reader in control', 'shameless dirty talk', 'top reader', 'using paint brushes']","['Artist Kim Taehyung', 'Bottom Taehyung', 'Oral', 'Unprotected Sex']",[]
https://golemlab.eu/graph/16977456,Chase,"The second you left, he knew he had made the biggest mistake of his life. Your plane had taken off without him waving you off, without him confessing his feelings, without saying goodbye… You’d be back in a few months… but he wouldn’t survive the pain and guilt that long... He had to go after you… A crazy idea, but for being crazy in love, it was completely sane. He gets on the next first flight and flies back and forth over Europe chasing you, the love of his life… to confess.",2018-12-13,10021,Mature,F/M,Completed,33,taehyung,Angst | Chases | Dirty Talk | HARD | Love Confessions | Nipple Play | Praise | Riding | Smut | Top Kim Taehyung | V | around the world | friends to lovers (kind of???) | rolling around | rough | travelling,Kim Taehyung | V/Reader,"['Angst', 'Chases', 'Dirty Talk', 'HARD', 'Love Confessions', 'Nipple Play', 'Praise', 'Riding', 'Smut', 'Top Kim Taehyung', 'V', 'around the world', 'friends to lovers (kind of???)', 'rolling around', 'rough', 'travelling']","['Angst', 'Chases', 'Dirty Talk', 'Love Confessions', 'Nipple Play', 'Riding', 'Smut']","['HARD', 'Praise', 'Top Kim Taehyung', 'V', 'around the world', 'friends to lovers (kind of???)', 'rolling around', 'rough', 'travelling']","['Praise', 'Top Kim Taehyung']",[]
https://golemlab.eu/graph/30373041,Let The Rose Bloom: Taehyung,"You had to pull an unexpected double shift and were exhausted when it was finally time to go home. Taehyung waits for you outside of your apartment building and helps clean your kitchen while you are sent away to decompress. He joins you a while later, offering to massage your shoulders...until it leads to a bit more than you expected.",2021-03-31,3515,Explicit,F/M,Completed,33,taehyung,A Bath after a long day | Cuddling | Double Shift | Explicit Sexual Content | Fingering | First experiences | Fluff | Inner monologuing | Porn With Plot | Tease and Seduction | patient Taehyung | sweet words,Kim Taehyung | V/Reader Series: Special Request Fics (Reader Insert and M x M) [1],"['A Bath after a long day', 'Cuddling', 'Double Shift', 'Explicit Sexual Content', 'Fingering', 'First experiences', 'Fluff', 'Inner monologuing', 'Porn With Plot', 'Tease and Seduction', 'patient Taehyung', 'sweet words']","['Explicit Sexual Content', 'Fluff', 'Porn With Plot']","['A Bath after a long day', 'Cuddling', 'Double Shift', 'Fingering', 'First experiences', 'Inner monologuing', 'Tease and Seduction', 'patient Taehyung', 'sweet words']","['Cuddling', 'Double Shift', 'Fingering']",[]
https://golemlab.eu/graph/17044052,Bi-Racial Traitors,"He was a vampire hunter.  He sought nothing more than to pin the ruler of the fanged race onto a crucifix and ignite him.  Watch as the king of vampires burned into nothing, but ash by down. She was vampire.  A fanged being with a unique diet and endless life span unless forcefully halted by outside means. Thriving off blood and bowing her head to her king's will.  Nothing, but another slave to his unrivaled tyranny. It was inevitable that the two would cross paths.  However, everything after is something yet to be expected.",2018-12-17,6372,Teen And Up Audiences,F/M,Completed,33,taehyung,Angst | Betrayal | Drama | Implied Torture | Romance | Vampire AU | Vampire Hunter AU | Violence,Kim Taehyung | V/Reader,"['Angst', 'Betrayal', 'Drama', 'Implied Torture', 'Romance', 'Vampire AU', 'Vampire Hunter AU', 'Violence']","['Angst', 'Betrayal', 'Drama', 'Romance', 'Violence']","['Implied Torture', 'Vampire AU', 'Vampire Hunter AU']","['Implied Torture', 'Vampire AU', 'Vampire Hunter AU']",[]
https://golemlab.eu/graph/23145232,do you like coffee?,"“are you the person i’m supposed to be meeting?” you cocked an eyebrow at him, resisting the urge to roll your eyes. “well that all depends on who you’re trying to meet.""",2020-03-14,2462,General Audiences,F/M,Completed,33,taehyung,Alternate Universe - Coffee Shops & Cafés | First Meetings | Fluff | I promise | Kim Taehyung | V & Park Jimin are Best Friends | Kim Taehyung | V is a Sweetheart | Meet-Cute | it's cute,Kim Taehyung | V/Reader Series: it's just us in this tiny place [1],"['Alternate Universe - Coffee Shops & Cafés', 'First Meetings', 'Fluff', 'I promise', 'Kim Taehyung', 'V & Park Jimin are Best Friends', 'Kim Taehyung', 'V is a Sweetheart', 'Meet-Cute', ""it's cute""]","['First Meetings', 'Fluff', 'Meet-Cute']","['Alternate Universe - Coffee Shops & Cafés', 'I promise', 'Kim Taehyung', 'V & Park Jimin are Best Friends', 'Kim Taehyung', 'V is a Sweetheart', ""it's cute""]","['Kim Taehyung', 'Kim Taehyung']",[]
https://golemlab.eu/graph/16552658,Magic shop,"Taehyung was your typical young lost soul until he started working in a magic shop. His job was fairly simple and with free readings from the keeper of the shop it could be quite entertaining at times. But he was regularly haunted by a reoccurring nightmare. Unknowingly the dream turned out to be a calling. A calling for someone to awaken his powers, and help guide his soul through an unknown world of evil, spells and lust.",2018-11-07,18745,Mature,F/M,Completed,32,taehyung,Angst | Dirty Talk | Evil | Lust | Nibbling | Occult AU | Seven Deadly Sins | Smut | Vanilla | Witch AU | Witch Kim Taehyung | V | daemon/familiar reader | jinmin - Freeform,Kim Taehyung | V/Reader Series: Magic shop [1],"['Angst', 'Dirty Talk', 'Evil', 'Lust', 'Nibbling', 'Occult AU', 'Seven Deadly Sins', 'Smut', 'Vanilla', 'Witch AU', 'Witch Kim Taehyung', 'V', 'daemon/familiar reader', 'jinmin - Freeform']","['Angst', 'Dirty Talk', 'Evil', 'Lust', 'Seven Deadly Sins', 'Smut', 'Vanilla']","['Nibbling', 'Occult AU', 'Witch AU', 'Witch Kim Taehyung', 'V', 'daemon/familiar reader', 'jinmin - Freeform']","['Nibbling', 'Occult AU', 'Witch AU', 'Witch Kim Taehyung']",[]
https://golemlab.eu/graph/17279165,Quickie Series: Taehyung,What's the fun in getting off together if your boyfriend would rather fuck?,2019-01-03,1322,Mature,F/M,Completed,32,taehyung,Light Bondage | Mutual Masturbation | Mutual Orgasm,Kim Taehyung | V/Reader,"['Light Bondage', 'Mutual Masturbation', 'Mutual Orgasm']","['Light Bondage', 'Mutual Masturbation']",['Mutual Orgasm'],['Mutual Orgasm'],[]
https://golemlab.eu/graph/32774254,WOW,It’s been a long stressful week at work and when you get home you just want to get into something comfy. You just didn’t realise changing into your boyfriend's jumper would turn him on so much.,2021-07-23,5295,Explicit,F/M,Completed,32,taehyung,Established Relationship | Explicit Language | Explicit Sexual Content | Floor Sex | Fluff | Oral Sex | Plot What Plot/Porn Without Plot | Porn With Plot | Sex | Smut | Vaginal Fingering | Vaginal Sex,Kim Taehyung | V/Reader,"['Established Relationship', 'Explicit Language', 'Explicit Sexual Content', 'Floor Sex', 'Fluff', 'Oral Sex', 'Plot What Plot/Porn Without Plot', 'Porn With Plot', 'Sex', 'Smut', 'Vaginal Fingering', 'Vaginal Sex']","['Established Relationship', 'Explicit Language', 'Explicit Sexual Content', 'Floor Sex', 'Fluff', 'Oral Sex', 'Plot What Plot/Porn Without Plot', 'Porn With Plot', 'Sex', 'Smut', 'Vaginal Fingering', 'Vaginal Sex']",[],[],[]
https://golemlab.eu/graph/11602698,(Un)lost,"""I'm not looking to be found, I just want to feel unlost.""",2017-07-25,26411,Explicit,F/M,In-Progress,32,taehyung,,Kim Taehyung | V/Reader,[],[],[],[],[]
https://golemlab.eu/graph/39407871,Mafia Meet Cute Taehyung,"Your reputation for being both the owner of a shop with the best vintage luxury around couples with the reported magic your tailored items bring in has brought al sorts into your shop. Its never brought anything as intriguing or as beautiful as Kim Taehyung though, and he's got his own reputation.",2022-06-03,9757,Mature,F/M,Completed,32,taehyung,Alternate universe - Mafia | Light Bondage | Light Dom/sub | Slight Dom reader | Violence | slight sub taehyung,"Kim Taehyung | V/Reader, Kim Taehyung | V/You Series: Mafia Meet Cute [6]","['Alternate universe - Mafia', 'Light Bondage', 'Light Dom/sub', 'Slight Dom reader', 'Violence', 'slight sub taehyung']","['Light Bondage', 'Light Dom/sub', 'Violence']","['Alternate universe - Mafia', 'Slight Dom reader', 'slight sub taehyung']",[],[]
https://golemlab.eu/graph/11583585,A Dose Of Kim Taehyung-,"Mysophobia- also known as germaphobia, is a pathological fear of contamination and germs. There is nothing wrong with washing your hands...20 plus times a day. Or putting sanitizing everything. At least you think so. Your fear of germs has ruined your past relationships. But, you don't see anything wrong with that. They were like 'germs' in your life, so you 'washed' them off. But this particular hottie- I mean 'germ', is one you couldn't 'wash' off easily. Matter-of-fact, he wouldn't 'wash' off at all. A College Student! Kim Taehyung (V) x College Student! Reader EVENTAL SMUT, WILL WARN IF SO. PLEASE DO NOT READ IF YOU CANNOT HANDLE SOME OF THE SUGGESTIVE THINGS IN THIS STORY. Thanks and, enjoy~",2017-07-23,2117,Teen And Up Audiences,F/M,In-Progress,32,taehyung,Alternate Universe - College/University | Drama | Eventual Smut | Kim Taehyung x reader | Mysophobia | Psychological Drama | Psychology | Reader-Insert | Romance | Smut | V x Reader - Freeform | college AU?,Kim Taehyung | V/Reader Series: -A Dose of Kim Taehyung- [1],"['Alternate Universe - College/University', 'Drama', 'Eventual Smut', 'Kim Taehyung x reader', 'Mysophobia', 'Psychological Drama', 'Psychology', 'Reader-Insert', 'Romance', 'Smut', 'V x Reader - Freeform', 'college AU?']","['Alternate Universe - College/University', 'Drama', 'Eventual Smut', 'Psychological Drama', 'Psychology', 'Reader-Insert', 'Romance', 'Smut']","['Kim Taehyung x reader', 'Mysophobia', 'V x Reader - Freeform', 'college AU?']",['Mysophobia'],[]
https://golemlab.eu/graph/24755068,The Boy From the Coffee Shop,What happens when you break up with your boyfriend and go to a coffee shop. And once there you meet someone would you live with him or stay and drink your coffee.,2020-06-16,2690,Mature,F/M,Completed,32,taehyung,BTS One shot | Bangtan smut | Dom Kim Taehyung | V | Kpop smut | Omega Kim Taehyung | V | Taehyung smut | Taehyung x Reader - Freeform | Top Kim Taehyung | V | bangtan - Freeform | bangtan taehyung | bts - Freeform | bts smut | bts taehyung - Freeform | kim taehyung - Freeform | kim taehyung smut | tae - Freeform | tae smut | tae x reader | taehyung - Freeform,Kim Taehyung | V/Reader,"['BTS One shot', 'Bangtan smut', 'Dom Kim Taehyung', 'V', 'Kpop smut', 'Omega Kim Taehyung', 'V', 'Taehyung smut', 'Taehyung x Reader - Freeform', 'Top Kim Taehyung', 'V', 'bangtan - Freeform', 'bangtan taehyung', 'bts - Freeform', 'bts smut', 'bts taehyung - Freeform', 'kim taehyung - Freeform', 'kim taehyung smut', 'tae - Freeform', 'tae smut', 'tae x reader', 'taehyung - Freeform']",[],"['BTS One shot', 'Bangtan smut', 'Dom Kim Taehyung', 'V', 'Kpop smut', 'Omega Kim Taehyung', 'V', 'Taehyung smut', 'Taehyung x Reader - Freeform', 'Top Kim Taehyung', 'V', 'bangtan - Freeform', 'bangtan taehyung', 'bts - Freeform', 'bts smut', 'bts taehyung - Freeform', 'kim taehyung - Freeform', 'kim taehyung smut', 'tae - Freeform', 'tae smut', 'tae x reader', 'taehyung - Freeform']","['Dom Kim Taehyung', 'Omega Kim Taehyung', 'Top Kim Taehyung']",[]
https://golemlab.eu/graph/20852822,Bad Girl,,2019-10-01,1090,Mature,F/M,Completed,32,taehyung,Bratty Y/N | Dom Kim Taehyung | V | Rough Sex | Smut | backstage sex | sex after concert,Kim Taehyung | V/Reader,"['Bratty Y/N', 'Dom Kim Taehyung', 'V', 'Rough Sex', 'Smut', 'backstage sex', 'sex after concert']","['Rough Sex', 'Smut']","['Bratty Y/N', 'Dom Kim Taehyung', 'V', 'backstage sex', 'sex after concert']","['Bratty Y/N', 'Dom Kim Taehyung']",[]
https://golemlab.eu/graph/20738663,Worked Up,Taehyung has a way of getting you all worked up while he's on stage.,2019-09-22,2388,Explicit,F/M,Completed,32,taehyung,Shameless Smut | Smut,Kim Taehyung | V/Reader,"['Shameless Smut', 'Smut']","['Shameless Smut', 'Smut']",[],[],[]
https://golemlab.eu/graph/27818053,You Lift Me Up,"The first time you go to the gym alone, someone else is looking out for you. Things get interesting when said person turns out to help you out in more ways than one.",2020-12-01,3269,Mature,F/M,Completed,32,taehyung,Adorable Kim Taehyung | V | Come Eating | Cunnilingus | Cute | Eventual Smut | Fluff | Fluff and Smut | Kim Taehyung | V is Whipped | Kim Taehyung | V is a Little Shit | Nicknames | Oral Sex,Kim Taehyung | V/Reader Series: You Lift Me Up [1],"['Adorable Kim Taehyung', 'V', 'Come Eating', 'Cunnilingus', 'Cute', 'Eventual Smut', 'Fluff', 'Fluff and Smut', 'Kim Taehyung', 'V is Whipped', 'Kim Taehyung', 'V is a Little Shit', 'Nicknames', 'Oral Sex']","['Come Eating', 'Cunnilingus', 'Cute', 'Eventual Smut', 'Fluff', 'Fluff and Smut', 'Nicknames', 'Oral Sex']","['Adorable Kim Taehyung', 'V', 'Kim Taehyung', 'V is Whipped', 'Kim Taehyung', 'V is a Little Shit']","['Adorable Kim Taehyung', 'Kim Taehyung', 'Kim Taehyung']",[]
https://golemlab.eu/graph/16008476,Natural Bond,"You set out to share a place close to your heart with Taehyung. Together, you make it even more special. Dedicated to any other country girls who sometimes feel a little left out in the fandom.",2018-09-16,4388,Explicit,F/M,Completed,32,taehyung,Fluff and Smut,Kim Taehyung | V/Reader,['Fluff and Smut'],['Fluff and Smut'],[],[],[]
https://golemlab.eu/graph/37129282,𝐄𝐠𝐨 ~𝐊𝐓𝐇,"All it took were two words to make you angry: 𝐊𝐢𝐦 𝐓𝐚𝐞𝐡𝐲𝐮𝐧𝐠. ~~~ The CEO of a famous company just resigned in favor of attempting to live a 'normal' life, but his arrogance and wealth made him less than desirable to work with. So, when Mr. Kim Taehyung strolled into the ice cream parlor you worked, things were ought to get messy. Perhaps messier than you imagined...",2022-02-14,6082,Mature,F/M,Completed,32,taehyung,Arrogance | Bad Boy Kim Taehyung | V | CEO | CEO Kim Taehyung | V | Cute | Cutesy | Drama & Romance | Flirting | Fluff and Humor | Funny Kim Taehyung | V | Humor | I'm Bad At Tagging | Ice Cream | Ice Cream Parlors | Kim Taehyung | V & Park Jimin are Best Friends | Kim Taehyung | V Has a Nice Ass | Kim Taehyung | V is Bad at Feelings | Kim Taehyung | V is a Little Shit | Kim Taehyung | V-centric | Park Jimin Has Self-Esteem Issues (BTS) | Park Jimin Has a Nice Ass (BTS) | Park Jimin is Trying His Best (BTS) | Romance | Sexual Humor | Slow Burn | Slow Romance | Soft Park Jimin (BTS) | Summer Love | Summer Romance,Kim Taehyung | V/Reader,"['Arrogance', 'Bad Boy Kim Taehyung', 'V', 'CEO', 'CEO Kim Taehyung', 'V', 'Cute', 'Cutesy', 'Drama & Romance', 'Flirting', 'Fluff and Humor', 'Funny Kim Taehyung', 'V', 'Humor', ""I'm Bad At Tagging"", 'Ice Cream', 'Ice Cream Parlors', 'Kim Taehyung', 'V & Park Jimin are Best Friends', 'Kim Taehyung', 'V Has a Nice Ass', 'Kim Taehyung', 'V is Bad at Feelings', 'Kim Taehyung', 'V is a Little Shit', 'Kim Taehyung', 'V-centric', 'Park Jimin Has Self-Esteem Issues (BTS)', 'Park Jimin Has a Nice Ass (BTS)', 'Park Jimin is Trying His Best (BTS)', 'Romance', 'Sexual Humor', 'Slow Burn', 'Slow Romance', 'Soft Park Jimin (BTS)', 'Summer Love', 'Summer Romance']","['Arrogance', 'CEO', 'Cute', 'Cutesy', 'Drama & Romance', 'Flirting', 'Fluff and Humor', 'Humor', ""I'm Bad At Tagging"", 'Ice Cream', 'Ice Cream Parlors', 'Romance', 'Sexual Humor', 'Slow Burn', 'Slow Romance', 'Summer Love', 'Summer Romance']","['Bad Boy Kim Taehyung', 'V', 'CEO Kim Taehyung', 'V', 'Funny Kim Taehyung', 'V', 'Kim Taehyung', 'V & Park Jimin are Best Friends', 'Kim Taehyung', 'V Has a Nice Ass', 'Kim Taehyung', 'V is Bad at Feelings', 'Kim Taehyung', 'V is a Little Shit', 'Kim Taehyung', 'V-centric']","['Bad Boy Kim Taehyung', 'CEO Kim Taehyung', 'Funny Kim Taehyung', 'Kim Taehyung', 'Kim Taehyung', 'Kim Taehyung', 'Kim Taehyung', 'Kim Taehyung']","['Park Jimin Has Self-Esteem Issues (BTS)', 'Park Jimin Has a Nice Ass (BTS)', 'Park Jimin is Trying His Best (BTS)', 'Soft Park Jimin (BTS)']"
https://golemlab.eu/graph/40361682,Keep You In Mind,"You broke up with Tae because you didn’t think he cared. He never seemed to have you in mind, until you agree (after begging from Jimin) to let him stay at your place, and you find out just how out of mind you really are.",2022-07-17,7077,Explicit,F/M,Completed,32,taehyung,Angst | Breakups | Fingering | Heartache | Kissing | Love | Makeups | Oral Sex | Orgasms | Slow Burn | unprotected sex implied,Kim Taehyung | V/Reader Series: Stumble Upon [19],"['Angst', 'Breakups', 'Fingering', 'Heartache', 'Kissing', 'Love', 'Makeups', 'Oral Sex', 'Orgasms', 'Slow Burn', 'unprotected sex implied']","['Angst', 'Heartache', 'Kissing', 'Love', 'Oral Sex', 'Slow Burn']","['Breakups', 'Fingering', 'Makeups', 'Orgasms', 'unprotected sex implied']","['Breakups', 'Fingering', 'Makeups', 'Orgasms']",[]
https://golemlab.eu/graph/11099595,i'll love the world like i should,"what if you had a second chance to save his life? if you turned back the clock, where would you go back to? once you reach that place, can all the mistakes and errors be undone? will happiness be ours to stay? you've been living in seoul with your friend and her father, if you can even call it living. everyone seems to be hovering on the edges of your life: not quite close enough to know you, or to love you. sometimes your friend's cousin, namjoon, and his fellow trainees show up to take a break and say hello, but you've never felt as though they're your friends. but then seokjin dies. and it seems as though you're the only one who can stop the boys from falling apart.",2017-06-05,17545,Teen And Up Audiences,F/M,Completed,32,taehyung,Blood and Injury | Butterfly Effect | Depression | Erased Alternate Universe | Fluff and Angst | Physical Abuse | Reader-Insert | Suicide | Time Loop | Verbal Abuse | bc i'm weak for angst leading to eventual happiness | but there's also fluff | i guess i'd better tag the sad things hmm | inspired by the MVs and the anime Erased bc time loops woot woot | sad hospitals and a car wreck that happens like. three times | tae kills his dad too but we only hear about it,Kim Taehyung | V/Reader,"['Blood and Injury', 'Butterfly Effect', 'Depression', 'Erased Alternate Universe', 'Fluff and Angst', 'Physical Abuse', 'Reader-Insert', 'Suicide', 'Time Loop', 'Verbal Abuse', ""bc i'm weak for angst leading to eventual happiness"", ""but there's also fluff"", ""i guess i'd better tag the sad things hmm"", 'inspired by the MVs and the anime Erased bc time loops woot woot', 'sad hospitals and a car wreck that happens like. three times', 'tae kills his dad too but we only hear about it']","['Blood and Injury', 'Butterfly Effect', 'Depression', 'Fluff and Angst', 'Physical Abuse', 'Reader-Insert', 'Suicide', 'Time Loop', 'Verbal Abuse']","['Erased Alternate Universe', ""bc i'm weak for angst leading to eventual happiness"", ""but there's also fluff"", ""i guess i'd better tag the sad things hmm"", 'inspired by the MVs and the anime Erased bc time loops woot woot', 'sad hospitals and a car wreck that happens like. three times', 'tae kills his dad too but we only hear about it']",['Erased Alternate Universe'],[]
https://golemlab.eu/graph/16841173,Things You Said When I Was Crying,"Taehyung comforts you when you have a bad day. (I know that depression is a really serious topic and I don’t want to hurt anybody or offend anybody. The symptoms written here are just how I, personally, deal with mental illness. If any of this content triggers you, please do not read. Take care of yourself.) (This work is a back up from my tumblr spinebreak3r)",2018-12-04,461,General Audiences,Gen,Completed,32,taehyung,Angst | Angst and Hurt/Comfort | References to Depression,Kim Taehyung | V/Reader,"['Angst', 'Angst and Hurt/Comfort', 'References to Depression']","['Angst', 'Angst and Hurt/Comfort', 'References to Depression']",[],[],[]
https://golemlab.eu/graph/13894932,don't cry (we've got time),"""i want to spend forever with you."" and god do you wish it was possible.",2018-03-07,1714,General Audiences,M/M,Completed,31,taehyung,Angst | this might get a series of bonus chapters,Kim Taehyung | V/Reader,"['Angst', 'this might get a series of bonus chapters']",['Angst'],['this might get a series of bonus chapters'],[],[]
https://golemlab.eu/graph/26394142,Hot Summer | Kim Taehyung x reader,You and Taehyung are dying of the heat of a hot summer day. But Taehyung has a plan to cool off.,2020-09-10,995,General Audiences,F/M,Completed,31,taehyung,Fluff | swelting hot day,Kim Taehyung | V/Reader,"['Fluff', 'swelting hot day']",['Fluff'],['swelting hot day'],[],[]
https://golemlab.eu/graph/16952640,Soft breaths,You and your boyfriend enjoy a day of christmas shopping and finish it off by replacing the cold with the heat of each other ;),2018-12-11,4393,Mature,F/M,Completed,31,taehyung,Christmas Shopping | Dirty Talk | Domestic | Domestic Fluff | Fingering | Oral | Smut | blowjob | detailed | soft and loving to ROUGH,Kim Taehyung | V/Reader,"['Christmas Shopping', 'Dirty Talk', 'Domestic', 'Domestic Fluff', 'Fingering', 'Oral', 'Smut', 'blowjob', 'detailed', 'soft and loving to ROUGH']","['Christmas Shopping', 'Dirty Talk', 'Domestic', 'Domestic Fluff', 'Smut']","['Fingering', 'Oral', 'blowjob', 'detailed', 'soft and loving to ROUGH']","['Fingering', 'Oral']",[]
https://golemlab.eu/graph/10615737,Playlist,"Banging while listening to BTS, whoops.",2017-04-13,1101,Explicit,F/M,Completed,31,taehyung,Smut,Kim Taehyung | V/Reader,['Smut'],['Smut'],[],[],[]
https://golemlab.eu/graph/22013419,Drink So You'll Remember,"Pricking his own finger, you watch as he let the blood from his finger drop on a glass of a black liquid that was on the table in front of you. “Drink, so you’ll remember.” He said, handing the glass to you. “And if I don’t?” You ask. “Then you’ll break your promise all over again.”",2019-12-29,3889,Explicit,F/M,Completed,31,taehyung,Alternate Universe - Past Lives | Alternate Universe - Vampire | Character Turned Into Vampire | Death | Vampire Kim Taehyung | V | Vampire Turning,"Kim Taehyung | V/Reader, Kim Taehyung | V/You","['Alternate Universe - Past Lives', 'Alternate Universe - Vampire', 'Character Turned Into Vampire', 'Death', 'Vampire Kim Taehyung', 'V', 'Vampire Turning']","['Alternate Universe - Past Lives', 'Alternate Universe - Vampire', 'Character Turned Into Vampire', 'Death', 'Vampire Turning']","['Vampire Kim Taehyung', 'V']",['Vampire Kim Taehyung'],[]
https://golemlab.eu/graph/16276601,SorryNotSorry,"To provide some closure for a few of the How to Change a Fuqboi stories, the protagonist of the series sets off on a very not Eat-Pray-Love adventure while staying with her friend Jackson. She may or may not meet someone who helps her get over Taehyung.",2018-10-12,2118,Mature,F/M,Completed,31,taehyung,Angst | Best Friend Jackson Wang | How to Change a Fuqboi | Humor | Past Infidelity | Past Relationship(s) | Prequel | Sort Of | brief mention of smoking | fuckboy jimin | fuckboy taehyung | no more sassy narrator,"Kim Taehyung | V/Reader, Park Jimin/Reader Series: How to Change a Fuqboi [8]","['Angst', 'Best Friend Jackson Wang', 'How to Change a Fuqboi', 'Humor', 'Past Infidelity', 'Past Relationship(s)', 'Prequel', 'Sort Of', 'brief mention of smoking', 'fuckboy jimin', 'fuckboy taehyung', 'no more sassy narrator']","['Angst', 'Best Friend Jackson Wang', 'Humor', 'Past Infidelity', 'Past Relationship(s)', 'Prequel']","['How to Change a Fuqboi', 'Sort Of', 'brief mention of smoking', 'fuckboy jimin', 'fuckboy taehyung', 'no more sassy narrator']",['Sort Of'],[]
https://golemlab.eu/graph/19760209,Taehyung drabbles,Taehyung drabbles. These characters will not necessarily be tied together or related in any way.,2019-07-11,2025,General Audiences,F/M,Completed,31,taehyung,Childhood Friends | Drabble | Fluff | Friends to Lovers,Kim Taehyung | V/Reader,"['Childhood Friends', 'Drabble', 'Fluff', 'Friends to Lovers']","['Childhood Friends', 'Drabble', 'Fluff', 'Friends to Lovers']",[],[],[]
https://golemlab.eu/graph/23105791,Hungry,,2020-03-11,1095,Explicit,F/M,Completed,31,taehyung,Fluff and Smut,Kim Taehyung | V/Reader Series: Parenthood [3],['Fluff and Smut'],['Fluff and Smut'],[],[],[]
https://golemlab.eu/graph/17237342,Doctor,,2018-12-31,1201,Explicit,F/M,Completed,31,taehyung,Angst | Friends to Lovers | Smut,"Kim Taehyung | V/Reader, Kim Taehyung | V/You","['Angst', 'Friends to Lovers', 'Smut']","['Angst', 'Friends to Lovers', 'Smut']",[],[],[]
https://golemlab.eu/graph/19443340,18. Fansign (Literally),Prompt: Idol/Fan Week 3 Day 4,2019-07-02,1079,Teen And Up Audiences,F/M,Completed,31,taehyung,Cute Kim Taehyung | V | Fansign | Idol/Fan | Kim Taehyung | V is a Sweetheart | one shots,Kim Taehyung | V/Reader Series: 50 Days of One Shots [18],"['Cute Kim Taehyung', 'V', 'Fansign', 'Idol/Fan', 'Kim Taehyung', 'V is a Sweetheart', 'one shots']",[],"['Cute Kim Taehyung', 'V', 'Fansign', 'Idol/Fan', 'Kim Taehyung', 'V is a Sweetheart', 'one shots']","['Cute Kim Taehyung', 'Fansign', 'Idol/Fan', 'Kim Taehyung']",[]
https://golemlab.eu/graph/22032655,The Flight,You have flown quite a few times in your life because of your work and you've always love it. Except when there turbulence! Usually you either take sleeping tablets or just try to breath through your panic but this time you have a little help in the form of Kim Taehyung from BTS. What he does to get your mind off the turbulence is something you'll never forget.,2019-12-30,1947,Explicit,F/M,Completed,31,taehyung,Airplane Sex | Kim Taehyung | V-centric | Mile High Club | My First Smut | Smut,"Kim Taehyung | V/Reader, Kim Taehyung | V/You","['Airplane Sex', 'Kim Taehyung', 'V-centric', 'Mile High Club', 'My First Smut', 'Smut']","['Airplane Sex', 'Mile High Club', 'My First Smut', 'Smut']","['Kim Taehyung', 'V-centric']",['Kim Taehyung'],[]
https://golemlab.eu/graph/19741231,Outlines,"Author’s note: I really have no words for this. Taehyung Skype Sex. That is all. I’ve written smut for 2/3rds of the maknae line, so I guess it’s about time I wrote one for Tae.",2019-07-09,2874,Mature,F/M,Completed,31,taehyung,Smut,Kim Taehyung | V/Reader,['Smut'],['Smut'],[],[],[]
https://golemlab.eu/graph/22214029,Medium,"Experimental was only one word you would use to describe Kim Taehyung. Originally part of a challenge to write a drabble of less than 600 words and choose one genre for the member, smut in this case.",2020-01-11,600,Explicit,F/M,Completed,31,taehyung,Dom/sub | Explicit Sexual Content | Originally Posted on Tumblr | Smut | Temperature Play | Vibrators,Kim Taehyung | V/Reader Series: 600 Word Drabble Challenge [4],"['Dom/sub', 'Explicit Sexual Content', 'Originally Posted on Tumblr', 'Smut', 'Temperature Play', 'Vibrators']","['Dom/sub', 'Explicit Sexual Content', 'Originally Posted on Tumblr', 'Smut', 'Temperature Play', 'Vibrators']",[],[],[]
https://golemlab.eu/graph/30289104,Not a Morning Person,"after so many occasions of you making breakfast ready for him, taehyung attempts to return the favor. key word is attempt",2021-03-27,520,General Audiences,F/M,Completed,31,taehyung,Alternate Universe - Not K-Pop Idols | Cute Kim Taehyung | V | Drabble | Established Relationship | Morning Routines | Sleepy Kim Taehyung | V,Kim Taehyung | V/Reader,"['Alternate Universe - Not K-Pop Idols', 'Cute Kim Taehyung', 'V', 'Drabble', 'Established Relationship', 'Morning Routines', 'Sleepy Kim Taehyung', 'V']","['Alternate Universe - Not K-Pop Idols', 'Drabble', 'Established Relationship', 'Morning Routines']","['Cute Kim Taehyung', 'V', 'Sleepy Kim Taehyung', 'V']","['Cute Kim Taehyung', 'Sleepy Kim Taehyung']",[]
https://golemlab.eu/graph/16920096,여름 | Yeo Reum,I stuck with the same family pattern than in their respective TROS scenarios. This oneshot happens a few years afterwards.,2018-12-09,7680,Teen And Up Audiences,F/M,Completed,30,taehyung,DOMESTIC BTS | Domestic Fluff | Fluff | Husband Jungkook | Husband Taehyung,Kim Taehyung | V/Reader,"['DOMESTIC BTS', 'Domestic Fluff', 'Fluff', 'Husband Jungkook', 'Husband Taehyung']","['Domestic Fluff', 'Fluff']","['DOMESTIC BTS', 'Husband Jungkook', 'Husband Taehyung']","['Husband Jungkook', 'Husband Taehyung']",[]
https://golemlab.eu/graph/18064610,Allure,"Your boyfriend Taehyung is an artist, and whilst hanging out with his friends gets a very good idea on what to do for his next piece.",2019-03-10,5546,Explicit,F/M,Completed,30,taehyung,Art | Art Student Kim Taehyung | V | Brat | Creampie | Dirty Talk | Dom/sub | Dominance | Kitten Kink | Lemon | Oral Sex | Paint Kink | Plot What Plot/Porn Without Plot | dom!tae | fucking on a canvas | mature - Freeform | slight degradation,Kim Taehyung | V/You,"['Art', 'Art Student Kim Taehyung', 'V', 'Brat', 'Creampie', 'Dirty Talk', 'Dom/sub', 'Dominance', 'Kitten Kink', 'Lemon', 'Oral Sex', 'Paint Kink', 'Plot What Plot/Porn Without Plot', 'dom!tae', 'fucking on a canvas', 'mature - Freeform', 'slight degradation']","['Art', 'Creampie', 'Dirty Talk', 'Dom/sub', 'Dominance', 'Lemon', 'Oral Sex', 'Paint Kink', 'Plot What Plot/Porn Without Plot']","['Art Student Kim Taehyung', 'V', 'Brat', 'Kitten Kink', 'dom!tae', 'fucking on a canvas', 'mature - Freeform', 'slight degradation']","['Art Student Kim Taehyung', 'Brat', 'Kitten Kink']",[]
https://golemlab.eu/graph/6787096,Strawberries,Who ever knew strawberries could be so fun?,2016-05-08,2781,Mature,Gen,Completed,30,taehyung,Celebrations | Fluff | Food Kink | Food Sex | Smut | Strawberries | Yum,Kim Taehyung | V/Reader,"['Celebrations', 'Fluff', 'Food Kink', 'Food Sex', 'Smut', 'Strawberries', 'Yum']","['Celebrations', 'Fluff', 'Food Kink', 'Food Sex', 'Smut', 'Strawberries', 'Yum']",[],[],[]
https://golemlab.eu/graph/40968231,What Was Hidden,"This is how it all starts: Taehyung is flunking Western Lit. You’re assigned to tutor him. His paper on Strindberg’s The Ghost Sonata could pass or fail him for the semester. As you and Taehyung slowly become friends, then more, you learn that there’s a lot more to him than you originally assumed. Together, you navigate your own experiences with the play’s themes: one’s “true self” versus one’s “shown self”, darkness behind the facade, and how people can be quite literally haunted - and it has nothing to do with ghosts. ""I saw the sun and thought I saw what was hidden."" The Ghost Sonata | Scene III - August Strindberg",2022-08-12,64345,Explicit,F/M,In-Progress,30,taehyung,Alternate Universe - College/University | Drinking | Drunkenness | Eventual Smut | Explicit Language | Explicit Sexual Content | Heavy Angst | Kissing | Oral Sex | Strangers to Lovers | Unhealthy Coping Mechanisms | but a happy ending | honestly horrible rap lyrics | if i miss some pls tell me | oc is a WHOLE clown,"Kim Taehyung | V/Reader, Min Yoongi | Suga/Original Female Character(s)","['Alternate Universe - College/University', 'Drinking', 'Drunkenness', 'Eventual Smut', 'Explicit Language', 'Explicit Sexual Content', 'Heavy Angst', 'Kissing', 'Oral Sex', 'Strangers to Lovers', 'Unhealthy Coping Mechanisms', 'but a happy ending', 'honestly horrible rap lyrics', 'if i miss some pls tell me', 'oc is a WHOLE clown']","['Alternate Universe - College/University', 'Drinking', 'Drunkenness', 'Eventual Smut', 'Explicit Language', 'Explicit Sexual Content', 'Heavy Angst', 'Kissing', 'Oral Sex', 'Strangers to Lovers', 'Unhealthy Coping Mechanisms']","['but a happy ending', 'honestly horrible rap lyrics', 'if i miss some pls tell me', 'oc is a WHOLE clown']",[],[]
https://golemlab.eu/graph/38291410,Fall,This is how you met. This is how your story began.,2022-04-10,2429,Explicit,F/M,Completed,30,taehyung,Alternate Universe - College/University | Angst and Fluff and Smut,Kim Taehyung | V/Reader Series: Marriage Story [6],"['Alternate Universe - College/University', 'Angst and Fluff and Smut']","['Alternate Universe - College/University', 'Angst and Fluff and Smut']",[],[],[]
https://golemlab.eu/graph/35967334,it's you all along | kth,you've been plagued by visions about your soulmate since as long as you can remember. could this be the year where you finally meet him?,2021-12-26,7009,Mature,F/M,Completed,29,taehyung,Begging | Fluff | Mentions of Smut | Oral Sex | Overstimulation | POV Second Person | Romance | Sex | Soulmates | Vaginal Fingering,"Kim Taehyung | V/Reader, Kim Taehyung | V/You","['Begging', 'Fluff', 'Mentions of Smut', 'Oral Sex', 'Overstimulation', 'POV Second Person', 'Romance', 'Sex', 'Soulmates', 'Vaginal Fingering']","['Begging', 'Fluff', 'Oral Sex', 'Overstimulation', 'POV Second Person', 'Romance', 'Sex', 'Soulmates', 'Vaginal Fingering']",['Mentions of Smut'],[],[]
https://golemlab.eu/graph/11525973,a friend indeed,"You've been friends for years, and while you both may have changed, your friendship hasn't.",2017-07-17,760,Teen And Up Audiences,F/M,Completed,29,taehyung,Fluff,Kim Taehyung | V/Reader,['Fluff'],['Fluff'],[],[],[]
https://golemlab.eu/graph/41319387,Sumthin' Sumthin',"You can’t figure Kim Taehyung out. Especially why he’s been staring at you, but never acted on it. So when he finally asks for something, it’s your chance to find out.",2022-08-27,6222,Explicit,F/M,Completed,29,taehyung,Antagonism | Finger Sucking | Fingering | Kissing | Making Out | Orgasms | Slow Burn | Slow Dancing | Teasing | gossiping | nipple sucking,Kim Taehyung | V/Reader Series: Stumble Upon [14],"['Antagonism', 'Finger Sucking', 'Fingering', 'Kissing', 'Making Out', 'Orgasms', 'Slow Burn', 'Slow Dancing', 'Teasing', 'gossiping', 'nipple sucking']","['Antagonism', 'Finger Sucking', 'Kissing', 'Making Out', 'Slow Burn', 'Slow Dancing', 'Teasing']","['Fingering', 'Orgasms', 'gossiping', 'nipple sucking']","['Fingering', 'Orgasms']",[]
https://golemlab.eu/graph/17502440,Red,"Little Red Riding Hood AU — Taehyung x Reader After tragedy strikes the family, you decide that it was time to come home. Back to the big old house that your father had built near the edge of the Black Forest. Now strange things begin to happen as your 21st birthday begun to approach and you’re pretty sure it has a lot to do with a certain general who appeared out of thin air.... Now strange dreams and events keep happening around you as you try to get sense of what is really going on. Set in 1880’s (this is somewhat “accurate“....don’t quote me on this)",2019-01-21,10805,Mature,F/M,In-Progress,29,taehyung,Adult Red Riding Hood | Alternate Universe - Soulmates | Alternate Universe - Werewolf | Disney References,Kim Taehyung | V/Reader Series: Fairytales [1],"['Adult Red Riding Hood', 'Alternate Universe - Soulmates', 'Alternate Universe - Werewolf', 'Disney References']","['Adult Red Riding Hood', 'Alternate Universe - Soulmates', 'Alternate Universe - Werewolf', 'Disney References']",[],[],[]
https://golemlab.eu/graph/22642465,Underground,Being a top detective gives you priority over which case you want. Choosing the file Vante with hopes of it being short and sweet takes a drastic turn each time you think you’re a step ahead.,2020-02-10,24269,Mature,F/M,Completed,29,taehyung,Angst | Art Dealer Taehyung | V | Choking | Daddy Kink | Degradation | Dirty Talk | Fluff | Language | Mentions of Blood | Multiple Orgasms | Murder | Oral Sex | POV Multiple | Sir Kink | Smut | Spanking | Throat Fucking | Unprotected Sex | Violence | deTECTIVE READER,Kim Taehyung | V/Reader,"['Angst', 'Art Dealer Taehyung', 'V', 'Choking', 'Daddy Kink', 'Degradation', 'Dirty Talk', 'Fluff', 'Language', 'Mentions of Blood', 'Multiple Orgasms', 'Murder', 'Oral Sex', 'POV Multiple', 'Sir Kink', 'Smut', 'Spanking', 'Throat Fucking', 'Unprotected Sex', 'Violence', 'deTECTIVE READER']","['Angst', 'Choking', 'Daddy Kink', 'Dirty Talk', 'Fluff', 'Language', 'Multiple Orgasms', 'Murder', 'Oral Sex', 'POV Multiple', 'Smut', 'Spanking', 'Violence']","['Art Dealer Taehyung', 'V', 'Degradation', 'Mentions of Blood', 'Sir Kink', 'Throat Fucking', 'Unprotected Sex', 'deTECTIVE READER']","['Art Dealer Taehyung', 'Degradation', 'Sir Kink', 'Throat Fucking', 'Unprotected Sex']",[]
https://golemlab.eu/graph/16543475,The Halloween Party,,2018-11-06,3397,Mature,F/M,Completed,29,taehyung,Biting | Choking | Dom Kim Taehyung | V | Halloween | Halloween Costumes | Handcuffs | Light Dom/sub | Shameless Smut | Spanking,Kim Taehyung | V/Reader,"['Biting', 'Choking', 'Dom Kim Taehyung', 'V', 'Halloween', 'Halloween Costumes', 'Handcuffs', 'Light Dom/sub', 'Shameless Smut', 'Spanking']","['Biting', 'Choking', 'Halloween', 'Halloween Costumes', 'Handcuffs', 'Light Dom/sub', 'Shameless Smut', 'Spanking']","['Dom Kim Taehyung', 'V']",['Dom Kim Taehyung'],[]
https://golemlab.eu/graph/17592890,Now Exhale,"As always, cross-posted on my Tumblr Blog!",2019-01-29,2664,General Audiences,F/M,Completed,29,taehyung,Fluff | Pt. 2 of Hold Your Breath | Romance | Sea Prince AU,Kim Taehyung | V/Reader Series: Sea Prince AU | kth [2],"['Fluff', 'Pt. 2 of Hold Your Breath', 'Romance', 'Sea Prince AU']","['Fluff', 'Romance']","['Pt. 2 of Hold Your Breath', 'Sea Prince AU']",['Sea Prince AU'],[]
https://golemlab.eu/graph/24050557,Future,"It's been months since Taehyung was paralyzed, Christmas and New Years has passed and you both are now preparing for the wedding, a comeback, tour and more.",2020-05-07,13613,Teen And Up Audiences,F/M,Completed,29,taehyung,Angst | Disabled Character | Fluff | Happy Ending | Hurt/Comfort | TaehyungXreader - Freeform | Wedding | wheelchair,Kim Taehyung | V/Reader Series: The Bumps In Life [3],"['Angst', 'Disabled Character', 'Fluff', 'Happy Ending', 'Hurt/Comfort', 'TaehyungXreader - Freeform', 'Wedding', 'wheelchair']","['Angst', 'Disabled Character', 'Fluff', 'Happy Ending', 'Hurt/Comfort']","['TaehyungXreader - Freeform', 'Wedding', 'wheelchair']","['TaehyungXreader - Freeform', 'Wedding']",[]
https://golemlab.eu/graph/22081429,Sunny,"Taehyung has never been able to touch anyone without worrying he’d break them, and now that he can touch you, he never wants to let you go.",2020-01-02,3140,Mature,F/M,Completed,29,taehyung,Alternate Universe - Superheroes/Superpowers | Angst | Enhanced Reader | Superpowers | superpower au | villain bts,Kim Taehyung | V/Reader Series: Every Story Needs a Villain [2],"['Alternate Universe - Superheroes/Superpowers', 'Angst', 'Enhanced Reader', 'Superpowers', 'superpower au', 'villain bts']","['Alternate Universe - Superheroes/Superpowers', 'Angst', 'Superpowers']","['Enhanced Reader', 'superpower au', 'villain bts']",['Enhanced Reader'],[]
https://golemlab.eu/graph/24430519,The Gucci Rule,"your boyfriend just got back from tour and has an idea about what he wants to do as a reunion, while you have a specific rule about what he wants",2020-05-28,752,Mature,F/M,Completed,29,taehyung,Alternate Universe - Idols | Drabble | Established Relationship | Grinding | Groping | Kissing | Making Out | Smut | Talk of Anal | gucci,Kim Taehyung | V/Reader,"['Alternate Universe - Idols', 'Drabble', 'Established Relationship', 'Grinding', 'Groping', 'Kissing', 'Making Out', 'Smut', 'Talk of Anal', 'gucci']","['Alternate Universe - Idols', 'Drabble', 'Established Relationship', 'Grinding', 'Groping', 'Kissing', 'Making Out', 'Smut']","['Talk of Anal', 'gucci']",[],[]
https://golemlab.eu/graph/28328049,Finding Christmas again,"After a lifetime’s worth of turbulent and miserable Christmases with your family, you finally make the executive decision to spend this year’s Christmas alone. However, when you take home a box of old Christmas decorations from your friend’s shop, it seems that this Christmas is set to be different from the others. ChristmasScarecrow!Tae x human!Reader",2020-12-26,21981,Teen And Up Audiences,F/M,Completed,29,taehyung,Christmas Festivities | Fluff | Ice Skating | angst tolerant you are | are u gonna stop me | christmasscarecrow!Tae | no u can't i've already written it LOL | or a lot i guess it depends how like | there's also a touch of angst | there's sadness | yes that's a tag I just wrote | yes this fic is about a christmas themed scarecrow,Kim Taehyung | V/Reader,"['Christmas Festivities', 'Fluff', 'Ice Skating', 'angst tolerant you are', 'are u gonna stop me', 'christmasscarecrow!Tae', ""no u can't i've already written it LOL"", 'or a lot i guess it depends how like', ""there's also a touch of angst"", ""there's sadness"", ""yes that's a tag I just wrote"", 'yes this fic is about a christmas themed scarecrow']","['Fluff', 'Ice Skating']","['Christmas Festivities', 'angst tolerant you are', 'are u gonna stop me', 'christmasscarecrow!Tae', ""no u can't i've already written it LOL"", 'or a lot i guess it depends how like', ""there's also a touch of angst"", ""there's sadness"", ""yes that's a tag I just wrote"", 'yes this fic is about a christmas themed scarecrow']",['Christmas Festivities'],[]
https://golemlab.eu/graph/18497734,Where Are You?,"Kim Taehyung. That was the name of a strange nobody in school who always carried a camera with him. Also, the name belonging to the guy who carried your last words.",2019-04-17,9184,Teen And Up Audiences,F/M,Completed,28,taehyung,Alternate Universe - High School | Angst and Tragedy | Blood and Gore | Body Horror | Bullying | Cameras | Car Accidents | Character Death | Character Turned Into a Ghost | Death | Flashbacks | Flowers | Fluff | Fluff and Angst | Haunted Houses | Heavy Angst | Implied/Referenced Suicide | Inspired by Goblin (K-Drama) | Missing Persons | Paranormal | Paranormal Activities | References to Depression | Regret | Self-Denial | Soul-Searching | Suicidal Thoughts | Suicide Attempt | Tragedy | Withering,Kim Taehyung | V/Reader,"['Alternate Universe - High School', 'Angst and Tragedy', 'Blood and Gore', 'Body Horror', 'Bullying', 'Cameras', 'Car Accidents', 'Character Death', 'Character Turned Into a Ghost', 'Death', 'Flashbacks', 'Flowers', 'Fluff', 'Fluff and Angst', 'Haunted Houses', 'Heavy Angst', 'Implied/Referenced Suicide', 'Inspired by Goblin (K-Drama)', 'Missing Persons', 'Paranormal', 'Paranormal Activities', 'References to Depression', 'Regret', 'Self-Denial', 'Soul-Searching', 'Suicidal Thoughts', 'Suicide Attempt', 'Tragedy', 'Withering']","['Alternate Universe - High School', 'Angst and Tragedy', 'Blood and Gore', 'Body Horror', 'Bullying', 'Cameras', 'Car Accidents', 'Character Death', 'Character Turned Into a Ghost', 'Death', 'Flashbacks', 'Flowers', 'Fluff', 'Fluff and Angst', 'Haunted Houses', 'Heavy Angst', 'Implied/Referenced Suicide', 'Missing Persons', 'Paranormal', 'References to Depression', 'Regret', 'Self-Denial', 'Soul-Searching', 'Suicidal Thoughts', 'Suicide Attempt', 'Tragedy']","['Inspired by Goblin (K-Drama)', 'Paranormal Activities', 'Withering']","['Paranormal Activities', 'Withering']",[]
https://golemlab.eu/graph/22471636,coming down,,2020-01-30,778,Mature,F/M,Completed,28,taehyung,Dom Kim Taehyung | V | Kim Taehyung | V is Whipped | Masturbation,Kim Taehyung | V/Reader,"['Dom Kim Taehyung', 'V', 'Kim Taehyung', 'V is Whipped', 'Masturbation']",['Masturbation'],"['Dom Kim Taehyung', 'V', 'Kim Taehyung', 'V is Whipped']","['Dom Kim Taehyung', 'Kim Taehyung']",[]
https://golemlab.eu/graph/9367679,Pull me closer,So baby pull me closer in the backseat of your rover,2017-01-17,2359,General Audiences,F/M,Completed,28,taehyung,,Kim Taehyung | V/Reader,[],[],[],[],[]
https://golemlab.eu/graph/10835625,Child's Play,"Member(s): Taehyung x Reader Genre: Fluff Warning(s): Fluff fluff and more fluff Summary: You spend time with your sweet, but childish friend, Taehyung.",2017-05-06,1420,Teen And Up Audiences,F/M,Completed,28,taehyung,Fluff,Kim Taehyung | V/Reader,['Fluff'],['Fluff'],[],[],[]
https://golemlab.eu/graph/32562748,Sinkable Ships,"Humans are beautiful and strange and completely off-limits. But beautiful things are meant to survive, and he was the most beautiful human you had ever seen.",2021-07-14,4595,General Audiences,F/M,Completed,28,taehyung,mermaid/merman reader | merperson au,Kim Taehyung | V/Reader,"['mermaid/merman reader', 'merperson au']",[],"['mermaid/merman reader', 'merperson au']",[],[]
https://golemlab.eu/graph/24995575,Umbrella,"Being blind has it's disadvantages. You may not be able to tell what your crush Taehyung looks like, but the heart that he has, the care he has, is so much more important than that. So, maybe not seeing isn’t so bad after all. You have more focus on who the person is rather than what they look like. Taehyung ends up confessing to you underneath his umbrella after he asked you out for a drink. You thought he was joking.",2020-06-30,1092,General Audiences,Gen,Completed,28,taehyung,Collar Worker Reader | Collar Worker Taehyung | Kim Taehyung | V is Whipped | You're blind,Kim Taehyung | V/Reader,"['Collar Worker Reader', 'Collar Worker Taehyung', 'Kim Taehyung', 'V is Whipped', ""You're blind""]",[],"['Collar Worker Reader', 'Collar Worker Taehyung', 'Kim Taehyung', 'V is Whipped', ""You're blind""]","['Collar Worker Reader', 'Collar Worker Taehyung', 'Kim Taehyung']",[]
https://golemlab.eu/graph/16102430,"If Taehyung is Hades, would that mean Yeontan is Cerberus?","Y/n lives a normal quiet life, until she met devilishly handsome Kim Taehyung thanks to Tannie. She wants a normal life, but he wants something else. He wants her. And what Taehyung wants, Taehyung gets.",2018-09-26,3988,Mature,F/M,In-Progress,28,taehyung,Kidnapping | Romance | Taehyung is Rich | Thriller | Violence | Yeontan is the cutest shit ever | will add more tags later,Kim Taehyung | V/Reader,"['Kidnapping', 'Romance', 'Taehyung is Rich', 'Thriller', 'Violence', 'Yeontan is the cutest shit ever', 'will add more tags later']","['Kidnapping', 'Romance', 'Thriller', 'Violence']","['Taehyung is Rich', 'Yeontan is the cutest shit ever', 'will add more tags later']",[],[]
https://golemlab.eu/graph/13615593,bossy.,dom bottom tae x top fem reader.,2018-02-08,436,Mature,F/M,Completed,28,taehyung,Ass to Mouth | Daddy Kink | Power Bottom Kim Taehyung | V | Rimming,Kim Taehyung | V/Reader,"['Ass to Mouth', 'Daddy Kink', 'Power Bottom Kim Taehyung', 'V', 'Rimming']","['Ass to Mouth', 'Daddy Kink', 'Rimming']","['Power Bottom Kim Taehyung', 'V']",['Power Bottom Kim Taehyung'],[]
https://golemlab.eu/graph/32998354,Are fruit snacks worth it?,"Your Dom doesnt let you cum the entire day, so what do you do when he comes home? You break his rules and keep pushing. Taehyung does what any Dom does with their brat, he makes them submit.",2021-08-03,1053,Explicit,F/M,Completed,28,taehyung,Bimboification | Degradation | Dirty Talk | Dom Kim Taehyung | V | Dom/sub Play | Kim Taehyung | V Has a Big Dick | Name-Calling | Overstimulation | Reader-Insert | Size Difference | Size Kink | Spit As Lube | Spit Kink | This Is Why We Can't Have Nice Things | Top Kim Taehyung | V | i wrote this with my pussy,Kim Taehyung | V/Reader,"['Bimboification', 'Degradation', 'Dirty Talk', 'Dom Kim Taehyung', 'V', 'Dom/sub Play', 'Kim Taehyung', 'V Has a Big Dick', 'Name-Calling', 'Overstimulation', 'Reader-Insert', 'Size Difference', 'Size Kink', 'Spit As Lube', 'Spit Kink', ""This Is Why We Can't Have Nice Things"", 'Top Kim Taehyung', 'V', 'i wrote this with my pussy']","['Dirty Talk', 'Dom/sub Play', 'Name-Calling', 'Overstimulation', 'Reader-Insert', 'Size Difference', 'Size Kink', 'Spit As Lube', 'Spit Kink', ""This Is Why We Can't Have Nice Things""]","['Bimboification', 'Degradation', 'Dom Kim Taehyung', 'V', 'Kim Taehyung', 'V Has a Big Dick', 'Top Kim Taehyung', 'V', 'i wrote this with my pussy']","['Bimboification', 'Degradation', 'Dom Kim Taehyung', 'Kim Taehyung', 'Top Kim Taehyung']",[]
https://golemlab.eu/graph/38416369,STATIC,"electricity (noun) /ˌɪlɛkˈtrɪsɪti,ˌɛlɛkˈtrɪsɪti,ˌiːlɛkˈtrɪsɪti/ 1. a form of energy resulting from the existence of charged particles (such as electrons or protons), either statically as an accumulation of charge or dynamically as a current. 2. a state or feeling of thrilling excitement. You, a 28 year old orthopedic surgeon, meet your soulmate at the worst possible moment of his life.",2022-04-16,12567,Teen And Up Audiences,F/M,In-Progress,28,taehyung,Alternate Universe - Idols | Childhood Trauma | Healing | Idols | Reader-Insert | Slow Burn | Slow Romance | Soulmates | Strangers to Lovers | Swearing | soulmates au: revealed by touch,"Kim Taehyung | V/Reader, Kim Taehyung | V/You","['Alternate Universe - Idols', 'Childhood Trauma', 'Healing', 'Idols', 'Reader-Insert', 'Slow Burn', 'Slow Romance', 'Soulmates', 'Strangers to Lovers', 'Swearing', 'soulmates au: revealed by touch']","['Alternate Universe - Idols', 'Childhood Trauma', 'Healing', 'Idols', 'Reader-Insert', 'Slow Burn', 'Slow Romance', 'Soulmates', 'Strangers to Lovers', 'Swearing']",['soulmates au: revealed by touch'],[],[]
https://golemlab.eu/graph/14755658,sea of a million stars,"“That was how love was born: within the walls of one’s spirit, crawling its way out until it erupted at the tip of their tongue, no more than a devoted confession at the stardust that now embellished the space between the two of you — that was how your own sentiment came to light, following the clicking of a camera, and the eternalized picture of a thought-filled sea of snow and anemic trees. The world never felt so desolated, but your heart never felt so full.”",2018-05-26,22611,Teen And Up Audiences,F/M,Completed,28,taehyung,Alternate Universe - College/University | Angst | College AU | Fluff | Photographer Taehyung | Writer Reader | a lot of mcfreaking metaphors and comparisons | besides a fuckton of philosophical talk | im not sorry,Kim Taehyung | V/Reader,"['Alternate Universe - College/University', 'Angst', 'College AU', 'Fluff', 'Photographer Taehyung', 'Writer Reader', 'a lot of mcfreaking metaphors and comparisons', 'besides a fuckton of philosophical talk', 'im not sorry']","['Alternate Universe - College/University', 'Angst', 'Fluff']","['College AU', 'Photographer Taehyung', 'Writer Reader', 'a lot of mcfreaking metaphors and comparisons', 'besides a fuckton of philosophical talk', 'im not sorry']","['College AU', 'Photographer Taehyung', 'Writer Reader']",[]
https://golemlab.eu/graph/15519333,In Which Daffodils Take the Spotlight (and You Don't Like It),"Taehyung's flower choices invoke a moment of insecurity in you, and he doesn't understand it nor does he like it.",2018-08-01,1408,General Audiences,F/M,Completed,28,taehyung,Alternate Universe - Howl's Moving Castle Fusion | Angst | Angst and Fluff | Flowers | Fluff | Howl's Moving Castle | Kim Taehyung | V is a Sweetheart | Wizard Taehyung | Wizard!Taehyung | minor angst tho | not hanahaki tho | that hurts me too much to write,Kim Taehyung | V/Reader Series: V's Moving Castle [2],"[""Alternate Universe - Howl's Moving Castle Fusion"", 'Angst', 'Angst and Fluff', 'Flowers', 'Fluff', ""Howl's Moving Castle"", 'Kim Taehyung', 'V is a Sweetheart', 'Wizard Taehyung', 'Wizard!Taehyung', 'minor angst tho', 'not hanahaki tho', 'that hurts me too much to write']","[""Alternate Universe - Howl's Moving Castle Fusion"", 'Angst', 'Flowers', 'Fluff']","['Angst and Fluff', ""Howl's Moving Castle"", 'Kim Taehyung', 'V is a Sweetheart', 'Wizard Taehyung', 'Wizard!Taehyung', 'minor angst tho', 'not hanahaki tho', 'that hurts me too much to write']","['Kim Taehyung', 'Wizard Taehyung', 'Wizard!Taehyung']",[]
https://golemlab.eu/graph/17039636,Royal escape,"Two kingdoms and a divided city. You, the princess of the east side had grown up playing with the prince of the west and as you grew older so did your love for each other. When you were suddenly separated by the split of the city between the two kingdoms the prince of the west, prince Taehyung made his big escape and ran away. Nobody knew where he was, not even you and you missed him so dearly. When a masquerade was held for you in order to let you find a prince, Taehyung suddenly appeared, desperate to remind you that he still loved you. His quick visit left you heart broken and thus you planned your own escape, desperate to find him and give him your heart…",2018-12-17,17461,Explicit,F/M,Completed,28,taehyung,Angst | Angst and Smut | Dirty Talk | Prince Kim Taehyung | V | Revolution | Running Away | Smut | Top Kim Taehyung | V | Vanilla | enloping | rough | royal au,Kim Taehyung | V/Reader,"['Angst', 'Angst and Smut', 'Dirty Talk', 'Prince Kim Taehyung', 'V', 'Revolution', 'Running Away', 'Smut', 'Top Kim Taehyung', 'V', 'Vanilla', 'enloping', 'rough', 'royal au']","['Angst', 'Dirty Talk', 'Revolution', 'Running Away', 'Smut', 'Vanilla']","['Angst and Smut', 'Prince Kim Taehyung', 'V', 'Top Kim Taehyung', 'V', 'enloping', 'rough', 'royal au']","['Prince Kim Taehyung', 'Top Kim Taehyung']",[]
https://golemlab.eu/graph/23105752,And Then There Were Four,,2020-03-11,1974,Explicit,F/M,Completed,28,taehyung,Fluff and Smut | Impregnation,Kim Taehyung | V/Reader Series: Parenthood [2],"['Fluff and Smut', 'Impregnation']","['Fluff and Smut', 'Impregnation']",[],[],[]
https://golemlab.eu/graph/38977029,Falling In Love With Kim Taehyung,"You move to Seoul to stay with your brother, Yoongi after having a serious fallout with your parents. Yoongi has always been protective of you, but after the situation he barely got you out of, how will he react when you finally meet his 6 best friends? Better yet, how will he react when he finds out one of them is not just a friend?",2022-05-14,6269,Explicit,F/M,In-Progress,28,taehyung,Adorable Kim Taehyung | V | Brother-Sister Relationships | Fluff | Fluff and Smut | Jeon Jungkook & Kim Taehyung | V are Best Friends | Jimin and Jungkook are little shits | Kim Taehyung | V & Park Jimin are Best Friends | Kim Taehyung | V is Whipped | Kim Taehyung | V is a Little Shit | Kim Taehyung | V-centric | Love at First Sight | Min Yoongi | Suga is Bad at Feelings | Min Yoongi | Suga is Trying His Best | Only you have boobs | Protective Older Brothers | Reader has a personality now | Rewrite | Series | Siblings | Smut | Sneaking | Sneaking Around | Sneaking Out | Yoongi is your oppa | Yoongi isn't mean anymore | You two could be twins | not on purpose anyways,Kim Taehyung | V/Reader Series: The Falling Mini Series [1],"['Adorable Kim Taehyung', 'V', 'Brother-Sister Relationships', 'Fluff', 'Fluff and Smut', 'Jeon Jungkook & Kim Taehyung', 'V are Best Friends', 'Jimin and Jungkook are little shits', 'Kim Taehyung', 'V & Park Jimin are Best Friends', 'Kim Taehyung', 'V is Whipped', 'Kim Taehyung', 'V is a Little Shit', 'Kim Taehyung', 'V-centric', 'Love at First Sight', 'Min Yoongi', 'Suga is Bad at Feelings', 'Min Yoongi', 'Suga is Trying His Best', 'Only you have boobs', 'Protective Older Brothers', 'Reader has a personality now', 'Rewrite', 'Series', 'Siblings', 'Smut', 'Sneaking', 'Sneaking Around', 'Sneaking Out', 'Yoongi is your oppa', ""Yoongi isn't mean anymore"", 'You two could be twins', 'not on purpose anyways']","['Brother-Sister Relationships', 'Fluff', 'Fluff and Smut', 'Love at First Sight', 'Protective Older Brothers', 'Rewrite', 'Series', 'Siblings', 'Smut', 'Sneaking', 'Sneaking Around', 'Sneaking Out']","['Adorable Kim Taehyung', 'V', 'Jeon Jungkook & Kim Taehyung', 'V are Best Friends', 'Jimin and Jungkook are little shits', 'Kim Taehyung', 'V & Park Jimin are Best Friends', 'Kim Taehyung', 'V is Whipped', 'Kim Taehyung', 'V is a Little Shit', 'Kim Taehyung', 'V-centric', 'Min Yoongi', 'Suga is Bad at Feelings', 'Min Yoongi', 'Suga is Trying His Best', 'Only you have boobs', 'Reader has a personality now', 'Yoongi is your oppa', ""Yoongi isn't mean anymore"", 'You two could be twins', 'not on purpose anyways']","['Adorable Kim Taehyung', 'Jeon Jungkook & Kim Taehyung', 'Kim Taehyung', 'Kim Taehyung', 'Kim Taehyung', 'Kim Taehyung', 'Min Yoongi', 'Min Yoongi']",[]
https://golemlab.eu/graph/27763837,The Crooner,"Just when you thought you would be spending the most romantic day of the year alone, you’re swept off your feet by a seductive singer and put into an exhilaratingly risky situation. [50′s AU]",2020-11-28,2018,Explicit,F/M,Completed,27,taehyung,Alcohol | Choking | Consensual Sex | Exhibitionism | Strangers to Lovers | Unprotected Sex | Vaginal Sex | pull-out method,Kim Taehyung | V/Reader,"['Alcohol', 'Choking', 'Consensual Sex', 'Exhibitionism', 'Strangers to Lovers', 'Unprotected Sex', 'Vaginal Sex', 'pull-out method']","['Alcohol', 'Choking', 'Consensual Sex', 'Exhibitionism', 'Strangers to Lovers', 'Vaginal Sex']","['Unprotected Sex', 'pull-out method']",['Unprotected Sex'],[]
https://golemlab.eu/graph/36633286,Good Luck Charm | KTH,Taehyung fucking you backstage after winning an award is the hottest thing ever.,2022-01-24,1444,Explicit,F/M,Completed,27,taehyung,Breast Play | Clit Play | Creampie | Daddy Dom Kim Taehyung | V | Daddy Kink | Dom Kim Taehyung | V | Idol Kim Taehyung | V | Idol Reader | Kim Taehyung | V Has a Big Dick | Marking | Nipple Licking | Nipple Play | Plot What Plot/Porn Without Plot | Praise Kink | Rough Sex | Unprotected Sex | Vaginal Sex | degradation kink | kim taehyung fwb,Kim Taehyung | V/Reader,"['Breast Play', 'Clit Play', 'Creampie', 'Daddy Dom Kim Taehyung', 'V', 'Daddy Kink', 'Dom Kim Taehyung', 'V', 'Idol Kim Taehyung', 'V', 'Idol Reader', 'Kim Taehyung', 'V Has a Big Dick', 'Marking', 'Nipple Licking', 'Nipple Play', 'Plot What Plot/Porn Without Plot', 'Praise Kink', 'Rough Sex', 'Unprotected Sex', 'Vaginal Sex', 'degradation kink', 'kim taehyung fwb']","['Creampie', 'Daddy Kink', 'Marking', 'Nipple Licking', 'Nipple Play', 'Plot What Plot/Porn Without Plot', 'Praise Kink', 'Rough Sex', 'Vaginal Sex']","['Breast Play', 'Clit Play', 'Daddy Dom Kim Taehyung', 'V', 'Dom Kim Taehyung', 'V', 'Idol Kim Taehyung', 'V', 'Idol Reader', 'Kim Taehyung', 'V Has a Big Dick', 'Unprotected Sex', 'degradation kink', 'kim taehyung fwb']","['Breast Play', 'Clit Play', 'Daddy Dom Kim Taehyung', 'Dom Kim Taehyung', 'Idol Kim Taehyung', 'Idol Reader', 'Kim Taehyung', 'Unprotected Sex']",[]
https://golemlab.eu/graph/14950283,Control,"Kim Taehyung. You’ve seen him a few times now. Respectful, handsome, and from the amount of money he throws around, incredibly rich. So you’re pleased when he requests a private dance with you. This boy doesn’t know what he’s in for.",2018-06-16,1235,Explicit,F/M,In-Progress,27,taehyung,Dirty Dancing | Grinding | Light Bondage | Light Dom/sub | Strippers & Strip Clubs | Teasing,Kim Taehyung | V/Reader,"['Dirty Dancing', 'Grinding', 'Light Bondage', 'Light Dom/sub', 'Strippers & Strip Clubs', 'Teasing']","['Dirty Dancing', 'Grinding', 'Light Bondage', 'Light Dom/sub', 'Strippers & Strip Clubs', 'Teasing']",[],[],[]
https://golemlab.eu/graph/16645148,we could call an uber,"you easily weave underneath a swinging fist to grip the man's wrist and hook an arm around his thigh, twisting to hurl him over your head. he flies, groans as he hits the wall, and conks out. taehyung gapes. ""how...?"" you turn to him and wink, before meeting the rest of the guys who've shaken off their similar surprise, head-on.",2018-11-21,505,General Audiences,M/M,Completed,27,taehyung,Alternate Universe - Superheroes/Superpowers,Kim Taehyung | V/Reader,['Alternate Universe - Superheroes/Superpowers'],['Alternate Universe - Superheroes/Superpowers'],[],[],[]
https://golemlab.eu/graph/21779617,Cold Prince With A Warm Heart,"Prince Tae to everyone was a cold, self-centred prince without a care for anyone else. However, all he wanted was for someone to love him for who he is, rather than what he appears to be. Will he ever find someone to love and for them to love him in return?",2019-12-13,5249,General Audiences,F/M,In-Progress,27,taehyung,Friendship | Historical | Romance | bts - Freeform,Kim Taehyung | V/Reader Series: Warm Heart [1],"['Friendship', 'Historical', 'Romance', 'bts - Freeform']","['Friendship', 'Historical', 'Romance']",['bts - Freeform'],[],[]
https://golemlab.eu/graph/17228471,Birthday Gift,You and Taehyung are both tired after his party - but not before you give him his last present.,2018-12-30,2769,Mature,F/M,Completed,27,taehyung,Blow Jobs | Bondage | Femdom | Maledom | Riding,Kim Taehyung | V/Reader,"['Blow Jobs', 'Bondage', 'Femdom', 'Maledom', 'Riding']","['Blow Jobs', 'Bondage', 'Femdom', 'Maledom', 'Riding']",[],[],[]
https://golemlab.eu/graph/11221569,Bathroom Troubles,your face felt hot and your chest was on fire and it felt like you couldn’t breathe. your shoulders were shaking and your stomach was caving in on itself. you felt your fingers get wet and you guessed that your tears had finally spilt over onto your face.,2017-06-25,6986,Teen And Up Audiences,Other,Completed,27,taehyung,Fluff and Angst | Gender Neutral | Light Angst | Mentioned Jeon Jungkook | Mentioned Jung Hoseok | J-Hope | Mentioned Kim Namjoon | Rap Monster | Mentioned Kim Seokjin | Jin | Mentioned Min Yoongi | Suga | Mentioned Park Jimin | Panic Attacks | but the reader is just really really nervous and their nerves get a little out of hand | fear of speaking | i don't really know if its a fear of public speaking | i hope the interactions aren't too choppy or awkward | i tried to make this as smooth as possible,Kim Taehyung | V/Reader Series: For The Hard Times [6],"['Fluff and Angst', 'Gender Neutral', 'Light Angst', 'Mentioned Jeon Jungkook', 'Mentioned Jung Hoseok', 'J-Hope', 'Mentioned Kim Namjoon', 'Rap Monster', 'Mentioned Kim Seokjin', 'Jin', 'Mentioned Min Yoongi', 'Suga', 'Mentioned Park Jimin', 'Panic Attacks', 'but the reader is just really really nervous and their nerves get a little out of hand', 'fear of speaking', ""i don't really know if its a fear of public speaking"", ""i hope the interactions aren't too choppy or awkward"", 'i tried to make this as smooth as possible']","['Fluff and Angst', 'Light Angst', 'Panic Attacks']","['Gender Neutral', 'Mentioned Jung Hoseok', 'J-Hope', 'Mentioned Kim Namjoon', 'Rap Monster', 'Mentioned Kim Seokjin', 'Jin', 'Mentioned Min Yoongi', 'Suga', 'Mentioned Park Jimin', 'but the reader is just really really nervous and their nerves get a little out of hand', 'fear of speaking', ""i don't really know if its a fear of public speaking"", ""i hope the interactions aren't too choppy or awkward"", 'i tried to make this as smooth as possible']","['Gender Neutral', 'Mentioned Jung Hoseok', 'J-Hope', 'Mentioned Kim Namjoon', 'Rap Monster', 'Mentioned Kim Seokjin', 'Jin', 'Mentioned Min Yoongi', 'Suga', 'Mentioned Park Jimin']",['Mentioned Jeon Jungkook']
https://golemlab.eu/graph/23105425,Parenthood,A look into your life as you navigate being young parents of four.,2020-03-11,5060,Explicit,F/M,In-Progress,26,taehyung,Creampie | Fingerfucking | Fluff and Smut,Kim Taehyung | V/Reader Series: Parenthood [1],"['Creampie', 'Fingerfucking', 'Fluff and Smut']","['Creampie', 'Fingerfucking', 'Fluff and Smut']",[],[],[]
https://golemlab.eu/graph/25313989,"Thank you, love","""Happy birthday, love"" Taehyung said as he kissed your temple. You could hear him, but you had no way to let him know. Your soul was still listening, but your body didn't. It lay lifeless on the hospital bad. No matter how much you tried to resurrect it, it just laid there, limp on the white sheets. It couldn't even breath by itself, yet you still hoped that you could say: ""Thank you, love"". edit: READER IS GENDERLESS EYYYY",2020-07-16,1242,Teen And Up Audiences,F/M,Completed,26,taehyung,Car Accidents | Coma | Fluff | Happy Ending | Hospitals | One Shot | Soft Kim Taehyung | V,Kim Taehyung | V/Reader,"['Car Accidents', 'Coma', 'Fluff', 'Happy Ending', 'Hospitals', 'One Shot', 'Soft Kim Taehyung', 'V']","['Car Accidents', 'Coma', 'Fluff', 'Happy Ending', 'Hospitals', 'One Shot']","['Soft Kim Taehyung', 'V']",['Soft Kim Taehyung'],[]
https://golemlab.eu/graph/39123987,Holding You Like This,"Taehyung didn't anticipate seeing you tonight, least of all with a date by your side, but he guesses it'll be okay because it has been over five years since he last saw you and he has moved on. But the air is far from cleared between you both. So when confrontations start to happen, all of the pain from his past he thought he had overcome makes itself known, unwelcome.",2022-05-21,18607,Explicit,F/M,Completed,26,taehyung,Angst | Angst and Humor | Angst with a Happy Ending | Dirty Talk | Exes to Lovers | Explicit Sexual Content | Fainting Due to Stress | Fights | Heartbreak | Humor | Insecurity | Mentions Of Infidelity | Misunderstandings | Rough Sex | Semi-Public Sex | Sex | Smut | Swearing | Vaginal Fingering | club owner!taehyung | journalist!reader,Kim Taehyung | V/Reader,"['Angst', 'Angst and Humor', 'Angst with a Happy Ending', 'Dirty Talk', 'Exes to Lovers', 'Explicit Sexual Content', 'Fainting Due to Stress', 'Fights', 'Heartbreak', 'Humor', 'Insecurity', 'Mentions Of Infidelity', 'Misunderstandings', 'Rough Sex', 'Semi-Public Sex', 'Sex', 'Smut', 'Swearing', 'Vaginal Fingering', 'club owner!taehyung', 'journalist!reader']","['Angst', 'Angst and Humor', 'Angst with a Happy Ending', 'Dirty Talk', 'Explicit Sexual Content', 'Fights', 'Heartbreak', 'Humor', 'Insecurity', 'Misunderstandings', 'Rough Sex', 'Semi-Public Sex', 'Sex', 'Smut', 'Swearing', 'Vaginal Fingering']","['Exes to Lovers', 'Fainting Due to Stress', 'Mentions Of Infidelity', 'club owner!taehyung', 'journalist!reader']",['Mentions Of Infidelity'],[]
https://golemlab.eu/graph/17189996,"Thank you, I Love you","""You drink in his smell, the texture of his tuxedo and eye the pin on his tie. You notice his eyes are shining with tears when he separates from you and is looking down at you, overwhelmed with your words, unable to say anything back yet. You know him too well.""",2018-12-27,1860,General Audiences,F/M,Completed,26,taehyung,Angst | Weddings,Kim Taehyung | V/Reader,"['Angst', 'Weddings']","['Angst', 'Weddings']",[],[],[]
https://golemlab.eu/graph/19831534,29. Waiting For You (Maybe It’s Fate),Prompt: Amusement Park Week 5 Day 1,2019-07-16,1392,Teen And Up Audiences,F/M,Completed,26,taehyung,Amusement Park | Fluff | one shots,Kim Taehyung | V/Reader Series: 50 Days of One Shots [29],"['Amusement Park', 'Fluff', 'one shots']",['Fluff'],"['Amusement Park', 'one shots']",['Amusement Park'],[]
https://golemlab.eu/graph/19029997,thirst trap,taehyung is the campus ig thot and you're the bitch he underestimated,2019-05-30,953,Teen And Up Audiences,F/M,Completed,26,taehyung,Humor,Kim Taehyung | V/Reader Series: stories that never were [1],['Humor'],['Humor'],[],[],[]
https://golemlab.eu/graph/16945488,Game,"Being a made man's daughter, it was required of you to marry someone in the family. However, what you didn't expect, was the most ruthless one from the crowd, had gained interest over you.",2018-12-11,4179,Mature,F/M,Completed,26,taehyung,,Kim Taehyung | V/Reader,[],[],[],[],[]
https://golemlab.eu/graph/12642585,Hold Me Tight {TW},Taehyung has cheated on Y/N and broken promises. He doesn't know what to do when she leaves him.,2017-11-05,2224,Mature,F/M,Completed,26,taehyung,Attempted Rape/Non-Con | Attempted Sexual Assault | Cheating | Hold Me Tight songfic | Mistakes | Self-Harm | Songfic,Kim Taehyung | V/Reader Series: ~Kim Taehyung Oneshots and Imagines~ [1],"['Attempted Rape/Non-Con', 'Attempted Sexual Assault', 'Cheating', 'Hold Me Tight songfic', 'Mistakes', 'Self-Harm', 'Songfic']","['Attempted Rape/Non-Con', 'Attempted Sexual Assault', 'Cheating', 'Mistakes', 'Self-Harm', 'Songfic']",['Hold Me Tight songfic'],[],[]
https://golemlab.eu/graph/19153567,Lotus,"After centuries of being isolated from the world, the spirit of qetesh has been released. Being away for so long, she just wants to fuck shit up. Now, it’s two spirits living in the same body, opposite personalities and one very cute neighbor named Taehyung",2019-06-09,8192,Explicit,F/M,Completed,26,taehyung,Needy Taehyung | Non-Idol AU | Oral Sex | Penetrative Sex | Possesion | Smut | bts - Freeform | bts fanfic | bts fanfiction | bts fic | bts scenario | bts smut | qetesh au,Kim Taehyung | V/Reader Series: One-Shots [1],"['Needy Taehyung', 'Non-Idol AU', 'Oral Sex', 'Penetrative Sex', 'Possesion', 'Smut', 'bts - Freeform', 'bts fanfic', 'bts fanfiction', 'bts fic', 'bts scenario', 'bts smut', 'qetesh au']","['Oral Sex', 'Smut']","['Needy Taehyung', 'Non-Idol AU', 'Penetrative Sex', 'Possesion', 'bts - Freeform', 'bts fanfic', 'bts fanfiction', 'bts fic', 'bts scenario', 'bts smut', 'qetesh au']","['Needy Taehyung', 'Non-Idol AU', 'Penetrative Sex', 'Possesion']",[]
https://golemlab.eu/graph/30978659,Wet Play,"“Taehyung you idiot, you know I thought about it. I had a whole fucking dream about it,” you admit - but you can’t blush, because you already are. He smiles fondly, with a warmth in his face that doesn’t appear in those mocking smirks he always gives you. But then his smile drops. “Wait- are you saying you had a wet dream about me?” “TAEHYUNG-”",2021-04-29,6925,Explicit,F/M,Completed,26,taehyung,(at the end lmao) | BDSM | Bathroom Sex | Come Eating | Creampie | Dom/sub | Edgeplay | Edging | Foreplay | High School | How is he a virgin tho | I literally hate typing this 🤡 | Idk what else to tag?? Just read it idk | Light Dom/sub | Loss of Virginity | Love | Love Confessions | Love/Hate | Oral Sex | Orgasm Control | Orgasm Delay/Denial | PLS THIS IS SO AWKWARD TO TYPE | Romance | Romantic Fluff | Romantic Kim Taehyung | V | Rough Kim Taehyung | V | Rough Sex | Semi-Public Sex | Spanking | Strangers to Lovers | Switch Kim Taehyung | V | Vaginal Fingering | Vaginal Sex | anyway... | apparently some people can't read the tags... I SAID COME EATING | but they’re 18 dw | but who's the dom? | ew a straight fanfic? | this is so unrealistic,Kim Taehyung | V/Reader,"['(at the end lmao)', 'BDSM', 'Bathroom Sex', 'Come Eating', 'Creampie', 'Dom/sub', 'Edgeplay', 'Edging', 'Foreplay', 'High School', 'How is he a virgin tho', 'I literally hate typing this 🤡', 'Idk what else to tag?? Just read it idk', 'Light Dom/sub', 'Loss of Virginity', 'Love', 'Love Confessions', 'Love/Hate', 'Oral Sex', 'Orgasm Control', 'Orgasm Delay/Denial', 'PLS THIS IS SO AWKWARD TO TYPE', 'Romance', 'Romantic Fluff', 'Romantic Kim Taehyung', 'V', 'Rough Kim Taehyung', 'V', 'Rough Sex', 'Semi-Public Sex', 'Spanking', 'Strangers to Lovers', 'Switch Kim Taehyung', 'V', 'Vaginal Fingering', 'Vaginal Sex', 'anyway...', ""apparently some people can't read the tags... I SAID COME EATING"", 'but they’re 18 dw', ""but who's the dom?"", 'ew a straight fanfic?', 'this is so unrealistic']","['BDSM', 'Bathroom Sex', 'Come Eating', 'Creampie', 'Dom/sub', 'Edgeplay', 'Foreplay', 'High School', 'Light Dom/sub', 'Loss of Virginity', 'Love', 'Love Confessions', 'Love/Hate', 'Oral Sex', 'Orgasm Control', 'Orgasm Delay/Denial', 'Romance', 'Romantic Fluff', 'Rough Sex', 'Semi-Public Sex', 'Spanking', 'Strangers to Lovers', 'Vaginal Fingering', 'Vaginal Sex']","['(at the end lmao)', 'Edging', 'How is he a virgin tho', 'I literally hate typing this 🤡', 'Idk what else to tag?? Just read it idk', 'PLS THIS IS SO AWKWARD TO TYPE', 'Romantic Kim Taehyung', 'V', 'Rough Kim Taehyung', 'V', 'Switch Kim Taehyung', 'V', 'anyway...', ""apparently some people can't read the tags... I SAID COME EATING"", 'but they’re 18 dw', ""but who's the dom?"", 'ew a straight fanfic?', 'this is so unrealistic']","['Edging', 'Romantic Kim Taehyung', 'Rough Kim Taehyung', 'Switch Kim Taehyung']",[]
https://golemlab.eu/graph/35932621,Come Unwrap Me?,"Taehyung hates Christmas, but you might turn it into his favorite holiday after a not-so-holy present you have planned for him.",2021-12-24,4562,Explicit,F/M,Completed,26,taehyung,Aftercare | Backstory | Christmas Smut | Clit Pinching | Creampie | Doggy Style | Established Relationship | Fingering | Fluff | Marking | Morning Sex | Multiple Orgasms | Nipple Licking | Nipple Play | Oral Sex | Slight Sir Kink | Smut | Straddling | impreg kink | spitting,Kim Taehyung | V/Reader,"['Aftercare', 'Backstory', 'Christmas Smut', 'Clit Pinching', 'Creampie', 'Doggy Style', 'Established Relationship', 'Fingering', 'Fluff', 'Marking', 'Morning Sex', 'Multiple Orgasms', 'Nipple Licking', 'Nipple Play', 'Oral Sex', 'Slight Sir Kink', 'Smut', 'Straddling', 'impreg kink', 'spitting']","['Aftercare', 'Backstory', 'Christmas Smut', 'Creampie', 'Doggy Style', 'Established Relationship', 'Fluff', 'Marking', 'Morning Sex', 'Multiple Orgasms', 'Nipple Licking', 'Nipple Play', 'Oral Sex', 'Smut']","['Clit Pinching', 'Fingering', 'Slight Sir Kink', 'Straddling', 'impreg kink', 'spitting']","['Clit Pinching', 'Fingering', 'Slight Sir Kink', 'Straddling']",[]
https://golemlab.eu/graph/29391789,Loving You,Late night dancing and a friendly wager with the love of your life.,2021-02-13,1233,Teen And Up Audiences,F/M,Completed,26,taehyung,BTS Domestic | BTS fluff | DOMESTIC BTS | Dating | Domestic | Domestic Fluff | Established Relationship | Established couple | Fatherhood | Fluff | Love | Marriage | Parenthood | Slice of Life | Slow Dancing | Stay | bts fathers | kim taehyung fluff | relationship | valentines day,"Kim Taehyung | V/Reader, Kim Taehyung | V/You Series: Stay [1]","['BTS Domestic', 'BTS fluff', 'DOMESTIC BTS', 'Dating', 'Domestic', 'Domestic Fluff', 'Established Relationship', 'Established couple', 'Fatherhood', 'Fluff', 'Love', 'Marriage', 'Parenthood', 'Slice of Life', 'Slow Dancing', 'Stay', 'bts fathers', 'kim taehyung fluff', 'relationship', 'valentines day']","['Dating', 'Domestic', 'Domestic Fluff', 'Established Relationship', 'Fatherhood', 'Fluff', 'Love', 'Marriage', 'Parenthood', 'Slice of Life', 'Slow Dancing']","['BTS Domestic', 'BTS fluff', 'DOMESTIC BTS', 'Established couple', 'Stay', 'bts fathers', 'kim taehyung fluff', 'relationship', 'valentines day']","['BTS Domestic', 'Stay']",[]
https://golemlab.eu/graph/27603173,Sleep A Little Longer,Taehyung comforts you after having a nightmare.,2020-11-17,773,General Audiences,F/M,Completed,26,taehyung,Crying | Fluff | Nightmares | Sleep Paralysis | taehyung is soft,Kim Taehyung | V/Reader,"['Crying', 'Fluff', 'Nightmares', 'Sleep Paralysis', 'taehyung is soft']","['Crying', 'Fluff', 'Nightmares']","['Sleep Paralysis', 'taehyung is soft']",['Sleep Paralysis'],[]
https://golemlab.eu/graph/23236903,Sighs And Sonnets,You can’t resist the way Taehyung makes you feel. Even when you know he doesn’t mean any of the beautiful words he whispers to you.,2020-03-20,561,Explicit,F/M,Completed,26,taehyung,Angst | Bad Boy Kim Taehyung | V | Crying | Kissing | Marking | Nipple Play | Poetry | Smut,"Kim Taehyung | V/Reader, Kim Taehyung | V/You Series: BTS x Reader [18]","['Angst', 'Bad Boy Kim Taehyung', 'V', 'Crying', 'Kissing', 'Marking', 'Nipple Play', 'Poetry', 'Smut']","['Angst', 'Crying', 'Kissing', 'Marking', 'Nipple Play', 'Poetry', 'Smut']","['Bad Boy Kim Taehyung', 'V']",['Bad Boy Kim Taehyung'],[]
https://golemlab.eu/graph/21467068,Dressing Room Fun,"You're a strong, confident woman. So what do you do when your new co-worker is hot as all hell? Plan a fun after-hours encounter, of course.",2019-11-17,4301,Explicit,F/M,Completed,26,taehyung,Alternate Universe - Modern Setting | Co-workers | Dressing Room Sex | Lingerie | Shopping Malls | Strong Female Characters,Kim Taehyung | V/Reader,"['Alternate Universe - Modern Setting', 'Co-workers', 'Dressing Room Sex', 'Lingerie', 'Shopping Malls', 'Strong Female Characters']","['Alternate Universe - Modern Setting', 'Co-workers', 'Dressing Room Sex', 'Lingerie', 'Shopping Malls', 'Strong Female Characters']",[],[],[]
https://golemlab.eu/graph/25519828,say hello to me,"landing an internship with hopeworld records was the best thing to happen to you - ever. you were more than happy to work with prestigious producer jung hoseok, and even more happy to watch up and coming singer kim taehyung blossom before your very eyes. you just wished he remembered you from high school",2020-07-25,1207,Mature,F/M,In-Progress,26,taehyung,Eventual Smut | Fluff | Friends to Lovers | Light Angst | Romance | Singer Kim Taehyung | V | mention of past bullying | some might say....a slow burn,Kim Taehyung | V/Reader Series: map of the hearts - drabble collection [6],"['Eventual Smut', 'Fluff', 'Friends to Lovers', 'Light Angst', 'Romance', 'Singer Kim Taehyung', 'V', 'mention of past bullying', 'some might say....a slow burn']","['Eventual Smut', 'Fluff', 'Friends to Lovers', 'Light Angst', 'Romance']","['Singer Kim Taehyung', 'V', 'mention of past bullying', 'some might say....a slow burn']",['Singer Kim Taehyung'],[]
https://golemlab.eu/graph/23072947,well you're so precious (you're a fucking delinquent),"College life has treated you well so far, you think. And tonight the weather is good, your heels are high, and god damn it you are ready to get laid - or at the very least dance filthily with a beautiful boy or two.",2020-03-08,3818,Explicit,F/M,In-Progress,25,taehyung,Alternate Universe - College/University | Exhibitionism | Plot What Plot/Porn Without Plot | Public Sex | background sope,Kim Taehyung | V/Reader,"['Alternate Universe - College/University', 'Exhibitionism', 'Plot What Plot/Porn Without Plot', 'Public Sex', 'background sope']","['Alternate Universe - College/University', 'Exhibitionism', 'Plot What Plot/Porn Without Plot', 'Public Sex']",['background sope'],[],[]
https://golemlab.eu/graph/14088807,Lost in Seoul,Getting lost in Seoul and meeting a cute stranger who offers to be your tour guide for a month. (alt: you meet taehyung in seoul and spend a whole month together. nothing but fluff and some very light angst??),2018-03-25,3452,General Audiences,F/M,Completed,25,taehyung,?? - Freeform | Ambiguous/Open Ending | Fluff | I suppose | Light Angst | idk depends on how you think of this | mention of Jin | mention of jimin,Kim Taehyung | V/Reader,"['?? - Freeform', 'Ambiguous/Open Ending', 'Fluff', 'I suppose', 'Light Angst', 'idk depends on how you think of this', 'mention of Jin', 'mention of jimin']","['Ambiguous/Open Ending', 'Fluff', 'Light Angst']","['?? - Freeform', 'I suppose', 'idk depends on how you think of this', 'mention of Jin', 'mention of jimin']",['?? - Freeform'],[]
https://golemlab.eu/graph/18142253,태숙 | (our home birth),,2019-03-17,2668,Teen And Up Audiences,F/M,Completed,25,taehyung,DOMESTIC BTS | Father taehyung | father bts | parents Bts | vlogger bts,Kim Taehyung | V/Reader Series: Vlogger series [4],"['DOMESTIC BTS', 'Father taehyung', 'father bts', 'parents Bts', 'vlogger bts']",[],"['DOMESTIC BTS', 'Father taehyung', 'father bts', 'parents Bts', 'vlogger bts']",[],[]
https://golemlab.eu/graph/21851341,All I Want for Christmas...,Y/N has her whole Christmas planned....until her sexy neighbour knocks at the door,2019-12-18,1391,Explicit,F/M,Completed,25,taehyung,Christmas | Fluff | Fluff and Smut | Fucking | Kim Taehyung | V-centric | Neighbors | One Shot | Oral Sex,Kim Taehyung | V/Reader,"['Christmas', 'Fluff', 'Fluff and Smut', 'Fucking', 'Kim Taehyung', 'V-centric', 'Neighbors', 'One Shot', 'Oral Sex']","['Christmas', 'Fluff', 'Fluff and Smut', 'Fucking', 'Neighbors', 'One Shot', 'Oral Sex']","['Kim Taehyung', 'V-centric']",['Kim Taehyung'],[]
https://golemlab.eu/graph/8486953,To; The One who Understood Me,I find it hard to express my feelings with words so I'm writing you this letter as I sit in the airport waiting for your plane to land. Written from Taehyung's POV to the reader.,2016-11-06,2729,General Audiences,Gen,Completed,25,taehyung,Filming | Happy Ending | Letter | Not Beta Read | Sad Taehyung | all other members mentioned | slight angst | taehyung pov,Kim Taehyung | V/Reader Series: To; The One who... [3],"['Filming', 'Happy Ending', 'Letter', 'Not Beta Read', 'Sad Taehyung', 'all other members mentioned', 'slight angst', 'taehyung pov']","['Filming', 'Happy Ending', 'Not Beta Read']","['Letter', 'Sad Taehyung', 'all other members mentioned', 'slight angst', 'taehyung pov']","['Letter', 'Sad Taehyung']",[]
https://golemlab.eu/graph/16349936,I Won't Tell- Kim Taehyung,"Typical fuckboy scenario (I'm not original sorrynotsorry) in which (Y/N)'s roommate drags her to go to a party, but she has plans to ruin the night| You felt a hand covering your mouth. ""That's enough.""",2018-10-20,3137,Mature,Gen,Completed,25,taehyung,Fluff | Smut,Kim Taehyung | V/Reader,"['Fluff', 'Smut']","['Fluff', 'Smut']",[],[],[]
https://golemlab.eu/graph/28707081,Bending Will.,"There's never a good time to admit you love someone you shouldn’t, especially when they’re not good for you and apparently Kim Taehyung hasn’t gotten that memo.",2021-01-12,10198,Mature,F/M,Completed,25,taehyung,Dom Kim Taehyung | V | Friends with Benefits Kim Taehyung | K-Pop smut | Kim Namjoon - Freeform | Kim Seokjin - Freeform | Kim Taehyung is a simp for a married woman | Kim Taehyung | V Smut | Kim Taehyung | V/Reader - Freeform | Min Yoongi - Freeform | bts smut | jeon jungkook - Freeform | jung hoseok - Freeform | kim taehyung - Freeform | park jimin - Freeform,Kim Taehyung | V/Reader,"['Dom Kim Taehyung', 'V', 'Friends with Benefits Kim Taehyung', 'K-Pop smut', 'Kim Namjoon - Freeform', 'Kim Seokjin - Freeform', 'Kim Taehyung is a simp for a married woman', 'Kim Taehyung', 'V Smut', 'Kim Taehyung', 'V/Reader - Freeform', 'Min Yoongi - Freeform', 'bts smut', 'jeon jungkook - Freeform', 'jung hoseok - Freeform', 'kim taehyung - Freeform', 'park jimin - Freeform']",[],"['Dom Kim Taehyung', 'V', 'Friends with Benefits Kim Taehyung', 'K-Pop smut', 'Kim Namjoon - Freeform', 'Kim Seokjin - Freeform', 'Kim Taehyung is a simp for a married woman', 'Kim Taehyung', 'V Smut', 'Kim Taehyung', 'V/Reader - Freeform', 'Min Yoongi - Freeform', 'bts smut', 'jeon jungkook - Freeform', 'jung hoseok - Freeform', 'kim taehyung - Freeform', 'park jimin - Freeform']","['Dom Kim Taehyung', 'Kim Namjoon - Freeform', 'Kim Seokjin - Freeform', 'Kim Taehyung', 'V Smut', 'Kim Taehyung', 'V/Reader - Freeform', 'Min Yoongi - Freeform']",[]
https://golemlab.eu/graph/39733332,Heartbeat,,2022-06-18,5516,Mature,F/M,Completed,25,taehyung,Alternate Universe - Supernatural Elements | Anxiety | Blood Drinking | Creampie | Dirty Talk | Fluff and Smut | Kim Taehyung | V is Whipped | Multiple Orgasms | One Shot | Oral Sex | Pet Names | Praise Kink | Smut | Social Anxiety | Soft Kim Taehyung | V | Vampire Kim Taehyung | V | Vanilla,Kim Taehyung | V/Reader,"['Alternate Universe - Supernatural Elements', 'Anxiety', 'Blood Drinking', 'Creampie', 'Dirty Talk', 'Fluff and Smut', 'Kim Taehyung', 'V is Whipped', 'Multiple Orgasms', 'One Shot', 'Oral Sex', 'Pet Names', 'Praise Kink', 'Smut', 'Social Anxiety', 'Soft Kim Taehyung', 'V', 'Vampire Kim Taehyung', 'V', 'Vanilla']","['Alternate Universe - Supernatural Elements', 'Anxiety', 'Blood Drinking', 'Creampie', 'Dirty Talk', 'Fluff and Smut', 'Multiple Orgasms', 'One Shot', 'Oral Sex', 'Pet Names', 'Praise Kink', 'Smut', 'Social Anxiety', 'Vanilla']","['Kim Taehyung', 'V is Whipped', 'Soft Kim Taehyung', 'V', 'Vampire Kim Taehyung', 'V']","['Kim Taehyung', 'Soft Kim Taehyung', 'Vampire Kim Taehyung']",[]
https://golemlab.eu/graph/7856935,Blood Lust,"When Rei got the scholarship to continue her studies for medical school, she never expected to be bonded for life to a supernatural creature in her first week of school. She never expected to be dragged into so much trouble in such a short time. Forgive me, father, for i have sinned, falling for a vampire.",2016-08-24,70980,Mature,M/M,Completed,25,taehyung,Alternate Universe - College/University | Alternate Universe - Vampire | Biting | Blood Drinking | Bonding | Eventual Smut | Sexual Tension | Teasing,Kim Taehyung | V/Reader,"['Alternate Universe - College/University', 'Alternate Universe - Vampire', 'Biting', 'Blood Drinking', 'Bonding', 'Eventual Smut', 'Sexual Tension', 'Teasing']","['Alternate Universe - College/University', 'Alternate Universe - Vampire', 'Biting', 'Blood Drinking', 'Bonding', 'Eventual Smut', 'Sexual Tension', 'Teasing']",[],[],[]
https://golemlab.eu/graph/40248582,Pregnant with Kim Taehyungs baby,Y/n L/n was 23 when she decided to join her friends on a night out at the club. The next day wakes up to an incredibly handsome man. Little does she know that person will be the one to change her life forever. This Fanfiction is also on wattpad: @jk_jj06,2022-07-12,10106,Mature,F/M,In-Progress,25,taehyung,Fluff | Mentioned Bangtan Boys | BTS Member(s) | Slow Burn | Smut | Unplanned Pregnancy,Kim Taehyung | V/Reader,"['Fluff', 'Mentioned Bangtan Boys', 'BTS Member(s)', 'Slow Burn', 'Smut', 'Unplanned Pregnancy']","['Fluff', 'Slow Burn', 'Smut', 'Unplanned Pregnancy']","['Mentioned Bangtan Boys', 'BTS Member(s)']",['Mentioned Bangtan Boys'],[]
https://golemlab.eu/graph/28409556,Cake for Daddy,Happy Birthday Mr. Kim 😏,2020-12-29,927,Mature,F/M,Completed,25,taehyung,Birthday Sex | Blow Job | Light Nipple Play | Office Sex | Smut | Taehyung Birthday Boy | cock riding | dick sucking,"Kim Taehyung | V/Reader, Kim Taehyung | V/You","['Birthday Sex', 'Blow Job', 'Light Nipple Play', 'Office Sex', 'Smut', 'Taehyung Birthday Boy', 'cock riding', 'dick sucking']","['Birthday Sex', 'Office Sex', 'Smut']","['Blow Job', 'Light Nipple Play', 'Taehyung Birthday Boy', 'cock riding', 'dick sucking']","['Blow Job', 'Light Nipple Play', 'Taehyung Birthday Boy']",[]
https://golemlab.eu/graph/22406251,Christmas Has Come To Town,Christmas has arrived and Taehyung has grown used to his new life. But the reminders of his old life keep coming back and he's not sure he can partake in old Christmas traditions...Not until you and the boys get involved.,2020-01-25,3579,Teen And Up Audiences,F/M,Completed,24,taehyung,Angst | Christmas | Fluffy | Happy Ending | Taehyung is your fiance | TaehyungXreader - Freeform | The boys are adorable | Yoongi twerks | but happy | ho ho HO | lots of cuteness | taehyung is in a wheelchair,Kim Taehyung | V/Reader Series: The Bumps In Life [2],"['Angst', 'Christmas', 'Fluffy', 'Happy Ending', 'Taehyung is your fiance', 'TaehyungXreader - Freeform', 'The boys are adorable', 'Yoongi twerks', 'but happy', 'ho ho HO', 'lots of cuteness', 'taehyung is in a wheelchair']","['Angst', 'Christmas', 'Happy Ending']","['Fluffy', 'Taehyung is your fiance', 'TaehyungXreader - Freeform', 'The boys are adorable', 'Yoongi twerks', 'but happy', 'ho ho HO', 'lots of cuteness', 'taehyung is in a wheelchair']","['Fluffy', 'TaehyungXreader - Freeform']",[]
https://golemlab.eu/graph/17650451,Sonder,"[ˈsɔn.dər] the realization that each passerby has a life as vivid and complex as your own. You meet Kim Taehyung for the first time on a rainy winter day. At that time you had no idea who he was nor what he’d turn out to become but, even then when you didn’t know anything about him, you were being healed by his presence. Who knew you could fall in love like that, at random and all at once.",2019-02-03,16470,Teen And Up Audiences,F/M,Completed,24,taehyung,Angst | Fluff | Romance | Smut | Trigger: Depression,Kim Taehyung | V/Reader,"['Angst', 'Fluff', 'Romance', 'Smut', 'Trigger: Depression']","['Angst', 'Fluff', 'Romance', 'Smut']",['Trigger: Depression'],['Trigger: Depression'],[]
https://golemlab.eu/graph/36663373,The Effects of Taeconda,You loved Taehyung. Truly. But what was between his legs became an obsession you did not ever want to get over.,2022-01-25,2136,Explicit,F/M,Completed,24,taehyung,,"Kim Taehyung | V/Reader, Kim Taehyung | V/You",[],[],[],[],[]
https://golemlab.eu/graph/13200090,Synthesis,"Against the stark white of the laboratory walls, Taehyung was red, and Taehyung was pink. He was a boy as innocent as you’d once been and utterly, irrevocably wholly undeserving of the cruel fate the universe had bestowed upon him.",2017-12-30,3196,Mature,F/M,Completed,24,taehyung,Angst | Body Horror | Chimeras | Horror,Kim Taehyung | V/Reader Series: rbuns [2],"['Angst', 'Body Horror', 'Chimeras', 'Horror']","['Angst', 'Body Horror', 'Chimeras', 'Horror']",[],[],[]
https://golemlab.eu/graph/24246082,Luxuria : The Temptation,"A loveless marriage drives you to a dark part of your city in search of the things that once made you happy. Instead, you find a man who awakens carnal desires deep inside you that you never knew existed. An impulsive decision and a loss of control make for the best paintings but driven past the point of no return- tell me, is it worth falling for?",2020-05-18,7112,Mature,F/M,Completed,24,taehyung,Alternate Universe | Alternate Universe - Fantasy | Alternate Universe - Modern Setting | Artist Kim Taehyung | V | Blood | Blood Drinking | Blood Kink | Bloodplay | Cheating | Demon AU | Dom Kim Taehyung | V | Dominance | Drunk Sex | Foreplay | Gratuitous Smut | Knifeplay | Lust | Master/Servant | Mild Blood | Oral Sex | Rough Kissing | Rough Sex | Roughness | Seven Deadly Sins | Sex | Shameless Smut | Smut | Strangers to Lovers | Top Kim Taehyung | V | Underworld | Wine | affair | alooooot of foreplay | dream state,Kim Taehyung | V/Reader Series: Namfine [3],"['Alternate Universe', 'Alternate Universe - Fantasy', 'Alternate Universe - Modern Setting', 'Artist Kim Taehyung', 'V', 'Blood', 'Blood Drinking', 'Blood Kink', 'Bloodplay', 'Cheating', 'Demon AU', 'Dom Kim Taehyung', 'V', 'Dominance', 'Drunk Sex', 'Foreplay', 'Gratuitous Smut', 'Knifeplay', 'Lust', 'Master/Servant', 'Mild Blood', 'Oral Sex', 'Rough Kissing', 'Rough Sex', 'Roughness', 'Seven Deadly Sins', 'Sex', 'Shameless Smut', 'Smut', 'Strangers to Lovers', 'Top Kim Taehyung', 'V', 'Underworld', 'Wine', 'affair', 'alooooot of foreplay', 'dream state']","['Alternate Universe', 'Alternate Universe - Fantasy', 'Alternate Universe - Modern Setting', 'Blood', 'Blood Drinking', 'Blood Kink', 'Bloodplay', 'Cheating', 'Dominance', 'Drunk Sex', 'Foreplay', 'Gratuitous Smut', 'Knifeplay', 'Lust', 'Master/Servant', 'Mild Blood', 'Oral Sex', 'Rough Kissing', 'Rough Sex', 'Roughness', 'Seven Deadly Sins', 'Sex', 'Shameless Smut', 'Smut', 'Strangers to Lovers', 'Underworld', 'Wine']","['Artist Kim Taehyung', 'V', 'Demon AU', 'Dom Kim Taehyung', 'V', 'Top Kim Taehyung', 'V', 'affair', 'alooooot of foreplay', 'dream state']","['Artist Kim Taehyung', 'Demon AU', 'Dom Kim Taehyung', 'Top Kim Taehyung']",[]
https://golemlab.eu/graph/13762596,selcouth,"selcouth [ sel -kooth] adjective, archiac. unfamiliar, rare, strange - and yet, marvelous inspired by the tags on this post",2018-03-22,660,General Audiences,F/M,Completed,24,taehyung,Alternate Universe - Not K-Pop Idols | along with yeontan ofc | tae lives in a beach house | you're his house companion,Kim Taehyung | V/Reader,"['Alternate Universe - Not K-Pop Idols', 'along with yeontan ofc', 'tae lives in a beach house', ""you're his house companion""]",['Alternate Universe - Not K-Pop Idols'],"['along with yeontan ofc', 'tae lives in a beach house', ""you're his house companion""]",[],[]
https://golemlab.eu/graph/33520051,Bad Habits,Things get out of hand after a one night stand results in 2 lives changed forever.,2021-08-27,11419,Mature,F/M,Completed,24,taehyung,Accidents | But is he wrong? | Cute Kim Taehyung | V | Dont hate him | I love sassy jin | It's hinted at but no | Jin is sassy | Kim Taehyung | V is Whipped | Kim Taehyung | V is a Little Shit | Kim Taehyung | V-centric | No Smut | One Night Stands | Pregnancy | Tae didnt know | jimin is the best bestfriend | soulmate jimin,Kim Taehyung | V/Reader,"['Accidents', 'But is he wrong?', 'Cute Kim Taehyung', 'V', 'Dont hate him', 'I love sassy jin', ""It's hinted at but no"", 'Jin is sassy', 'Kim Taehyung', 'V is Whipped', 'Kim Taehyung', 'V is a Little Shit', 'Kim Taehyung', 'V-centric', 'No Smut', 'One Night Stands', 'Pregnancy', 'Tae didnt know', 'jimin is the best bestfriend', 'soulmate jimin']","['Accidents', 'No Smut', 'One Night Stands', 'Pregnancy']","['But is he wrong?', 'Cute Kim Taehyung', 'V', 'Dont hate him', 'I love sassy jin', ""It's hinted at but no"", 'Jin is sassy', 'Kim Taehyung', 'V is Whipped', 'Kim Taehyung', 'V is a Little Shit', 'Kim Taehyung', 'V-centric', 'Tae didnt know', 'jimin is the best bestfriend', 'soulmate jimin']","['Cute Kim Taehyung', 'Kim Taehyung', 'Kim Taehyung', 'Kim Taehyung']",[]
https://golemlab.eu/graph/12811356,Oh So Close,Taehyung seems to have picked up a few things while he’s been away,2017-11-24,377,Teen And Up Audiences,F/M,Completed,24,taehyung,Crack | Smut,Kim Taehyung | V/Reader,"['Crack', 'Smut']","['Crack', 'Smut']",[],[],[]
https://golemlab.eu/graph/13084017,i hate my best friend,you get a text from an unknown number on a boring evening,2017-12-21,2558,General Audiences,F/M,Completed,24,taehyung,Alternate Universe - High School | First Dates | Fluff | i guess | i will orphan it later | its a gift,"Kim Taehyung | V/Reader, Kim Taehyung | V/You","['Alternate Universe - High School', 'First Dates', 'Fluff', 'i guess', 'i will orphan it later', 'its a gift']","['Alternate Universe - High School', 'First Dates', 'Fluff']","['i guess', 'i will orphan it later', 'its a gift']",[],[]
https://golemlab.eu/graph/28371078,Love Talk - Taehyung,"Taehyung and his date (reader, nicknamed Lace) have been dating for a couple months and Tae has been taking it slow, they have done some coupley stuff and have made out, but they haven’t been really physical yet. Until he visits her late at night after coming back from a trip in Paris with Jimin. And he has a gift which might spark up something interesting.",2020-12-27,10978,Explicit,F/M,Completed,24,taehyung,,Kim Taehyung | V/Reader Series: Lace and negligees [1],[],[],[],[],[]
https://golemlab.eu/graph/39876138,Black Ravens [KTH],"Working for an underground blood den ran by vampires, your nighty duties get interrupted by your favorite client.",2022-06-25,8281,Mature,F/M,Completed,24,taehyung,Ass Slapping | Biting | Blood Kink | Blood Play | Bondage | Breasts | Bruises | Butt Slapping | Dom/sub | Hickeys | Human/Vampire Relationship | Large Cock | Light Bondage | Multiple Orgasms | Nipple Play | Orgasm Control | Orgasm Delay/Denial | Orgasm Denial | Plot What Plot/Porn Without Plot | Spit As Lube | Spit Kink | Vaginal Fingering | Vampire Bites | Vampire Sex | Vampires | biting kink | pussy slapping,Kim Taehyung | V/Reader,"['Ass Slapping', 'Biting', 'Blood Kink', 'Blood Play', 'Bondage', 'Breasts', 'Bruises', 'Butt Slapping', 'Dom/sub', 'Hickeys', 'Human/Vampire Relationship', 'Large Cock', 'Light Bondage', 'Multiple Orgasms', 'Nipple Play', 'Orgasm Control', 'Orgasm Delay/Denial', 'Orgasm Denial', 'Plot What Plot/Porn Without Plot', 'Spit As Lube', 'Spit Kink', 'Vaginal Fingering', 'Vampire Bites', 'Vampire Sex', 'Vampires', 'biting kink', 'pussy slapping']","['Biting', 'Blood Kink', 'Bondage', 'Breasts', 'Bruises', 'Butt Slapping', 'Dom/sub', 'Human/Vampire Relationship', 'Large Cock', 'Light Bondage', 'Multiple Orgasms', 'Nipple Play', 'Orgasm Control', 'Orgasm Delay/Denial', 'Orgasm Denial', 'Plot What Plot/Porn Without Plot', 'Spit As Lube', 'Spit Kink', 'Vaginal Fingering', 'Vampire Bites', 'Vampire Sex', 'Vampires']","['Ass Slapping', 'Blood Play', 'Hickeys', 'biting kink', 'pussy slapping']","['Ass Slapping', 'Blood Play', 'Hickeys']",[]
https://golemlab.eu/graph/20271970,47. Vacation,Prompt: Married! Week 7 Day 5,2019-08-16,1793,Teen And Up Audiences,F/M,Completed,23,taehyung,Married Life | one shots,Kim Taehyung | V/Reader Series: 50 Days of One Shots [47],"['Married Life', 'one shots']",['Married Life'],['one shots'],[],[]
https://golemlab.eu/graph/21203171,basketballs and boxy grins,"""One shouldn’t simply act as if they have all the energy in the world to spend. It’s unthinkable. Not for Kim Taehyung, though.""",2019-10-27,2354,General Audiences,F/M,Completed,23,taehyung,Alternate Universe - High School | Enemies to Lovers | Fluff | Fluff and Humor | High School | Humor | if u squint,"Kim Taehyung | V/Reader, Kim Taehyung | V/You","['Alternate Universe - High School', 'Enemies to Lovers', 'Fluff', 'Fluff and Humor', 'High School', 'Humor', 'if u squint']","['Alternate Universe - High School', 'Enemies to Lovers', 'Fluff', 'Fluff and Humor', 'High School', 'Humor']",['if u squint'],[],[]
https://golemlab.eu/graph/27366277,An eye for an eye,request from tumblr,2020-11-03,2141,Teen And Up Audiences,F/M,Completed,23,taehyung,Cheating | Smut | chaotic - Freeform,Kim Taehyung | V/Reader,"['Cheating', 'Smut', 'chaotic - Freeform']","['Cheating', 'Smut']",['chaotic - Freeform'],[],[]
https://golemlab.eu/graph/25681648,#55: Blankets and Movies,Prompt #55: Taehyung wrapping a blanket around Y/N when they are sitting on the couch and watching a show/movie,2020-08-03,2554,General Audiences,F/M,Completed,23,taehyung,Background BTS - Freeform | Cuddles | Established Relationship | Fluff and Angst | Forehead Kisses | Reader is sad | Taehyung cheers her up | i'm SOFT | relationship worries | this took forever to write,Kim Taehyung | V/Reader Series: 100 Writing Prompts [2],"['Background BTS - Freeform', 'Cuddles', 'Established Relationship', 'Fluff and Angst', 'Forehead Kisses', 'Reader is sad', 'Taehyung cheers her up', ""i'm SOFT"", 'relationship worries', 'this took forever to write']","['Established Relationship', 'Fluff and Angst', 'Forehead Kisses']","['Background BTS - Freeform', 'Cuddles', 'Reader is sad', 'Taehyung cheers her up', ""i'm SOFT"", 'relationship worries', 'this took forever to write']","['Background BTS - Freeform', 'Cuddles']",[]
https://golemlab.eu/graph/23945383,Numb in the snow,‘Pretty girls like you shouldn’t cry!’,2020-05-01,1448,Teen And Up Audiences,F/M,Completed,23,taehyung,Angst | Angst and Hurt/Comfort | Drama | Emotional | Emotional Hurt | Emotional Hurt/Comfort | Hurt/Comfort | Kim Taehyung | V is a Sweetheart | Self-Esteem Issues | Self-Harm,"Kim Taehyung | V/Reader, Kim Taehyung | V/You Series: The Other Side [1]","['Angst', 'Angst and Hurt/Comfort', 'Drama', 'Emotional', 'Emotional Hurt', 'Emotional Hurt/Comfort', 'Hurt/Comfort', 'Kim Taehyung', 'V is a Sweetheart', 'Self-Esteem Issues', 'Self-Harm']","['Angst', 'Angst and Hurt/Comfort', 'Drama', 'Emotional', 'Emotional Hurt', 'Emotional Hurt/Comfort', 'Hurt/Comfort', 'Self-Esteem Issues', 'Self-Harm']","['Kim Taehyung', 'V is a Sweetheart']",['Kim Taehyung'],[]
https://golemlab.eu/graph/18576583,Convenient,"When every second counts, an otherwise inconvenient time might become convenient all the same, especially to a runaway artist who quite unsubtly makes deep-going emotions known to a timed presence. All it costs is the innocence of sharing a meal in a public place.",2019-04-23,3200,Explicit,F/M,Completed,23,taehyung,Adorable Kim Taehyung | V | Alternate Universe | Alternate Universe - Convenience Store | Alternate Universe - Guesthouse | Angst | Angst and Feels | Angst and Fluff and Smut | Angst and Hurt/Comfort | Angst and Porn | Bottom Kim Taehyung | V | Comfort/Angst | Cute Kim Taehyung | V | Dirty Talk | Dirty Thoughts | Dry Humping | First Crush | First Dates | First Kiss | First Love | First Time | First Time Bottoming | Fluff and Angst | Fluff and Smut | Guesthouse AU | Interracial Relationship | Kim Taehyung | V is Whipped | Kim Taehyung | V is a Sweetheart | Kissing | Light Angst | Loss of Virginity | Love at First Sight | Neck Kissing | Rough Kissing | Sad and Sweet | Sex | Smut | Surprise Kissing | Sweet | Sweet/Hot | Travel | Vaginal Sex | Virgin Kim Taehyung | V | Virginity | Voyeurism | World Travel,"Kim Taehyung | V/Reader, Kim Taehyung | V/You Series: When the Petals Fall [2]","['Adorable Kim Taehyung', 'V', 'Alternate Universe', 'Alternate Universe - Convenience Store', 'Alternate Universe - Guesthouse', 'Angst', 'Angst and Feels', 'Angst and Fluff and Smut', 'Angst and Hurt/Comfort', 'Angst and Porn', 'Bottom Kim Taehyung', 'V', 'Comfort/Angst', 'Cute Kim Taehyung', 'V', 'Dirty Talk', 'Dirty Thoughts', 'Dry Humping', 'First Crush', 'First Dates', 'First Kiss', 'First Love', 'First Time', 'First Time Bottoming', 'Fluff and Angst', 'Fluff and Smut', 'Guesthouse AU', 'Interracial Relationship', 'Kim Taehyung', 'V is Whipped', 'Kim Taehyung', 'V is a Sweetheart', 'Kissing', 'Light Angst', 'Loss of Virginity', 'Love at First Sight', 'Neck Kissing', 'Rough Kissing', 'Sad and Sweet', 'Sex', 'Smut', 'Surprise Kissing', 'Sweet', 'Sweet/Hot', 'Travel', 'Vaginal Sex', 'Virgin Kim Taehyung', 'V', 'Virginity', 'Voyeurism', 'World Travel']","['Alternate Universe', 'Alternate Universe - Convenience Store', 'Angst', 'Angst and Feels', 'Angst and Fluff and Smut', 'Angst and Hurt/Comfort', 'Angst and Porn', 'Comfort/Angst', 'Dirty Talk', 'Dirty Thoughts', 'Dry Humping', 'First Crush', 'First Dates', 'First Kiss', 'First Love', 'First Time', 'First Time Bottoming', 'Fluff and Angst', 'Fluff and Smut', 'Interracial Relationship', 'Kissing', 'Light Angst', 'Loss of Virginity', 'Love at First Sight', 'Neck Kissing', 'Rough Kissing', 'Sad and Sweet', 'Sex', 'Smut', 'Surprise Kissing', 'Sweet', 'Sweet/Hot', 'Travel', 'Vaginal Sex', 'Virginity', 'Voyeurism', 'World Travel']","['Adorable Kim Taehyung', 'V', 'Alternate Universe - Guesthouse', 'Bottom Kim Taehyung', 'V', 'Cute Kim Taehyung', 'V', 'Guesthouse AU', 'Kim Taehyung', 'V is Whipped', 'Kim Taehyung', 'V is a Sweetheart', 'Virgin Kim Taehyung', 'V']","['Adorable Kim Taehyung', 'Alternate Universe - Guesthouse', 'Bottom Kim Taehyung', 'Cute Kim Taehyung', 'Guesthouse AU', 'Kim Taehyung', 'Kim Taehyung', 'Virgin Kim Taehyung']",[]
https://golemlab.eu/graph/20307943,My hero,"The heroes in your favorite comic book lose a battle in the latest issue only to be continued by blank pages. and then one of them shows up in your home. With their powers gone, will they ever be able to get home? How will they react to their new environment? How did you end up in this mess?",2019-08-19,1354,Teen And Up Audiences,F/M,In-Progress,23,taehyung,Crack | Crack Treated Seriously | Fish out of Water | Fluff | Fluff and Crack | Jin's Dad Jokes | Romance | Self-Insert | i just want this to be fun and fluffy | loose re:creators au | possible future sex | semi-serious crack | superhero au kinda | we'll see how this goes lol,Kim Taehyung | V/Reader,"['Crack', 'Crack Treated Seriously', 'Fish out of Water', 'Fluff', 'Fluff and Crack', ""Jin's Dad Jokes"", 'Romance', 'Self-Insert', 'i just want this to be fun and fluffy', 'loose re:creators au', 'possible future sex', 'semi-serious crack', 'superhero au kinda', ""we'll see how this goes lol""]","['Crack', 'Crack Treated Seriously', 'Fish out of Water', 'Fluff', 'Fluff and Crack', 'Romance', 'Self-Insert']","[""Jin's Dad Jokes"", 'i just want this to be fun and fluffy', 'loose re:creators au', 'possible future sex', 'semi-serious crack', 'superhero au kinda', ""we'll see how this goes lol""]",[],[]
https://golemlab.eu/graph/17686763,Scenery,"Taehyung wonders if it’s the peaceful solitude of a garden in winter that keeps him coming back, or perhaps it’s his red-clad mystery girl that stands out against the world of white.",2019-02-07,1415,General Audiences,F/M,Completed,23,taehyung,Drabble | Fluff | Idols | Reality | Stream Scenery | Taehyung Scenery | Tooth-Rotting Fluff | V Scenery | scenery,Kim Taehyung | V/Reader Series: [DRABBLES] [2],"['Drabble', 'Fluff', 'Idols', 'Reality', 'Stream Scenery', 'Taehyung Scenery', 'Tooth-Rotting Fluff', 'V Scenery', 'scenery']","['Drabble', 'Fluff', 'Idols', 'Reality', 'Tooth-Rotting Fluff']","['Stream Scenery', 'Taehyung Scenery', 'V Scenery', 'scenery']","['Stream Scenery', 'Taehyung Scenery', 'V Scenery']",[]
https://golemlab.eu/graph/33102553,Blame Covid...,They say distance makes the heart grow fonder...,2021-08-08,5430,Explicit,F/M,Completed,23,taehyung,Bareback (Unprotected Sex) | Breathplay | Cockstepping | Finger Sucking | Kissing | Public Blow Jobs | Semi-Public Sex | Wall Sex,Kim Taehyung | V/Reader,"['Bareback (Unprotected Sex)', 'Breathplay', 'Cockstepping', 'Finger Sucking', 'Kissing', 'Public Blow Jobs', 'Semi-Public Sex', 'Wall Sex']","['Breathplay', 'Finger Sucking', 'Kissing', 'Public Blow Jobs', 'Semi-Public Sex', 'Wall Sex']","['Bareback (Unprotected Sex)', 'Cockstepping']","['Bareback (Unprotected Sex)', 'Cockstepping']",[]
https://golemlab.eu/graph/33388945,Skype,Having a long-term fuckbuddy probably shouldn’t coincidentally be your professor.,2021-08-21,2101,Mature,F/M,Completed,23,taehyung,Degradation | Mutual Masturbation | Phone Sex | Sex Toys | Sir Kink | Voyeurism | skype sex?,Kim Taehyung | V/Reader,"['Degradation', 'Mutual Masturbation', 'Phone Sex', 'Sex Toys', 'Sir Kink', 'Voyeurism', 'skype sex?']","['Mutual Masturbation', 'Phone Sex', 'Sex Toys', 'Voyeurism']","['Degradation', 'Sir Kink', 'skype sex?']","['Degradation', 'Sir Kink']",[]
https://golemlab.eu/graph/33442996,That Was Unexpected,A wet white tee-shirt leads to Taehyung getting a boner; good thing you wouldn't mind helping out or first-time studio sex with pretty boy Taehyung,2021-08-23,1946,Mature,F/M,Completed,23,taehyung,Blow Jobs | Consent is Sexy | Doggy Style | Hand Jobs | Needy Kim Taehyung | V | Oral Sex | Sex | Sex in a Bangtan Boys | BTS Studio | Sexual Tension | Tae is pretty | first fic,Kim Taehyung | V/Reader,"['Blow Jobs', 'Consent is Sexy', 'Doggy Style', 'Hand Jobs', 'Needy Kim Taehyung', 'V', 'Oral Sex', 'Sex', 'Sex in a Bangtan Boys', 'BTS Studio', 'Sexual Tension', 'Tae is pretty', 'first fic']","['Blow Jobs', 'Doggy Style', 'Hand Jobs', 'Oral Sex', 'Sex', 'Sexual Tension']","['Consent is Sexy', 'Needy Kim Taehyung', 'V', 'Sex in a Bangtan Boys', 'BTS Studio', 'Tae is pretty', 'first fic']","['Needy Kim Taehyung', 'BTS Studio']",[]
https://golemlab.eu/graph/16640762,Lucky,"You and Taehyung didn’t have much time to spend together, due to him being an idol. However, whenever you and him were together, you were sure to make it count.",2018-11-16,462,General Audiences,F/M,Completed,22,taehyung,Fluff | Idol Taehyung | One Shot | Really quick idea I had last night | Romance | Tooth-Rotting Fluff | short and sweet | uwu,Kim Taehyung | V/Reader,"['Fluff', 'Idol Taehyung', 'One Shot', 'Really quick idea I had last night', 'Romance', 'Tooth-Rotting Fluff', 'short and sweet', 'uwu']","['Fluff', 'One Shot', 'Romance', 'Tooth-Rotting Fluff']","['Idol Taehyung', 'Really quick idea I had last night', 'short and sweet', 'uwu']",['Idol Taehyung'],[]
https://golemlab.eu/graph/18297662,Chained Up,You would do anything to please your master because you were his and only his.,2019-03-31,609,Mature,F/M,Completed,22,taehyung,Master Taehyung | Master/Slave | Slave Reader,Kim Taehyung | V/Reader Series: BTS Drabbles [24],"['Master Taehyung', 'Master/Slave', 'Slave Reader']",['Master/Slave'],"['Master Taehyung', 'Slave Reader']","['Master Taehyung', 'Slave Reader']",[]
https://golemlab.eu/graph/40786788,Closeted Affair,It always ends up like this; you and Taehyung pressed together hidden away from everyone else.,2022-08-04,2538,Explicit,F/M,Completed,22,taehyung,Exes | Exes to Lovers | Kim Taehyung | V Has a Big Dick | Light Angst | Oral Sex | Semi-Public Sex | Sub Kim Taehyung | V | sorta - Freeform,"Kim Taehyung | V/Reader, Kim Taehyung | V/You","['Exes', 'Exes to Lovers', 'Kim Taehyung', 'V Has a Big Dick', 'Light Angst', 'Oral Sex', 'Semi-Public Sex', 'Sub Kim Taehyung', 'V', 'sorta - Freeform']","['Exes', 'Light Angst', 'Oral Sex', 'Semi-Public Sex']","['Exes to Lovers', 'Kim Taehyung', 'V Has a Big Dick', 'Sub Kim Taehyung', 'V', 'sorta - Freeform']","['Kim Taehyung', 'Sub Kim Taehyung']",[]
https://golemlab.eu/graph/16042493,Party Fun,Taehyung gets his way with whatever he wants.,2018-09-20,334,Mature,F/M,Completed,22,taehyung,Bathroom Sex | Blow Jobs | Drabble | Dubiously Consensual Blow Jobs | NSFW | Public Blow Jobs | Smut,Kim Taehyung | V/Reader Series: drabbles n shorts lmao [6],"['Bathroom Sex', 'Blow Jobs', 'Drabble', 'Dubiously Consensual Blow Jobs', 'NSFW', 'Public Blow Jobs', 'Smut']","['Bathroom Sex', 'Blow Jobs', 'Drabble', 'Dubiously Consensual Blow Jobs', 'Public Blow Jobs', 'Smut']",['NSFW'],[],[]
https://golemlab.eu/graph/21905689,Cash Machine,"Jungkook and Seokjin get a little problematic, you have anger issues and Taehyung is under the impression that he killed a man. Also, did you mention that you’re on your way to your unfunny cousin’s wedding? Go on a road trip from Missouri to Las Vegas and you’ll be in for a hilarious yet scary experience!",2019-12-22,11150,Teen And Up Audiences,F/M,Completed,22,taehyung,Bad Matchmaking | Enemies to Lovers | Explicit Language | Implied Sexual Content | Road Trips | Vomiting | frenemies to lovers to be more precise,Kim Taehyung | V/Reader,"['Bad Matchmaking', 'Enemies to Lovers', 'Explicit Language', 'Implied Sexual Content', 'Road Trips', 'Vomiting', 'frenemies to lovers to be more precise']","['Bad Matchmaking', 'Enemies to Lovers', 'Explicit Language', 'Implied Sexual Content', 'Road Trips', 'Vomiting']",['frenemies to lovers to be more precise'],[],[]
https://golemlab.eu/graph/20513873,How you want it?,Taehyung has an ass that you can let go of. Figuratively and literally.,2019-09-04,2164,Explicit,F/M,Completed,22,taehyung,Friends With Benefits | Smut,Kim Taehyung | V/Reader,"['Friends With Benefits', 'Smut']","['Friends With Benefits', 'Smut']",[],[],[]
https://golemlab.eu/graph/20095306,Angelus Custos,"You were never one to believe in heaven, hell, or even a higher power sometimes. So, when you’re on the brink of death and saved by a beautiful angel, you don’t really know what to believe in anymore. What you do know, is that angels are just as breathtaking and gorgeous as everyone makes them out to be.",2019-08-03,3652,Teen And Up Audiences,F/M,Completed,22,taehyung,Alternate Universe - Guardian Angels | Alternate Universe - Urban Fantasy | Angel Healing | Angel Kim Taehyung | V | Car Accidents | Emotional Hurt/Comfort | Fluff | Flushed Romance | Matesprits | Guardian Angels | Happy Ending | I Am Soft For Angel Tae | Magic | Magic Fingers | Originally Posted on Tumblr | POV Female Character | POV Second Person | Reader-Insert | Realistic Fantasy | Soulmates | and it shows,Kim Taehyung | V/Reader,"['Alternate Universe - Guardian Angels', 'Alternate Universe - Urban Fantasy', 'Angel Healing', 'Angel Kim Taehyung', 'V', 'Car Accidents', 'Emotional Hurt/Comfort', 'Fluff', 'Flushed Romance', 'Matesprits', 'Guardian Angels', 'Happy Ending', 'I Am Soft For Angel Tae', 'Magic', 'Magic Fingers', 'Originally Posted on Tumblr', 'POV Female Character', 'POV Second Person', 'Reader-Insert', 'Realistic Fantasy', 'Soulmates', 'and it shows']","['Alternate Universe - Guardian Angels', 'Alternate Universe - Urban Fantasy', 'Angel Healing', 'Car Accidents', 'Emotional Hurt/Comfort', 'Fluff', 'Guardian Angels', 'Happy Ending', 'Magic', 'Magic Fingers', 'Originally Posted on Tumblr', 'POV Female Character', 'POV Second Person', 'Reader-Insert', 'Soulmates']","['Angel Kim Taehyung', 'V', 'Flushed Romance', 'Matesprits', 'I Am Soft For Angel Tae', 'Realistic Fantasy', 'and it shows']","['Angel Kim Taehyung', 'Flushed Romance', 'Matesprits', 'Realistic Fantasy']",[]
https://golemlab.eu/graph/21518788,I'll Give You Batman If You Give Me Gotham,You meet the Harley Quinn to your Joker!,2019-11-22,628,General Audiences,F/M,Completed,22,taehyung,Alternate Universe - College/University | Crossdressing | Fluff and Humor | Getting Together | Getting to Know Each Other | Halloween | Halloween Costumes | Min Yoongi is Batman | Shyness | Tooth-Rotting Fluff | halloween party,Kim Taehyung | V/Reader Series: #BTSCampfireStories [6],"['Alternate Universe - College/University', 'Crossdressing', 'Fluff and Humor', 'Getting Together', 'Getting to Know Each Other', 'Halloween', 'Halloween Costumes', 'Min Yoongi is Batman', 'Shyness', 'Tooth-Rotting Fluff', 'halloween party']","['Alternate Universe - College/University', 'Crossdressing', 'Fluff and Humor', 'Getting Together', 'Getting to Know Each Other', 'Halloween', 'Halloween Costumes', 'Shyness', 'Tooth-Rotting Fluff']","['Min Yoongi is Batman', 'halloween party']",[],[]
https://golemlab.eu/graph/8481004,Thank You | Taehyung,When your anxiety gets the best of you and your friend Taehyung saves the day.,2016-11-06,510,Teen And Up Audiences,F/M,Completed,22,taehyung,Light Angst,Kim Taehyung | V/You,['Light Angst'],['Light Angst'],[],[],[]
https://golemlab.eu/graph/21386959,Remember the Good Spiderman?,"It was supposed to be a casual hang out session with ya boys and some pot until Yoongi drops a bomb that makes your high self realise something about your friend Taehyung. He is just a friend, isn't he?",2019-11-10,1506,Mature,F/M,Completed,22,taehyung,Alternate Universe - College/University | Fluff | Friends to Lovers | Hanging Out | Implied Sexual Content | Recreational Drug Use | Tags Are Hard,Kim Taehyung | V/Reader,"['Alternate Universe - College/University', 'Fluff', 'Friends to Lovers', 'Hanging Out', 'Implied Sexual Content', 'Recreational Drug Use', 'Tags Are Hard']","['Alternate Universe - College/University', 'Fluff', 'Friends to Lovers', 'Hanging Out', 'Implied Sexual Content', 'Recreational Drug Use', 'Tags Are Hard']",[],[],[]
https://golemlab.eu/graph/21956854,"If I’m Not With You, There’s No Point In Mistletoe",,2019-12-25,2505,Teen And Up Audiences,F/M,Completed,22,taehyung,Christmas Fluff | Mistletoe | Staff Parties,Kim Taehyung | V/Reader,"['Christmas Fluff', 'Mistletoe', 'Staff Parties']","['Christmas Fluff', 'Mistletoe']",['Staff Parties'],['Staff Parties'],[]
https://golemlab.eu/graph/24054418,miso in love; kim taehyung,"[Name] decides to give Taehyung a chance, who has been chasing after her since ninth grade.",2020-05-07,1417,Teen And Up Audiences,F/M,Completed,22,taehyung,Alternate Universe - College/University | Fluff | Kim Taehyung | V is a Sweetheart | Ramen | Reader-Insert | Slow Romance,Kim Taehyung | V/Reader,"['Alternate Universe - College/University', 'Fluff', 'Kim Taehyung', 'V is a Sweetheart', 'Ramen', 'Reader-Insert', 'Slow Romance']","['Alternate Universe - College/University', 'Fluff', 'Ramen', 'Reader-Insert', 'Slow Romance']","['Kim Taehyung', 'V is a Sweetheart']",['Kim Taehyung'],[]
https://golemlab.eu/graph/31291388,illegitimi non carborundum,"Everyone except you seems to be madly in love with your boyfriend’s new hairstyle. But really, just how many unspoken words can a few inches of hair hide in a relationship like yours?",2021-05-14,4269,Explicit,F/M,Completed,22,taehyung,Alternate Universe - Idols | Fluff and Angst | Hair-pulling | Idol Kim Taehyung | V | Slice of Life | Smut,Kim Taehyung | V/Reader,"['Alternate Universe - Idols', 'Fluff and Angst', 'Hair-pulling', 'Idol Kim Taehyung', 'V', 'Slice of Life', 'Smut']","['Alternate Universe - Idols', 'Fluff and Angst', 'Hair-pulling', 'Slice of Life', 'Smut']","['Idol Kim Taehyung', 'V']",['Idol Kim Taehyung'],[]
https://golemlab.eu/graph/36472903,"Thank You, Alpha",There's one thing you will always do for your omega and that is to make sure he's happy and loved and completely satisfied.,2022-01-17,3258,Explicit,F/M,Completed,22,taehyung,Adorable Kim Taehyung | V | Alpha/Beta/Omega Dynamics | Alpha/Omega | Anal Play | Ass Play | Cock Slut | Cock Warming | Consensual Sex | Cowgirl Position | Dildos | Female Alpha Male Omega | Kim Taehyung | V is Whipped | Knotting Dildos | Large Cock | Light Dom/sub | Mating Bites | Mating Bond | Non-Traditional Alpha/Beta/Omega Dynamics | Omega Kim Taehyung | V | Omega Verse | Original Female Character(s) - Freeform | Size Kink | Somnophilia | Sub Kim Taehyung | V | alpha reader | cock riding | slick,Kim Taehyung | V/Reader Series: Sub!BTS [20],"['Adorable Kim Taehyung', 'V', 'Alpha/Beta/Omega Dynamics', 'Alpha/Omega', 'Anal Play', 'Ass Play', 'Cock Slut', 'Cock Warming', 'Consensual Sex', 'Cowgirl Position', 'Dildos', 'Female Alpha Male Omega', 'Kim Taehyung', 'V is Whipped', 'Knotting Dildos', 'Large Cock', 'Light Dom/sub', 'Mating Bites', 'Mating Bond', 'Non-Traditional Alpha/Beta/Omega Dynamics', 'Omega Kim Taehyung', 'V', 'Omega Verse', 'Original Female Character(s) - Freeform', 'Size Kink', 'Somnophilia', 'Sub Kim Taehyung', 'V', 'alpha reader', 'cock riding', 'slick']","['Alpha/Beta/Omega Dynamics', 'Alpha/Omega', 'Anal Play', 'Ass Play', 'Cock Slut', 'Cock Warming', 'Consensual Sex', 'Cowgirl Position', 'Dildos', 'Female Alpha Male Omega', 'Knotting Dildos', 'Large Cock', 'Light Dom/sub', 'Mating Bites', 'Mating Bond', 'Non-Traditional Alpha/Beta/Omega Dynamics', 'Omega Verse', 'Original Female Character(s) - Freeform', 'Size Kink', 'Somnophilia']","['Adorable Kim Taehyung', 'V', 'Kim Taehyung', 'V is Whipped', 'Omega Kim Taehyung', 'V', 'Sub Kim Taehyung', 'V', 'alpha reader', 'cock riding', 'slick']","['Adorable Kim Taehyung', 'Kim Taehyung', 'Omega Kim Taehyung', 'Sub Kim Taehyung']",[]
https://golemlab.eu/graph/27677872,"""V""",You zinged. With the captain. Who was human.,2020-11-23,13124,Mature,F/M,Completed,22,taehyung,(unknowing) enemies to lovers | Angst | Crack | Exhibitionism | Explicit Sex | Fantasy | Fluff | Groping | Sexual innuendos | Smut | captain! taehyung,Kim Taehyung | V/Reader,"['(unknowing) enemies to lovers', 'Angst', 'Crack', 'Exhibitionism', 'Explicit Sex', 'Fantasy', 'Fluff', 'Groping', 'Sexual innuendos', 'Smut', 'captain! taehyung']","['Angst', 'Crack', 'Exhibitionism', 'Fantasy', 'Fluff', 'Groping', 'Smut']","['(unknowing) enemies to lovers', 'Explicit Sex', 'Sexual innuendos', 'captain! taehyung']",['Explicit Sex'],[]
https://golemlab.eu/graph/35410528,Picture Perfect,"As a professional photographer you have always been able to find beauty in any setting, situation, or person but that never extended to yourself. That is until Taehyung forces you to see yourself through his eyes.",2021-11-29,1155,Teen And Up Audiences,F/M,Completed,22,taehyung,Insecurity | Photography | Self Confidence Issues | Self-Esteem Issues,"Kim Taehyung | V/Reader, Kim Taehyung | V/You","['Insecurity', 'Photography', 'Self Confidence Issues', 'Self-Esteem Issues']","['Insecurity', 'Photography', 'Self Confidence Issues', 'Self-Esteem Issues']",[],[],[]
https://golemlab.eu/graph/17520680,Till Death Do Us Apart,Emotions: up and high Feelings: heavy and wild A journey with an end.,2019-01-23,1373,Mature,F/M,Completed,22,taehyung,Angst and Feels | Heavy Angst | Kim Taehyung | V is a Little Shit | Sad | Twisted,Kim Taehyung | V/Reader,"['Angst and Feels', 'Heavy Angst', 'Kim Taehyung', 'V is a Little Shit', 'Sad', 'Twisted']","['Angst and Feels', 'Heavy Angst', 'Sad', 'Twisted']","['Kim Taehyung', 'V is a Little Shit']",['Kim Taehyung'],[]
https://golemlab.eu/graph/32139793,Wet Dream,Your friendship with Taehyung is nearly ruined when you start having dreams about him ... filthy dreams.,2021-06-23,4133,Explicit,F/M,Completed,21,taehyung,Bar | Best Friends | Blow Jobs | Drinking | Falling In Love | Friends to Lovers | Love Confessions | Multiple Sex Positions | Office Blow Jobs | Office Sex | Oral Sex | Penis In Vagina Sex | Public Blow Jobs | Quickies | Unrequited Crush | Vaginal Fingering | Vaginal Sex | Voyeurism | Wet & Messy | Wet Dream | celebration,"Kim Taehyung | V/Reader, Kim Taehyung | V/You, Park Jimin (BTS)/Original Character(s), Park Jimin (BTS)/Original Female Character(s)","['Bar', 'Best Friends', 'Blow Jobs', 'Drinking', 'Falling In Love', 'Friends to Lovers', 'Love Confessions', 'Multiple Sex Positions', 'Office Blow Jobs', 'Office Sex', 'Oral Sex', 'Penis In Vagina Sex', 'Public Blow Jobs', 'Quickies', 'Unrequited Crush', 'Vaginal Fingering', 'Vaginal Sex', 'Voyeurism', 'Wet & Messy', 'Wet Dream', 'celebration']","['Best Friends', 'Blow Jobs', 'Drinking', 'Falling In Love', 'Friends to Lovers', 'Love Confessions', 'Multiple Sex Positions', 'Office Blow Jobs', 'Office Sex', 'Oral Sex', 'Penis In Vagina Sex', 'Public Blow Jobs', 'Quickies', 'Unrequited Crush', 'Vaginal Fingering', 'Vaginal Sex', 'Voyeurism', 'Wet & Messy', 'Wet Dream']","['Bar', 'celebration']",['Bar'],[]
https://golemlab.eu/graph/14864670,Found - Taehyung Hybrid AU,"You were at your first every fan meet, happiness filled your heart but it was short lived as others anger and jealousy got the better of them and took it out on you. Hurt and wounded Taehyung finds you and takes you in- but will he fall for you as you fell for him?",2018-06-06,1575,General Audiences,F/M,In-Progress,21,taehyung,Alternate Universe | Alternate Universe - Supernatural Elements | Coyote - Freeform | Coyote Hybrid | Hybrid!Kim Namjoon | RM | Hybrid!Kim Taehyung | V | Hybrids | Original Characters - Freeform | dont hate me | read my other stuff it’s better | this was my first work ever and it sucks ass,Kim Taehyung | V/Reader,"['Alternate Universe', 'Alternate Universe - Supernatural Elements', 'Coyote - Freeform', 'Coyote Hybrid', 'Hybrid!Kim Namjoon', 'RM', 'Hybrid!Kim Taehyung', 'V', 'Hybrids', 'Original Characters - Freeform', 'dont hate me', 'read my other stuff it’s better', 'this was my first work ever and it sucks ass']","['Alternate Universe', 'Alternate Universe - Supernatural Elements', 'Hybrids']","['Coyote - Freeform', 'Coyote Hybrid', 'Hybrid!Kim Namjoon', 'RM', 'Hybrid!Kim Taehyung', 'V', 'Original Characters - Freeform', 'dont hate me', 'read my other stuff it’s better', 'this was my first work ever and it sucks ass']","['Coyote - Freeform', 'Coyote Hybrid', 'Hybrid!Kim Namjoon', 'Hybrid!Kim Taehyung', 'Original Characters - Freeform']",[]
https://golemlab.eu/graph/26303359,White Dress,"""Mummy, she sings and dances so well! I want to marry her!""",2020-09-05,555,General Audiences,F/M,Completed,21,taehyung,Fluff | Teacher Kim Taehyung | V,Kim Taehyung | V/Reader,"['Fluff', 'Teacher Kim Taehyung', 'V']",['Fluff'],"['Teacher Kim Taehyung', 'V']",['Teacher Kim Taehyung'],[]
https://golemlab.eu/graph/20279128,What Lightning Storms Bring,"Rain soaks Taehyung thoroughly, thunder roaring behind him, as he is lead to the only person he will ever love. Or The origins of a unique love story between Taehyung and the girl of his dreams.",2019-08-17,1998,General Audiences,F/M,Completed,21,taehyung,Based on a Bright Eyes Song | But I dont find it gross so its not that cliche | Cheesy | Developing Relationship | Fluff | Friends to Lovers | Kim Taehyung | V is Whipped | Light Angst | Lovey-Dovey | Non Idol AU | Reader-Insert | The most cliche i have ever been,Kim Taehyung | V/Reader,"['Based on a Bright Eyes Song', 'But I dont find it gross so its not that cliche', 'Cheesy', 'Developing Relationship', 'Fluff', 'Friends to Lovers', 'Kim Taehyung', 'V is Whipped', 'Light Angst', 'Lovey-Dovey', 'Non Idol AU', 'Reader-Insert', 'The most cliche i have ever been']","['Cheesy', 'Developing Relationship', 'Fluff', 'Friends to Lovers', 'Light Angst', 'Lovey-Dovey', 'Reader-Insert']","['Based on a Bright Eyes Song', 'But I dont find it gross so its not that cliche', 'Kim Taehyung', 'V is Whipped', 'Non Idol AU', 'The most cliche i have ever been']","['Kim Taehyung', 'Non Idol AU']",[]
https://golemlab.eu/graph/40944186,Ride With Me,Just a fun little drabble request fulfillment from a tumblr follower who wanted a scene between the reader and Taehyung during his Drive Vlog.,2022-08-10,1402,Mature,F/M,Completed,21,taehyung,Cramped in the Backseat of a Car | Flirting | Idol Kim Taehyung | V | Making Out | Mutual Pining | Possessive Behavior | Taehyung's Drive Vlog | promise of something more,"Kim Taehyung | V/Reader, Kim Taehyung | V/You","['Cramped in the Backseat of a Car', 'Flirting', 'Idol Kim Taehyung', 'V', 'Making Out', 'Mutual Pining', 'Possessive Behavior', ""Taehyung's Drive Vlog"", 'promise of something more']","['Flirting', 'Making Out', 'Mutual Pining', 'Possessive Behavior']","['Cramped in the Backseat of a Car', 'Idol Kim Taehyung', 'V', ""Taehyung's Drive Vlog"", 'promise of something more']",['Idol Kim Taehyung'],[]
https://golemlab.eu/graph/19794046,26. The Little Mermaid,Prompt: Disney Princess Crossovers Week 4 Day 5,2019-07-13,3097,Teen And Up Audiences,F/M,Completed,21,taehyung,Angst | Disney Princess Crossovers | Fairytale Violence | The little mermaid - Freeform | one shots,Kim Taehyung | V/Reader Series: 50 Days of One Shots [26],"['Angst', 'Disney Princess Crossovers', 'Fairytale Violence', 'The little mermaid - Freeform', 'one shots']",['Angst'],"['Disney Princess Crossovers', 'Fairytale Violence', 'The little mermaid - Freeform', 'one shots']","['Disney Princess Crossovers', 'Fairytale Violence']",[]
https://golemlab.eu/graph/40604049,might as well,Taehyung makes sure the two of you two live up to your tardy reputation.,2022-07-27,1410,Mature,F/M,Completed,21,taehyung,Aftercare | Dirty Talk | Established Relationship | Fluff and Smut | Grinding | Kim Taehyung | V Has a Big Dick | Penis In Vagina Sex | Quickies,"Kim Taehyung | V/Reader, Kim Taehyung | V/You","['Aftercare', 'Dirty Talk', 'Established Relationship', 'Fluff and Smut', 'Grinding', 'Kim Taehyung', 'V Has a Big Dick', 'Penis In Vagina Sex', 'Quickies']","['Aftercare', 'Dirty Talk', 'Established Relationship', 'Fluff and Smut', 'Grinding', 'Penis In Vagina Sex', 'Quickies']","['Kim Taehyung', 'V Has a Big Dick']",['Kim Taehyung'],[]
https://golemlab.eu/graph/18528688,velveteen daggers,"The locket swings delicately around his neck, a ruby jewel glistening against unmarred skin, and when you left your gaze to meet his, uncaring of those who have gathered to watch, he does nothing but lift a brow, because he knows you can do nothing. For he holds your only chance at freedom around his neck.",2019-04-19,163,General Audiences,F/M,In-Progress,21,taehyung,Alternate Universe - Fantasy | Angst | Fantasy | Romance,Kim Taehyung | V/Reader,"['Alternate Universe - Fantasy', 'Angst', 'Fantasy', 'Romance']","['Alternate Universe - Fantasy', 'Angst', 'Fantasy', 'Romance']",[],[],[]
https://golemlab.eu/graph/10322906,A Hope,Kim Taehyung is a perfect healer. (written by a friend who wishes to stay anonymous),2017-03-16,1272,General Audiences,F/M,Completed,21,taehyung,Break Up | Comfort | Falling In Love | Fluff and Angst | Love,Kim Taehyung | V/Reader,"['Break Up', 'Comfort', 'Falling In Love', 'Fluff and Angst', 'Love']","['Break Up', 'Comfort', 'Falling In Love', 'Fluff and Angst', 'Love']",[],[],[]
https://golemlab.eu/graph/29273523,peonies.,"Being cooped up inside for the protection of others can become a redundant routine. Today, your boyfriend breaks that cycle and goes on an unexpected outing—safely, of course. Alternatively, Taehyung decides that he wants to remind you of his love with the surprise of little gifts. Not that he needs to, but he wants to.",2021-02-07,2363,Teen And Up Audiences,F/M,Completed,21,taehyung,Established Relationship | Fluff | Kim Taehyung | V is Whipped | Originally Posted on Tumblr | Reader-Insert | Warm and Fuzzy Feelings | best boyfriend taehyung,Kim Taehyung | V/Reader,"['Established Relationship', 'Fluff', 'Kim Taehyung', 'V is Whipped', 'Originally Posted on Tumblr', 'Reader-Insert', 'Warm and Fuzzy Feelings', 'best boyfriend taehyung']","['Established Relationship', 'Fluff', 'Originally Posted on Tumblr', 'Reader-Insert', 'Warm and Fuzzy Feelings']","['Kim Taehyung', 'V is Whipped', 'best boyfriend taehyung']",['Kim Taehyung'],[]
https://golemlab.eu/graph/16914636,Falling in love with: Sunshine,"You hate color yellow until a boy with a smile like the sun barges into your life. Part of the ""Falling in love with... "" vignette series. Crossposted from my Tumblr blog honeyyvee",2018-12-09,1251,General Audiences,F/M,Completed,21,taehyung,Comfort | Fluff,"Kim Taehyung | V/Reader Series: ""Falling in love with... "" vignette series [5]","['Comfort', 'Fluff']","['Comfort', 'Fluff']",[],[],[]
https://golemlab.eu/graph/41059353,Fuck Buddies (Taehyung x Reader),"You fuck around and find out, finally. Fun fact…If I’d been a boy, my name would have been Christopher, so I throw the should-have-been-me under the bus. My condolences to any other Christophers, you probably don’t suck.",2022-08-15,4668,Explicit,F/M,Completed,21,taehyung,Cunnilingus | Don't worry | Friends With Benefits | Fuck Boy Taehyung | Smut | fuck buddies | i'm technically christopher | mentions of past bad relationships | throwing Christopher under a bus | um.. smut,Kim Taehyung | V/Reader Series: revenge of the kinks [5],"['Cunnilingus', ""Don't worry"", 'Friends With Benefits', 'Fuck Boy Taehyung', 'Smut', 'fuck buddies', ""i'm technically christopher"", 'mentions of past bad relationships', 'throwing Christopher under a bus', 'um.. smut']","['Cunnilingus', 'Friends With Benefits', 'Smut']","[""Don't worry"", 'Fuck Boy Taehyung', 'fuck buddies', ""i'm technically christopher"", 'mentions of past bad relationships', 'throwing Christopher under a bus', 'um.. smut']",['Fuck Boy Taehyung'],[]
https://golemlab.eu/graph/24090085,En Avant,"Just a super short friends to lovers one-shot. I've had this idea on a windy evening, with a very inspiring orange and purple sky. I hope you guys like it and sorry for any mistakes! English is not my native language ;^; Enjoy~",2020-05-09,1374,Teen And Up Audiences,F/M,Completed,21,taehyung,A little bit of Angst if you squint | Alternate Universe | Fluff | Friends to Lovers | Kim Taehyung | V is a Sweetheart | Tooth-Rotting Fluff,"Kim Taehyung | V/Reader, Kim Taehyung | V/You","['A little bit of Angst if you squint', 'Alternate Universe', 'Fluff', 'Friends to Lovers', 'Kim Taehyung', 'V is a Sweetheart', 'Tooth-Rotting Fluff']","['Alternate Universe', 'Fluff', 'Friends to Lovers', 'Tooth-Rotting Fluff']","['A little bit of Angst if you squint', 'Kim Taehyung', 'V is a Sweetheart']",['Kim Taehyung'],[]
https://golemlab.eu/graph/19890370,Dread the Lost,"Ever since she was a little girl, Choi (Y/N) has seen the spirits of the dead. They never pose a threat until one night, one of them attacks her. She is rescued by a mysterious stranger who becomes her gateway into more knowledge about her own abilities than she ever thought existed. She is tossed headfirst into the terrifying side of what goes bump in the night, and, unwittingly, into emotions she never thought she would feel.",2019-07-21,11174,Mature,F/M,In-Progress,20,taehyung,Adorable Kim Taehyung | V | Alternate Universe - Ghost Hunters | Cute Kim Taehyung | V | Eventual Happy Ending | Eventual Relationships | Eventual Romance | Eventual Sex | Exorcisms | Falling In Love | Fear | Ghost Hunters | Ghosts | Horror | Hunters & Hunting | Monster Hunters | My First Work in This Fandom | Reader is a psychic | Reader-Insert | SHe can see ghosts | Slow Burn | Slow Romance | Spooky | Supernatural Elements | he loves you | more ghosts | so can the boys | the boys hunt ghosts | there are ghosts | they're called the Lost Ones,Kim Taehyung | V/Reader,"['Adorable Kim Taehyung', 'V', 'Alternate Universe - Ghost Hunters', 'Cute Kim Taehyung', 'V', 'Eventual Happy Ending', 'Eventual Relationships', 'Eventual Romance', 'Eventual Sex', 'Exorcisms', 'Falling In Love', 'Fear', 'Ghost Hunters', 'Ghosts', 'Horror', 'Hunters & Hunting', 'Monster Hunters', 'My First Work in This Fandom', 'Reader is a psychic', 'Reader-Insert', 'SHe can see ghosts', 'Slow Burn', 'Slow Romance', 'Spooky', 'Supernatural Elements', 'he loves you', 'more ghosts', 'so can the boys', 'the boys hunt ghosts', 'there are ghosts', ""they're called the Lost Ones""]","['Alternate Universe - Ghost Hunters', 'Eventual Happy Ending', 'Eventual Relationships', 'Eventual Romance', 'Eventual Sex', 'Exorcisms', 'Falling In Love', 'Fear', 'Ghost Hunters', 'Ghosts', 'Horror', 'Hunters & Hunting', 'Monster Hunters', 'My First Work in This Fandom', 'Reader-Insert', 'Slow Burn', 'Slow Romance', 'Spooky', 'Supernatural Elements']","['Adorable Kim Taehyung', 'V', 'Cute Kim Taehyung', 'V', 'Reader is a psychic', 'SHe can see ghosts', 'he loves you', 'more ghosts', 'so can the boys', 'the boys hunt ghosts', 'there are ghosts', ""they're called the Lost Ones""]","['Adorable Kim Taehyung', 'Cute Kim Taehyung']",[]
https://golemlab.eu/graph/20015251,"Baby, Come Home",BTS is finally home from a months-long tour but your boyfriend Taehyung is caught up at the office. You send him a text that should encourage him to come home much quicker.,2019-07-28,7747,Explicit,F/M,Completed,20,taehyung,69 (Sex Position) | Humor | Long-Term Relationship(s) | Oral Sex | Romance | Sex Toys | Shower Sex | Vaginal Fingering | Vaginal Sex,Kim Taehyung | V/Reader,"['69 (Sex Position)', 'Humor', 'Long-Term Relationship(s)', 'Oral Sex', 'Romance', 'Sex Toys', 'Shower Sex', 'Vaginal Fingering', 'Vaginal Sex']","['69 (Sex Position)', 'Humor', 'Long-Term Relationship(s)', 'Oral Sex', 'Romance', 'Sex Toys', 'Shower Sex', 'Vaginal Fingering', 'Vaginal Sex']",[],[],[]
https://golemlab.eu/graph/8188249,Showering with V,This is some smut I wrote for a friend of mine. It's only a one shot.,2016-09-14,2413,Explicit,F/M,Completed,20,taehyung,One Shot | Oral | Sex | Smut | shower,Kim Taehyung | V/Reader,"['One Shot', 'Oral', 'Sex', 'Smut', 'shower']","['One Shot', 'Sex', 'Smut']","['Oral', 'shower']",['Oral'],[]
https://golemlab.eu/graph/8547682,Fed Up Of This,It's the story of Taehyung and his girlfriend. It's the story of a guy who can't bear hiding his feelings anymore. Why should he? Why can't he just be in love if he wants to without having to justify himself?,2016-11-13,1503,General Audiences,F/M,Completed,20,taehyung,Fluff,"Kim Taehyung | V/Reader, Kim Taehyung | V/You",['Fluff'],['Fluff'],[],[],[]
https://golemlab.eu/graph/18442868,"no chance, no way",You realize some things as you're headed to McDonald's with your best friend.,2019-04-12,818,General Audiences,F/M,Completed,20,taehyung,Drabble | Feelings Realization | Friendship | Slice of Life,Kim Taehyung | V/Reader,"['Drabble', 'Feelings Realization', 'Friendship', 'Slice of Life']","['Drabble', 'Feelings Realization', 'Friendship', 'Slice of Life']",[],[],[]
https://golemlab.eu/graph/31534199,Paradise Baby,"Things are different after you and Taehyung have your first baby. Navigating the journey life has brought you, a change in weather brings you two close again.",2021-05-26,3920,Explicit,F/M,Completed,20,taehyung,I got emotional. Sorry not sorry. | Rainy day sex | This is fluff | but there’s a little angst | fem receiving | unprotected sex in a monogamous relationship,Kim Taehyung | V/Reader,"['I got emotional. Sorry not sorry.', 'Rainy day sex', 'This is fluff', 'but there’s a little angst', 'fem receiving', 'unprotected sex in a monogamous relationship']",[],"['I got emotional. Sorry not sorry.', 'Rainy day sex', 'This is fluff', 'but there’s a little angst', 'fem receiving', 'unprotected sex in a monogamous relationship']",[],[]
https://golemlab.eu/graph/31205054,more than you will ever know,Taehyung wakes you up after he gets home from a long day at work.,2021-05-10,2905,Explicit,F/M,Completed,20,taehyung,Cunnilingus | Established Relationship | Fluff | Hand Jobs | Idol Kim Taehyung | V | Long-Term Relationship(s) | Love | One Shot | Oral Sex | Smut | Vaginal Sex,Kim Taehyung | V/Reader,"['Cunnilingus', 'Established Relationship', 'Fluff', 'Hand Jobs', 'Idol Kim Taehyung', 'V', 'Long-Term Relationship(s)', 'Love', 'One Shot', 'Oral Sex', 'Smut', 'Vaginal Sex']","['Cunnilingus', 'Established Relationship', 'Fluff', 'Hand Jobs', 'Long-Term Relationship(s)', 'Love', 'One Shot', 'Oral Sex', 'Smut', 'Vaginal Sex']","['Idol Kim Taehyung', 'V']",['Idol Kim Taehyung'],[]
https://golemlab.eu/graph/30927983,Rebellious Innocence,"Your father is overprotective of you.  He doesn’t like that you have male friends, and he doesn’t allow you to dress in any revealing way.  He has scared you into thinking the worst of sex, but the truth is you want to try it.  Taehyung volunteers.",2021-04-26,3660,Mature,F/M,Completed,20,taehyung,Creampie | Fluff | Smut | Unprotected Sex | Virgin sex,Kim Taehyung | V/Reader Series: Best Friends to Lovers BTS [6],"['Creampie', 'Fluff', 'Smut', 'Unprotected Sex', 'Virgin sex']","['Creampie', 'Fluff', 'Smut']","['Unprotected Sex', 'Virgin sex']",['Unprotected Sex'],[]
https://golemlab.eu/graph/24453559,Pocky No II (Kim Taehyung/VxF!Reader),"Kim Taehyung and his girlfriend enjoy teasing each other. This time though his attention is drawn to the sweets she keeps in her purse in case she's in dire need of a sweet snack. Realising that it's a package of Pocky, Taehyung immediately takes advantage of the situation in the most adorable way.",2020-05-30,1042,Teen And Up Audiences,F/M,Completed,19,taehyung,Cute Kim Taehyung | V | Kim Taehyung | V & Park Jimin are Best Friends | Kim Taehyung | V is a Little Shit | Kim Taehyung | V is a Sweetheart | Kissing | Making Out | Other Ships Not Mentioned in Tags | Teasing | The Pocky Game,Kim Taehyung | V/Reader Series: Pocky-Series [2],"['Cute Kim Taehyung', 'V', 'Kim Taehyung', 'V & Park Jimin are Best Friends', 'Kim Taehyung', 'V is a Little Shit', 'Kim Taehyung', 'V is a Sweetheart', 'Kissing', 'Making Out', 'Other Ships Not Mentioned in Tags', 'Teasing', 'The Pocky Game']","['Kissing', 'Making Out', 'Other Ships Not Mentioned in Tags', 'Teasing', 'The Pocky Game']","['Cute Kim Taehyung', 'V', 'Kim Taehyung', 'V & Park Jimin are Best Friends', 'Kim Taehyung', 'V is a Little Shit', 'Kim Taehyung', 'V is a Sweetheart']","['Cute Kim Taehyung', 'Kim Taehyung', 'Kim Taehyung', 'Kim Taehyung']",[]
https://golemlab.eu/graph/33919270,Mr. Kim,You're the photographer for their recent Fila shoot and Taehyung flirts with you during his set.,2021-09-16,817,Explicit,F/M,Completed,19,taehyung,Dressing Room Sex | Flirting | Older Woman/Younger Man | Photo Shoots | Smut,"Kim Taehyung | V/Reader, Kim Taehyung | V/You Series: Blood Sweat & Tears (BTS x Reader Fics) [26]","['Dressing Room Sex', 'Flirting', 'Older Woman/Younger Man', 'Photo Shoots', 'Smut']","['Dressing Room Sex', 'Flirting', 'Older Woman/Younger Man', 'Photo Shoots', 'Smut']",[],[],[]
https://golemlab.eu/graph/20299963,l’amour est mort,"The year is 1899, and you are living in Paris, a beautiful city of culture and wonder, which you have grown deeply fond of. And you’re not the only one - Kim Taehyung has ventured West too, stumbling into your life just when you need a friend the most. It isn’t long before your heart decided to give itself away, much to its own demise.",2019-08-18,5627,Mature,F/M,Completed,19,taehyung,Alternate Universe - Historical | Angst | Mentions of Death | Mentions of Suicide | Picturesque Paris | hanahaki!au | kind of poetic,Kim Taehyung | V/Reader,"['Alternate Universe - Historical', 'Angst', 'Mentions of Death', 'Mentions of Suicide', 'Picturesque Paris', 'hanahaki!au', 'kind of poetic']","['Alternate Universe - Historical', 'Angst']","['Mentions of Death', 'Mentions of Suicide', 'Picturesque Paris', 'hanahaki!au', 'kind of poetic']",['Picturesque Paris'],[]
https://golemlab.eu/graph/22421083,That way lies the path to paradise (likewise the road to ruin),"Three times, you see him; a lost boy the likes of which you've never met before.",2020-01-26,3176,General Audiences,F/M,Completed,19,taehyung,Anxiety | Beltane | Discrimination | Dryads - Freeform | Fae & Fairies | Inter-Species Romance | Seelie | Soulmates | Trespassing | fae!reader | only fairytale rules apply | rule of three | there's a hella age gap but it's okay bc they're proportionally the same age | they're different species don't worry,"Kim Taehyung | V/Reader Series: Seven stories of love, insecurity, and Faeries [4]","['Anxiety', 'Beltane', 'Discrimination', 'Dryads - Freeform', 'Fae & Fairies', 'Inter-Species Romance', 'Seelie', 'Soulmates', 'Trespassing', 'fae!reader', 'only fairytale rules apply', 'rule of three', ""there's a hella age gap but it's okay bc they're proportionally the same age"", ""they're different species don't worry""]","['Anxiety', 'Beltane', 'Discrimination', 'Fae & Fairies', 'Soulmates']","['Dryads - Freeform', 'Inter-Species Romance', 'Seelie', 'Trespassing', 'fae!reader', 'only fairytale rules apply', 'rule of three', ""there's a hella age gap but it's okay bc they're proportionally the same age"", ""they're different species don't worry""]","['Dryads - Freeform', 'Inter-Species Romance', 'Seelie', 'Trespassing']",[]
https://golemlab.eu/graph/37360327,Extinction Rebellion,"Your husband is an environmental activist, and he's influential, relevant, passionate. You wish he'd put as much energy into fighting for you.",2022-02-25,3143,Explicit,F/M,Completed,19,taehyung,Alternate Universe - Non-Famous | Angst | Smut,Kim Taehyung | V/Reader Series: Marriage Story [3],"['Alternate Universe - Non-Famous', 'Angst', 'Smut']","['Alternate Universe - Non-Famous', 'Angst', 'Smut']",[],[],[]
https://golemlab.eu/graph/14442132,Overworked,Finding a girl who works herself to the bone and only gets her sleep on the bus leads to more things than Taehyung could ever imagine.,2018-04-26,8609,Teen And Up Audiences,F/M,In-Progress,19,taehyung,Angst | College AU | Depression | God I love Yoon | I'll update as often as I can | Inspired By Hello My Twenties/Age of Youth | Kim Taehyung| V is a sweetheart | Possible Eventual Smut | Slow Build,Kim Taehyung | V/Reader,"['Angst', 'College AU', 'Depression', 'God I love Yoon', ""I'll update as often as I can"", 'Inspired By Hello My Twenties/Age of Youth', 'Kim Taehyung', 'V is a sweetheart', 'Possible Eventual Smut', 'Slow Build']","['Angst', 'Depression', 'Slow Build']","['College AU', 'God I love Yoon', ""I'll update as often as I can"", 'Inspired By Hello My Twenties/Age of Youth', 'Kim Taehyung', 'V is a sweetheart', 'Possible Eventual Smut']","['College AU', 'Kim Taehyung', 'Possible Eventual Smut']",[]
https://golemlab.eu/graph/38714004,How he shows interest in you... | Kim Taehyung,"This is a part of a series I've been working on called, 'Interested in you...' These are pure crack, fluff, and everything in between. This is barely edited and written with zero structure, all crack. It does not reflect the quality of my regular works [haha.]",2022-05-01,1962,General Audiences,F/M,Completed,19,taehyung,BTS fluff | BTS x Reader | Kim Taehyung Fanfiction | Kim Taehyung Headcanon | Kim Taehyung x reader | Kim Taehyung | V-centric | bts fanfiction | bts headcanon | kim taehyung fluff,Kim Taehyung | V/Reader Series: Interested In You... [1],"['BTS fluff', 'BTS x Reader', 'Kim Taehyung Fanfiction', 'Kim Taehyung Headcanon', 'Kim Taehyung x reader', 'Kim Taehyung', 'V-centric', 'bts fanfiction', 'bts headcanon', 'kim taehyung fluff']",[],"['BTS fluff', 'BTS x Reader', 'Kim Taehyung Fanfiction', 'Kim Taehyung Headcanon', 'Kim Taehyung x reader', 'Kim Taehyung', 'V-centric', 'bts fanfiction', 'bts headcanon', 'kim taehyung fluff']","['Kim Taehyung Fanfiction', 'Kim Taehyung Headcanon', 'Kim Taehyung']",[]
https://golemlab.eu/graph/8827747,Wanna Hear You Calling My Name,"Based on an FMV made by Av1united on youtube! I am horrible at explaining but this Tae centric, and all about him and the fmv. You've liked Taehyung forever, but he's always only looked at Mari. But now that Mari takes things a bit too far... Taehyung takes your side. (Sorry) Please give this a read ;^; Ps. Do you like apples or Kiwis?",2016-12-12,4218,Teen And Up Audiences,F/M,In-Progress,19,taehyung,Confused Taehyung | Fluff and Angst | I'll add more tags as i go i guess | Jealous Taehyung | Protective Taehyung | Song Lyrics | based on av1united | idek what i'm tagging | wanna hear you calling my name,Kim Taehyung | V/Reader,"['Confused Taehyung', 'Fluff and Angst', ""I'll add more tags as i go i guess"", 'Jealous Taehyung', 'Protective Taehyung', 'Song Lyrics', 'based on av1united', ""idek what i'm tagging"", 'wanna hear you calling my name']","['Fluff and Angst', 'Song Lyrics']","['Confused Taehyung', ""I'll add more tags as i go i guess"", 'Jealous Taehyung', 'Protective Taehyung', 'based on av1united', ""idek what i'm tagging"", 'wanna hear you calling my name']","['Confused Taehyung', 'Jealous Taehyung', 'Protective Taehyung']",[]
https://golemlab.eu/graph/21448810,Friday,Things get hot when you and Taehyung arrive home at the same time Friday afternoon.,2019-11-16,539,Explicit,F/M,Completed,19,taehyung,Biting | Creampie | Cunnilingus | Explicit Language | Explicit Sexual Content | Hand Jobs | Kissing | Marking | Nipple Play | Oral Sex | Penis In Vagina Sex | Slapping | Smut | Spanking | Vaginal Fingering | Vaginal Sex,"Kim Taehyung | V/Reader, Kim Taehyung | V/You Series: BTS x Reader [36]","['Biting', 'Creampie', 'Cunnilingus', 'Explicit Language', 'Explicit Sexual Content', 'Hand Jobs', 'Kissing', 'Marking', 'Nipple Play', 'Oral Sex', 'Penis In Vagina Sex', 'Slapping', 'Smut', 'Spanking', 'Vaginal Fingering', 'Vaginal Sex']","['Biting', 'Creampie', 'Cunnilingus', 'Explicit Language', 'Explicit Sexual Content', 'Hand Jobs', 'Kissing', 'Marking', 'Nipple Play', 'Oral Sex', 'Penis In Vagina Sex', 'Slapping', 'Smut', 'Spanking', 'Vaginal Fingering', 'Vaginal Sex']",[],[],[]
https://golemlab.eu/graph/18709216,Cover up,"You’re the leader of one the most powerful gangs but nobody knows. How come and why? You may wonder. Well, it’s a long story but to make it short it’s to protect the love of your life Kim Taehyung, your boyfriend and marionette posing as the leader. The fact that you’re the real leader is not the only thing you’re hiding thought… Your relationship is also a big secret. A secret Taehyung doesn’t want to keep anymore. The gang and the relationship are separated for him, but you’re struggling and as a sudden threat and traitor reveals themselves within the gang, you’re forced to re-think your decisions once and for all in order to protect Taehyung, make him happy and to protect the gang. For being the leader, you were used to pulling the strings behind the scenes but when the strings suddenly get tangled and snatched from you, you are faced with having to confront yourself about which strings you can set free and which you should grip onto tighter.",2019-05-04,20327,Explicit,F/M,Completed,19,taehyung,Against the Wall - Freeform | And So Much More | Angst | Angst and Smut | Caught in the act (unknowingly) | Crimes & Criminals | Gang AU | Gang Leader Reader | Guns | Gunshot Wounds | Nipple Play | Oral Sex | Rough Oral Sex | Semi-Public Sex | Shower Sex | Smut | Top Kim Taehyung | V | a lot of smut | breast attention | cum and creampies of course | from behind | standing seesaw position | the smut list goes on and on,Kim Taehyung | V/Reader,"['Against the Wall - Freeform', 'And So Much More', 'Angst', 'Angst and Smut', 'Caught in the act (unknowingly)', 'Crimes & Criminals', 'Gang AU', 'Gang Leader Reader', 'Guns', 'Gunshot Wounds', 'Nipple Play', 'Oral Sex', 'Rough Oral Sex', 'Semi-Public Sex', 'Shower Sex', 'Smut', 'Top Kim Taehyung', 'V', 'a lot of smut', 'breast attention', 'cum and creampies of course', 'from behind', 'standing seesaw position', 'the smut list goes on and on']","['Angst', 'Crimes & Criminals', 'Guns', 'Gunshot Wounds', 'Nipple Play', 'Oral Sex', 'Rough Oral Sex', 'Semi-Public Sex', 'Shower Sex', 'Smut']","['Against the Wall - Freeform', 'And So Much More', 'Angst and Smut', 'Caught in the act (unknowingly)', 'Gang AU', 'Gang Leader Reader', 'Top Kim Taehyung', 'V', 'a lot of smut', 'breast attention', 'cum and creampies of course', 'from behind', 'standing seesaw position', 'the smut list goes on and on']","['And So Much More', 'Gang AU', 'Gang Leader Reader', 'Top Kim Taehyung']",[]
https://golemlab.eu/graph/38492902,"Strike, Dear Mistress","He’s in dire need of release, you can see that now. And you’re the only one who can give it to him the way he wants. You’re the only one who knows how to break him apart piece by piece until he’s not the illustrious Kim Taehyung anymore but just a whimpering, wrecked mess of a good boy. Your good boy, and he loves it every time. And you love him. So it only makes sense that you stand up, dig your nails into his perfect jawline, and tilt his head up to look at you. His mouth drops open––he’s outright panting now, he wants it so bad. “I don’t recall saying you were allowed on my furniture, slut.” His Adam’s apple jerks hard as you spit the name into his mouth. “Now take off your clothes and crawl.”",2022-04-20,2190,Explicit,F/M,In-Progress,19,taehyung,BDSM | Begging | Established Relationship | Face Slapping | High Heels | Name-Calling | Orgasm Delay/Denial | Painplay | Plot What Plot/Porn Without Plot | Sexting | Sub Kim Taehyung | V | Verbal Humiliation,Kim Taehyung | V/Reader,"['BDSM', 'Begging', 'Established Relationship', 'Face Slapping', 'High Heels', 'Name-Calling', 'Orgasm Delay/Denial', 'Painplay', 'Plot What Plot/Porn Without Plot', 'Sexting', 'Sub Kim Taehyung', 'V', 'Verbal Humiliation']","['BDSM', 'Begging', 'Established Relationship', 'Face Slapping', 'High Heels', 'Name-Calling', 'Orgasm Delay/Denial', 'Painplay', 'Plot What Plot/Porn Without Plot', 'Sexting', 'Verbal Humiliation']","['Sub Kim Taehyung', 'V']",['Sub Kim Taehyung'],[]
https://golemlab.eu/graph/19366456,5. All That Footwork,Prompt: Sports Week 1 Day 5: Soccer,2019-06-26,926,Teen And Up Audiences,F/M,Completed,19,taehyung,Fluff | Kim Taehyung | V is a Sweetheart | Soccer | goalie | idk - Freeform | one shots | slight angst???,Kim Taehyung | V/Reader Series: 50 Days of One Shots [5],"['Fluff', 'Kim Taehyung', 'V is a Sweetheart', 'Soccer', 'goalie', 'idk - Freeform', 'one shots', 'slight angst???']",['Fluff'],"['Kim Taehyung', 'V is a Sweetheart', 'Soccer', 'goalie', 'idk - Freeform', 'one shots', 'slight angst???']","['Kim Taehyung', 'Soccer']",[]
https://golemlab.eu/graph/21020240,Ouija With Taehyung,Your best friend Taehyung shows up at your door on Halloween night with a Ouija board. Soft and fluffy Halloween shenanigans ensue!,2019-10-13,1273,General Audiences,F/M,Completed,19,taehyung,Domestic Fluff | Fluff | Friends to Lovers | Friendship/Love | Halloween | Love | Ouija | Romance | Slice of Life,"Kim Taehyung | V/Reader, Kim Taehyung | V/You Series: BTS x Reader [39]","['Domestic Fluff', 'Fluff', 'Friends to Lovers', 'Friendship/Love', 'Halloween', 'Love', 'Ouija', 'Romance', 'Slice of Life']","['Domestic Fluff', 'Fluff', 'Friends to Lovers', 'Friendship/Love', 'Halloween', 'Love', 'Ouija', 'Romance', 'Slice of Life']",[],[],[]
https://golemlab.eu/graph/19703377,Night at the Carnival,"When going to the carnival with your roommates, you witness something you shouldn’t have.",2019-07-06,2062,Mature,F/M,In-Progress,19,taehyung,Alternate Universe - Roommates/Housemates | Alternate Universe - Vampire | Blood | Blood Drinking | Carnival | Kim Taehyung | V is Bad at Feelings | Minor Original Character(s) | Roommates | Slow Burn | Vampire Sex | Vampires,Kim Taehyung | V/Reader Series: Bangtan One-shots [23],"['Alternate Universe - Roommates/Housemates', 'Alternate Universe - Vampire', 'Blood', 'Blood Drinking', 'Carnival', 'Kim Taehyung', 'V is Bad at Feelings', 'Minor Original Character(s)', 'Roommates', 'Slow Burn', 'Vampire Sex', 'Vampires']","['Alternate Universe - Roommates/Housemates', 'Alternate Universe - Vampire', 'Blood', 'Blood Drinking', 'Carnival', 'Minor Original Character(s)', 'Roommates', 'Slow Burn', 'Vampire Sex', 'Vampires']","['Kim Taehyung', 'V is Bad at Feelings']",['Kim Taehyung'],[]
https://golemlab.eu/graph/23857273,a smile as warm as sunset light,"""Such a weird tree, in the middle of nowhere! How lonely it must be without any others like it, you thought. The old tree really was in the middle of an otherwise empty field. There was a small, rare forest far behind you, but all those trees were different from the one you were sitting in. Suddenly, you felt very compassionate towards the tree. You heard a very loud yet distant laugh. You tried to peek towards the place it came from, but that required moving around, so you decided against it. You were sure that it came from the inn where you and the rest of your classmates were staying at. You only moved your head slightly towards the place, and after a minute or so you were surprised to see a figure walking down the hill, away from the inn. It only took another three minutes for the person to get to you.""",2020-04-26,2719,Teen And Up Audiences,F/M,Completed,19,taehyung,Alternate Universe - College/University | Fluff | Friends to Lovers | Kim Taehyung | V is a Sweetheart | Love Confessions | Reader-Insert | Romantic Fluff | i honestly have no idea how tagging works | i'm tagging everything i can think of uhhh | idk how to write a summary so i added an excerpt | is that a thing? | it's my first time ever posting smth here | mentions of bullying,Kim Taehyung | V/Reader,"['Alternate Universe - College/University', 'Fluff', 'Friends to Lovers', 'Kim Taehyung', 'V is a Sweetheart', 'Love Confessions', 'Reader-Insert', 'Romantic Fluff', 'i honestly have no idea how tagging works', ""i'm tagging everything i can think of uhhh"", 'idk how to write a summary so i added an excerpt', 'is that a thing?', ""it's my first time ever posting smth here"", 'mentions of bullying']","['Alternate Universe - College/University', 'Fluff', 'Friends to Lovers', 'Love Confessions', 'Reader-Insert', 'Romantic Fluff']","['Kim Taehyung', 'V is a Sweetheart', 'i honestly have no idea how tagging works', ""i'm tagging everything i can think of uhhh"", 'idk how to write a summary so i added an excerpt', 'is that a thing?', ""it's my first time ever posting smth here"", 'mentions of bullying']",['Kim Taehyung'],[]
https://golemlab.eu/graph/14636007,You're My Muse,You're studying at the library and you keep making awkward eye contact with the beautiful boy across from you,2018-05-13,1709,General Audiences,F/M,In-Progress,19,taehyung,Alternate Universe - College/University | Alternate Universe - Library | Artist!Taehyung | Awkwardness | Crushes | Fluff | I got secondhand embarrassment while writing this lmao | Romance,Kim Taehyung | V/Reader,"['Alternate Universe - College/University', 'Alternate Universe - Library', 'Artist!Taehyung', 'Awkwardness', 'Crushes', 'Fluff', 'I got secondhand embarrassment while writing this lmao', 'Romance']","['Alternate Universe - College/University', 'Alternate Universe - Library', 'Awkwardness', 'Crushes', 'Fluff', 'Romance']","['Artist!Taehyung', 'I got secondhand embarrassment while writing this lmao']",['Artist!Taehyung'],[]
https://golemlab.eu/graph/10856691,Snapshots,A quick look into different moments from your many years spent with Taehyung.,2017-05-08,1617,Mature,F/M,In-Progress,19,taehyung,Angst | First Kiss | Fluff | Oral Sex | Smut,Kim Taehyung | V/Reader,"['Angst', 'First Kiss', 'Fluff', 'Oral Sex', 'Smut']","['Angst', 'First Kiss', 'Fluff', 'Oral Sex', 'Smut']",[],[],[]
https://golemlab.eu/graph/17912045,all of my life,"You used to love him for it, how he manages to bring a smile out of everyone and have them fall in love with him so easily. You used to love how he shines and turns heads wherever he goes. You used to love how there’s thousands who are in love with him, but it’s you that he chose to love back. Your heart breaks into a million pieces when you realize that you can no longer love him the way you used to.",2019-02-24,1796,General Audiences,Gen,Completed,19,taehyung,Angst | Break Up | its a shitty break up tbh | tae is an actor,Kim Taehyung | V/Reader Series: member x reader one shots [1],"['Angst', 'Break Up', 'its a shitty break up tbh', 'tae is an actor']","['Angst', 'Break Up']","['its a shitty break up tbh', 'tae is an actor']",[],[]
https://golemlab.eu/graph/33002926,"Tripping on Skies, Sipping Waterfalls","One drink too many at Hoseok’s Halloween party, and you’ve blanked out on the entire night that followed. Now, who’s gonna fill you in when Taehyung looks one second away from breaking into tears when you bring it up with him? From running across the university campus in remnants of your vampire outfit, to dealing with your downtrodden boyfriend’s disappointed stares - you’re left with one hell of a day, and zero recollections.",2021-08-03,19298,Explicit,F/M,Completed,19,taehyung,(casual use of the word 'amnesia' by careless college students) | (they both are idiots) | (this is gon be a very frustrating journey) | Alcohol | Alternate Universe - College/University | Angst | Breast Play | Dirty Talk | Dry Humping | Established Relationship | Fluff | Humor | Love Bites | Miscommunication | Misunderstandings | Nudity | Semi-Public Sex | Smut | Swearing | Vaginal Fingering,Kim Taehyung | V/Reader Series: Youth [1],"[""(casual use of the word 'amnesia' by careless college students)"", '(they both are idiots)', '(this is gon be a very frustrating journey)', 'Alcohol', 'Alternate Universe - College/University', 'Angst', 'Breast Play', 'Dirty Talk', 'Dry Humping', 'Established Relationship', 'Fluff', 'Humor', 'Love Bites', 'Miscommunication', 'Misunderstandings', 'Nudity', 'Semi-Public Sex', 'Smut', 'Swearing', 'Vaginal Fingering']","['Alcohol', 'Alternate Universe - College/University', 'Angst', 'Dirty Talk', 'Dry Humping', 'Established Relationship', 'Fluff', 'Humor', 'Love Bites', 'Miscommunication', 'Misunderstandings', 'Nudity', 'Semi-Public Sex', 'Smut', 'Swearing', 'Vaginal Fingering']","[""(casual use of the word 'amnesia' by careless college students)"", '(they both are idiots)', '(this is gon be a very frustrating journey)', 'Breast Play']",['Breast Play'],[]
https://golemlab.eu/graph/20058799,37. I Promise You,Prompt: Proposal! Week 6 Day 2,2019-07-31,1019,Teen And Up Audiences,F/M,Completed,19,taehyung,Marriage Proposal | Tae is a freaking darling | one shots,Kim Taehyung | V/Reader Series: 50 Days of One Shots [37],"['Marriage Proposal', 'Tae is a freaking darling', 'one shots']",['Marriage Proposal'],"['Tae is a freaking darling', 'one shots']",[],[]
https://golemlab.eu/graph/14795433,Did it hurt?,"As a witch you try your best to not attract the most feared killers in Seoul, to be specific monster killers. But as a born witch soon or later you will be on their blacklist and then your life is over.",2018-05-29,1009,Mature,F/M,In-Progress,19,taehyung,Alternate Universe - Angels & Demons | Alternate Universe - Creatures & Monsters | Alternate Universe - Monster Hunters | Alternate Universe - Supernatural Elements | Angel Wings | Angels | Awkward Flirting | Awkwardness | Flirting | Fluff | Monster Hunters | Monsters | Sexual Tension,Kim Taehyung | V/Reader,"['Alternate Universe - Angels & Demons', 'Alternate Universe - Creatures & Monsters', 'Alternate Universe - Monster Hunters', 'Alternate Universe - Supernatural Elements', 'Angel Wings', 'Angels', 'Awkward Flirting', 'Awkwardness', 'Flirting', 'Fluff', 'Monster Hunters', 'Monsters', 'Sexual Tension']","['Alternate Universe - Angels & Demons', 'Alternate Universe - Creatures & Monsters', 'Alternate Universe - Monster Hunters', 'Alternate Universe - Supernatural Elements', 'Angel Wings', 'Angels', 'Awkward Flirting', 'Awkwardness', 'Flirting', 'Fluff', 'Monster Hunters', 'Monsters', 'Sexual Tension']",[],[],[]
https://golemlab.eu/graph/26484166,Falling for Kim Taehyung,"~Your brother, Yoongi has a new group of friends after a long move to the city. he's hesitant to have you meet them, for obvious reasons. Once you do, things begin to get very complicated, very fast. will Yoongi understand or will he tear you apart?~",2020-09-05,15382,Explicit,F/M,Completed,19,taehyung,Adorable Kim Taehyung | V | Attraction | Author Is Sleep Deprived | Cute Kim Taehyung | V | First Time | Fluff | Grumpy Min Yoongi | Suga | I | I Tried | Implied/Referenced Child Abuse | Kim Taehyung | V is Whipped | Kim Taehyung | V is a Little Shit | Love at First Sight | Mentioned Jeon Jungkook | Mentioned Jung Hoseok | J-Hope | Mentioned Kim Namjoon | RM | Mentioned Kim Seokjin | Jin | Mentioned Park Jimin (BTS) | My First AO3 Post | My First Fanfic | My First Work in This Fandom | No Spoilers | Protective Older Brothers | Romantic Fluff | Sneaking Around,Kim Taehyung | V/Reader Series: The Falling Mini Series [1],"['Adorable Kim Taehyung', 'V', 'Attraction', 'Author Is Sleep Deprived', 'Cute Kim Taehyung', 'V', 'First Time', 'Fluff', 'Grumpy Min Yoongi', 'Suga', 'I', 'I Tried', 'Implied/Referenced Child Abuse', 'Kim Taehyung', 'V is Whipped', 'Kim Taehyung', 'V is a Little Shit', 'Love at First Sight', 'Mentioned Jeon Jungkook', 'Mentioned Jung Hoseok', 'J-Hope', 'Mentioned Kim Namjoon', 'RM', 'Mentioned Kim Seokjin', 'Jin', 'Mentioned Park Jimin (BTS)', 'My First AO3 Post', 'My First Fanfic', 'My First Work in This Fandom', 'No Spoilers', 'Protective Older Brothers', 'Romantic Fluff', 'Sneaking Around']","['Attraction', 'Author Is Sleep Deprived', 'First Time', 'Fluff', 'I Tried', 'Implied/Referenced Child Abuse', 'Love at First Sight', 'My First AO3 Post', 'My First Fanfic', 'My First Work in This Fandom', 'No Spoilers', 'Protective Older Brothers', 'Romantic Fluff', 'Sneaking Around']","['Adorable Kim Taehyung', 'V', 'Cute Kim Taehyung', 'V', 'Grumpy Min Yoongi', 'Suga', 'I', 'Kim Taehyung', 'V is Whipped', 'Kim Taehyung', 'V is a Little Shit', 'Mentioned Jung Hoseok', 'J-Hope', 'Mentioned Kim Namjoon', 'RM', 'Mentioned Kim Seokjin', 'Jin']","['Adorable Kim Taehyung', 'Cute Kim Taehyung', 'Grumpy Min Yoongi', 'Suga', 'Kim Taehyung', 'Kim Taehyung', 'Mentioned Jung Hoseok', 'J-Hope', 'Mentioned Kim Namjoon', 'Mentioned Kim Seokjin', 'Jin']","['Mentioned Jeon Jungkook', 'Mentioned Park Jimin (BTS)']"
https://golemlab.eu/graph/31669094,Princess,"Kim Taehyung just got home from work, and he has plans for you.",2021-06-01,581,Explicit,F/M,Completed,19,taehyung,Drabble | Implied Daddy Kink | Kim Taehyung | V Has a Big Dick | blowjob | idk what else to tag | oral sex (m receiving) | princess kink | this is my 1st fic,"Kim Taehyung | V/Reader, Kim Taehyung | V/You","['Drabble', 'Implied Daddy Kink', 'Kim Taehyung', 'V Has a Big Dick', 'blowjob', 'idk what else to tag', 'oral sex (m receiving)', 'princess kink', 'this is my 1st fic']",['Drabble'],"['Implied Daddy Kink', 'Kim Taehyung', 'V Has a Big Dick', 'blowjob', 'idk what else to tag', 'oral sex (m receiving)', 'princess kink', 'this is my 1st fic']","['Implied Daddy Kink', 'Kim Taehyung']",[]
https://golemlab.eu/graph/18634567,Devastating Beauty,"Who said cheaters never prosper?—angst, fluff, non-idol!au",2019-04-28,7662,Mature,F/M,In-Progress,18,taehyung,,Kim Taehyung | V/Reader,[],[],[],[],[]
https://golemlab.eu/graph/3915073,Why So Serious?,"The story of a young man with a troubled past, trying to bring smiles to everyone. Until he meets you.",2015-05-11,9394,Teen And Up Audiences,F/M,Completed,18,taehyung,Minor Character Death | Minor Violence | Murder-Suicide,Kim Taehyung | V/Reader,"['Minor Character Death', 'Minor Violence', 'Murder-Suicide']","['Minor Character Death', 'Minor Violence', 'Murder-Suicide']",[],[],[]
https://golemlab.eu/graph/16793581,Magic Shop: Masked,"It all started when you found a broken mask in the middle of a lavender field. At first you both wanted it for you own keepsake, but as the owner began to haunt for whoever stole his mask, you found yourselves in deep trouble and at the same time exposing the true history and powers behind the legends of the seven masks… Aside, Taehyung has become extremely over-protective of you and listens in secrecy to one of your conversations where a sensitive topic is brought up. You quickly find out which leads to you feeling humiliated and refusing to talk to him… Prepare to meet more witches as Mars aligns with the sun…",2018-12-01,15907,Mature,F/M,Completed,18,taehyung,Angst and Fluff and Smut | Evil | Magic Shop | Occult | Pregnancy | Rituals | Seven Deadly Sins | Smut | Summoning | Witch AU | Witch Kim Taehyung | V | a lil fluffy | angsty af tho | angt | deamon reader | jinmin - Freeform | proposal | yoonkook,Kim Taehyung | V/Reader Series: Magic shop [2],"['Angst and Fluff and Smut', 'Evil', 'Magic Shop', 'Occult', 'Pregnancy', 'Rituals', 'Seven Deadly Sins', 'Smut', 'Summoning', 'Witch AU', 'Witch Kim Taehyung', 'V', 'a lil fluffy', 'angsty af tho', 'angt', 'deamon reader', 'jinmin - Freeform', 'proposal', 'yoonkook']","['Angst and Fluff and Smut', 'Evil', 'Occult', 'Pregnancy', 'Rituals', 'Seven Deadly Sins', 'Smut', 'Summoning']","['Magic Shop', 'Witch AU', 'Witch Kim Taehyung', 'V', 'a lil fluffy', 'angsty af tho', 'angt', 'deamon reader', 'jinmin - Freeform', 'proposal', 'yoonkook']","['Magic Shop', 'Witch AU', 'Witch Kim Taehyung']",[]
https://golemlab.eu/graph/18121697,Shower Time,Taehyung X reader steamy shower smut (Also it's a gender neutral reader so),2019-03-15,692,Teen And Up Audiences,F/M,Completed,18,taehyung,I wrote this a long time ago | jesus Christ its bad | so cringy omg,Kim Taehyung | V/Reader,"['I wrote this a long time ago', 'jesus Christ its bad', 'so cringy omg']",[],"['I wrote this a long time ago', 'jesus Christ its bad', 'so cringy omg']",[],[]
https://golemlab.eu/graph/23570128,Eccentric,(was soft stoner tae) {adj.} (of a person or their behavior) unconventional and slightly strange Kim Taehyung is strange but that doesn’t stop him from wiggling his way into your heart. ** [inspired by Stanley and Sydney’s relationship in Netflix’s ‘I Am Not Okay with This] {crossposted from my tumblr},2020-04-10,7260,Mature,F/M,Completed,18,taehyung,Drinking | Recreational Drug Use | mc had trouble making friends | mc has a troubled past but nothing too detailed | this is from my tumblr page | weed dealer jungkook,Kim Taehyung | V/Reader Series: Smoke Clouds [1],"['Drinking', 'Recreational Drug Use', 'mc had trouble making friends', 'mc has a troubled past but nothing too detailed', 'this is from my tumblr page', 'weed dealer jungkook']","['Drinking', 'Recreational Drug Use']","['mc had trouble making friends', 'mc has a troubled past but nothing too detailed', 'this is from my tumblr page', 'weed dealer jungkook']",[],[]
https://golemlab.eu/graph/36795658,Royal Blood,"In order to secure the throne, you must be successful in negotiating with a neighboring kingdom, seeing as you are on the brink of war. This also means a good relationship with the royal family, which you are eager to have, but you end up closer to the prince than you would have thought. Wattpad link: https://www.wattpad.com/story/295101961-royal-blood-vampire-prince-taehyung-x-princess Tumblr link: https://lokidow-strange-army.tumblr.com/post/672006619138293760/royal-blood-vampire-prince-taehyung-x-princess",2022-01-31,10227,Explicit,F/M,Completed,18,taehyung,Brink of war | Dom Kim Taehyung | V | Impregnation | Kim Taehyung is low key powerful | Kim Taehyung | V Has a Big Dick | Kim Taehyung | V Has a Nice Ass | Kim Taehyung | V is Whipped | King Kim Taehyung | V | Mentions of Blood | Mentions of childbirth | Prince Kim Taehyung | V | Princess reader | Queen Reader | Reader-Insert | Royal Families | Royalty | Vampire Kim Taehyung | V | human reader,"Kim Taehyung | V/Reader, Kim Taehyung | V/You","['Brink of war', 'Dom Kim Taehyung', 'V', 'Impregnation', 'Kim Taehyung is low key powerful', 'Kim Taehyung', 'V Has a Big Dick', 'Kim Taehyung', 'V Has a Nice Ass', 'Kim Taehyung', 'V is Whipped', 'King Kim Taehyung', 'V', 'Mentions of Blood', 'Mentions of childbirth', 'Prince Kim Taehyung', 'V', 'Princess reader', 'Queen Reader', 'Reader-Insert', 'Royal Families', 'Royalty', 'Vampire Kim Taehyung', 'V', 'human reader']","['Impregnation', 'Reader-Insert', 'Royalty']","['Brink of war', 'Dom Kim Taehyung', 'V', 'Kim Taehyung is low key powerful', 'Kim Taehyung', 'V Has a Big Dick', 'Kim Taehyung', 'V Has a Nice Ass', 'Kim Taehyung', 'V is Whipped', 'King Kim Taehyung', 'V', 'Mentions of Blood', 'Mentions of childbirth', 'Prince Kim Taehyung', 'V', 'Princess reader', 'Queen Reader', 'Royal Families', 'Vampire Kim Taehyung', 'V', 'human reader']","['Dom Kim Taehyung', 'Kim Taehyung', 'Kim Taehyung', 'Kim Taehyung', 'King Kim Taehyung', 'Prince Kim Taehyung', 'Queen Reader', 'Royal Families', 'Vampire Kim Taehyung']",[]
https://golemlab.eu/graph/20660834,When Our Eyes Met,"Created by request on my Tumblr, btsaudge. Here's the prompts: ""I dreamed of you last night."" and ""I’m going to ruin you.""",2019-09-16,688,Mature,F/M,Completed,18,taehyung,Angst | Mild Smut,"Kim Taehyung | V/Reader, Kim Taehyung | V/You Series: BTS x Reader [44]","['Angst', 'Mild Smut']","['Angst', 'Mild Smut']",[],[],[]
https://golemlab.eu/graph/38228269,24 Hours,You must do whatever Taehyung wants for twenty-four hours,2022-04-07,1312,Explicit,F/M,Completed,18,taehyung,Choking | Hand Jobs | Rough Oral Sex | Rough Sex | Submission | Top Kim Taehyung | V | Vaginal Fingering | Vaginal Sex,Kim Taehyung | V/Reader,"['Choking', 'Hand Jobs', 'Rough Oral Sex', 'Rough Sex', 'Submission', 'Top Kim Taehyung', 'V', 'Vaginal Fingering', 'Vaginal Sex']","['Choking', 'Hand Jobs', 'Rough Oral Sex', 'Rough Sex', 'Submission', 'Vaginal Fingering', 'Vaginal Sex']","['Top Kim Taehyung', 'V']",['Top Kim Taehyung'],[]
https://golemlab.eu/graph/21975814,Storm Bringer,Drakken riders are the pride of Falrayne and you take pride in your place as a protector of your homeland. But what happens when you meet a drakken rider you never expected from another nation?,2019-12-26,5831,Mature,F/M,In-Progress,18,taehyung,Fantasy AU | King Seokjin | Soulmate AU | Supernatural AU - Freeform | Violence | drakken rider | drakken rider jimin | drakken rider jungkook | drakken rider reader | drakken rider taehyung | future smut,Kim Taehyung | V/Reader,"['Fantasy AU', 'King Seokjin', 'Soulmate AU', 'Supernatural AU - Freeform', 'Violence', 'drakken rider', 'drakken rider jimin', 'drakken rider jungkook', 'drakken rider reader', 'drakken rider taehyung', 'future smut']",['Violence'],"['Fantasy AU', 'King Seokjin', 'Soulmate AU', 'Supernatural AU - Freeform', 'drakken rider', 'drakken rider jimin', 'drakken rider jungkook', 'drakken rider reader', 'drakken rider taehyung', 'future smut']","['Fantasy AU', 'King Seokjin', 'Soulmate AU', 'Supernatural AU - Freeform']",[]
https://golemlab.eu/graph/24178405,Just Spill It,"It's Game Night with the boys and you have interesting waiting for them. As the game goes on without a hitch, you somehow find yourself in weird situation. Mostly crack with  some fluff.",2020-05-14,2100,General Audiences,F/M,Completed,18,taehyung,BTS fluff | Friends to Lovers | OT7 | bts - Freeform | bts crack | throwing up warning,Kim Taehyung | V/Reader,"['BTS fluff', 'Friends to Lovers', 'OT7', 'bts - Freeform', 'bts crack', 'throwing up warning']","['Friends to Lovers', 'OT7']","['BTS fluff', 'bts - Freeform', 'bts crack', 'throwing up warning']",[],[]
https://golemlab.eu/graph/25995574,Beautiful Ones,Taehyung wakes up to find his girlfriend occupied with the latest hate she and her bandmates have recieved online.,2020-08-22,2238,Teen And Up Audiences,F/M,Completed,17,taehyung,Sasaeng Fan(s),Kim Taehyung | V/Reader,['Sasaeng Fan(s)'],['Sasaeng Fan(s)'],[],[],[]
https://golemlab.eu/graph/16557269,The Kiss of Death,"Edited and now with a new chapter. You and Taehyung had been best friends since y'all had met in kindergarten. You had fallen in love with him but had never said anything since you knew he was a siren whose kiss was literally death for those they kissed. Despite that or maybe because of it, one day you asked him for a kiss as payment for the hundreds of broken promises which you could exchange for wishes or in this case, one really big wish. Will he accept and kill you, or refuse your pleas?",2018-12-25,1002,Teen And Up Audiences,F/M,Completed,17,taehyung,Alternate Universe - Fantasy | Alternate Universe - High School | Angst | Fluff | Fluff and Angst | Not Beta Read | Temporary Character Death | The other boys are only there briefly,"Kim Taehyung | V/Reader, Kim Taehyung | V/You","['Alternate Universe - Fantasy', 'Alternate Universe - High School', 'Angst', 'Fluff', 'Fluff and Angst', 'Not Beta Read', 'Temporary Character Death', 'The other boys are only there briefly']","['Alternate Universe - Fantasy', 'Alternate Universe - High School', 'Angst', 'Fluff', 'Fluff and Angst', 'Not Beta Read', 'Temporary Character Death']",['The other boys are only there briefly'],[],[]
https://golemlab.eu/graph/21319096,youth,"“I gotta get out of here, Y/N. I can’t do this anymore.” he says. “But Tae-” Suddenly you’re cut off by the harsh sound of Taehyung unzipping his jacket, shrugging the thing off before slamming his arms down on the table. Horrified, you’ve lost your appetite. Angry, red lines cover his arms, and you can feel tears forming behind your eyes as you look at them. Taehyung was whipped.",2020-03-21,6591,Mature,F/M,In-Progress,17,taehyung,Abusive Parents | Alcohol Abuse/Alcoholism | Alternate Universe - Runaways | Best Friends | Child Abuse | Child Neglect | Childhood Trauma | Drug Addiction | Friends to Lovers,Kim Taehyung | V/Reader,"['Abusive Parents', 'Alcohol Abuse/Alcoholism', 'Alternate Universe - Runaways', 'Best Friends', 'Child Abuse', 'Child Neglect', 'Childhood Trauma', 'Drug Addiction', 'Friends to Lovers']","['Abusive Parents', 'Alcohol Abuse/Alcoholism', 'Best Friends', 'Child Abuse', 'Child Neglect', 'Childhood Trauma', 'Drug Addiction', 'Friends to Lovers']",['Alternate Universe - Runaways'],['Alternate Universe - Runaways'],[]
https://golemlab.eu/graph/30206793,Sweater Weather,"It’s far too cold to be outside without a sweater, so he lends her his to wear.",2021-03-22,803,General Audiences,F/M,Completed,17,taehyung,Blurb | Fluff | Non AU | One Shot | Requested | Sweater weather | Tooth-Rotting Fluff | reader is a sibling of staff | shy reader | sweet kim taehyung - Freeform,Kim Taehyung | V/Reader,"['Blurb', 'Fluff', 'Non AU', 'One Shot', 'Requested', 'Sweater weather', 'Tooth-Rotting Fluff', 'reader is a sibling of staff', 'shy reader', 'sweet kim taehyung - Freeform']","['Fluff', 'One Shot', 'Tooth-Rotting Fluff']","['Blurb', 'Non AU', 'Requested', 'Sweater weather', 'reader is a sibling of staff', 'shy reader', 'sweet kim taehyung - Freeform']","['Blurb', 'Non AU', 'Requested']",[]
https://golemlab.eu/graph/8480869,Video Game | Taehyung,When you leave Taehyung alone for two seconds and he gets a booboo from playing his video game. #ThanksJungkook.,2016-11-05,817,General Audiences,F/M,Completed,17,taehyung,Fluff,Kim Taehyung | V/You Series: Video Game Series [1],['Fluff'],['Fluff'],[],[],[]
https://golemlab.eu/graph/40126488,Christmas with a Vampire | KTH,"“Did you hear me?” Of course Taehyung can hear you, Taehyung could hear a pin drop in a crowded room, he could hear your escalating heartbeat when his lips graze your collarbone, the soft exhale of pleasure from your lips, the air rushing into your lungs as you inhale. He hums against your warm skin and presses his thumb against your throat, enjoying the way your pulse jumps, a steady throbbing rhythm, hungry for the sweet liquid rushing underneath. Taehyung was another consequence of a city where sunlight rarely reached. In the darkness, monsters lived. Cyberpunk Futuristic AU AKA Tae being an emo vampire",2022-07-06,6107,Explicit,F/M,Completed,17,taehyung,Alternate Universe - Vampire | Angst | Angst and Fluff and Smut | Blood Drinking | Christmas Smut | Fluff | Fluff and Angst | Human/Vampire Relationship | Oral Sex | Rough Sex | Smut | Vampire Bites | Vampire Kim Taehyung | V | Vampire Sex | Vampires,Kim Taehyung | V/Reader Series: BTS X-MAS [ONE-SHOTS] : Naughty Girl Christmas! [4],"['Alternate Universe - Vampire', 'Angst', 'Angst and Fluff and Smut', 'Blood Drinking', 'Christmas Smut', 'Fluff', 'Fluff and Angst', 'Human/Vampire Relationship', 'Oral Sex', 'Rough Sex', 'Smut', 'Vampire Bites', 'Vampire Kim Taehyung', 'V', 'Vampire Sex', 'Vampires']","['Alternate Universe - Vampire', 'Angst', 'Angst and Fluff and Smut', 'Blood Drinking', 'Christmas Smut', 'Fluff', 'Fluff and Angst', 'Human/Vampire Relationship', 'Oral Sex', 'Rough Sex', 'Smut', 'Vampire Bites', 'Vampire Sex', 'Vampires']","['Vampire Kim Taehyung', 'V']",['Vampire Kim Taehyung'],[]
https://golemlab.eu/graph/14229339,Home town visit,//example// this means she’s talking over the phone Copyright 2017© by barbika1508. All rights reserved. Cross posted on tumblr: Read here,2018-04-06,4404,General Audiences,F/M,Completed,17,taehyung,Fluff and Angst | One Shot | One-Sided Attraction | Unrequited Love,"Kim Taehyung | V/Reader, Min Yoongi | Suga & Reader","['Fluff and Angst', 'One Shot', 'One-Sided Attraction', 'Unrequited Love']","['Fluff and Angst', 'One Shot', 'One-Sided Attraction', 'Unrequited Love']",[],[],[]
https://golemlab.eu/graph/21087779,Chocolate and Cream,You and Taehyung have some fun with whipped cream and chocolate.,2019-10-19,1894,Mature,F/M,Completed,17,taehyung,Blindfolds | Chocolate | Daddy Kink | Lots of tongue | Plot What Plot/Porn Without Plot | Sex | Teasing | Whipped Cream,Kim Taehyung | V/Reader,"['Blindfolds', 'Chocolate', 'Daddy Kink', 'Lots of tongue', 'Plot What Plot/Porn Without Plot', 'Sex', 'Teasing', 'Whipped Cream']","['Blindfolds', 'Chocolate', 'Daddy Kink', 'Plot What Plot/Porn Without Plot', 'Sex', 'Teasing', 'Whipped Cream']",['Lots of tongue'],[],[]
https://golemlab.eu/graph/16961064,TCOS Drabbles,I wasn't sure where to put the drabbles; and worried if they were posted within the story it wouldn't fit right or flow. So I'll post them here!,2018-12-12,1813,Mature,F/M,In-Progress,17,taehyung,Angst | Eventual Smut | Fluff | Hybrid AU | Hybrids | Smut | Suggestive Themes,Kim Taehyung | V/Reader Series: The Changing of Seasons [2],"['Angst', 'Eventual Smut', 'Fluff', 'Hybrid AU', 'Hybrids', 'Smut', 'Suggestive Themes']","['Angst', 'Eventual Smut', 'Fluff', 'Hybrids', 'Smut', 'Suggestive Themes']",['Hybrid AU'],['Hybrid AU'],[]
https://golemlab.eu/graph/16635791,Tell Me Honestly,"A not so confusing love circle that only grows more frustrating as feelings reveal themselves one way or another. Taehyung adores Bae Jinye, a beautiful and loved sophomore at their college, so when she gets dumped by her boyfriend Sangjin, its all he can ramble to you, his closest friend, about. But where does that leave you and the feelings you've been harboring for him since freshmen year? His happiness is all that matters, right?",2018-11-15,4838,General Audiences,F/M,In-Progress,17,taehyung,POV Alternating,Kim Taehyung | V/Reader,['POV Alternating'],['POV Alternating'],[],[],[]
https://golemlab.eu/graph/18297620,Taehyung The Latte Boy,"Being a regular at the local cafe was nice, especially with the cute owner constantly checking up on you.",2019-03-31,1976,General Audiences,F/M,Completed,17,taehyung,Cute Taehyung | Fluff | and ounce of sadness | but nothing major | coffee shop AU,Kim Taehyung | V/Reader Series: BTS Drabbles [23],"['Cute Taehyung', 'Fluff', 'and ounce of sadness', 'but nothing major', 'coffee shop AU']",['Fluff'],"['Cute Taehyung', 'and ounce of sadness', 'but nothing major', 'coffee shop AU']",['Cute Taehyung'],[]
https://golemlab.eu/graph/39812034,milestone drabbles: taehyung #3,you play a little game with taehyung,2022-06-22,712,Explicit,F/M,Completed,17,taehyung,Edging | Smut | dom!reader | protected and unprotected intercourse | sub!taehyung | use of 'good boy',Kim Taehyung | V/Reader Series: milestone celebration drabbles [3],"['Edging', 'Smut', 'dom!reader', 'protected and unprotected intercourse', 'sub!taehyung', ""use of 'good boy'""]",['Smut'],"['Edging', 'dom!reader', 'protected and unprotected intercourse', 'sub!taehyung', ""use of 'good boy'""]",['Edging'],[]
https://golemlab.eu/graph/30047124,shelter,"Summary - Lost in a sketchy area of Daegu with no phone battery and no one to turn to, you run into a handsome stranger who ends up becoming your shelter. Pairing - Taehyung x reader Genre - smut Warnings - minor mentions of drug deals, penetrative sex, dirty talk, sex with a complete stranger (pls be safe guys) a/n: another re-write from a previous fandom. :)",2021-03-14,1829,Mature,F/M,Completed,17,taehyung,,Kim Taehyung | V/Reader,[],[],[],[],[]
https://golemlab.eu/graph/13659783,tulips//you've always been the only one for me,A sweet confession in the park in the middle of february between two old friends that are more than a little in love with eachother,2018-02-12,738,General Audiences,F/M,Completed,16,taehyung,Alternate Universe - College/University | College AU | Cute | Flower Symbolism | Fluff | Love Confessions | Old Friends to Lovers | Tulips | after a long time | rlly short | soft | this is my first fic ever pls go easy on me,Kim Taehyung | V/Reader,"['Alternate Universe - College/University', 'College AU', 'Cute', 'Flower Symbolism', 'Fluff', 'Love Confessions', 'Old Friends to Lovers', 'Tulips', 'after a long time', 'rlly short', 'soft', 'this is my first fic ever pls go easy on me']","['Alternate Universe - College/University', 'Cute', 'Fluff', 'Love Confessions']","['College AU', 'Flower Symbolism', 'Old Friends to Lovers', 'Tulips', 'after a long time', 'rlly short', 'soft', 'this is my first fic ever pls go easy on me']","['College AU', 'Flower Symbolism', 'Tulips']",[]
https://golemlab.eu/graph/32003575,Their Souls Cry Out,Part of the #armywriterchallenge on my old profile You meet a soulful Taehyung by following the sound of music. Your attempts to take his soul during a casual hook-up lead to more permanent arrangements.,2021-06-17,2186,Explicit,F/M,Completed,16,taehyung,Casual Sex | Explicit Sexual Content | In need of a Soul | Succubus | Succubus’ Pet,Kim Taehyung | V/Reader Series: Y/N centric AUs [22],"['Casual Sex', 'Explicit Sexual Content', 'In need of a Soul', 'Succubus', 'Succubus’ Pet']","['Casual Sex', 'Explicit Sexual Content']","['In need of a Soul', 'Succubus', 'Succubus’ Pet']","['Succubus', 'Succubus’ Pet']",[]
https://golemlab.eu/graph/15532713,Dog-Tags On Flowers,"Dating someone who is enlisted in the military is hard. The leaving and coming back was somwthing you didn’t mind, it was the time apart that you dreaded. Also, the what-ifs of the relationship is what is rocky. Summer has begun, but it feels like your Summer just turned to Winter with the news you have received about your boyfriend Taehyung. What memories await for you?",2018-08-02,2518,Mature,F/M,Completed,16,taehyung,,"Kim Taehyung | V/Reader, Kim Taehyung | V/You",[],[],[],[],[]
https://golemlab.eu/graph/13643166,After Gaming Cuddles,You have such an interesting boyfriend. What started out as a gripe about gifts ends in affection.,2018-02-11,867,General Audiences,F/M,Completed,16,taehyung,,Kim Taehyung | V/Reader,[],[],[],[],[]
https://golemlab.eu/graph/27450634,kth/qw: 1,"this was reworked from a johnny fic to taehyung since i thought it fit him perfectly and i keep trying to push my chubby mc agenda, here’s another one to all my beautiful bigger bodied readers!",2020-11-08,1055,Teen And Up Audiences,F/M,Completed,16,taehyung,CHUBBY MC - Freeform | Fluff | No edit we die like men | THIS IS S CHUBBY MC FIC | loved up taehyung,Kim Taehyung | V/Reader Series: quick writes [3],"['CHUBBY MC - Freeform', 'Fluff', 'No edit we die like men', 'THIS IS S CHUBBY MC FIC', 'loved up taehyung']",['Fluff'],"['CHUBBY MC - Freeform', 'No edit we die like men', 'THIS IS S CHUBBY MC FIC', 'loved up taehyung']",['CHUBBY MC - Freeform'],[]
https://golemlab.eu/graph/18026465,Time Between Scars,"It wasn't as if you'd fallen out if love with him, but something had been wrong, broken in him since he lost his grandmother, and it wasn't something you could fix.",2019-03-07,2941,Mature,F/M,In-Progress,16,taehyung,Angst | Angst with a Happy Ending | Drunk Texting | Eventual Smut | Jealous Kim Taehyung | V | Kim Taehyung | V-centric | My First Work in This Fandom | Reader-Insert,Kim Taehyung | V/Reader,"['Angst', 'Angst with a Happy Ending', 'Drunk Texting', 'Eventual Smut', 'Jealous Kim Taehyung', 'V', 'Kim Taehyung', 'V-centric', 'My First Work in This Fandom', 'Reader-Insert']","['Angst', 'Angst with a Happy Ending', 'Drunk Texting', 'Eventual Smut', 'My First Work in This Fandom', 'Reader-Insert']","['Jealous Kim Taehyung', 'V', 'Kim Taehyung', 'V-centric']","['Jealous Kim Taehyung', 'Kim Taehyung']",[]
https://golemlab.eu/graph/14663739,Officer Kim,Tae is a police officer who meets someone who excites him and he takes advantage of it!,2018-05-15,1992,Explicit,Other,Completed,16,taehyung,Biting | Dom/sub Undertones | Ejaculate | Explicit Language | Mild S&M | Oral Sex | Police | Sex,Kim Taehyung | V/Reader,"['Biting', 'Dom/sub Undertones', 'Ejaculate', 'Explicit Language', 'Mild S&M', 'Oral Sex', 'Police', 'Sex']","['Biting', 'Dom/sub Undertones', 'Ejaculate', 'Explicit Language', 'Mild S&M', 'Oral Sex', 'Police', 'Sex']",[],[],[]
https://golemlab.eu/graph/31085309,Overstimulation,One shots I did when I was bored of tae being a sub getting overstimulated,2021-05-04,3308,Explicit,F/M,In-Progress,16,taehyung,Cock Cages | Cock Rings | Cock pressing | Exhibitionism | Masochism | Moaning | Overstimulation | Public Humiliation | Riding | Sadism | Semi-Public Sex | Sub Kim Taehyung | V | Tae is a horny slut | Tae is a sub | Vibrators | Whining | crying from pleasure | dom reader | nsfw twitter,Kim Taehyung | V/Reader,"['Cock Cages', 'Cock Rings', 'Cock pressing', 'Exhibitionism', 'Masochism', 'Moaning', 'Overstimulation', 'Public Humiliation', 'Riding', 'Sadism', 'Semi-Public Sex', 'Sub Kim Taehyung', 'V', 'Tae is a horny slut', 'Tae is a sub', 'Vibrators', 'Whining', 'crying from pleasure', 'dom reader', 'nsfw twitter']","['Cock Cages', 'Cock Rings', 'Exhibitionism', 'Masochism', 'Moaning', 'Overstimulation', 'Public Humiliation', 'Riding', 'Sadism', 'Semi-Public Sex', 'Vibrators', 'Whining']","['Cock pressing', 'Sub Kim Taehyung', 'V', 'Tae is a horny slut', 'Tae is a sub', 'crying from pleasure', 'dom reader', 'nsfw twitter']",['Sub Kim Taehyung'],[]
https://golemlab.eu/graph/17967794,Oath of the Moonchild,"""What if one day...I turned into a monster? Would you still be friends with me?"" ""Of course. I wouldn't ever run. I'd protect you, because I like you.""",2019-03-21,573,General Audiences,F/M,Completed,16,taehyung,Alternate Universe | Alternate Universe - Werewolf | Other Additional Tags to Be Added | Reader-Insert,Kim Taehyung | V/Reader Series: to be continued [1],"['Alternate Universe', 'Alternate Universe - Werewolf', 'Other Additional Tags to Be Added', 'Reader-Insert']","['Alternate Universe', 'Alternate Universe - Werewolf', 'Other Additional Tags to Be Added', 'Reader-Insert']",[],[],[]
https://golemlab.eu/graph/30091908,Petit Diable,Angel or devil? He craved both.,2021-03-17,1786,Mature,F/M,Completed,16,taehyung,Mentions of Sex | Paris (City) | Strangers to Lovers | finding love in the city of love | singer!reader | this oneshot is just straight up sexy imo,Kim Taehyung | V/Reader,"['Mentions of Sex', 'Paris (City)', 'Strangers to Lovers', 'finding love in the city of love', 'singer!reader', 'this oneshot is just straight up sexy imo']","['Paris (City)', 'Strangers to Lovers']","['Mentions of Sex', 'finding love in the city of love', 'singer!reader', 'this oneshot is just straight up sexy imo']",[],[]
https://golemlab.eu/graph/30369975,Best friends,"Y/N and Taehyung are best friends who are both afraid to confess to each other. When they finally do, it's too late.",2021-03-30,2057,General Audiences,F/M,Completed,16,taehyung,Best Friends | Jeon Jungkook & Kim Taehyung | V are Best Friends | Lost Love | One Shot | Suicide | University,Kim Taehyung | V/Reader,"['Best Friends', 'Jeon Jungkook & Kim Taehyung', 'V are Best Friends', 'Lost Love', 'One Shot', 'Suicide', 'University']","['Best Friends', 'Lost Love', 'One Shot', 'Suicide', 'University']","['Jeon Jungkook & Kim Taehyung', 'V are Best Friends']",['Jeon Jungkook & Kim Taehyung'],[]
https://golemlab.eu/graph/21169139,Dream Catcher,"Would you love me, if I asked you too? She yearned for his attention, while he chased after another girl’s attention. Will she find her prince or will she find heartbreak instead?",2019-10-25,32770,Teen And Up Audiences,F/M,In-Progress,16,taehyung,Oblivious Kim Taehyung | V,Kim Taehyung | V/Reader,"['Oblivious Kim Taehyung', 'V']",[],"['Oblivious Kim Taehyung', 'V']",['Oblivious Kim Taehyung'],[]
https://golemlab.eu/graph/19879192,Sunshine of Your Love,A couple at the beach Drabble.,2019-07-20,265,General Audiences,F/M,Completed,16,taehyung,Black Character(s) | Interracial Relationship | Self-Acceptance | self love,Kim Taehyung | V/Reader,"['Black Character(s)', 'Interracial Relationship', 'Self-Acceptance', 'self love']","['Black Character(s)', 'Interracial Relationship', 'Self-Acceptance']",['self love'],[],[]
https://golemlab.eu/graph/12030237,Don't Let Me Be Misunderstood,"Kim Taehyung is a narcissistic, brash and self destructive forgotten actor who believes all relationships are doomed. Y/N is a stubborn, cynical K-DRAMA writer, who doesn't believe in relationships. What could go wrong. This fanfic is inspired by one of my all time favourite TV show ""You're the Worst"", go check it out!!!!",2017-09-08,6650,Mature,F/M,In-Progress,16,taehyung,Actor!Kim Taehyung | Aged-Up Character(s) | Alcohol Abuse/Alcoholism | Angst | BTS A.U | Death | Depression | Drug Use | Everybody is Bad at Feelings | Fluff | Homophobia | Jeon Jungkook & Kim Taehyung | V are Best Friends | Jeon Jungkook is Bad at Feelings | Kim Taehyung | V is a Little Shit | Light BDSM | Park Jimin Is Bad at Feelings | Rough Sex | Shy Jeon Jungkook | Smut | Top Kim Taehyung | V | bangtan - Freeform | bts - Freeform | jikook - Freeform | kim taehyung - Freeform | kim taehyung is bad at feelings | taehyung - Freeform | v - Freeform | you're the worst,Kim Taehyung | V/Reader Series: Dark Paradise || BTS • Chaotic Relationships [2],"['Actor!Kim Taehyung', 'Aged-Up Character(s)', 'Alcohol Abuse/Alcoholism', 'Angst', 'BTS A.U', 'Death', 'Depression', 'Drug Use', 'Everybody is Bad at Feelings', 'Fluff', 'Homophobia', 'Jeon Jungkook & Kim Taehyung', 'V are Best Friends', 'Jeon Jungkook is Bad at Feelings', 'Kim Taehyung', 'V is a Little Shit', 'Light BDSM', 'Park Jimin Is Bad at Feelings', 'Rough Sex', 'Shy Jeon Jungkook', 'Smut', 'Top Kim Taehyung', 'V', 'bangtan - Freeform', 'bts - Freeform', 'jikook - Freeform', 'kim taehyung - Freeform', 'kim taehyung is bad at feelings', 'taehyung - Freeform', 'v - Freeform', ""you're the worst""]","['Aged-Up Character(s)', 'Alcohol Abuse/Alcoholism', 'Angst', 'Death', 'Depression', 'Drug Use', 'Fluff', 'Homophobia', 'Light BDSM', 'Rough Sex', 'Smut']","['Actor!Kim Taehyung', 'BTS A.U', 'Everybody is Bad at Feelings', 'Jeon Jungkook & Kim Taehyung', 'V are Best Friends', 'Kim Taehyung', 'V is a Little Shit', 'Park Jimin Is Bad at Feelings', 'Top Kim Taehyung', 'V', 'bangtan - Freeform', 'bts - Freeform', 'jikook - Freeform', 'kim taehyung - Freeform', 'kim taehyung is bad at feelings', 'taehyung - Freeform', 'v - Freeform', ""you're the worst""]","['Actor!Kim Taehyung', 'Jeon Jungkook & Kim Taehyung', 'Kim Taehyung', 'Top Kim Taehyung']","['Jeon Jungkook is Bad at Feelings', 'Shy Jeon Jungkook']"
https://golemlab.eu/graph/40176330,Housewarming,You and Taehyung just bought a house together and he makes good on his promise to fuck you in every room.,2022-07-09,1311,Mature,F/M,Completed,16,taehyung,Oral Sex | Shower Sex | Smut | Vaginal Fingering | Vaginal Sex,Kim Taehyung | V/Reader,"['Oral Sex', 'Shower Sex', 'Smut', 'Vaginal Fingering', 'Vaginal Sex']","['Oral Sex', 'Shower Sex', 'Smut', 'Vaginal Fingering', 'Vaginal Sex']",[],[],[]
https://golemlab.eu/graph/25753807,Your Here Now,"I was possessed, dazed, intoxicated by my awakened desires. All my pent up infatuation, years in the making erupting at my core, unlocked by the lapse of reasoning due to intoxication. Sweet sweet soju running through my veins. He was my best friend but also my first of many. My first crush, my first kiss, first person to let them see me cry and now this: I wouldn’t have it any other way as long as I'd never be in danger of losing him. This is where I made my mistake. This shouldn’t have been my goodbye. '‘Had I known that saying Goodbye as sweetly as I did would have brought such painful beginnings. Would I have made the same choice? I would have 1000 times because it would have led me to you...Tae---shi. Perfect sweet you. My prize in such heartache’",2020-08-06,11373,Explicit,F/M,Completed,15,taehyung,Angst | Deep feelings | Falling In Love | Making Love | Mental Health Issues | Plot Twists | Romance | suprises,"Kim Taehyung | V/Reader, Maybe Reader/ another BTS member","['Angst', 'Deep feelings', 'Falling In Love', 'Making Love', 'Mental Health Issues', 'Plot Twists', 'Romance', 'suprises']","['Angst', 'Falling In Love', 'Making Love', 'Mental Health Issues', 'Plot Twists', 'Romance']","['Deep feelings', 'suprises']",[],[]
https://golemlab.eu/graph/17722763,The End,"So the reader's best friend sent her some pictures depicting Tae in some compromising positions with another girl, so Y/N goes to confront him.",2019-02-10,544,Teen And Up Audiences,F/M,Completed,15,taehyung,Cheating | Established Relationship | Very OOC | Y/N slaps Tae just an FYI | dont @ me | i dont know this fandom | only wrote it for my bestie | pure angst,Kim Taehyung | V/Reader,"['Cheating', 'Established Relationship', 'Very OOC', 'Y/N slaps Tae just an FYI', 'dont @ me', 'i dont know this fandom', 'only wrote it for my bestie', 'pure angst']","['Cheating', 'Established Relationship']","['Very OOC', 'Y/N slaps Tae just an FYI', 'dont @ me', 'i dont know this fandom', 'only wrote it for my bestie', 'pure angst']",['Very OOC'],[]
https://golemlab.eu/graph/18790948,Against the Wall,"Anonymous asked: 1,6,1,6 1.Smut 6.Taehyung 1.Bar 6.Streetlights",2019-05-11,719,Mature,F/M,Completed,15,taehyung,Drabble | Smut | Stranger Sex,Kim Taehyung | V/Reader Series: BTS Drabble Game [1],"['Drabble', 'Smut', 'Stranger Sex']","['Drabble', 'Smut', 'Stranger Sex']",[],[],[]
https://golemlab.eu/graph/27878937,in which you meet a wizard without knowing,"While your sisters dreamt of riches and success, you've always stuck to what you've known. It’s better that way, less risky. Your hats can go out into the world for you. Then along came a mystery of a man, and with him, an unexpected adventure. howl's moving castle!au oneshot",2020-12-05,1506,General Audiences,F/M,Completed,15,taehyung,Action/Adventure | Alternate Universe - Magic | Fantasy | Fluff | Kim Taehyung | V as Howl Pendragon,Kim Taehyung | V/Reader,"['Action/Adventure', 'Alternate Universe - Magic', 'Fantasy', 'Fluff', 'Kim Taehyung', 'V as Howl Pendragon']","['Action/Adventure', 'Alternate Universe - Magic', 'Fantasy', 'Fluff']","['Kim Taehyung', 'V as Howl Pendragon']",['Kim Taehyung'],[]
https://golemlab.eu/graph/39515913,joglar de gèsta,"you manage to escape death when your not-so-lucky family is overthrown from Aquitaine, and the only way to avenge them and restore your conquered kingdom back to power is by asking your cousin Yoongi for help. but the journey to him is a dangerous one for a princess on her own, so you must travel escorted by... a jongleur.",2022-06-09,17310,Explicit,F/M,Completed,15,taehyung,Age Difference | Attempted Sexual Assault | Bickering | Drinking | Grinding | Kissing | Loss of Virginity | Minor Character Death | Minor Violence | Period-Typical Sexism | Quiet Sex | Swearing | and there was only one bed | jungkook is a horrible guy in this lol,Kim Taehyung | V/Reader,"['Age Difference', 'Attempted Sexual Assault', 'Bickering', 'Drinking', 'Grinding', 'Kissing', 'Loss of Virginity', 'Minor Character Death', 'Minor Violence', 'Period-Typical Sexism', 'Quiet Sex', 'Swearing', 'and there was only one bed', 'jungkook is a horrible guy in this lol']","['Age Difference', 'Attempted Sexual Assault', 'Bickering', 'Drinking', 'Grinding', 'Kissing', 'Loss of Virginity', 'Minor Character Death', 'Minor Violence', 'Period-Typical Sexism', 'Quiet Sex', 'Swearing']","['and there was only one bed', 'jungkook is a horrible guy in this lol']",[],[]
https://golemlab.eu/graph/23385709,💭 Memories 💭,A Christmas story.,2020-03-30,2482,Explicit,F/M,Completed,15,taehyung,Angst | Christmas | Idol Taehyung | Surprise Ending | Vaginal Sex | Young Love,Kim Taehyung | V/Reader,"['Angst', 'Christmas', 'Idol Taehyung', 'Surprise Ending', 'Vaginal Sex', 'Young Love']","['Angst', 'Christmas', 'Surprise Ending', 'Vaginal Sex', 'Young Love']",['Idol Taehyung'],['Idol Taehyung'],[]
https://golemlab.eu/graph/34750954,Somebody To Love,"kim taehyung wins the heart of everyone he meets, and you—his self-proclaimed work “nemesis”—are not an exception.",2021-10-27,2611,Explicit,F/M,In-Progress,15,taehyung,Co-workers | Enemies to Lovers,"Kim Taehyung | V/Reader Series: Oh, What A World [4]","['Co-workers', 'Enemies to Lovers']","['Co-workers', 'Enemies to Lovers']",[],[],[]
https://golemlab.eu/graph/14684325,Summer's Nocturne,"Cast into unfamiliar and life threatening situations, you think you couldn't possibly survive. But you're stronger than you think, as you prove time and time again. Will you manage to find your way back home? Will you want to?",2018-05-17,3986,Mature,F/M,Completed,15,taehyung,Abuse | Alternate Universe | Bermuda Triangle | Everything is up in the air | Friends to Lovers | Gender Inequality | Idol Worship | Matriarchy | Maybe too strong | Other Additional Tags to Be Added | Other BTS members to be added | Romance | Stranded | Strong Female Characters | Superstitions | Tae is the abused one | Tribal Society | Violence | War/combat | but not by Reader | just saying to be safe | minor rape/noncon in the future potentially | probably | probably not in detail though | slow build plot,Kim Taehyung | V/Reader,"['Abuse', 'Alternate Universe', 'Bermuda Triangle', 'Everything is up in the air', 'Friends to Lovers', 'Gender Inequality', 'Idol Worship', 'Matriarchy', 'Maybe too strong', 'Other Additional Tags to Be Added', 'Other BTS members to be added', 'Romance', 'Stranded', 'Strong Female Characters', 'Superstitions', 'Tae is the abused one', 'Tribal Society', 'Violence', 'War/combat', 'but not by Reader', 'just saying to be safe', 'minor rape/noncon in the future potentially', 'probably', 'probably not in detail though', 'slow build plot']","['Abuse', 'Alternate Universe', 'Bermuda Triangle', 'Friends to Lovers', 'Other Additional Tags to Be Added', 'Romance', 'Stranded', 'Strong Female Characters', 'Violence']","['Everything is up in the air', 'Gender Inequality', 'Idol Worship', 'Matriarchy', 'Maybe too strong', 'Other BTS members to be added', 'Superstitions', 'Tae is the abused one', 'Tribal Society', 'War/combat', 'but not by Reader', 'just saying to be safe', 'minor rape/noncon in the future potentially', 'probably', 'probably not in detail though', 'slow build plot']","['Gender Inequality', 'Idol Worship', 'Matriarchy', 'Superstitions', 'Tribal Society']",[]
https://golemlab.eu/graph/24943675,Drabble: Butter Fingers,"Original Drabble Ask: “Hey, could I request taehyung + hot chocolate + established relationship (bf, fiance, husband, it's up to you!) please? I could use some good old heartwarming fluff in these difficult times... Hope you're doing great, and I'm glad to hear you're going to come back officially! We all missed you!”",2020-06-27,777,Teen And Up Audiences,F/M,Completed,15,taehyung,Drabble | Established Relationship | Secret Garden AU | Taehyung x Reader - Freeform | butter fingers | early 1900's au | flush | implied sexual activities | part of a drabble game,"Kim Taehyung | V/Reader, Taehyung x Reader, V x Reader Series: Drabbles [1]","['Drabble', 'Established Relationship', 'Secret Garden AU', 'Taehyung x Reader - Freeform', 'butter fingers', ""early 1900's au"", 'flush', 'implied sexual activities', 'part of a drabble game']","['Drabble', 'Established Relationship']","['Secret Garden AU', 'Taehyung x Reader - Freeform', 'butter fingers', ""early 1900's au"", 'flush', 'implied sexual activities', 'part of a drabble game']",['Secret Garden AU'],[]
https://golemlab.eu/graph/28112376,Stranger in the Gallery.,"Reader x Taehyung. A small slip in the street, turns your entire world upside down. A handsome stranger who helps you, will soon become more emotionally invested in your life that you originally would have cared him to. Allowing yourself to be vulnerable around him has severe consequences when you're in an abusive relationship. Will this whirlwind relationship end in tears and turmoil?",2020-12-16,10459,Mature,F/M,Completed,15,taehyung,Angst | Art | Cute Kim Taehyung | V | Emotional Abuse | Fluff | HARD | Physical Abuse | Romance | Run Away | bts - Freeform | domestic abuse | gallery | kim taehyung - Freeform | loving making | museum | romantic sex | soft,Kim Taehyung | V/Reader,"['Angst', 'Art', 'Cute Kim Taehyung', 'V', 'Emotional Abuse', 'Fluff', 'HARD', 'Physical Abuse', 'Romance', 'Run Away', 'bts - Freeform', 'domestic abuse', 'gallery', 'kim taehyung - Freeform', 'loving making', 'museum', 'romantic sex', 'soft']","['Angst', 'Art', 'Fluff', 'Physical Abuse', 'Romance']","['Cute Kim Taehyung', 'V', 'Emotional Abuse', 'HARD', 'Run Away', 'bts - Freeform', 'domestic abuse', 'gallery', 'kim taehyung - Freeform', 'loving making', 'museum', 'romantic sex', 'soft']","['Cute Kim Taehyung', 'Emotional Abuse', 'Run Away']",[]
https://golemlab.eu/graph/36630523,Paint Night,You crash Taehyung's birthday paint night and ruin it with your attitude.,2022-01-24,2622,General Audiences,F/M,Completed,15,taehyung,Cute | Fluff and Angst | Fun | Romance,Kim Taehyung | V/Reader,"['Cute', 'Fluff and Angst', 'Fun', 'Romance']","['Cute', 'Fluff and Angst', 'Fun', 'Romance']",[],[],[]
https://golemlab.eu/graph/37762192,Green room,You and your boyfriend Taehyung have a pre-show quickie in the green room.,2022-03-16,366,Explicit,F/M,Completed,15,taehyung,Choking | Famous Kim Taehyung | V | Hair-pulling | Mini | Plot What Plot/Porn Without Plot | Quickies | Short One Shot | Smut,Kim Taehyung | V/Reader,"['Choking', 'Famous Kim Taehyung', 'V', 'Hair-pulling', 'Mini', 'Plot What Plot/Porn Without Plot', 'Quickies', 'Short One Shot', 'Smut']","['Choking', 'Hair-pulling', 'Mini', 'Plot What Plot/Porn Without Plot', 'Quickies', 'Short One Shot', 'Smut']","['Famous Kim Taehyung', 'V']",['Famous Kim Taehyung'],[]
https://golemlab.eu/graph/21098516,la vie en rose,You find yourself entranced by a busker performing at the night market.,2019-10-19,531,General Audiences,F/M,Completed,15,taehyung,Alternate Universe | Busking | Fluff | Music | Night markets | Saxophonist Kim Taehyung | V | Song: La Vie En Rose | Tooth-Rotting Fluff | this is just cheese guys | why is that not a tag,Kim Taehyung | V/Reader Series: Romantic Saxophonist Tae [1],"['Alternate Universe', 'Busking', 'Fluff', 'Music', 'Night markets', 'Saxophonist Kim Taehyung', 'V', 'Song: La Vie En Rose', 'Tooth-Rotting Fluff', 'this is just cheese guys', 'why is that not a tag']","['Alternate Universe', 'Busking', 'Fluff', 'Music', 'Song: La Vie En Rose', 'Tooth-Rotting Fluff']","['Night markets', 'Saxophonist Kim Taehyung', 'V', 'this is just cheese guys', 'why is that not a tag']",['Saxophonist Kim Taehyung'],[]
https://golemlab.eu/graph/39310227,Netflix and Naps,You need just 5 minutes of kid free kitchen time. You end up with 90 minutes of peace and a sleeping husband and kid.,2022-05-30,545,General Audiences,F/M,Completed,15,taehyung,Dad!Tan | Tae watching a movie instead of his kid,Kim Taehyung | V/Reader Series: Messages From Satvrn [8],"['Dad!Tan', 'Tae watching a movie instead of his kid']",[],"['Dad!Tan', 'Tae watching a movie instead of his kid']",['Dad!Tan'],[]
https://golemlab.eu/graph/18790909,Feverish,"My bestest buddy asked: 2,6,2,6 2.Fluff 6.Taehyung 2.Bedroom 6.Streetlights",2019-05-11,856,General Audiences,F/M,Completed,15,taehyung,Domestic Fluff,Kim Taehyung | V/Reader Series: BTS Drabble Game [3],['Domestic Fluff'],['Domestic Fluff'],[],[],[]
https://golemlab.eu/graph/38915808,Wet Paint,When you and Tae need a picture to fill an empty space on your walls the two of you grab some paint and take matters into your own hands,2022-05-10,3887,Explicit,F/M,Completed,15,taehyung,Doggy Style | Vaginal Fingering | Vaginal Sex | threesome discussion,"Kim Taehyung | V/Reader, Suggested Kim Taehyung/Reader/Park Jimin","['Doggy Style', 'Vaginal Fingering', 'Vaginal Sex', 'threesome discussion']","['Doggy Style', 'Vaginal Fingering', 'Vaginal Sex']",['threesome discussion'],[],[]
https://golemlab.eu/graph/14615508,Having Dinner (With Taehyung),Dinner time with Taehyung.,2018-05-11,739,General Audiences,Other,Completed,15,taehyung,Fluff,Kim Taehyung | V/Reader,['Fluff'],['Fluff'],[],[],[]
https://golemlab.eu/graph/17482742,"Forever, Love","When your exams get too much for you to handle, your boyfriend’s pleasant surprise is there to save you.",2019-01-20,1167,General Audiences,Gen,Completed,15,taehyung,,Kim Taehyung | V/Reader,[],[],[],[],[]
https://golemlab.eu/graph/16920111,Six Children,*...* : sentences edited on the final images. Bold :cameras' position in the house or outside. Italics :dialogues. /.../ : Time. (...) : Sound effects. [...] : camera movements This is an alternative follow-up to Taehyung's TROS,2018-12-09,5498,Teen And Up Audiences,F/M,Completed,15,taehyung,DOMESTIC BTS | Domestic Fluff | Fluff | Husband Taehyung,Kim Taehyung | V/Reader,"['DOMESTIC BTS', 'Domestic Fluff', 'Fluff', 'Husband Taehyung']","['Domestic Fluff', 'Fluff']","['DOMESTIC BTS', 'Husband Taehyung']",['Husband Taehyung'],[]
https://golemlab.eu/graph/25474600,RED ||KIM TAEHYUNG||,"His innocence were slowly stripped away by her red lips, and so he became drunk by her sweet taste, eyes blind to her bitterness, let himself to the high which was her. --A/N--this is just a short story, so I hope you enjoy♡",2020-07-23,1293,Teen And Up Audiences,F/M,Completed,15,taehyung,Unhealthy Relationships,Kim Taehyung | V/Reader,['Unhealthy Relationships'],['Unhealthy Relationships'],[],[],[]
https://golemlab.eu/graph/36632419,Permission To Look Like That | KTH,Just an OS where OC fucks Taehyung for looking so good during the PTD'21 online concert.,2022-01-24,1518,Explicit,F/M,Completed,15,taehyung,Creampie | Daddy Dom Kim Taehyung | V | Degradation | Dom Kim Taehyung | V | Dom/sub | Dom/sub Play | Floor Sex | Humiliation | Kim Taehyung | V-centric | Multiple Orgasms | Nipple Play | Overstimulation | Permission To Dance On Stage (BTS Tour) | Riding | Rough Sex | Top Kim Taehyung | V | tattoo kim taehyung | v,Kim Taehyung | V/Reader,"['Creampie', 'Daddy Dom Kim Taehyung', 'V', 'Degradation', 'Dom Kim Taehyung', 'V', 'Dom/sub', 'Dom/sub Play', 'Floor Sex', 'Humiliation', 'Kim Taehyung', 'V-centric', 'Multiple Orgasms', 'Nipple Play', 'Overstimulation', 'Permission To Dance On Stage (BTS Tour)', 'Riding', 'Rough Sex', 'Top Kim Taehyung', 'V', 'tattoo kim taehyung', 'v']","['Creampie', 'Dom/sub', 'Dom/sub Play', 'Floor Sex', 'Humiliation', 'Multiple Orgasms', 'Nipple Play', 'Overstimulation', 'Riding', 'Rough Sex']","['Daddy Dom Kim Taehyung', 'V', 'Degradation', 'Dom Kim Taehyung', 'V', 'Kim Taehyung', 'V-centric', 'Permission To Dance On Stage (BTS Tour)', 'Top Kim Taehyung', 'V', 'tattoo kim taehyung', 'v']","['Daddy Dom Kim Taehyung', 'Degradation', 'Dom Kim Taehyung', 'Kim Taehyung', 'Top Kim Taehyung']",[]
https://golemlab.eu/graph/17886764,The Skin Canvas,"when a popular South Korean tattoo artist comes to your tattoo parlor, The Skin Canvas, to do guest work, perhaps jealousy, competition and lust ensues … aka tae comes to nyc to do guest work and he’s a little too cocky for your liking lmao he’s a Grade A asshole * important notice*: this features a black woman as the unnamed OC/Reader, anyone is welcomed to read but if it makes you uncomfortable or uninterested don’t read it pls",2019-02-22,1655,Mature,F/M,In-Progress,15,taehyung,Black Character(s) | Enemies to Lovers | Eventual Smut | dom!taehyung | tatted!reader | tatted!tae | tattooartist!au,Kim Taehyung | V/You,"['Black Character(s)', 'Enemies to Lovers', 'Eventual Smut', 'dom!taehyung', 'tatted!reader', 'tatted!tae', 'tattooartist!au']","['Black Character(s)', 'Enemies to Lovers', 'Eventual Smut']","['dom!taehyung', 'tatted!reader', 'tatted!tae', 'tattooartist!au']",[],[]
https://golemlab.eu/graph/9801590,songbird,(why did someday have to come so late?),2017-02-17,798,Teen And Up Audiences,F/M,Completed,14,taehyung,Angst | Fluff | Romance | a bit of fluff yes | and how he probably is as a bf | and kim taehyung is himself | bc why not | fleetwood mac song | hah | idk what i wrote really | these tags are messy,Kim Taehyung | V/Reader,"['Angst', 'Fluff', 'Romance', 'a bit of fluff yes', 'and how he probably is as a bf', 'and kim taehyung is himself', 'bc why not', 'fleetwood mac song', 'hah', 'idk what i wrote really', 'these tags are messy']","['Angst', 'Fluff', 'Romance']","['a bit of fluff yes', 'and how he probably is as a bf', 'and kim taehyung is himself', 'bc why not', 'fleetwood mac song', 'hah', 'idk what i wrote really', 'these tags are messy']",[],[]
https://golemlab.eu/graph/17056796,Stigma,"Taehyung asks to try something different than usual today. Each person he's been with thus far has been too weirded out by his kinks to do anything more than vanilla. He’s never had the chance to do something daring with anyone, so he’s excited. You’re a little nervous but at the same time also looking forward to it. He gives you the instructions to wait in the bedroom with only your underwear until he comes home from work tonight.",2018-12-18,1384,Explicit,F/M,Completed,14,taehyung,,Kim Taehyung | V/Reader,[],[],[],[],[]
https://golemlab.eu/graph/9104239,Why didn't you tell me?,Taehyung had lost his grandmother but didn't tell you. You found out through social media and talked to him when he came home.,2016-12-29,508,General Audiences,F/M,Completed,14,taehyung,BTS fluff | Fluff | bts - Freeform | kpop | kpop fluff | taehyung fluff,Kim Taehyung | V/Reader,"['BTS fluff', 'Fluff', 'bts - Freeform', 'kpop', 'kpop fluff', 'taehyung fluff']",['Fluff'],"['BTS fluff', 'bts - Freeform', 'kpop', 'kpop fluff', 'taehyung fluff']",[],[]
https://golemlab.eu/graph/22875925,Come See Me,"In the moment two past lovers reconnect in a vicious cycle. ~ Another notification; within my own mind though, those six words meant little as I knew this event couldn’t happen, shouldn’t happen since our mutual departure due to the toxicity of our previous connection meant this book, our relationship should have been closed but I knew very well, You were weak for me. Y/N: I know where this is going... Taehyung: I need to see you. Y/N: We can’t keep doing this vicious cycle Taehyung, it’s not good we agreed last time was the end of it all. Taehyung: Please. Y/N: Why should I? I paused... The Answer dripped form my fingers tips begging to type out the response with every key and every single reason why.  Yet the answer was so simple Taehyung: Because you need me too...",2020-02-24,3281,Explicit,F/M,Completed,14,taehyung,Angst | Angst and Feels | Angst and Fluff and Smut | Angst and Hurt/Comfort | Angst with a Happy Ending | Break Up | Comfort Sex | Coping | Emotional Hurt/Comfort | Emotional Sex | Ex | Exas | Fluff and Hurt/Comfort | Kim Taehyung | Reader | Masturbation | One Shot | Oral Sex | Past Relationship(s) | Sex | Shameless Smut | Short One Shot | graphic smut | kim taehyung - Freeform,Kim Taehyung | V/Reader,"['Angst', 'Angst and Feels', 'Angst and Fluff and Smut', 'Angst and Hurt/Comfort', 'Angst with a Happy Ending', 'Break Up', 'Comfort Sex', 'Coping', 'Emotional Hurt/Comfort', 'Emotional Sex', 'Ex', 'Exas', 'Fluff and Hurt/Comfort', 'Kim Taehyung', 'Reader', 'Masturbation', 'One Shot', 'Oral Sex', 'Past Relationship(s)', 'Sex', 'Shameless Smut', 'Short One Shot', 'graphic smut', 'kim taehyung - Freeform']","['Angst', 'Angst and Feels', 'Angst and Fluff and Smut', 'Angst and Hurt/Comfort', 'Angst with a Happy Ending', 'Break Up', 'Comfort Sex', 'Coping', 'Emotional Hurt/Comfort', 'Emotional Sex', 'Fluff and Hurt/Comfort', 'Masturbation', 'One Shot', 'Oral Sex', 'Past Relationship(s)', 'Sex', 'Shameless Smut', 'Short One Shot']","['Ex', 'Exas', 'Kim Taehyung', 'Reader', 'graphic smut', 'kim taehyung - Freeform']","['Ex', 'Exas', 'Kim Taehyung', 'Reader']",[]
https://golemlab.eu/graph/10673820,Two Wrongs Turns Make A Right!!,The story of how you accidentally got a private show from Kim Taehyung! (a short one shot scenario) Rated PG for almost naked idols. Gender neutral for Hose-I mean all the V fanboys and fangirls,2017-04-19,711,General Audiences,Multi,Completed,14,taehyung,Drabble | Scenario | Short One Shot,Kim Taehyung | V/Reader,"['Drabble', 'Scenario', 'Short One Shot']","['Drabble', 'Short One Shot']",['Scenario'],['Scenario'],[]
https://golemlab.eu/graph/25000294,The (Not So) Army Experience,"You wanted to feel like the army's do when they go to your boyfriends concert, you just had a little more perks then them afterwards.",2020-06-30,858,Mature,F/M,Completed,14,taehyung,Blow Jobs | Come Swallowing | Dirty Talk | Exhibitionism,Kim Taehyung | V/Reader,"['Blow Jobs', 'Come Swallowing', 'Dirty Talk', 'Exhibitionism']","['Blow Jobs', 'Come Swallowing', 'Dirty Talk', 'Exhibitionism']",[],[],[]
https://golemlab.eu/graph/17878022,Shot to the Heart,"""You barely have time to react before his gun raises and shoots you square in the vest.""",2019-02-23,2410,General Audiences,F/M,Completed,14,taehyung,Arcades | Fluff | Laser Tag | please see a dentist later | the summary seems violent but this is very fluffy,Kim Taehyung | V/Reader Series: AWW Valentine's Aesthetic Week [6],"['Arcades', 'Fluff', 'Laser Tag', 'please see a dentist later', 'the summary seems violent but this is very fluffy']","['Arcades', 'Fluff', 'Laser Tag']","['please see a dentist later', 'the summary seems violent but this is very fluffy']",[],[]
https://golemlab.eu/graph/18629674,Secrets,"The second story of my vampire au saga ""Blood Bound"", where reader is a trained vampire huntress tasked to eliminate a wanted enemy who also happens to be her secret lover, Kim Taehyung. But when the situation arises, she then discovers secrets of own her past that were hidden from her by the people she trusts including her beloved vampire Taehyung.",2019-04-28,5738,Explicit,F/M,Completed,14,taehyung,Alternate Universe | Alternate Universe - Vampire | Blood | Human/Vampire Relationship | Smut | Vampires,Kim Taehyung | V/Reader Series: Blood Bound [2],"['Alternate Universe', 'Alternate Universe - Vampire', 'Blood', 'Human/Vampire Relationship', 'Smut', 'Vampires']","['Alternate Universe', 'Alternate Universe - Vampire', 'Blood', 'Human/Vampire Relationship', 'Smut', 'Vampires']",[],[],[]
https://golemlab.eu/graph/35544652,Falling for You,"Counseling a summer camp filled with tiny humans can be hard. It can be even harder when you have to deal with working with your longtime crush, Taehyung. Lets see what madness and chaos the first day of summer camp brings.",2021-12-06,5556,General Audiences,F/M,Completed,14,taehyung,Alternate Universe - Summer Camp | Anxious Min Yoongi | Suga | Cabins | Cute | Cute Jung Hoseok | J-Hope | First Kiss | Fluff and Crack | Friends to Lovers | Idiots in Love | Jealous Kim Taehyung | V | Kim Namjoon | RM is a Dork | Kim Taehyung | V is Whipped | actually no | jin specialises in terrorising children | tae falls off a tree | too many children | vminkook fall off a tree | what happens at summer camp stays at summer camp,"Kim Taehyung | V/Reader, Park Jimin (BTS)/Original Female Character(s)","['Alternate Universe - Summer Camp', 'Anxious Min Yoongi', 'Suga', 'Cabins', 'Cute', 'Cute Jung Hoseok', 'J-Hope', 'First Kiss', 'Fluff and Crack', 'Friends to Lovers', 'Idiots in Love', 'Jealous Kim Taehyung', 'V', 'Kim Namjoon', 'RM is a Dork', 'Kim Taehyung', 'V is Whipped', 'actually no', 'jin specialises in terrorising children', 'tae falls off a tree', 'too many children', 'vminkook fall off a tree', 'what happens at summer camp stays at summer camp']","['Alternate Universe - Summer Camp', 'Cabins', 'Cute', 'First Kiss', 'Fluff and Crack', 'Friends to Lovers', 'Idiots in Love']","['Anxious Min Yoongi', 'Suga', 'Cute Jung Hoseok', 'J-Hope', 'Jealous Kim Taehyung', 'V', 'Kim Namjoon', 'RM is a Dork', 'Kim Taehyung', 'V is Whipped', 'actually no', 'jin specialises in terrorising children', 'tae falls off a tree', 'too many children', 'vminkook fall off a tree', 'what happens at summer camp stays at summer camp']","['Anxious Min Yoongi', 'Suga', 'Cute Jung Hoseok', 'J-Hope', 'Jealous Kim Taehyung', 'Kim Namjoon', 'Kim Taehyung']",[]
https://golemlab.eu/graph/26183578,FaceTime Cuddles,"“I miss you,” he whispers before looking at you again, “and I cannot sleep since I miss you so much.”",2019-07-04,1210,General Audiences,F/M,Completed,14,taehyung,Facetime | Fluff | Idol AU | jimin cannot take a hint | jimin has fun teasing tae | the boys are on tour,Kim Taehyung | V/Reader Series: Mornings: BTS [3],"['Facetime', 'Fluff', 'Idol AU', 'jimin cannot take a hint', 'jimin has fun teasing tae', 'the boys are on tour']",['Fluff'],"['Facetime', 'Idol AU', 'jimin cannot take a hint', 'jimin has fun teasing tae', 'the boys are on tour']","['Facetime', 'Idol AU']",[]
https://golemlab.eu/graph/8000332,Dans Le Noir,"Dans Le Noir ( In english from french means In The Dark) After long shift from working in his cubicle of the greyscale office, Taehyung gets dragged out by Yoongi to the afternoon streets of Paris to have a night out not to drink their work but to a restaurant that is owned by blind people and is pitch black. Taehyung is nervous at first but the feeling breaks away as the darkness engulfs him along with his heart to someone he just met.",2016-09-10,3045,Teen And Up Audiences,F/M,Completed,13,taehyung,Alternate Universe - Paris | Alternate Universe - Restaurant | Falling In Love | Fluff | Love at First Sight | Romance,Kim Taehyung | V/Reader,"['Alternate Universe - Paris', 'Alternate Universe - Restaurant', 'Falling In Love', 'Fluff', 'Love at First Sight', 'Romance']","['Alternate Universe - Paris', 'Alternate Universe - Restaurant', 'Falling In Love', 'Fluff', 'Love at First Sight', 'Romance']",[],[],[]
https://golemlab.eu/graph/15772899,Taming of the Beast,"All her life, Ye Chin Sun has been in the mafia world against her will. Finally, she breaks free of her family’s tainted history, only to be roped back in against her will. There, she will finally know where her loyalties lie, as well as where her heart lies.",2018-08-23,17902,Mature,F/M,In-Progress,13,taehyung,Am I missing anything else? | Angst | First story | Fluff | I don't know what else to add | Im like butchering these additional adds | Minor Character Death | Umm . . . | death? | definitely death | mafia!au | probably | someone help me please,Kim Taehyung | V/Reader,"['Am I missing anything else?', 'Angst', 'First story', 'Fluff', ""I don't know what else to add"", 'Im like butchering these additional adds', 'Minor Character Death', 'Umm . . .', 'death?', 'definitely death', 'mafia!au', 'probably', 'someone help me please']","['Angst', 'Fluff', 'Minor Character Death']","['Am I missing anything else?', 'First story', ""I don't know what else to add"", 'Im like butchering these additional adds', 'Umm . . .', 'death?', 'definitely death', 'mafia!au', 'probably', 'someone help me please']",['Umm . . .'],[]
https://golemlab.eu/graph/21149033,A Chance Of Happiness,Y/N has accepted a job offer with Big Hit Entertainment to accompany BTS for five months on their next world tour taking photos and filming a documentary.  What will happen when she meets the beautiful young man she’d had a brief encounter with a year before?,2019-10-23,5301,Explicit,F/M,Completed,13,taehyung,,Kim Taehyung | V/Reader,[],[],[],[],[]
https://golemlab.eu/graph/16345394,Don't Blink,"It had been years since he saw her, but some feelings never fade.",2018-10-19,1096,General Audiences,F/M,Completed,13,taehyung,,Kim Taehyung | V/Reader Series: BTS- Moments to Remember [3],[],[],[],[],[]
https://golemlab.eu/graph/25348654,Tiny Surprise.,"Taehyung always knew there was something special about you that he just couldn’t quite put his finger on, that is until he found you could shapeshift. But nonetheless, he still finds you absolutely adorable.",2020-07-18,1228,General Audiences,M/M,Completed,13,taehyung,Fluff | Light Angst | Tooth-Rotting Fluff | shapeshifter! AU,"Kim Taehyung | V/Reader, Kim Taehyung/Male Reader","['Fluff', 'Light Angst', 'Tooth-Rotting Fluff', 'shapeshifter! AU']","['Fluff', 'Light Angst', 'Tooth-Rotting Fluff']",['shapeshifter! AU'],[],[]
https://golemlab.eu/graph/40034190,cobra kisses,"Being a vampire doesn’t come with instantaneous grace and charm. It does, however, come with varying levels of hypnotism, because there’s no way you’re this besotted with a walking immortal disaster.",2022-07-02,2046,Teen And Up Audiences,F/M,In-Progress,13,taehyung,Alternate Universe - Vampire | Developing Relationship | Drabble Collection | Intimacy | Kim Taehyung | V is Whipped | Other Additional Tags to Be Added | Rating May Change | Romantic Gestures | Sensuality | Vampire Kim Taehyung | V | Vampires,Kim Taehyung | V/Reader,"['Alternate Universe - Vampire', 'Developing Relationship', 'Drabble Collection', 'Intimacy', 'Kim Taehyung', 'V is Whipped', 'Other Additional Tags to Be Added', 'Rating May Change', 'Romantic Gestures', 'Sensuality', 'Vampire Kim Taehyung', 'V', 'Vampires']","['Alternate Universe - Vampire', 'Developing Relationship', 'Drabble Collection', 'Intimacy', 'Other Additional Tags to Be Added', 'Rating May Change', 'Romantic Gestures', 'Sensuality', 'Vampires']","['Kim Taehyung', 'V is Whipped', 'Vampire Kim Taehyung', 'V']","['Kim Taehyung', 'Vampire Kim Taehyung']",[]
https://golemlab.eu/graph/23332966,Waking up to You,"That kiss was foreshadowing how I felt every day of my life waking up to you, Tae. - With love, Y/N",2020-03-26,2583,Teen And Up Audiences,F/M,Completed,13,taehyung,,Kim Taehyung | V/Reader,[],[],[],[],[]
https://golemlab.eu/graph/17335955,Swim Part 2,"A week has passed since Hoseok caught you and Taehyung in his bed. Hoseok has being away from all his friends, including you, his best friend. Taehyung is in a bar with some friends and he hasn’t seen you since that night, and he can’t get you out of his head, so when he sees you entering the club, he can’t hold himself.",2019-01-07,3163,Mature,F/M,Completed,13,taehyung,,Kim Taehyung | V/Reader Series: Swiming in you [2],[],[],[],[],[]
https://golemlab.eu/graph/15856566,Don’t Wake Me Up | Taehyung X Reader Oneshot,"“When your dreams get fulfilled in dreams, wouldn’t you rather skip reality?”",2018-09-01,2123,Teen And Up Audiences,F/M,Completed,13,taehyung,,Kim Taehyung | V/Reader,[],[],[],[],[]
https://golemlab.eu/graph/26262094,Something New,"Worried that her husband, KTH has grown tired of their sex life, His vanilla baby fiancee opts to try something new.",2020-09-03,1456,Explicit,F/M,Completed,13,taehyung,69 (Sex Position) | Blow Jobs | Consensual | Disability | Kinks | Power Plays | Spit Play | Wedding Night | Wheelchair Sex | different positions | husband | wife - Freeform,Kim Taehyung | V/Reader,"['69 (Sex Position)', 'Blow Jobs', 'Consensual', 'Disability', 'Kinks', 'Power Plays', 'Spit Play', 'Wedding Night', 'Wheelchair Sex', 'different positions', 'husband', 'wife - Freeform']","['69 (Sex Position)', 'Blow Jobs', 'Consensual', 'Disability', 'Kinks', 'Wedding Night', 'Wheelchair Sex']","['Power Plays', 'Spit Play', 'different positions', 'husband', 'wife - Freeform']","['Power Plays', 'Spit Play']",[]
https://golemlab.eu/graph/16893303,Vante,Your boyfriend wants to go express his art...on a wall...with spray paint. This seems like a bad idea.,2018-12-07,728,Teen And Up Audiences,F/M,Completed,13,taehyung,,Kim Taehyung | V/Reader,[],[],[],[],[]
https://golemlab.eu/graph/13203726,"If we loved again, I swear I'd love you right",Freedom ain't nothing but missing you.,2017-12-30,2175,General Audiences,F/M,Completed,13,taehyung,Alternate Universe - Coffee Shops & Cafés | Angst | Post-Break Up | Snow | Songfic | Winter,Kim Taehyung | V/Reader Series: Guess the Song [1],"['Alternate Universe - Coffee Shops & Cafés', 'Angst', 'Post-Break Up', 'Snow', 'Songfic', 'Winter']","['Angst', 'Post-Break Up', 'Snow', 'Songfic', 'Winter']",['Alternate Universe - Coffee Shops & Cafés'],[],[]
https://golemlab.eu/graph/13139550,crystal snow,"""Kim Taehyung. He was the master of giving presents. Every year before picking out names, you and the crew would all pray that Taehyung would pick one of you guys. Whether they usually prayed or not, every person prayed to some kind of being or a thing; it was pretty funny actually. Now just imagine the smile on your face that grew when your name had come out of Kim Taehyung's mouth. To be honest, you never really liked your name that much, it sounded dull and plain. Why did it suddenly seem so luxurious and colorful when he said it?""",2017-12-25,954,General Audiences,F/M,In-Progress,13,taehyung,Christmas | Christmas Fluff | Secret Santa | Snow | Twoshot | White Christmas | merry chrysler | your hand and namjoon's hand are soulmates,Kim Taehyung | V/Reader,"['Christmas', 'Christmas Fluff', 'Secret Santa', 'Snow', 'Twoshot', 'White Christmas', 'merry chrysler', ""your hand and namjoon's hand are soulmates""]","['Christmas', 'Christmas Fluff', 'Secret Santa', 'Snow', 'White Christmas']","['Twoshot', 'merry chrysler', ""your hand and namjoon's hand are soulmates""]",['Twoshot'],[]
https://golemlab.eu/graph/22307224,A New Beginning,Y/N’s last memories of her father were brutal ones.  She has been haunted since that day by nightmares and visions of what had happened.  Everything has finally come together for her and she has reached a place where she’s totally comfortable.  Little did she know that her life was about to turn a corner and lead her and her family in a new direction.,2020-01-18,10285,Teen And Up Audiences,F/M,Completed,12,taehyung,Beating | Implied/Referenced Rape/Non-con | Implied/Referenced Sexual Assault | Minor Character Death,Kim Taehyung | V/Reader,"['Beating', 'Implied/Referenced Rape/Non-con', 'Implied/Referenced Sexual Assault', 'Minor Character Death']","['Beating', 'Implied/Referenced Rape/Non-con', 'Implied/Referenced Sexual Assault', 'Minor Character Death']",[],[],[]
https://golemlab.eu/graph/35835025,Camellias,"Was it fate or just luck that Taehyung’s daughter begged him to buy flowers that day? You didn’t know what it was, but Taehyung stumbling into your life was just the excitement you needed in your life.",2021-12-20,2578,Explicit,F/M,Completed,12,taehyung,Alternate Universe - Flower Shop | DILF Kim Taehyung | V | Smut,"Kim Taehyung | V/Reader, Kim Taehyung | V/You Series: Smut Drabbles [6]","['Alternate Universe - Flower Shop', 'DILF Kim Taehyung', 'V', 'Smut']","['Alternate Universe - Flower Shop', 'Smut']","['DILF Kim Taehyung', 'V']",['DILF Kim Taehyung'],[]
https://golemlab.eu/graph/32838055,Selfish,"You need a distraction from your pain, so you call your best friend to comfort you. He comes over and confesses. You don’t know if he’s being serious or if he’s just satiating your desperate need to feel loved and appreciated for one night. Pretend or not, you want him and he wants you.",2021-07-26,5971,Explicit,F/M,Completed,12,taehyung,Angst | Angst and Hurt/Comfort | Bittersweet Ending | Frat Boy Kim Taehyung | V | Hand Jobs | Oral Sex | Smut | Spanking,"Kim Taehyung | V/Reader, Kim Taehyung | V/You","['Angst', 'Angst and Hurt/Comfort', 'Bittersweet Ending', 'Frat Boy Kim Taehyung', 'V', 'Hand Jobs', 'Oral Sex', 'Smut', 'Spanking']","['Angst', 'Angst and Hurt/Comfort', 'Bittersweet Ending', 'Hand Jobs', 'Oral Sex', 'Smut', 'Spanking']","['Frat Boy Kim Taehyung', 'V']",['Frat Boy Kim Taehyung'],[]
https://golemlab.eu/graph/9811898,blurry.,-Kim Taehyung,2017-02-19,1022,General Audiences,Gen,Completed,12,taehyung,Angst | I cried waterfalls over my own work | Just Graduated! Taehyung | someone send help,Kim Taehyung | V/Reader,"['Angst', 'I cried waterfalls over my own work', 'Just Graduated! Taehyung', 'someone send help']",['Angst'],"['I cried waterfalls over my own work', 'Just Graduated! Taehyung', 'someone send help']",['Just Graduated! Taehyung'],[]
https://golemlab.eu/graph/18297725,Warmth,Boy did you feel like an idiot as you slide around a corner towards the meeting place that you were supposed to be at already. The date that meant a lot to you but somehow you still managed to sleep through your alarm. You just hoped he would still be there when you got there.,2019-03-31,466,General Audiences,F/M,Completed,12,taehyung,Winter | cheesy as hell | fluffy af,Kim Taehyung | V/Reader Series: BTS Drabbles [25],"['Winter', 'cheesy as hell', 'fluffy af']",['Winter'],"['cheesy as hell', 'fluffy af']",[],[]
https://golemlab.eu/graph/5356664,Flesh,"Group: Bangtan boys Member: Taehyung (V) x reader Genre: Smut Warnings: Bondage, dominance, breathplay Oh c’mon! it’s a smut, you know that is just about sex, moans and sweat so READ AT YOUR OWN DISCRETION!",2015-12-05,1753,Mature,F/M,Completed,12,taehyung,Smut,Kim Taehyung | V/Reader,['Smut'],['Smut'],[],[],[]
https://golemlab.eu/graph/28613337,Birthday Dessert,“I was gonna ask you if there was any dessert but it looks like it’s standing right infront of me.”,2021-01-07,2195,Explicit,F/M,Completed,12,taehyung,Begging | Birthday Sex | Blindfolds | Consensual Sex | Daddy Kink | Eventual Smut | Fluff and Crack | Fluff and Smut | Kim Taehyung | V is a Tease | Light Bondage | Love | Oral Sex | Romance | Romantic Fluff | Rope Bondage | Smut | Stargazing | Teasing | Top Kim Taehyung | V | bc consent is sexy | is there even actual smut | stupid jokes,Kim Taehyung | V/Reader,"['Begging', 'Birthday Sex', 'Blindfolds', 'Consensual Sex', 'Daddy Kink', 'Eventual Smut', 'Fluff and Crack', 'Fluff and Smut', 'Kim Taehyung', 'V is a Tease', 'Light Bondage', 'Love', 'Oral Sex', 'Romance', 'Romantic Fluff', 'Rope Bondage', 'Smut', 'Stargazing', 'Teasing', 'Top Kim Taehyung', 'V', 'bc consent is sexy', 'is there even actual smut', 'stupid jokes']","['Begging', 'Birthday Sex', 'Blindfolds', 'Consensual Sex', 'Daddy Kink', 'Eventual Smut', 'Fluff and Crack', 'Fluff and Smut', 'Light Bondage', 'Love', 'Oral Sex', 'Romance', 'Romantic Fluff', 'Rope Bondage', 'Smut', 'Stargazing', 'Teasing']","['Kim Taehyung', 'V is a Tease', 'Top Kim Taehyung', 'V', 'bc consent is sexy', 'is there even actual smut', 'stupid jokes']","['Kim Taehyung', 'Top Kim Taehyung']",[]
https://golemlab.eu/graph/33851203,forever (is a long time),"Eternity has been synonymous with Kim Taehyung since you were kids dressed in pressed collars and custom jewellery. From holding hands in an abandoned greenhouse to crafting an elaborate future together, there is not a second you would spare to think otherwise. So, why, is there this gnawing feeling that the universe you've been looking at is vastly different from the one Taehyung has been facing?",2021-09-13,3345,Explicit,F/M,In-Progress,12,taehyung,Angst | Cum Eating | Cumplay | Fluff | Overstimulation | Smut | Unprotected Sex | rich kids au | time jumps,Kim Taehyung | V/Reader,"['Angst', 'Cum Eating', 'Cumplay', 'Fluff', 'Overstimulation', 'Smut', 'Unprotected Sex', 'rich kids au', 'time jumps']","['Angst', 'Fluff', 'Overstimulation', 'Smut']","['Cum Eating', 'Cumplay', 'Unprotected Sex', 'rich kids au', 'time jumps']","['Cum Eating', 'Cumplay', 'Unprotected Sex']",[]
https://golemlab.eu/graph/39874179,if the world was ending,five hours before the world is ending you go to meet a friend and eat some cake.,2022-06-25,651,Mature,Gen,Completed,12,taehyung,Angst | Friends to Lovers | Implied Sexual Content | Pre-Apocalypse | a little touch of fluff,Kim Taehyung | V/Reader,"['Angst', 'Friends to Lovers', 'Implied Sexual Content', 'Pre-Apocalypse', 'a little touch of fluff']","['Angst', 'Friends to Lovers', 'Implied Sexual Content', 'Pre-Apocalypse']",['a little touch of fluff'],[],[]
https://golemlab.eu/graph/23543242,Darkroom,I don't want to be just another messy scribble in a notebook or a sloppy painting on a canvas. I want to mean more to you than you'll ever know.,2017-11-30,10742,Mature,F/M,In-Progress,12,taehyung,Artist Kim Taehyung | V | Best Friend Park Jimin (BTS),Kim Taehyung | V/Reader,"['Artist Kim Taehyung', 'V', 'Best Friend Park Jimin (BTS)']",[],"['Artist Kim Taehyung', 'V', 'Best Friend Park Jimin (BTS)']",['Artist Kim Taehyung'],[]
https://golemlab.eu/graph/16484042,Lichterloh,"you’ve heard endless stories about small towns. That the folks living there loves to gossip all day, that theres always that one kid dreaming of making in in the big city. And of course the tales about supernatural beings lurking in the woods. After moving into town your’e surprised that you landed in a place that seems to be brimming with those beings and how the town just accepts them. Yet somehow just shortly after you’ve settled down you find yourself pulled into a scavenger hunt on the lookout for a glowing head that belongs to the Dullahan named taehyung.’‘",2018-11-01,12826,Teen And Up Audiences,F/M,Completed,12,taehyung,Alternate Universe - Small Town | Body Horror | Horror | slightly inaccurate description of dullahan,Kim Taehyung | V/Reader,"['Alternate Universe - Small Town', 'Body Horror', 'Horror', 'slightly inaccurate description of dullahan']","['Alternate Universe - Small Town', 'Body Horror', 'Horror']",['slightly inaccurate description of dullahan'],[],[]
https://golemlab.eu/graph/11045265,"So, Ice Cream","Who in the world is sneaking into your window in the middle of the night? -Based off the prompt ""Who crawls through someone’s window at 4am to go for ice cream?!” where you build a drabble around the phrase.",2017-05-30,612,General Audiences,F/M,Completed,12,taehyung,Ice Cream | Sneaking In | friends - Freeform,"Kim Taehyung | V/Reader, Kim Taehyung | V/You","['Ice Cream', 'Sneaking In', 'friends - Freeform']",['Ice Cream'],"['Sneaking In', 'friends - Freeform']",['Sneaking In'],[]
https://golemlab.eu/graph/27147283,Tainted,"'𝘈𝘭𝘵𝘩𝘰𝘶𝘨𝘩 𝘵𝘢𝘪𝘯𝘵𝘦𝘥, 𝘸𝘦 𝘳𝘦𝘥𝘪𝘴𝘤𝘰𝘷𝘦𝘳 𝘰𝘶𝘳 𝘱𝘶𝘳𝘦 𝘴𝘦𝘭𝘷𝘦𝘴 𝘸𝘪𝘵𝘩 𝘰𝘯𝘦 𝘢𝘯𝘰𝘵𝘩𝘦𝘳.' - acceptance? growth? -  ""A story about lost souls finding their comfort in this suffocating world.""",2020-10-22,5471,Mature,F/M,In-Progress,12,taehyung,Alternate Universe | Angst | Blood and Injury | Character Development | Developing Relationship | Dubious Consent | Emotional Roller Coaster | Fluff | Fluff and Angst | Foreplay | Gangs | I Tried | Implied Sexual Content | Kim Taehyung | V is Bad at Feelings | Love | Min Yoongi | Suga is Bad at Feelings | Minor Character Death | Minor Original Character(s) | Park Jimin is Bad at Feelings (BTS) | Plot | Romance | Slow Burn | Strippers & Strip Clubs | Threats of Violence | Trauma | Violence | idk tags ;-;,Kim Taehyung | V/Reader,"['Alternate Universe', 'Angst', 'Blood and Injury', 'Character Development', 'Developing Relationship', 'Dubious Consent', 'Emotional Roller Coaster', 'Fluff', 'Fluff and Angst', 'Foreplay', 'Gangs', 'I Tried', 'Implied Sexual Content', 'Kim Taehyung', 'V is Bad at Feelings', 'Love', 'Min Yoongi', 'Suga is Bad at Feelings', 'Minor Character Death', 'Minor Original Character(s)', 'Park Jimin is Bad at Feelings (BTS)', 'Plot', 'Romance', 'Slow Burn', 'Strippers & Strip Clubs', 'Threats of Violence', 'Trauma', 'Violence', 'idk tags ;-;']","['Alternate Universe', 'Angst', 'Blood and Injury', 'Character Development', 'Developing Relationship', 'Dubious Consent', 'Emotional Roller Coaster', 'Fluff', 'Fluff and Angst', 'Foreplay', 'Gangs', 'I Tried', 'Implied Sexual Content', 'Love', 'Minor Character Death', 'Minor Original Character(s)', 'Plot', 'Romance', 'Slow Burn', 'Strippers & Strip Clubs', 'Threats of Violence', 'Trauma', 'Violence']","['Kim Taehyung', 'V is Bad at Feelings', 'Min Yoongi', 'Suga is Bad at Feelings', 'idk tags ;-;']","['Kim Taehyung', 'Min Yoongi']",['Park Jimin is Bad at Feelings (BTS)']
https://golemlab.eu/graph/36315517,stranger cities,"alone and single in paris - the city of love. that is until, you meet him and he turns your lonely night into a valentine’s day you won’t ever forget.",2022-01-09,5517,Explicit,F/M,Completed,12,taehyung,Body Worship | Cross-Posted on Tumblr | Impregnation | Oral Sex | Unprotected Sex | strangers in Paris us,Kim Taehyung | V/Reader,"['Body Worship', 'Cross-Posted on Tumblr', 'Impregnation', 'Oral Sex', 'Unprotected Sex', 'strangers in Paris us']","['Body Worship', 'Cross-Posted on Tumblr', 'Impregnation', 'Oral Sex']","['Unprotected Sex', 'strangers in Paris us']",['Unprotected Sex'],[]
https://golemlab.eu/graph/30105363,The Girl in the Painting,You got yourself into trouble with a witch for being a curious kid. She cast a curse on you and now it is up to you and art student Taehyung to break it.,2021-03-17,10611,General Audiences,F/M,Completed,12,taehyung,Alternate Universe - Modern Setting | Fantasy | Reader-Insert | x Reader,Kim Taehyung | V/Reader,"['Alternate Universe - Modern Setting', 'Fantasy', 'Reader-Insert', 'x Reader']","['Alternate Universe - Modern Setting', 'Fantasy', 'Reader-Insert']",['x Reader'],[],[]
https://golemlab.eu/graph/17910035,When Tae Juuls for the First Time,"You're someone who vapes, or Juuls more specifically, and after observing you for some time, Taehyung decides he wants to see what's so good about your hazardous hobby.",2019-02-24,1091,Teen And Up Audiences,F/M,Completed,11,taehyung,Smoking,Kim Taehyung | V/Reader,['Smoking'],['Smoking'],[],[],[]
https://golemlab.eu/graph/36394216,Second,"""You don't love me, Tae. You never did. Please stop lying to yourself."" [Part V in the Euphoric State of Mind series]",2022-01-13,723,Teen And Up Audiences,F/M,Completed,11,taehyung,Author Is Sleep Deprived | Cross-Posted on Wattpad | Crying | Crying Kim Taehyung | V | Crying Reader | How Do I Tag | How to add interesting tags? | I literally can't think of more tags | I'm Bad At Tagging | Sad | Sad Ending | Someone help me with these tags | author is struggling | author will cry | other side to love | replacement | second,Kim Taehyung | V/Reader Series: Euphoric State Of Mind [5],"['Author Is Sleep Deprived', 'Cross-Posted on Wattpad', 'Crying', 'Crying Kim Taehyung', 'V', 'Crying Reader', 'How Do I Tag', 'How to add interesting tags?', ""I literally can't think of more tags"", ""I'm Bad At Tagging"", 'Sad', 'Sad Ending', 'Someone help me with these tags', 'author is struggling', 'author will cry', 'other side to love', 'replacement', 'second']","['Author Is Sleep Deprived', 'Cross-Posted on Wattpad', 'Crying', 'How Do I Tag', ""I'm Bad At Tagging"", 'Sad', 'Sad Ending']","['Crying Kim Taehyung', 'V', 'Crying Reader', 'How to add interesting tags?', ""I literally can't think of more tags"", 'Someone help me with these tags', 'author is struggling', 'author will cry', 'other side to love', 'replacement', 'second']","['Crying Kim Taehyung', 'Crying Reader']",[]
https://golemlab.eu/graph/39696402,Taehyung is a dad!,"Through a friend in common, you meet Kim Taehyung at a nightclub and you both begin a no strings attached relationship that ends pretty quickly when without telling you anythung he leaves the city. A couple of years later the two of you encounters at your mutual friend's baby shower and he is shocked when you demand him to leave. He cannot be in your life! ...much less when there is a secret he must not find out of. Or A father's day special where Taehyung is your baby's daddy!",2022-06-17,3309,Teen And Up Audiences,F/M,Completed,11,taehyung,Angst with a Happy Ending | Falling In Love | Fanart | Father's Day | Happy Ending | Idiots in Love | Light Angst | Love Confessions | No Strings Attached | Not Actually Unrequited Love | Parenthood | True Love,Kim Taehyung | V/Reader,"['Angst with a Happy Ending', 'Falling In Love', 'Fanart', ""Father's Day"", 'Happy Ending', 'Idiots in Love', 'Light Angst', 'Love Confessions', 'No Strings Attached', 'Not Actually Unrequited Love', 'Parenthood', 'True Love']","['Angst with a Happy Ending', 'Falling In Love', 'Fanart', ""Father's Day"", 'Happy Ending', 'Idiots in Love', 'Light Angst', 'Love Confessions', 'No Strings Attached', 'Not Actually Unrequited Love', 'Parenthood', 'True Love']",[],[],[]
https://golemlab.eu/graph/25000375,Different,Different was a good thing.,2020-06-30,1087,Explicit,F/M,Completed,11,taehyung,Blow Jobs | Daddy Kink | Dirty Talk | Exhibitionism | Hand Jobs | Vaginal Fingering | Voyeurism,Kim Taehyung | V/Reader,"['Blow Jobs', 'Daddy Kink', 'Dirty Talk', 'Exhibitionism', 'Hand Jobs', 'Vaginal Fingering', 'Voyeurism']","['Blow Jobs', 'Daddy Kink', 'Dirty Talk', 'Exhibitionism', 'Hand Jobs', 'Vaginal Fingering', 'Voyeurism']",[],[],[]
https://golemlab.eu/graph/25426126,Toying with Taehyung,its been seven years. seven years being his stylist. Toying with him ever since in the slightest.,2020-07-21,1413,Mature,F/M,Completed,11,taehyung,,Kim Taehyung | V/Reader,[],[],[],[],[]
https://golemlab.eu/graph/16864867,Can You Trust Me?,Your feelings for Taehyung make your friendship complicated. He thinks he has a solution. What happens when a friend from your past reappears in your life during this messy situation you've gotten yourself into? Can you trust each other enough to figure it all out?,2018-12-05,12049,Explicit,F/M,In-Progress,11,taehyung,Angst | Smut,Kim Taehyung | V/Reader,"['Angst', 'Smut']","['Angst', 'Smut']",[],[],[]
https://golemlab.eu/graph/39476226,engorged,"You and Taehyung get along better than you could have ever imagined, but all bets are off when you have a disagreement about a “friend” who makes a surprise visit. On his face.",2022-06-06,831,Mature,F/M,Completed,11,taehyung,Fluff | Fluff and Crack | Melodramatics | Swearing | like there's only so many ways in which I can describe the satisfaction okay | lurid description of popping a zit | no use of gendered pronouns for reader | pimple extraction | practice safe popping kids | zit popping,Kim Taehyung | V/Reader,"['Fluff', 'Fluff and Crack', 'Melodramatics', 'Swearing', ""like there's only so many ways in which I can describe the satisfaction okay"", 'lurid description of popping a zit', 'no use of gendered pronouns for reader', 'pimple extraction', 'practice safe popping kids', 'zit popping']","['Fluff', 'Fluff and Crack', 'Swearing']","['Melodramatics', ""like there's only so many ways in which I can describe the satisfaction okay"", 'lurid description of popping a zit', 'no use of gendered pronouns for reader', 'pimple extraction', 'practice safe popping kids', 'zit popping']",['Melodramatics'],[]
https://golemlab.eu/graph/19363708,Battles In The Living Room,,2019-06-26,287,General Audiences,F/M,Completed,11,taehyung,nerf guns,Kim Taehyung | V/Reader,['nerf guns'],[],['nerf guns'],[],[]
https://golemlab.eu/graph/29876655,Love in Color,"After getting embarrassed at your high school reunion you escape and find your soulmate. And just like that, you're dull life becomes filled with color.",2021-03-06,971,General Audiences,Gen,Completed,11,taehyung,Drabble | Fluff | Soulmates | you can only see things in black and white until you meet your soulmate,Kim Taehyung | V/Reader,"['Drabble', 'Fluff', 'Soulmates', 'you can only see things in black and white until you meet your soulmate']","['Drabble', 'Fluff', 'Soulmates']",['you can only see things in black and white until you meet your soulmate'],[],[]
https://golemlab.eu/graph/29973657,The Best First Date: Go For It,"During a time where being close to someone new could give you a life-threatening illness, what do you do when you become desperately lonely and need to be touched in the worst way? You fucking go for it anyway.",2021-03-11,3831,Explicit,F/M,Completed,11,taehyung,BW/AM couple | Black Character(s) | Body Worship | Boys Make Passes at Girls Who Wear Glasses | Girls Make Passes at Boys Who Wear Glasses | Just an excuse to write a sex scene with Taehyung | Kim Taehyung Gives Oral Sex | Lots of kissing | Older Woman/Younger Man | One Night Stands | POV Female Character | Plus-Size Woman | black woman/korean man | bts fan fiction | fan fiction,Kim Taehyung | V/Reader,"['BW/AM couple', 'Black Character(s)', 'Body Worship', 'Boys Make Passes at Girls Who Wear Glasses', 'Girls Make Passes at Boys Who Wear Glasses', 'Just an excuse to write a sex scene with Taehyung', 'Kim Taehyung Gives Oral Sex', 'Lots of kissing', 'Older Woman/Younger Man', 'One Night Stands', 'POV Female Character', 'Plus-Size Woman', 'black woman/korean man', 'bts fan fiction', 'fan fiction']","['Black Character(s)', 'Body Worship', 'Older Woman/Younger Man', 'One Night Stands', 'POV Female Character']","['BW/AM couple', 'Boys Make Passes at Girls Who Wear Glasses', 'Girls Make Passes at Boys Who Wear Glasses', 'Just an excuse to write a sex scene with Taehyung', 'Kim Taehyung Gives Oral Sex', 'Lots of kissing', 'Plus-Size Woman', 'black woman/korean man', 'bts fan fiction', 'fan fiction']",['Plus-Size Woman'],[]
https://golemlab.eu/graph/11083515,I need U,What happened after the I need U mv with you as the main lead.,2017-06-03,4140,Mature,F/M,Completed,11,taehyung,Alternate Universe - I Need U | Drama | I Need U Era | Kim Taehyung | V - Freeform | Mentioned Jeon Jungkook | Mentioned Kim Namjoon | Rap Monster | Mentioned Kim Seokjin | Jin | Mentioned Min Yoongi | Suga | bangtan - Freeform | bts - Freeform | jung hoseok - Freeform | park jimin - Freeform,Kim Taehyung | V/Reader,"['Alternate Universe - I Need U', 'Drama', 'I Need U Era', 'Kim Taehyung', 'V - Freeform', 'Mentioned Jeon Jungkook', 'Mentioned Kim Namjoon', 'Rap Monster', 'Mentioned Kim Seokjin', 'Jin', 'Mentioned Min Yoongi', 'Suga', 'bangtan - Freeform', 'bts - Freeform', 'jung hoseok - Freeform', 'park jimin - Freeform']",['Drama'],"['Alternate Universe - I Need U', 'I Need U Era', 'Kim Taehyung', 'V - Freeform', 'Mentioned Kim Namjoon', 'Rap Monster', 'Mentioned Kim Seokjin', 'Jin', 'Mentioned Min Yoongi', 'Suga', 'bangtan - Freeform', 'bts - Freeform', 'jung hoseok - Freeform', 'park jimin - Freeform']","['I Need U Era', 'Kim Taehyung', 'V - Freeform', 'Mentioned Kim Namjoon', 'Rap Monster', 'Mentioned Kim Seokjin', 'Jin', 'Mentioned Min Yoongi', 'Suga']",['Mentioned Jeon Jungkook']
https://golemlab.eu/graph/31905019,champagne problems,the lines between friendship and love have been blurred by all of the spilled drops of champagne problems.,2021-06-12,7518,Explicit,F/M,In-Progress,11,taehyung,(Supposedly) Unrequited Love | Angst | Domesticity | Fluff | Foul Language | Sexual Harassment | Swearing | alcohol consumption | bruises/blood | physical fighting in the form of (1) punch | taehyung has a saviour complex | terrible self-destructive tendencies,"Kim Taehyung | V/Reader, Kim Taehyung | V/You","['(Supposedly) Unrequited Love', 'Angst', 'Domesticity', 'Fluff', 'Foul Language', 'Sexual Harassment', 'Swearing', 'alcohol consumption', 'bruises/blood', 'physical fighting in the form of (1) punch', 'taehyung has a saviour complex', 'terrible self-destructive tendencies']","['Angst', 'Fluff', 'Sexual Harassment', 'Swearing']","['(Supposedly) Unrequited Love', 'Domesticity', 'Foul Language', 'alcohol consumption', 'bruises/blood', 'physical fighting in the form of (1) punch', 'taehyung has a saviour complex', 'terrible self-destructive tendencies']","['(Supposedly) Unrequited Love', 'Domesticity', 'Foul Language']",[]
https://golemlab.eu/graph/18739732,electric feel | 1.5K Draft,➥ Taehyung/Reader | University!au |kind of everything tbh ➥ Where Kim Taehyung meets an interesting person on the balcony of a party.,2019-05-07,1590,Teen And Up Audiences,F/M,Completed,11,taehyung,Alternate Universe - College/University | Fluff | Light Angst | Mild Smut,Kim Taehyung | V/Reader Series: Drafts [5],"['Alternate Universe - College/University', 'Fluff', 'Light Angst', 'Mild Smut']","['Alternate Universe - College/University', 'Fluff', 'Light Angst', 'Mild Smut']",[],[],[]
https://golemlab.eu/graph/26367979,Cleft Views,Taehyung thought that Y/n was all that and more and he was determined to marry her one day. There was only one problem: He had yet to even spoken to her yet. Surely nothing could go wrong there.,2020-09-09,3527,Teen And Up Audiences,F/M,Completed,11,taehyung,Alternate Universe - College/University,Kim Taehyung | V/Reader,['Alternate Universe - College/University'],['Alternate Universe - College/University'],[],[],[]
https://golemlab.eu/graph/17805974,entertainer,member: taehyung song: entertainer - zayn word count: 1.1k genre: smut/fluff,2019-02-16,1154,Teen And Up Audiences,F/M,Completed,11,taehyung,Feelings Realization | Fluff and Smut | Fluffy Ending | Smut | Top Kim Taehyung | V,Kim Taehyung | V/Reader Series: songs [3],"['Feelings Realization', 'Fluff and Smut', 'Fluffy Ending', 'Smut', 'Top Kim Taehyung', 'V']","['Feelings Realization', 'Fluff and Smut', 'Fluffy Ending', 'Smut']","['Top Kim Taehyung', 'V']",['Top Kim Taehyung'],[]
https://golemlab.eu/graph/13572747,short stories for the wandering mind: a collection of taehyung AUs,"ive kept these in a lonely word doc since february 2017, and i thought i should finally do something about them :}",2018-02-04,775,Teen And Up Audiences,F/M,Completed,11,taehyung,,Kim Taehyung | V/Reader,[],[],[],[],[]
https://golemlab.eu/graph/25901404,My Beautiful Ball & Chain,"Angelica (latina) ,(can be read as Y/N your choice) tells the the history of her unrequited love till the moment her desires come true. From High School through college and more. She tells of the great lengths she goes to get what she wants. But at what cost for her? Does she shatter without repair? Can the one she loves give her what she wants so desperately? Warnings: adult content, drinking and sex scenes. ""I had no idea what I had gotten myself into, at the time. Yet in the moment the only thing that mattered was how badly I wanted him to be the one to ravage me and savagely. It was all I ever wanted. All these last 8 years. Holding out and holding out like a mad woman. No other man even had a chance. I felt crazy, no he made me this way. Always dangling carrots over me. Until this night. I had prepared. """,2020-08-14,7878,Explicit,F/M,Completed,11,taehyung,Eventual Romance | Explicit Sexual Content | Heartbreak | Loneliness | Longing | Possibly Unrequited Love | agnst | can be read as y/n | flash backs,"Kim Taehyung | V/Reader, Longtime friends - Relationship, Tae Hyung/ Original Character","['Eventual Romance', 'Explicit Sexual Content', 'Heartbreak', 'Loneliness', 'Longing', 'Possibly Unrequited Love', 'agnst', 'can be read as y/n', 'flash backs']","['Eventual Romance', 'Explicit Sexual Content', 'Heartbreak', 'Loneliness', 'Possibly Unrequited Love']","['Longing', 'agnst', 'can be read as y/n', 'flash backs']",['Longing'],[]
https://golemlab.eu/graph/16558769,Moonchild,"He was molasses, slow and sweet, magic in his fingertips and tenderness in his soul.",2018-11-08,158,Mature,Gen,Completed,11,taehyung,Romance | Sensuality,Kim Taehyung | V/Reader,"['Romance', 'Sensuality']","['Romance', 'Sensuality']",[],[],[]
https://golemlab.eu/graph/33686737,Bleed (Taehyung),"You and Taehyung have known eachother since you were kids, however you have developed feelings for him that you can’t bring yourself to tell him about. Before you graduate college you came up with a plan to indirectly tell him your feelings but will it work? { based off Bleed by Hot Chelle Rae }",2021-09-05,3124,Teen And Up Audiences,F/M,Completed,11,taehyung,BTS fluff | Taehyung/Reader - Freeform | bts scenario | kim taehyung/reader - Freeform | taehyung scenario | v scenario,Kim Taehyung | V/Reader Series: BTS Scenarios [11],"['BTS fluff', 'Taehyung/Reader - Freeform', 'bts scenario', 'kim taehyung/reader - Freeform', 'taehyung scenario', 'v scenario']",[],"['BTS fluff', 'Taehyung/Reader - Freeform', 'bts scenario', 'kim taehyung/reader - Freeform', 'taehyung scenario', 'v scenario']",['Taehyung/Reader - Freeform'],[]
https://golemlab.eu/graph/18688627,The Prophet,A Prophet and a Keeper.,2019-05-03,161,General Audiences,F/M,Completed,11,taehyung,Alternate Universe - Fantasy | tags will be updated as drabbles are posted,Kim Taehyung | V/Reader Series: Fantasy Drabbles [1],"['Alternate Universe - Fantasy', 'tags will be updated as drabbles are posted']",['Alternate Universe - Fantasy'],['tags will be updated as drabbles are posted'],[],[]
https://golemlab.eu/graph/17335934,Swim,"He knew you, but he had never spoken to you. You were Hoseok’s best friend, and he was really jealous of you, he never opened a way for Taehyung to approach. Until one night at a party, where Hoseok wasn’t around you. The way was free for Taehyung do what he always wanted.",2019-01-07,2460,Mature,F/M,Completed,10,taehyung,,Kim Taehyung | V/Reader Series: Swiming in you [1],[],[],[],[],[]
https://golemlab.eu/graph/23123374,darlin’,in which y/n falls into a lake and taehyung is near by.,2020-03-13,628,General Audiences,F/M,Completed,10,taehyung,,Kim Taehyung | V/Reader,[],[],[],[],[]
https://golemlab.eu/graph/22377838,Personal Mess,"You share an apartment with Taehyung, but he never cleans up after himself, leaving up to you who comes home tired after a long and tough day.",2020-01-23,3452,General Audiences,F/M,Completed,10,taehyung,Alternative Universe - Housemate | Fluff | Gender Neautral Reader | House Cleaning | One Shot,Kim Taehyung | V/Reader,"['Alternative Universe - Housemate', 'Fluff', 'Gender Neautral Reader', 'House Cleaning', 'One Shot']","['Fluff', 'House Cleaning', 'One Shot']","['Alternative Universe - Housemate', 'Gender Neautral Reader']","['Alternative Universe - Housemate', 'Gender Neautral Reader']",[]
https://golemlab.eu/graph/39358905,Shadow,"We all have shadows, they follow us even when we can't see them. But for Taehyung, his shadow is real. A being with his own mind, his own thoughts, and his own talents; Vante. Taehyung has had Vante under his control, but what happens when the two souls have become so intertwined...that Vante begins to take control? What happens when Taehyung can't find the tether to unravel them? What happens when Vante finds the tether first?",2022-06-01,3320,Mature,F/M,Completed,10,taehyung,Choking | Cuckolding | Demon Kim Taehyung | V | Reader-Insert | Rough Sex | Spanking | Vaginal Sex | Witch Park Jimin (BTS),Kim Taehyung | V/Reader,"['Choking', 'Cuckolding', 'Demon Kim Taehyung', 'V', 'Reader-Insert', 'Rough Sex', 'Spanking', 'Vaginal Sex', 'Witch Park Jimin (BTS)']","['Choking', 'Cuckolding', 'Reader-Insert', 'Rough Sex', 'Spanking', 'Vaginal Sex']","['Demon Kim Taehyung', 'V']",['Demon Kim Taehyung'],['Witch Park Jimin (BTS)']
https://golemlab.eu/graph/40369413,Heartbreak Hotel,"❥❥ Pairing: taehyung x female reader ❥❥ Genre:strangers to lovers, podcaster!taehyung, angst, fluff ❥❥ Summary: When he isn’t spending his time working the front desk of the Borahae Hotel, Kim Taehyung runs what he likes to believe is a relatively successful podcast on a subject he has down to a science — love. Relying on the twisted relationships of his hotel guests for inspiration, each episode is packed with unsolicited advice from the resident love guru. There simply isn’t a romantic problem he can’t solve. However, it appears Taehyung has finally met his match when he stumbles upon a mysterious woman, who checks into the hotel every year on Valentine’s Day without fail, but is adamant that there is no such thing as love.",2022-07-17,10518,General Audiences,F/M,Completed,10,taehyung,Angst | Angst with a Happy Ending | Fluff | Romance | Valentine's Day | Valentine's Day Fluff,"Kim Taehyung | V/Reader, Kim Taehyung | V/You","['Angst', 'Angst with a Happy Ending', 'Fluff', 'Romance', ""Valentine's Day"", ""Valentine's Day Fluff""]","['Angst', 'Angst with a Happy Ending', 'Fluff', 'Romance', ""Valentine's Day"", ""Valentine's Day Fluff""]",[],[],[]
https://golemlab.eu/graph/35652307,Sway With Me,,2021-12-12,470,General Audiences,F/M,Completed,10,taehyung,,"Kim Taehyung | V/Reader, Kim Taehyung | V/You Series: Happy Holidays [6]",[],[],[],[],[]
https://golemlab.eu/graph/26934259,Déjà Vu,"An exhausted Taehyung needs to unpack, but he ends up unboxing feelings and all his old memories with you instead. Pairing: Taehyung x Reader Genre: Angst??? Fluffy if you squint??",2020-10-10,1144,General Audiences,F/M,Completed,10,taehyung,Angst | Fluff | Friends to Enemies | Friends to Lovers | Gender-Neutral Pronouns | Not Actually Unrequited Love | Reader-Insert | Unrequited Love | ohhwenn,Kim Taehyung | V/Reader,"['Angst', 'Fluff', 'Friends to Enemies', 'Friends to Lovers', 'Gender-Neutral Pronouns', 'Not Actually Unrequited Love', 'Reader-Insert', 'Unrequited Love', 'ohhwenn']","['Angst', 'Fluff', 'Friends to Enemies', 'Friends to Lovers', 'Gender-Neutral Pronouns', 'Not Actually Unrequited Love', 'Reader-Insert', 'Unrequited Love']",['ohhwenn'],[],[]
https://golemlab.eu/graph/15531711,"Welcome, First time with BTS? Drabbles","You wish your life was normal again, but you know it will never be the same. Not with what you’ve experienced since joining one of the most dangerous Gangs in Seoul: Bangtan.",2018-08-02,2630,Teen And Up Audiences,F/M,In-Progress,10,taehyung,Alternate Universe | Alternate Universe - Gangsters | Angst | Fluff | Gang AU,"Kim Taehyung | V/Reader Series: Welcome, First time with BTS? [2]","['Alternate Universe', 'Alternate Universe - Gangsters', 'Angst', 'Fluff', 'Gang AU']","['Alternate Universe', 'Alternate Universe - Gangsters', 'Angst', 'Fluff']",['Gang AU'],['Gang AU'],[]
https://golemlab.eu/graph/23832616,Prelude to a Kiss,Falling in love with the saxophonist who moved you to tears is as easy as it sounds.,2020-04-25,576,Teen And Up Audiences,F/M,Completed,10,taehyung,Alternate Universe | Declarations Of Love | Fluff | Implied Sexual Content | Love | Music | Pink - Freeform | Romance | Saxophonist Kim Taehyung | V | Song: Prelude to a Kiss | Tooth-Rotting Fluff,Kim Taehyung | V/Reader Series: Romantic Saxophonist Tae [2],"['Alternate Universe', 'Declarations Of Love', 'Fluff', 'Implied Sexual Content', 'Love', 'Music', 'Pink - Freeform', 'Romance', 'Saxophonist Kim Taehyung', 'V', 'Song: Prelude to a Kiss', 'Tooth-Rotting Fluff']","['Alternate Universe', 'Declarations Of Love', 'Fluff', 'Implied Sexual Content', 'Love', 'Music', 'Romance', 'Tooth-Rotting Fluff']","['Pink - Freeform', 'Saxophonist Kim Taehyung', 'V', 'Song: Prelude to a Kiss']","['Pink - Freeform', 'Saxophonist Kim Taehyung']",[]
https://golemlab.eu/graph/26876578,TaeMin Bakery,For someone on twt. I usually don't do threesomes but I was inspired.,2020-10-07,1377,Explicit,F/M,Completed,10,taehyung,Anal | Anal Sex | Blow Jobs | Condoms | Consensual Sex | Drabble | One Shot | Oral Sex | Plot What Plot/Porn Without Plot | Sex | Smut | Threesome - F/M/M | Vaginal Fingering | Vaginal Sex,"Kim Taehyung | V/Reader, Park Jimin (BTS) & Reader","['Anal', 'Anal Sex', 'Blow Jobs', 'Condoms', 'Consensual Sex', 'Drabble', 'One Shot', 'Oral Sex', 'Plot What Plot/Porn Without Plot', 'Sex', 'Smut', 'Threesome - F/M/M', 'Vaginal Fingering', 'Vaginal Sex']","['Anal', 'Anal Sex', 'Blow Jobs', 'Condoms', 'Consensual Sex', 'Drabble', 'One Shot', 'Oral Sex', 'Plot What Plot/Porn Without Plot', 'Sex', 'Smut', 'Threesome - F/M/M', 'Vaginal Fingering', 'Vaginal Sex']",[],[],[]
https://golemlab.eu/graph/29801061,Date Night,A very possessive boyfriend claims you after an interrupted date night.,2018-08-21,1994,Mature,F/M,Completed,10,taehyung,Choking | Daddy Kink | Dom/sub | Forced Orgasms | Non-serious possessiveness | Oral Sex | Overstimulation | PIV Sex | Praise Kink | Rough Sex | Spanking | breath play | degradation kink,Kim Taehyung | V/Reader,"['Choking', 'Daddy Kink', 'Dom/sub', 'Forced Orgasms', 'Non-serious possessiveness', 'Oral Sex', 'Overstimulation', 'PIV Sex', 'Praise Kink', 'Rough Sex', 'Spanking', 'breath play', 'degradation kink']","['Choking', 'Daddy Kink', 'Dom/sub', 'Oral Sex', 'Overstimulation', 'Praise Kink', 'Rough Sex', 'Spanking']","['Forced Orgasms', 'Non-serious possessiveness', 'PIV Sex', 'breath play', 'degradation kink']","['Forced Orgasms', 'PIV Sex']",[]
https://golemlab.eu/graph/8480929,The Proposal,When your boyfriend Taehyung does the expected in an unexpected way. **Part 3 of the Video Game series,2016-11-06,1779,General Audiences,F/M,Completed,10,taehyung,Fluff,Kim Taehyung | V/You Series: Video Game Series [3],['Fluff'],['Fluff'],[],[],[]
https://golemlab.eu/graph/39350499,All I See Is You,"Even if the world decided to swallow you whole and send you back to the days where you had struggled, so long as he was there, you would be happy, because loving him was the sole reason you lived so blissfully.",2022-05-31,2317,General Audiences,F/M,Completed,10,taehyung,Alternate Universe | Alternate Universe - College/University | Alternate Universe - Modern Setting | Alternate Universe - Photographer | Feel-good | Fluff | Romance,Kim Taehyung | V/Reader,"['Alternate Universe', 'Alternate Universe - College/University', 'Alternate Universe - Modern Setting', 'Alternate Universe - Photographer', 'Feel-good', 'Fluff', 'Romance']","['Alternate Universe', 'Alternate Universe - College/University', 'Alternate Universe - Modern Setting', 'Alternate Universe - Photographer', 'Feel-good', 'Fluff', 'Romance']",[],[],[]
https://golemlab.eu/graph/36664069,Parenthood,,2022-01-25,13486,Teen And Up Audiences,F/M,Completed,10,taehyung,Children | Disabled Character | Parenthood | Series | reader - Freeform | taehyung - Freeform,Kim Taehyung | V/Reader Series: The Bumps In Life [5],"['Children', 'Disabled Character', 'Parenthood', 'Series', 'reader - Freeform', 'taehyung - Freeform']","['Children', 'Disabled Character', 'Parenthood', 'Series']","['reader - Freeform', 'taehyung - Freeform']",[],[]
https://golemlab.eu/graph/25153480,Military service- BTS V,Taehyung and y/n spent a beautiful evening before he leaves to serve his duty in the military.,2020-07-08,1334,General Audiences,F/M,Completed,10,taehyung,Fluff | Romance,Kim Taehyung | V/Reader,"['Fluff', 'Romance']","['Fluff', 'Romance']",[],[],[]
https://golemlab.eu/graph/29902572,It's Not What you Think,"Tae thinks you’re cheating on him with your best friend, Jin and confronts you in front of everyone.",2021-03-07,1570,Teen And Up Audiences,F/M,Completed,10,taehyung,Accident | Angst | Angst with a Happy Ending | Arguing | Implied/Referenced Cheating | Innocence | Jealousy | One Shot | pushing,"Kim Taehyung | V/Reader, Kim Taehyung | V/You Series: Tumblr BTS fanfics [12]","['Accident', 'Angst', 'Angst with a Happy Ending', 'Arguing', 'Implied/Referenced Cheating', 'Innocence', 'Jealousy', 'One Shot', 'pushing']","['Angst', 'Angst with a Happy Ending', 'Arguing', 'Implied/Referenced Cheating', 'Innocence', 'Jealousy', 'One Shot']","['Accident', 'pushing']",['Accident'],[]
https://golemlab.eu/graph/22121260,"Pop, Fizz, Clink",It’s New Years Eve and your friend has dragged you to a celebrity party. There you meet someone who might change your mind about going to parties.,2020-01-04,947,General Audiences,F/M,Completed,10,taehyung,,Kim Taehyung | V/Reader,[],[],[],[],[]
https://golemlab.eu/graph/23197204,Ridiculous Plan,,2020-03-18,4540,Explicit,F/M,Completed,10,taehyung,,Kim Taehyung | V/Reader,[],[],[],[],[]
https://golemlab.eu/graph/11967648,Begin,"Reader, who is a new student at one of the most prestigious private schools in the country, meets Kim Taehyung under some unusual circumstances. Maybe he'll turn out to be more than just another student to her. (School!AU)",2017-09-01,1416,Teen And Up Audiences,F/M,Completed,10,taehyung,Fluff | I'm thinking like 5 or 6? | Multiple chapters | Ouran HS vibe | school!au | you'll get it,Kim Taehyung | V/Reader,"['Fluff', ""I'm thinking like 5 or 6?"", 'Multiple chapters', 'Ouran HS vibe', 'school!au', ""you'll get it""]",['Fluff'],"[""I'm thinking like 5 or 6?"", 'Multiple chapters', 'Ouran HS vibe', 'school!au', ""you'll get it""]",[],[]
https://golemlab.eu/graph/16736844,Ways to Break-up,"The first time happened because of a little too much alcoholic beverages and overstimulated hormones, but it eventually escalated to something unexpected, their no strings attached deal. The whole arrangement was made based on convenience and pure lust. Catching feelings was out of the question, and Taehyung was confident about it, well at least at the beginning. After all, they never saw each other differently for all the years that they were together as friends. However, as heated moments turned into heart fluttering minutes to him, he knew that it was time to let go because his growing feelings would never be returned, not by someone like her. She would only break his heart.",2018-11-25,1227,Mature,F/M,Completed,10,taehyung,Angst | Friends With Benefits | Implied Sexual Content | Swearing,Kim Taehyung | V/Reader Series: Ways to Break-up [5],"['Angst', 'Friends With Benefits', 'Implied Sexual Content', 'Swearing']","['Angst', 'Friends With Benefits', 'Implied Sexual Content', 'Swearing']",[],[],[]
https://golemlab.eu/graph/17616464,Late night surprise..,Taehyung x Reader What a fun surprise..,2019-02-01,824,Mature,F/M,Completed,10,taehyung,Cocky Kim Taehyung | V | Dom Kim Taehyung | V,"Kim Taehyung | V/Reader, Kim Taehyung | V/You","['Cocky Kim Taehyung', 'V', 'Dom Kim Taehyung', 'V']",[],"['Cocky Kim Taehyung', 'V', 'Dom Kim Taehyung', 'V']","['Cocky Kim Taehyung', 'Dom Kim Taehyung']",[]
https://golemlab.eu/graph/14862188,Daisy Petals,"The break-up between you and Taehyung left him devestated. His friend, Jimin had convinced Kim to meet with a therapist to sort out his problems, but things didn't end that well.",2018-06-06,845,General Audiences,F/M,Completed,10,taehyung,Angst | Sad Ending,Kim Taehyung | V/Reader,"['Angst', 'Sad Ending']","['Angst', 'Sad Ending']",[],[],[]
https://golemlab.eu/graph/31681928,Strawberries & Cigarettes,"being dragged out to some party on a saturday night wasn’t exactly your usual plans, but meeting a cute boy may or may not make it all better",2021-06-18,3764,Teen And Up Audiences,M/M,Completed,10,taehyung,Alternate Universe | Bad Boy Kim Taehyung | V | Boys In Love | Cute | Fluff | Gay Kim Taehyung | V | Inspired by Music | Kissing | Reader-Insert | Smoking | Strangers to Lovers | male reader - Freeform,Kim Taehyung | V/Reader,"['Alternate Universe', 'Bad Boy Kim Taehyung', 'V', 'Boys In Love', 'Cute', 'Fluff', 'Gay Kim Taehyung', 'V', 'Inspired by Music', 'Kissing', 'Reader-Insert', 'Smoking', 'Strangers to Lovers', 'male reader - Freeform']","['Alternate Universe', 'Boys In Love', 'Cute', 'Fluff', 'Inspired by Music', 'Kissing', 'Reader-Insert', 'Smoking', 'Strangers to Lovers']","['Bad Boy Kim Taehyung', 'V', 'Gay Kim Taehyung', 'V', 'male reader - Freeform']","['Bad Boy Kim Taehyung', 'Gay Kim Taehyung']",[]
https://golemlab.eu/graph/27668197,BEACH,Spending time with Taehyung at the beach.,2020-11-22,266,General Audiences,F/M,Completed,9,taehyung,Fluff,Kim Taehyung | V/Reader,['Fluff'],['Fluff'],[],[],[]
https://golemlab.eu/graph/29639721,Game Changer,"(Based off of BTS Run where they play the pc games) Paring: taehyung/reader Genre: crack, fluff Au: best friend to lovers Word Count: 3.3k Warnings: swearing, bad bitch energy, friendly teasing, sexual tension Check the end for notes on the story and future postings! <3",2021-02-22,3458,General Audiences,F/M,Completed,9,taehyung,Gamer Jeon Jungkook | Gamer Kim Taehyung | V | Teasing,Kim Taehyung | V/Reader,"['Gamer Jeon Jungkook', 'Gamer Kim Taehyung', 'V', 'Teasing']",['Teasing'],"['Gamer Kim Taehyung', 'V']",['Gamer Kim Taehyung'],['Gamer Jeon Jungkook']
https://golemlab.eu/graph/34448305,Long Day,Kim Taehyung comforts you after a hard week of dealing with anxiety and depression.,2021-10-12,806,Mature,F/M,Completed,9,taehyung,Emotional Hurt/Comfort | Fluff and Hurt/Comfort | Hurt/Comfort | No Angst | Reader has depression & anxiety | Taehyung best husband,"Kim Taehyung | V/Reader, Kim Taehyung | V/You","['Emotional Hurt/Comfort', 'Fluff and Hurt/Comfort', 'Hurt/Comfort', 'No Angst', 'Reader has depression & anxiety', 'Taehyung best husband']","['Emotional Hurt/Comfort', 'Fluff and Hurt/Comfort', 'Hurt/Comfort', 'No Angst']","['Reader has depression & anxiety', 'Taehyung best husband']",[],[]
https://golemlab.eu/graph/26629954,Home,Just another unedited blurb...thanks for the read .,2020-09-24,3737,General Audiences,F/M,Completed,9,taehyung,Reader-Insert | Sad | Single Parents,Kim Taehyung | V/Reader,"['Reader-Insert', 'Sad', 'Single Parents']","['Reader-Insert', 'Sad', 'Single Parents']",[],[],[]
https://golemlab.eu/graph/25386007,The Devil Went Down to Georgia,"~The idea came from a mutual who said that Tae was the Devil because of his Duality. I quite agree. But it had me thinking about a particular song whose title is this work of fiction’s namesake.~ An AU in which Taehyung is the Devil and is controlled by a group of 6 upper class demons. His task is to regularly collect souls. But he has been slacking because he just doesn’t care and thinks it’s bullshit that they have this kind of power over him. Namjoon is getting tired of reminding him of his responsibilities and gives him an ultimatum: Collect a Soul or perish. It doesn’t matter what kind of soul right? What happens if the unfortunate soul he has come to collect is you? Through getting to know you...something within him changes. Will he take your soul and banish you to hell, or will a bet you made with him seal your fate in the end?",2020-07-19,3850,Explicit,F/M,In-Progress,9,taehyung,All kinds of sex | Anxiety | Belly Dancing Classes | Complicated Relationships | Devils | Dont Mess With Taehyung | Dubious Consent | Evil Souls | Hell | Human/Demon relationships | Kidnapping | Love | Lust | Oversight Council | Pole Dancing Classes | Preying on the innocent | Pure Souls | Slow Burn | Summer Heat | Taehyung on a pole? | That annoying best friend | a bet | soft spot,Kim Taehyung | V/Reader,"['All kinds of sex', 'Anxiety', 'Belly Dancing Classes', 'Complicated Relationships', 'Devils', 'Dont Mess With Taehyung', 'Dubious Consent', 'Evil Souls', 'Hell', 'Human/Demon relationships', 'Kidnapping', 'Love', 'Lust', 'Oversight Council', 'Pole Dancing Classes', 'Preying on the innocent', 'Pure Souls', 'Slow Burn', 'Summer Heat', 'Taehyung on a pole?', 'That annoying best friend', 'a bet', 'soft spot']","['Anxiety', 'Complicated Relationships', 'Devils', 'Dubious Consent', 'Hell', 'Kidnapping', 'Love', 'Lust', 'Slow Burn']","['All kinds of sex', 'Belly Dancing Classes', 'Dont Mess With Taehyung', 'Evil Souls', 'Human/Demon relationships', 'Oversight Council', 'Pole Dancing Classes', 'Preying on the innocent', 'Pure Souls', 'Summer Heat', 'Taehyung on a pole?', 'That annoying best friend', 'a bet', 'soft spot']","['Belly Dancing Classes', 'Dont Mess With Taehyung', 'Evil Souls', 'Oversight Council', 'Pole Dancing Classes', 'Pure Souls', 'Summer Heat']",[]
https://golemlab.eu/graph/14824811,Sea Glass,"Just you, Taehyung, a beach, and some sea glass",2018-06-02,617,General Audiences,F/M,Completed,9,taehyung,Fluff,Kim Taehyung | V/Reader,['Fluff'],['Fluff'],[],[],[]
https://golemlab.eu/graph/39746544,Business Meeting,What will happen when you meet the CEO of opposing companies?,2022-06-19,4600,Mature,F/M,Completed,9,taehyung,Business | Business Owner Kim Taehyung | V | Foreplay | POV Female Character | Smut,"Kim Taehyung | V/Reader, Kim Taehyung | V/You Series: One Shots [1]","['Business', 'Business Owner Kim Taehyung', 'V', 'Foreplay', 'POV Female Character', 'Smut']","['Business', 'Foreplay', 'POV Female Character', 'Smut']","['Business Owner Kim Taehyung', 'V']",['Business Owner Kim Taehyung'],[]
https://golemlab.eu/graph/16354526,I still want you,"angst,fluff AU where Taehyung is a member of BTS and you are part of an american girlband called 5 O'clock. You've been a fan for a long time, and you'll soon discover that Taehyung, is also a very big fan of your band. You meet each other for the first time at the BBMA's and things take off from there.",2018-10-20,1920,General Audiences,F/M,In-Progress,9,taehyung,I hope this is not cringey | also | for sure | there will be smut,Kim Taehyung | V/Reader,"['I hope this is not cringey', 'also', 'for sure', 'there will be smut']",[],"['I hope this is not cringey', 'also', 'for sure', 'there will be smut']",[],[]
https://golemlab.eu/graph/29166162,Whispering Plague~||~Taehyung x Y/N~||~Fanfiction,"These chapters will be short, this is old work. Y/N finds herself in a tough spot. Let me elaborate. Wednesday, December the 16th, 2022, the day the plague hit. The last day she would see the world the same. When the plague hit, her mother sent her away so she wouldn't get it, it affected 9/10 people and had a death rate of 100%. Her town was empty for awhile, so silent her ears would start to ring, just so she wouldn't go insane. But would this life ever change? When she started seeing signs of other life she saw hope, another person? <⚠️Smut Warning⚠️> <⚠️Self harm warning ⚠️ > <⚠️slight violence warning ⚠️ >",2021-02-03,520,Teen And Up Audiences,F/M,In-Progress,9,taehyung,Angst | Apocalypse | Character Death | Kim Taehyung | V & Park Jimin are Best Friends | Smut | Top Kim Taehyung | V | Virus,Kim Taehyung | V/Reader,"['Angst', 'Apocalypse', 'Character Death', 'Kim Taehyung', 'V & Park Jimin are Best Friends', 'Smut', 'Top Kim Taehyung', 'V', 'Virus']","['Angst', 'Apocalypse', 'Character Death', 'Smut', 'Virus']","['Kim Taehyung', 'V & Park Jimin are Best Friends', 'Top Kim Taehyung', 'V']","['Kim Taehyung', 'Top Kim Taehyung']",[]
https://golemlab.eu/graph/26964220,Tree Rings,,2019-12-10,25127,Teen And Up Audiences,F/M,Completed,9,taehyung,Alternate Universe | Multiple Lifetimes | Reincarnation | Soulmates,"Kim Taehyung | V/Reader, Kim Taehyung | V/You","['Alternate Universe', 'Multiple Lifetimes', 'Reincarnation', 'Soulmates']","['Alternate Universe', 'Reincarnation', 'Soulmates']",['Multiple Lifetimes'],['Multiple Lifetimes'],[]
https://golemlab.eu/graph/20630324,Hook ups,Y/n was sitting alone inside a cafe till Kim Taehyung came along spiced things up during their meeting.,2019-09-13,868,Mature,F/M,Completed,9,taehyung,Bathroom Sex | Casual Sex | Hot Sex | POV Female Character | Public Sex | Rough Sex | Top Kim Taehyung | V | Wet & Messy,Kim Taehyung | V/Reader,"['Bathroom Sex', 'Casual Sex', 'Hot Sex', 'POV Female Character', 'Public Sex', 'Rough Sex', 'Top Kim Taehyung', 'V', 'Wet & Messy']","['Bathroom Sex', 'Casual Sex', 'Hot Sex', 'POV Female Character', 'Public Sex', 'Rough Sex', 'Wet & Messy']","['Top Kim Taehyung', 'V']",['Top Kim Taehyung'],[]
https://golemlab.eu/graph/16428209,The girl who had a choice.,"You are the descendant of a Pure-blooded family of Death Eaters and, most crucially, the daughter of Markus Harter, considered one of the most powerful wizards alive. As incredible as that might sound, it isn’t all that at all. Nobody knew what hid behind sealed doors, nobody knew what it was like to be who you were, nobody knew how much you’d suffered, what you’d been through. Everyone prejudged you because of that last name and you honestly couldn’t blame them, you yourself were terrified of it. You were home-schooled until the present day where, finally, your father let you attend Hogwarts. The thing is, you had completely been alienated from society all of your life. You don't know what to do. You are completely alone and lost in what seems to be a whole new world that you have yet to wander around and discover. But, you won’t do it alone. After meeting him at his mum’s pet store, Taehyung and you seem to always end up around each other which leads to the two of you becoming close rather quickly. Surely enough, getting there wouldn’t be easy but he always stayed by your side through your ups and downs. He’d be there to help you through, what you’d call, the hardest choice and time of your life...",2018-10-27,2388,Teen And Up Audiences,F/M,In-Progress,9,taehyung,Adorable Kim Taehyung | V | Alternate Universe - Harry Potter Setting | Angst | Anxiety | Child Abuse | Emotional Hurt/Comfort | Fluff | Fluff and Angst | Friendship | Friendship/Love | Hufflepuff | Hufflepuff Kim Taehyung | V | Hurt/Comfort | Implied/Referenced Character Death | Kim Taehyung | V is a Sweetheart | Other Additional Tags to Be Added | Slow Burn | Slytherin | Social Anxiety | i'll try to not make it too slow don't worry,Kim Taehyung | V/Reader,"['Adorable Kim Taehyung', 'V', 'Alternate Universe - Harry Potter Setting', 'Angst', 'Anxiety', 'Child Abuse', 'Emotional Hurt/Comfort', 'Fluff', 'Fluff and Angst', 'Friendship', 'Friendship/Love', 'Hufflepuff', 'Hufflepuff Kim Taehyung', 'V', 'Hurt/Comfort', 'Implied/Referenced Character Death', 'Kim Taehyung', 'V is a Sweetheart', 'Other Additional Tags to Be Added', 'Slow Burn', 'Slytherin', 'Social Anxiety', ""i'll try to not make it too slow don't worry""]","['Alternate Universe - Harry Potter Setting', 'Angst', 'Anxiety', 'Child Abuse', 'Emotional Hurt/Comfort', 'Fluff', 'Fluff and Angst', 'Friendship', 'Friendship/Love', 'Hufflepuff', 'Hurt/Comfort', 'Implied/Referenced Character Death', 'Other Additional Tags to Be Added', 'Slow Burn', 'Slytherin', 'Social Anxiety']","['Adorable Kim Taehyung', 'V', 'Hufflepuff Kim Taehyung', 'V', 'Kim Taehyung', 'V is a Sweetheart', ""i'll try to not make it too slow don't worry""]","['Adorable Kim Taehyung', 'Hufflepuff Kim Taehyung', 'Kim Taehyung']",[]
https://golemlab.eu/graph/28838352,Bubble Baths,"bubble baths were always fun, but with kim taehyung...they always led to something else.",2021-01-18,574,Mature,F/F,Completed,9,taehyung,Bubble Bath | Drabble | Established Relationship | Funny Kim Taehyung | V | Love | Loyalty | Romance | Short & Sweet | Short One Shot | Top Kim Taehyung | V,Kim Taehyung | V/Reader,"['Bubble Bath', 'Drabble', 'Established Relationship', 'Funny Kim Taehyung', 'V', 'Love', 'Loyalty', 'Romance', 'Short & Sweet', 'Short One Shot', 'Top Kim Taehyung', 'V']","['Bubble Bath', 'Drabble', 'Established Relationship', 'Love', 'Loyalty', 'Romance', 'Short & Sweet', 'Short One Shot']","['Funny Kim Taehyung', 'V', 'Top Kim Taehyung', 'V']","['Funny Kim Taehyung', 'Top Kim Taehyung']",[]
https://golemlab.eu/graph/24421474,Jerk...I love you,Taehyung suddenly surprises Y/N by coming into her house on a random Saturday. But both of them continue living the day with even more surprises they held from each other...,2020-05-28,3154,Teen And Up Audiences,F/M,Completed,9,taehyung,Cringe-fest | Cute Kim Taehyung | V | Developing Relationship | Fluff | This is cringe | Thumb-sucking | annoying taehyung | extremely contrary to my tags | give it love | i swear i am innocent | idk how did i end up here | istg i regret | makeout | soft | tf kind of a kinky shit is this | there's a make out scene | this is: stupid | wtf is this,Kim Taehyung | V/Reader Series: BTS Fluff one-shots [3],"['Cringe-fest', 'Cute Kim Taehyung', 'V', 'Developing Relationship', 'Fluff', 'This is cringe', 'Thumb-sucking', 'annoying taehyung', 'extremely contrary to my tags', 'give it love', 'i swear i am innocent', 'idk how did i end up here', 'istg i regret', 'makeout', 'soft', 'tf kind of a kinky shit is this', ""there's a make out scene"", 'this is: stupid', 'wtf is this']","['Developing Relationship', 'Fluff', 'Thumb-sucking']","['Cringe-fest', 'Cute Kim Taehyung', 'V', 'This is cringe', 'annoying taehyung', 'extremely contrary to my tags', 'give it love', 'i swear i am innocent', 'idk how did i end up here', 'istg i regret', 'makeout', 'soft', 'tf kind of a kinky shit is this', ""there's a make out scene"", 'this is: stupid', 'wtf is this']",['Cute Kim Taehyung'],[]
https://golemlab.eu/graph/18545332,Angelic,"While in search of the boy you have to protect, you stumble upon a possibly fellow Angel.",2019-04-04,276,General Audiences,F/M,Completed,9,taehyung,Taehyung x Reader - Freeform | taehyung imagine | taehyung oneshot,"Kim Taehyung | V/Reader, Kim Taehyung | V/You","['Taehyung x Reader - Freeform', 'taehyung imagine', 'taehyung oneshot']",[],"['Taehyung x Reader - Freeform', 'taehyung imagine', 'taehyung oneshot']",[],[]
https://golemlab.eu/graph/12377724,Summer Flings,Just a short one shot about the ending of a  sweet summer fling with Taehyung,2017-10-16,519,General Audiences,F/M,Completed,8,taehyung,Angst | Fluff | Fluff and Angst | One Shot | Spring Fling | kpop,Kim Taehyung | V/Reader,"['Angst', 'Fluff', 'Fluff and Angst', 'One Shot', 'Spring Fling', 'kpop']","['Angst', 'Fluff', 'Fluff and Angst', 'One Shot', 'Spring Fling']",['kpop'],[],[]
https://golemlab.eu/graph/6918088,Farewell,"What are you without the love of your life? They say when you die, you see your life flash before your eyes until the light goes out.",2016-05-21,2023,Teen And Up Audiences,F/M,Completed,8,taehyung,Angst | Fluff | One Shot,Kim Taehyung | V/Reader,"['Angst', 'Fluff', 'One Shot']","['Angst', 'Fluff', 'One Shot']",[],[],[]
https://golemlab.eu/graph/10697406,I would never break your heart!,Brack up isint always bad because sometimes it help to see what was infront of you all this time.,2017-04-22,2422,General Audiences,F/M,Completed,8,taehyung,Best Friends | Break Up | Crying | Cute Kim Taehyung | V | Friendship | Jung Hoseok | J-Hope & Kim Taehyung | V are Best Friends | Male-Female Friendship | reader - Freeform,Kim Taehyung | V/Reader,"['Best Friends', 'Break Up', 'Crying', 'Cute Kim Taehyung', 'V', 'Friendship', 'Jung Hoseok', 'J-Hope & Kim Taehyung', 'V are Best Friends', 'Male-Female Friendship', 'reader - Freeform']","['Best Friends', 'Break Up', 'Crying', 'Friendship', 'Male-Female Friendship']","['Cute Kim Taehyung', 'V', 'Jung Hoseok', 'J-Hope & Kim Taehyung', 'V are Best Friends', 'reader - Freeform']","['Cute Kim Taehyung', 'Jung Hoseok', 'J-Hope & Kim Taehyung']",[]
https://golemlab.eu/graph/40262532,Blurred limits,When your best friend calls because he needs to relax and get away from stress you don't hesitate to follow him on a chilled trip. A wonderful day ending a bit different from what you intended ...,2022-07-12,1474,Explicit,F/M,Completed,8,taehyung,,Kim Taehyung | V/Reader,[],[],[],[],[]
https://golemlab.eu/graph/13358700,édition doux de tentation.,"temp·ta·tion tem(p)ˈtāSH(ə)n/ noun noun: temptation; plural noun: temptations a desire to do something, especially something wrong or unwise. a thing or course of action that attracts or tempts someone.",2018-01-13,1198,Explicit,M/M,In-Progress,8,taehyung,Abuse | Alternate Universe - Paris | Black Character(s) | Childhood Sexual Abuse | Flirting | France (Country) | Racist Language | Stripper Kim Taehyung | V | Temptation,Kim Taehyung | V/Reader,"['Abuse', 'Alternate Universe - Paris', 'Black Character(s)', 'Childhood Sexual Abuse', 'Flirting', 'France (Country)', 'Racist Language', 'Stripper Kim Taehyung', 'V', 'Temptation']","['Abuse', 'Alternate Universe - Paris', 'Black Character(s)', 'Childhood Sexual Abuse', 'Flirting', 'France (Country)', 'Racist Language', 'Temptation']","['Stripper Kim Taehyung', 'V']",['Stripper Kim Taehyung'],[]
https://golemlab.eu/graph/27497923,Kᴇᴇᴘ ɪᴛ ᴘʀᴏꜰᴇssɪᴏɴᴀʟ ǁ 𝗸.𝘁𝗵 𝘅 𝗿𝗲𝗮𝗱𝗲𝗿,"Your first day of work as Taehyung's secretary/ What could go wrong? ONE SHOT or Another cliche, cringe boss/secretary au i wrote at 3am. . This was my first ever fanfic, I kept it in my drafts for 9 months I think. Anyways, enjoy it ahaha",2020-11-10,1393,Teen And Up Audiences,F/M,Completed,8,taehyung,Alternate Universe - Office | Boss Kim Taehyung | V | Boss/Employee Relationship | CEO Kim Taehyung | V | Dom Kim Taehyung | V | Kissing | My First Fanfic | One Shot | Rough Kissing | Secretary - Freeform | Secretary Reader,Kim Taehyung | V/Reader,"['Alternate Universe - Office', 'Boss Kim Taehyung', 'V', 'Boss/Employee Relationship', 'CEO Kim Taehyung', 'V', 'Dom Kim Taehyung', 'V', 'Kissing', 'My First Fanfic', 'One Shot', 'Rough Kissing', 'Secretary - Freeform', 'Secretary Reader']","['Alternate Universe - Office', 'Boss/Employee Relationship', 'Kissing', 'My First Fanfic', 'One Shot', 'Rough Kissing']","['Boss Kim Taehyung', 'V', 'CEO Kim Taehyung', 'V', 'Dom Kim Taehyung', 'V', 'Secretary - Freeform', 'Secretary Reader']","['Boss Kim Taehyung', 'CEO Kim Taehyung', 'Dom Kim Taehyung', 'Secretary - Freeform', 'Secretary Reader']",[]
https://golemlab.eu/graph/33722041,I'm a good boy,Written for someone on Twitter,2021-09-06,201,Explicit,F/M,Completed,8,taehyung,Blow Jobs | Erotic Poetry | Licking | Love Poems | No Dialogue | Oral Sex | Reader-Insert | Short One Shot | Slut Shaming | Smut | Vaginal Sex,Kim Taehyung | V/Reader,"['Blow Jobs', 'Erotic Poetry', 'Licking', 'Love Poems', 'No Dialogue', 'Oral Sex', 'Reader-Insert', 'Short One Shot', 'Slut Shaming', 'Smut', 'Vaginal Sex']","['Blow Jobs', 'Erotic Poetry', 'Licking', 'Love Poems', 'No Dialogue', 'Oral Sex', 'Reader-Insert', 'Short One Shot', 'Slut Shaming', 'Smut', 'Vaginal Sex']",[],[],[]
https://golemlab.eu/graph/17589776,Hold Me Close,A cute fluff story about you (reader) and Taehyung. You two are already dating but his spontaneity never ceases to amaze you. In this one-shot you share a cute moment with Taehyung before his concert.,2019-01-29,622,Teen And Up Audiences,F/M,Completed,8,taehyung,Boyfriends | Complete | Concerts | Cute | Fluff | Happy | Hugs | One Shot | Random & Short | Reader-Insert | Realistic | Romance | Romantic Fluff | Short & Sweet | Short One Shot,Kim Taehyung | V/You,"['Boyfriends', 'Complete', 'Concerts', 'Cute', 'Fluff', 'Happy', 'Hugs', 'One Shot', 'Random & Short', 'Reader-Insert', 'Realistic', 'Romance', 'Romantic Fluff', 'Short & Sweet', 'Short One Shot']","['Boyfriends', 'Complete', 'Concerts', 'Cute', 'Fluff', 'Happy', 'Hugs', 'One Shot', 'Random & Short', 'Reader-Insert', 'Realistic', 'Romance', 'Romantic Fluff', 'Short & Sweet', 'Short One Shot']",[],[],[]
https://golemlab.eu/graph/35426458,For me || K.TH,Taehyung feels like he is not enough for his girlfriend but he is everything she could ask for.,2021-11-30,490,General Audiences,F/M,Completed,8,taehyung,Angst | Fluff | Fluff and Angst | Idol Kim Taehyung | V,"Kim Taehyung | V/Reader, Kim Taehyung | V/You Series: BTS Writeups [2]","['Angst', 'Fluff', 'Fluff and Angst', 'Idol Kim Taehyung', 'V']","['Angst', 'Fluff', 'Fluff and Angst']","['Idol Kim Taehyung', 'V']",['Idol Kim Taehyung'],[]
https://golemlab.eu/graph/28196454,A New City,"Reader gets to know Kim Taehyung, a little too close, a little too soon. Some angst and sadness involved, as well as smut. Ends well.",2020-12-21,15700,Mature,F/M,Completed,8,taehyung,,Kim Taehyung | V/Reader,[],[],[],[],[]
https://golemlab.eu/graph/22326520,So This Is Love,here we have Taehyung as Cinderella,2020-01-20,2371,Teen And Up Audiences,F/M,In-Progress,8,taehyung,Alternate Universe - Fairy Tale | Cinderella Elements | please be patient with me,Kim Taehyung | V/Reader Series: BTS as Disney Princes(ses) [2],"['Alternate Universe - Fairy Tale', 'Cinderella Elements', 'please be patient with me']","['Alternate Universe - Fairy Tale', 'Cinderella Elements']",['please be patient with me'],[],[]
https://golemlab.eu/graph/29856330,one last time,"loving taehyung was easy - way too easy. breaking up with him, though; that was the hardest part of it all. however, to keep you both sane, it was necessary - to keep you both emotionally healthy. now, the only problem of this was that you two were starring in the same series - where your characters were dating and crazily in love with each other.",2021-03-05,3618,Teen And Up Audiences,F/M,Completed,8,taehyung,Actor Kim Taehyung | V | Alternate Universe - Not K-Pop Idols | Reader-Insert,Kim Taehyung | V/Reader,"['Actor Kim Taehyung', 'V', 'Alternate Universe - Not K-Pop Idols', 'Reader-Insert']","['Alternate Universe - Not K-Pop Idols', 'Reader-Insert']","['Actor Kim Taehyung', 'V']",['Actor Kim Taehyung'],[]
https://golemlab.eu/graph/40131528,The portrait,"You unexpectedly inherited the house from the grandfather you did not know. You want to sell it as quickly as possible but there is slight problem, house has a tenant and he does not have a warm feeling towards you.",2022-07-07,3859,Mature,F/M,Completed,8,taehyung,Family Secrets | Fluff and Angst | Oral Sex | Smoking | Swearing | Vaginal Sex,Kim Taehyung | V/Reader,"['Family Secrets', 'Fluff and Angst', 'Oral Sex', 'Smoking', 'Swearing', 'Vaginal Sex']","['Family Secrets', 'Fluff and Angst', 'Oral Sex', 'Smoking', 'Swearing', 'Vaginal Sex']",[],[],[]
https://golemlab.eu/graph/24629854,TaeTae and the baker,"TaeTae fucks you, a baker.",2020-06-09,2087,Explicit,F/M,Completed,8,taehyung,,Kim Taehyung | V/Reader,[],[],[],[],[]
https://golemlab.eu/graph/40963311,Outside,Taehyung's point of view during the time between Chapter 3 and Chapter 4 (Complete Faith). Requested by tumblr user @/pamzn. Alt summary: Taehyung's in his freaking feelings.,2022-08-11,2203,Teen And Up Audiences,F/M,Completed,8,taehyung,Angst | Drinking | Explicit Language | literally that should just be the summary | taetae's in his feelings,Kim Taehyung | V/Reader Series: Complete Faith [2],"['Angst', 'Drinking', 'Explicit Language', 'literally that should just be the summary', ""taetae's in his feelings""]","['Angst', 'Drinking', 'Explicit Language']","['literally that should just be the summary', ""taetae's in his feelings""]",[],[]
https://golemlab.eu/graph/38365663,Bri’s Interlude,Bri gets a lovely birthday gift from her bias  Taehyung.,2022-04-14,3311,Explicit,F/M,Completed,8,taehyung,Birthday Sex | Choking | Dirty Talk | Dom/sub Undertones | Explicit Sexual Content | Foreplay | Kim Taehyung | V Has a Big Dick | Oral Sex | Porn With Plot | Sexual Tension | ambw,Kim Taehyung | V/Reader,"['Birthday Sex', 'Choking', 'Dirty Talk', 'Dom/sub Undertones', 'Explicit Sexual Content', 'Foreplay', 'Kim Taehyung', 'V Has a Big Dick', 'Oral Sex', 'Porn With Plot', 'Sexual Tension', 'ambw']","['Birthday Sex', 'Choking', 'Dirty Talk', 'Dom/sub Undertones', 'Explicit Sexual Content', 'Foreplay', 'Oral Sex', 'Porn With Plot', 'Sexual Tension']","['Kim Taehyung', 'V Has a Big Dick', 'ambw']",['Kim Taehyung'],[]
https://golemlab.eu/graph/11535222,Counting Stars,"Really it starts off as a sad story; your parents have gotten a divorce, and since you don't want to live with your dad in the United States,you have to move to your mother's hometown, which is all the way across the world. Even though you are only 12 when you move to Seoul, you have a harder time than expected. It's you and your mom against the world, until you meet a group of boys that seem to make everything about this awful predicament slightly better.",2017-07-18,4229,Teen And Up Audiences,F/M,In-Progress,8,taehyung,Best Friends | Falling In Love | High School | Plot Twists,"Kim Taehyung | V/Reader, Min Yoongi | Suga/Park Jimin","['Best Friends', 'Falling In Love', 'High School', 'Plot Twists']","['Best Friends', 'Falling In Love', 'High School', 'Plot Twists']",[],[],[]
https://golemlab.eu/graph/33459826,BTS Song Fic (Blue and Grey) | KTH,Sad song. Sad story. Sad author. Happy reader? Based on eng. version of Blue & Grey that played during In the Soop.,2021-08-24,599,General Audiences,F/M,Completed,8,taehyung,Angst | Depression | Emotional Hurt/Comfort | Hurt/Comfort | Songfic,Kim Taehyung | V/Reader,"['Angst', 'Depression', 'Emotional Hurt/Comfort', 'Hurt/Comfort', 'Songfic']","['Angst', 'Depression', 'Emotional Hurt/Comfort', 'Hurt/Comfort', 'Songfic']",[],[],[]
https://golemlab.eu/graph/27165742,look at us...,it was a matter of time before the initial anger you’d had before would disperse when you saw him. nothing stoping you from letting him tug your hand from the room and sending you into a world of pleasure as you once had before..,2020-10-23,3341,Explicit,F/M,Completed,7,taehyung,Sexual | explicit - Freeform,Kim Taehyung | V/Reader,"['Sexual', 'explicit - Freeform']",[],"['Sexual', 'explicit - Freeform']",['Sexual'],[]
https://golemlab.eu/graph/30304911,Mic Drop,"You sighed as you watched the Mic Drop MV for the thousandth time, eyes completely focused on your boyfriend. God, you missed him and you hated that he wasn’t here.",2021-03-27,2028,Mature,F/M,Completed,7,taehyung,Or more implied | Smut,Kim Taehyung | V/Reader,"['Or more implied', 'Smut']",['Smut'],['Or more implied'],[],[]
https://golemlab.eu/graph/16557359,seasons,"The Seasons Series follows the relationship between these two people for a year. There will be four installments—Winter, Spring, Summer, and ending with Fall. Each part is also inspired by a song.",2018-11-08,4270,General Audiences,F/M,In-Progress,7,taehyung,Alternate Universe | Slice of Life,"Kim Taehyung | V/Reader, Kim Taehyung | V/You","['Alternate Universe', 'Slice of Life']","['Alternate Universe', 'Slice of Life']",[],[],[]
https://golemlab.eu/graph/36303526,In the Still of the Night,"Tae wakes up feeling particularly needy in the middle of the night and leaving the bed might as well be torture. It's so warm under the blankets and it's so late at night, he'll be quick - please? Listen, the puppy play is so light it may as well not even be tagged but if you're particularly squeamish then please scroll on",2022-01-09,7542,Explicit,F/M,Completed,7,taehyung,Face-Sitting | Femdom | Foreign Language | Hand Jobs | Language Kink | Overstimulation | Puppy Play | Soft Dom Reader | Somnophilia | Yes This Has Been Done Before- But IDC I'm Having A Swell Time | blink and you miss it - Freeform,"Kim Taehyung | V/Reader, Kim Taehyung | V/You","['Face-Sitting', 'Femdom', 'Foreign Language', 'Hand Jobs', 'Language Kink', 'Overstimulation', 'Puppy Play', 'Soft Dom Reader', 'Somnophilia', ""Yes This Has Been Done Before- But IDC I'm Having A Swell Time"", 'blink and you miss it - Freeform']","['Face-Sitting', 'Femdom', 'Foreign Language', 'Hand Jobs', 'Language Kink', 'Overstimulation', 'Puppy Play', 'Somnophilia', ""Yes This Has Been Done Before- But IDC I'm Having A Swell Time""]","['Soft Dom Reader', 'blink and you miss it - Freeform']",['Soft Dom Reader'],[]
https://golemlab.eu/graph/28618935,Till I Reach You,"Homesick in Korea, you're unsure how to express the longing you feel to be anywhere familiar, or familial.",2021-01-07,2130,Teen And Up Audiences,F/M,Completed,7,taehyung,Angst | BTS fluff | Distance | Fluff | Rivers and Roads | bts - Freeform | bts angst | head and the heart | kim taehyung - Freeform | relationship | river - Freeform,"Kim Taehyung | V/Reader, Kim Taehyung | V/You Series: River [4]","['Angst', 'BTS fluff', 'Distance', 'Fluff', 'Rivers and Roads', 'bts - Freeform', 'bts angst', 'head and the heart', 'kim taehyung - Freeform', 'relationship', 'river - Freeform']","['Angst', 'Fluff']","['BTS fluff', 'Distance', 'Rivers and Roads', 'bts - Freeform', 'bts angst', 'head and the heart', 'kim taehyung - Freeform', 'relationship', 'river - Freeform']",['Distance'],[]
https://golemlab.eu/graph/41267130,poetry of the stars,"❦ yn and her family are social pariahs a year after her older brother confessed to the murder of his secret girlfriend, who was also yn’s best friend. with normalcy as a thing of the past, all yn wants is to work through the summer and save up enough money to leave her town forever. but what happens when the job she gets hired for means working alongside the brother of the friend she lost?",2022-08-25,25325,Teen And Up Audiences,F/M,Completed,7,taehyung,Angst | Enemies to Friends to Lovers | Fluff | Friends to Lovers | Friendship,Kim Taehyung | V/Reader,"['Angst', 'Enemies to Friends to Lovers', 'Fluff', 'Friends to Lovers', 'Friendship']","['Angst', 'Enemies to Friends to Lovers', 'Fluff', 'Friends to Lovers', 'Friendship']",[],[],[]
https://golemlab.eu/graph/33086467,"Alone With You, Hidden Two",I'm embarrassed to admit that this short story is inspired by V's Butter (Cream ver.) photocard. It is a light-hearted one shot to take you away from reality if you need that comfort.,2021-08-07,1154,Teen And Up Audiences,F/M,Completed,7,taehyung,Fluff | One Shot,Kim Taehyung | V/Reader,"['Fluff', 'One Shot']","['Fluff', 'One Shot']",[],[],[]
https://golemlab.eu/graph/11799858,Handbook for the Newly Departed,"Apparently, when you die, you forget everything about who you were. And unless you're condemned to hell or let into heaven immediately, purgatory is one long journey of finding out who you used to be. Why? You're not sure. But at least you don't have to do it alone. 'Taehyung' is even more confused than you. But he's doing his best to try and help you out. He's like your own personal psychopomp. And as the two of you traverse the labyrinth that is the afterlife, you discover things about yourselves that may best be left forgotten.",2017-08-14,3106,Teen And Up Audiences,Other,In-Progress,7,taehyung,Afterlife | Angst | Fluff | I'm terrible at tags I'm so sorry | Memory Loss | Mentions of Death | Mythology - Freeform | a loooot of angst just you wait | a lot of mythology | at some point | i'll sort this out,Kim Taehyung | V/Reader,"['Afterlife', 'Angst', 'Fluff', ""I'm terrible at tags I'm so sorry"", 'Memory Loss', 'Mentions of Death', 'Mythology - Freeform', 'a loooot of angst just you wait', 'a lot of mythology', 'at some point', ""i'll sort this out""]","['Afterlife', 'Angst', 'Fluff', 'Memory Loss', 'Mythology - Freeform']","[""I'm terrible at tags I'm so sorry"", 'Mentions of Death', 'a loooot of angst just you wait', 'a lot of mythology', 'at some point', ""i'll sort this out""]",[],[]
https://golemlab.eu/graph/37243918,Hot Chocolate ~ KTH,,2022-02-19,1750,Teen And Up Audiences,F/M,Completed,7,taehyung,5th Muster: Magic Shop (BTS Fan Meeting) | Cute Kim Taehyung | V | Fluff | Hot Chocolate | Meet and Greets | Original Character(s) | Tooth-Rotting Fluff | good vibes,Kim Taehyung | V/Reader Series: BTS Works [2],"['5th Muster: Magic Shop (BTS Fan Meeting)', 'Cute Kim Taehyung', 'V', 'Fluff', 'Hot Chocolate', 'Meet and Greets', 'Original Character(s)', 'Tooth-Rotting Fluff', 'good vibes']","['5th Muster: Magic Shop (BTS Fan Meeting)', 'Fluff', 'Hot Chocolate', 'Meet and Greets', 'Original Character(s)', 'Tooth-Rotting Fluff']","['Cute Kim Taehyung', 'V', 'good vibes']",['Cute Kim Taehyung'],[]
https://golemlab.eu/graph/28049970,My Handsome Boss,Y/N is in desperate need of a job when her friend Jungkook suggests her to become the secretary of the world's most powerful company's CEO. Who  is  considered to be very cold hearted. Will Y/N be able to melt the cold hearted ceo's ice cold heart?,2020-12-13,7218,General Audiences,F/M,Completed,7,taehyung,Boss and employee relationship | Kookie loves food | Romance | minor misunderstanding,Kim Taehyung | V/Reader,"['Boss and employee relationship', 'Kookie loves food', 'Romance', 'minor misunderstanding']",['Romance'],"['Boss and employee relationship', 'Kookie loves food', 'minor misunderstanding']",[],[]
https://golemlab.eu/graph/30253914,love's death.,"“All this time to realize there’s nothing stopping you from leaving me.” Alternatively, it’s been weeks since you last saw Taehyung. Something about him has changed; have you, too, changed this much?",2021-03-25,682,Teen And Up Audiences,F/M,Completed,7,taehyung,Angst | Based on an EDEN Song | Originally Posted on Tumblr | Reader-Insert | the end of a relationship,Kim Taehyung | V/Reader,"['Angst', 'Based on an EDEN Song', 'Originally Posted on Tumblr', 'Reader-Insert', 'the end of a relationship']","['Angst', 'Originally Posted on Tumblr', 'Reader-Insert']","['Based on an EDEN Song', 'the end of a relationship']",[],[]
https://golemlab.eu/graph/21769021,~Stubborn Hearts: Hidden Love~,"Carolina has been in love with Tae Hung since the 8th grade but never has told him. She has transferred colleges and is now in town with him again. Their love for basketball and their friendship keeps them inseparable, find out if 'Caro, has the courage to tell her true feelings and whether Tae will return her love or will their friendship crumble. The story includes the follow: Sex, foul language, relationship problems",2019-12-12,9294,Explicit,F/M,Completed,7,taehyung,Heartbreak | Light Angst | Romance | Sex | Some Humor | love and basketball,"Kim Taehyung | V/Reader, Tae Hyung and Female Character","['Heartbreak', 'Light Angst', 'Romance', 'Sex', 'Some Humor', 'love and basketball']","['Heartbreak', 'Light Angst', 'Romance', 'Sex', 'Some Humor']",['love and basketball'],[],[]
https://golemlab.eu/graph/27157153,Changeling,Taehyung has found himself to be the proud owner of a silvery kitten.  Prepare to find out how she changes his life.,2020-10-23,2749,General Audiences,F/M,Completed,7,taehyung,Alternate Universe - Gods & Goddesses,Kim Taehyung | V/Reader,['Alternate Universe - Gods & Goddesses'],['Alternate Universe - Gods & Goddesses'],[],[],[]
https://golemlab.eu/graph/25880173,3:24am,"in which studying all night has kept you away from your other priorities, the most important one of all being your childish boyfriend.",2020-08-13,1260,General Audiences,F/M,Completed,6,taehyung,Domestic Fluff | Fluff,Kim Taehyung | V/You,"['Domestic Fluff', 'Fluff']","['Domestic Fluff', 'Fluff']",[],[],[]
https://golemlab.eu/graph/35261326,Frost | KTH,"for centuries taehyung has been unseen by the human eye aside from the beauty he created through snowflakes. everyone marveled at the mystery of its appearance but never once considered the mastermind behind the artwork. no one saw him. at least, that is what he convinced himself until hearing of a particularly persistent meteorologist convinced that this glistening white treasure is beyond their control. something, or someone, was responsible.",2021-11-21,5144,General Audiences,F/M,Completed,6,taehyung,Angst with a Happy Ending | Fluff | Platonic Relationships,Kim Taehyung | V/Reader,"['Angst with a Happy Ending', 'Fluff', 'Platonic Relationships']","['Angst with a Happy Ending', 'Fluff', 'Platonic Relationships']",[],[],[]
https://golemlab.eu/graph/37088617,Constellations,A short Tae fluff inspired by Constellations by Jack Johnson.,2022-02-13,1104,General Audiences,F/M,Completed,6,taehyung,Constellations | Established Relationship | Fluff | Romance | Short One Shot | Stars,Kim Taehyung | V/Reader Series: Love Lyrics [2],"['Constellations', 'Established Relationship', 'Fluff', 'Romance', 'Short One Shot', 'Stars']","['Constellations', 'Established Relationship', 'Fluff', 'Romance', 'Short One Shot', 'Stars']",[],[],[]
https://golemlab.eu/graph/8480902,First Impressions | Taehyung,"Before you started dating Taehyung, you didn’t have such a great first impression of him. **Part 2 of Video Game series",2016-11-05,1870,General Audiences,F/M,Completed,6,taehyung,Fluff,Kim Taehyung | V/You Series: Video Game Series [2],['Fluff'],['Fluff'],[],[],[]
https://golemlab.eu/graph/35039743,Vante the time Travler,Romance A mysterious man appears and he looks like he's from the past. like the 1940s or earlier but it's 2020. Is he really from another time. Only time will tell.,2021-11-10,8666,Mature,F/M,Completed,6,taehyung,Cute Kim Taehyung | V,Kim Taehyung | V/Reader,"['Cute Kim Taehyung', 'V']",[],"['Cute Kim Taehyung', 'V']",['Cute Kim Taehyung'],[]
https://golemlab.eu/graph/38404024,A Sunday kind of love,"You went to a club scene for elders that played the classics, you wanted to experience the nature of it. Or You’re dancing at a oldies club and happened to fall in love with your bias Taehyung.",2022-04-16,1706,General Audiences,Multi,Completed,6,taehyung,Cute | First Dance | Short & Sweet | Slow Dancing | Slow Romance | oldies | unisex,Kim Taehyung | V/Reader,"['Cute', 'First Dance', 'Short & Sweet', 'Slow Dancing', 'Slow Romance', 'oldies', 'unisex']","['Cute', 'First Dance', 'Short & Sweet', 'Slow Dancing', 'Slow Romance']","['oldies', 'unisex']",[],[]
https://golemlab.eu/graph/23280895,Show Me How You Burlesque,Y/N had wanted to be a dancer since a young age but she never imagined she’d end up being a stripper.,2020-03-23,2351,Mature,F/M,Completed,6,taehyung,Smut,Kim Taehyung | V/Reader,['Smut'],['Smut'],[],[],[]
https://golemlab.eu/graph/11148834,Whiskey Princess,This will have more parts later..,2017-06-09,1450,Teen And Up Audiences,F/M,In-Progress,6,taehyung,Drunken Confessions | Drunkenness | Light Angst | Love Triangles,Kim Taehyung | V/Reader,"['Drunken Confessions', 'Drunkenness', 'Light Angst', 'Love Triangles']","['Drunken Confessions', 'Drunkenness', 'Light Angst', 'Love Triangles']",[],[],[]
https://golemlab.eu/graph/33686617,Mama's Song (Taehyung),Taehyung just proposed to you and of course you call your mom to tell her the news! But does she approve? Or is her worries too big? { based off Mama’s Song by Carrie Underwood },2021-09-05,2437,Teen And Up Audiences,F/M,Completed,6,taehyung,BTS fluff | bts scenario | kim taehyung scenario | kim taehyung/reader - Freeform | v scenario,Kim Taehyung | V/Reader Series: BTS Scenarios [10],"['BTS fluff', 'bts scenario', 'kim taehyung scenario', 'kim taehyung/reader - Freeform', 'v scenario']",[],"['BTS fluff', 'bts scenario', 'kim taehyung scenario', 'kim taehyung/reader - Freeform', 'v scenario']",[],[]
https://golemlab.eu/graph/32275747,among the stars,"y/n moves to new york to pursue modeling, and gets a lucky break when her first audition goes better than expected. her luck gets even better when she joins the group of models handpicked by kim taehyung, new york's most eligible designer. y/n is warned to not catch feelings, but things get trickier the more she works for him, not to mention the after-hours ""meetings"" y/n finds herself in.",2021-06-30,6421,Teen And Up Audiences,F/M,In-Progress,6,taehyung,Alternate Universe - Fashion & Models | Fashion Designer Kim Taehyung | V | Multiple Love Interests | Slow Build | Slow Burn | Workplace Relationship,Kim Taehyung | V/Reader,"['Alternate Universe - Fashion & Models', 'Fashion Designer Kim Taehyung', 'V', 'Multiple Love Interests', 'Slow Build', 'Slow Burn', 'Workplace Relationship']","['Alternate Universe - Fashion & Models', 'Slow Build', 'Slow Burn', 'Workplace Relationship']","['Fashion Designer Kim Taehyung', 'V', 'Multiple Love Interests']","['Fashion Designer Kim Taehyung', 'Multiple Love Interests']",[]
https://golemlab.eu/graph/35634958,Special Present,,2021-12-11,779,Mature,F/M,Completed,5,taehyung,,"Kim Taehyung | V/Reader, Kim Taehyung | V/You Series: Caught [6]",[],[],[],[],[]
https://golemlab.eu/graph/23261803,"Cameras, pictures and kisses","Taehyung and yn are on Jeju and they decided to take a walk in Hallasan National Park, and if Taehyung is not going to take tons of pictures of yn he has failed.",2020-03-22,928,General Audiences,F/M,Completed,5,taehyung,,Kim Taehyung | V/Reader,[],[],[],[],[]
https://golemlab.eu/graph/38016664,"We're running in the moonlight, We're dancing in the open waves.. [oneshots]",No. 1: Y/N can't sleep. taehyung approaches her and they hang out. eventual smut.,2022-03-28,1066,Mature,F/M,In-Progress,5,taehyung,Banter | Established Relationship | First Kiss | First Time | Friends to Lovers | Making Out | Pining | Sexual Tension | aishhhh this is very indulgent | but thats at the end | dancing in the rain at midnight | falling asleep to rain | fluff? some fluff | literally just snippets of daydreams i've had lmfao | oh yeah also smut sjhjhjshsj | oneshots | soft | warmmm,Kim Taehyung | V/Reader,"['Banter', 'Established Relationship', 'First Kiss', 'First Time', 'Friends to Lovers', 'Making Out', 'Pining', 'Sexual Tension', 'aishhhh this is very indulgent', 'but thats at the end', 'dancing in the rain at midnight', 'falling asleep to rain', 'fluff? some fluff', ""literally just snippets of daydreams i've had lmfao"", 'oh yeah also smut sjhjhjshsj', 'oneshots', 'soft', 'warmmm']","['Banter', 'Established Relationship', 'First Kiss', 'First Time', 'Friends to Lovers', 'Making Out', 'Pining', 'Sexual Tension']","['aishhhh this is very indulgent', 'but thats at the end', 'dancing in the rain at midnight', 'falling asleep to rain', 'fluff? some fluff', ""literally just snippets of daydreams i've had lmfao"", 'oh yeah also smut sjhjhjshsj', 'oneshots', 'soft', 'warmmm']",[],[]
https://golemlab.eu/graph/37804720,Do you Deserve it?,"Taehyung needs some help in his classes, y/n is happy to lend a hand:)",2022-03-18,2312,Explicit,F/M,Completed,5,taehyung,Alternate Universe | Bottom Kim Taehyung | V | Dominance | Fluff and Smut | One Shot | Smut | Sub Kim Taehyung | V | Submissive Character | Thighs | bts smut | submissive Taehyung | thigh riding,Kim Taehyung | V/Reader,"['Alternate Universe', 'Bottom Kim Taehyung', 'V', 'Dominance', 'Fluff and Smut', 'One Shot', 'Smut', 'Sub Kim Taehyung', 'V', 'Submissive Character', 'Thighs', 'bts smut', 'submissive Taehyung', 'thigh riding']","['Alternate Universe', 'Dominance', 'Fluff and Smut', 'One Shot', 'Smut', 'Submissive Character', 'Thighs']","['Bottom Kim Taehyung', 'V', 'Sub Kim Taehyung', 'V', 'bts smut', 'submissive Taehyung', 'thigh riding']","['Bottom Kim Taehyung', 'Sub Kim Taehyung']",[]
https://golemlab.eu/graph/29539839,The New Girl,"""We are two people alone in one room what happens next.""",2021-02-18,21048,Mature,F/M,Completed,5,taehyung,Family | Friendship | Happy Ending | High School | Relationship(s) | Smut,Kim Taehyung | V/Reader,"['Family', 'Friendship', 'Happy Ending', 'High School', 'Relationship(s)', 'Smut']","['Family', 'Friendship', 'Happy Ending', 'High School', 'Relationship(s)', 'Smut']",[],[],[]
https://golemlab.eu/graph/39050205,Rollarskates,"you know how to rollarskate- but that dude that just ran into you, knocked you over? He clearly doesn’t.",2022-05-17,1885,General Audiences,Gen,Completed,5,taehyung,Fluff | meet cute | non-idol/domestic life,Kim Taehyung | V/Reader Series: Taehyung Stories [2],"['Fluff', 'meet cute', 'non-idol/domestic life']",['Fluff'],"['meet cute', 'non-idol/domestic life']",[],[]
https://golemlab.eu/graph/20510390,Tag Gone Wrong,,2019-09-03,1465,Teen And Up Audiences,F/M,Completed,5,taehyung,Tag the game | Venice Italy setting,Kim Taehyung | V/Reader,"['Tag the game', 'Venice Italy setting']",[],"['Tag the game', 'Venice Italy setting']",[],[]
https://golemlab.eu/graph/34749703,just a taste,"your boyfriend may be just another fratboy—loud, obnoxious, and ultra horny, but you’re falling in love with him all the same.",2021-10-27,1289,Mature,F/M,Completed,5,taehyung,Alternate Universe - College/University | Established Relationship | Fluff and Smut | Frat Boy Kim Taehyung | V | Public Blow Jobs,Kim Taehyung | V/Reader,"['Alternate Universe - College/University', 'Established Relationship', 'Fluff and Smut', 'Frat Boy Kim Taehyung', 'V', 'Public Blow Jobs']","['Alternate Universe - College/University', 'Established Relationship', 'Fluff and Smut', 'Public Blow Jobs']","['Frat Boy Kim Taehyung', 'V']",['Frat Boy Kim Taehyung'],[]
https://golemlab.eu/graph/26317174,With a BangTan,Spending New Years Eve with Bangtan.,2020-09-06,5302,Explicit,F/M,Completed,5,taehyung,,Kim Taehyung | V/Reader,[],[],[],[],[]
https://golemlab.eu/graph/23938666,"we both have balls, let me swallow yours","“I mean... I’m transgender.” I blurted blatantly. The car came to a stop. He gave me a chilling look. “What?” He said while scanning me up and down, almost as if he didn’t believe me. I always stash a pocket knife, sheathed of course, right underneath my bra, ya know in case any transphobes want to try me, and so my hand naturally lingered around the area ready to react if he pulled a stunt.",2020-05-01,4577,Explicit,Other,Completed,5,taehyung,Explicit Language | Homophobia | Mental Health Issues | Past Abuse | Polyamory | Sex | Sex Work | Sibling Bonding | Trans Female Character | Trauma,Kim Taehyung | V/Reader,"['Explicit Language', 'Homophobia', 'Mental Health Issues', 'Past Abuse', 'Polyamory', 'Sex', 'Sex Work', 'Sibling Bonding', 'Trans Female Character', 'Trauma']","['Explicit Language', 'Homophobia', 'Mental Health Issues', 'Past Abuse', 'Polyamory', 'Sex', 'Sex Work', 'Sibling Bonding', 'Trans Female Character', 'Trauma']",[],[],[]
https://golemlab.eu/graph/25615438,"The Benevolent, The Beloved","As a child, you grew up in a world that prospered in peace. However, as you matured, the world became crueler. War was not far off, and your love, Taehyung, was in danger.",2020-07-30,8949,Teen And Up Audiences,Gen,Completed,5,taehyung,(it's the bad guy) | Alternate Universe - Fairy Tale | Fairy Tale Elements | Gender-neutral Reader | Kind of referenced poly between VMin and Reader | Magic | Minor Character Death | Royal Kim Taehyung | V | Royal Park Jimin (BTS) | Soldier Jeon Jungkook | True Love | brief fight scene | kind of an eco-feminist critique of the original,Kim Taehyung | V/Reader,"[""(it's the bad guy)"", 'Alternate Universe - Fairy Tale', 'Fairy Tale Elements', 'Gender-neutral Reader', 'Kind of referenced poly between VMin and Reader', 'Magic', 'Minor Character Death', 'Royal Kim Taehyung', 'V', 'Royal Park Jimin (BTS)', 'Soldier Jeon Jungkook', 'True Love', 'brief fight scene', 'kind of an eco-feminist critique of the original']","['Alternate Universe - Fairy Tale', 'Fairy Tale Elements', 'Magic', 'Minor Character Death', 'True Love']","[""(it's the bad guy)"", 'Gender-neutral Reader', 'Kind of referenced poly between VMin and Reader', 'Royal Kim Taehyung', 'V', 'brief fight scene', 'kind of an eco-feminist critique of the original']",['Royal Kim Taehyung'],"['Royal Park Jimin (BTS)', 'Soldier Jeon Jungkook']"
https://golemlab.eu/graph/25983142,Trepidation,"""What’s your favourite scary movie?”",2020-08-19,1316,General Audiences,F/M,Completed,5,taehyung,Fluff | Tooth-Rotting Fluff,Kim Taehyung | V/Reader,"['Fluff', 'Tooth-Rotting Fluff']","['Fluff', 'Tooth-Rotting Fluff']",[],[],[]
https://golemlab.eu/graph/18483796,"NO MORE DREAM, Now a REALITY","Your dream of becoming an IDOL is finally coming true. Big Hit Entertainment saw your talent, and brought you on as a trainee...Once you arrive you’re told the #1 rule... NO DATING Easy right? Not when a certain member of a famous boyband in the world notices you...",2019-04-16,3958,Mature,F/M,In-Progress,5,taehyung,Adventure | I suck at tagging | Smut | bts - Freeform | idol | lots of fluff | relationships | traniee,Kim Taehyung | V/Reader,"['Adventure', 'I suck at tagging', 'Smut', 'bts - Freeform', 'idol', 'lots of fluff', 'relationships', 'traniee']","['Adventure', 'Smut']","['I suck at tagging', 'bts - Freeform', 'idol', 'lots of fluff', 'relationships', 'traniee']",[],[]
https://golemlab.eu/graph/21883795,Son of Santa,Y/N came to the little town of Rovaniemi in Laponia to find her grandparents.  What was the secret the Kim’s held close to their chest and how would it affect Y/N?,2019-12-21,2605,General Audiences,F/M,Completed,5,taehyung,,Kim Taehyung | V/Reader,[],[],[],[],[]
https://golemlab.eu/graph/40663188,"jealousy, jealousy","y/n goes against Taehyung’s word, but he finds out…",2022-07-30,1006,Teen And Up Audiences,F/M,Completed,5,taehyung,Almost smut | Drunken Flirting | Drunken Kissing | I’m gonna get a headache tomorrow | Jealousy | Lime | Neck Kissing | Romance | Sloppy Makeouts | i stay up too late at night | im bored | inspired by jealousy jealousy | party au | taehyung - Freeform,Kim Taehyung | V/Reader Series: Taehyung One Shots [2],"['Almost smut', 'Drunken Flirting', 'Drunken Kissing', 'I’m gonna get a headache tomorrow', 'Jealousy', 'Lime', 'Neck Kissing', 'Romance', 'Sloppy Makeouts', 'i stay up too late at night', 'im bored', 'inspired by jealousy jealousy', 'party au', 'taehyung - Freeform']","['Drunken Flirting', 'Drunken Kissing', 'Jealousy', 'Lime', 'Neck Kissing', 'Romance', 'Sloppy Makeouts']","['Almost smut', 'I’m gonna get a headache tomorrow', 'i stay up too late at night', 'im bored', 'inspired by jealousy jealousy', 'party au', 'taehyung - Freeform']",[],[]
https://golemlab.eu/graph/17387543,Don't leave please.,Pt 2 to read,2019-01-12,100,Teen And Up Audiences,Gen,Completed,5,taehyung,Angst | Break Up | Loneliness,Kim Taehyung | V/Reader,"['Angst', 'Break Up', 'Loneliness']","['Angst', 'Break Up', 'Loneliness']",[],[],[]
https://golemlab.eu/graph/35866225,Magdalena,"it was supposed to be just a one time thing but when he spotted a familiar face among the sea of red, kim taehyung found himself coming back to delude himself into thinking that underneath the smokey eyes and red lipstick, behind the name ‘magdalena’—it really wasn’t his childhood sweetheart.",2021-12-22,11248,Mature,F/M,Completed,5,taehyung,Angst | Forced Prostitution | Violence against women,Kim Taehyung | V/Reader Series: OPM Series [2],"['Angst', 'Forced Prostitution', 'Violence against women']","['Angst', 'Forced Prostitution']",['Violence against women'],[],[]
https://golemlab.eu/graph/36315598,wonder emporium,"in a small quaint town sits a boutique, full of glamor and fascinating things. so enchanting that some even believed they could see the magic flowing freely through the walls and moving the toys. but one day the toy maker disappears and the store goes cold, no more joy left to spread. is there anyone who can help bring the man out of hiding? and will that person do it in time before the store's magic is gone for good?",2022-01-09,6147,Mature,F/M,In-Progress,4,taehyung,Angst | Cross-Posted on Tumblr | Fluff | Mentions of Death | Slow Burn | Strangers to Lovers | aged up taehyung,Kim Taehyung | V/Reader,"['Angst', 'Cross-Posted on Tumblr', 'Fluff', 'Mentions of Death', 'Slow Burn', 'Strangers to Lovers', 'aged up taehyung']","['Angst', 'Cross-Posted on Tumblr', 'Fluff', 'Slow Burn', 'Strangers to Lovers']","['Mentions of Death', 'aged up taehyung']",[],[]
https://golemlab.eu/graph/17092097,SLOW BURN,"My first online drabble after years and years of hiatus from writing; my writing has gone back to infancy. *Inspired by their IDOL era English is not my first language, pls be nice. Feedback appreciated. Original work posted in my Tumblr.",2018-12-21,4400,Mature,F/M,In-Progress,4,taehyung,Dom/sub | Fluff | Mild Smut | Slow Build | reverse dom,Kim Taehyung | V/Reader,"['Dom/sub', 'Fluff', 'Mild Smut', 'Slow Build', 'reverse dom']","['Dom/sub', 'Fluff', 'Mild Smut', 'Slow Build']",['reverse dom'],[],[]
https://golemlab.eu/graph/37118707,17 Valentine’s,When Y/N goes to a Seventeen Valentine’s Day Celebration on the arms of Vernon her friend with Benefit is also in attendance. How will Y/N cope with the drama between her Two Friends.,2022-02-14,3364,Mature,F/M,Completed,4,taehyung,Friends With Benefits | Smut | Valentine's Day,Kim Taehyung | V/Reader,"['Friends With Benefits', 'Smut', ""Valentine's Day""]","['Friends With Benefits', 'Smut', ""Valentine's Day""]",[],[],[]
https://golemlab.eu/graph/35472772,Prince With Thorns,"It's been years after the end of book 1, and now they have to overcome obstacles, difficulties and a fight for the throne, can they come out unscathed at the end? •Sequel to Cold Prince With A Warm Heart•",2021-12-02,2951,General Audiences,F/M,Completed,4,taehyung,Historical | Prince Kim Taehyung | V | Romance | Royalty,Kim Taehyung | V/Reader Series: Warm Heart [2],"['Historical', 'Prince Kim Taehyung', 'V', 'Romance', 'Royalty']","['Historical', 'Romance', 'Royalty']","['Prince Kim Taehyung', 'V']",['Prince Kim Taehyung'],[]
https://golemlab.eu/graph/23858008,All You Wanna Do (Kim Taehyung/VxF!Reader),"This oneshot has the reader as a member of the fictional Korean cast of ""SIX"", in the role of ""Katherine Howard"". It depicts her dealing with the positive and negative elements of her idol life, including her relationship with Kim Taehyung. The song featured in this shot originates from the musical ""SIX"", that tells the stories of Henry VIII's six wives.",2020-04-26,1899,Teen And Up Audiences,F/M,Completed,4,taehyung,Adorable Kim Taehyung | V | Cute Kim Taehyung | V | Established Relationship | Kim Taehyung | V is a Little Shit | Kim Taehyung | V is a Sweetheart,Kim Taehyung | V/Reader Series: SIX-Series [6],"['Adorable Kim Taehyung', 'V', 'Cute Kim Taehyung', 'V', 'Established Relationship', 'Kim Taehyung', 'V is a Little Shit', 'Kim Taehyung', 'V is a Sweetheart']",['Established Relationship'],"['Adorable Kim Taehyung', 'V', 'Cute Kim Taehyung', 'V', 'Kim Taehyung', 'V is a Little Shit', 'Kim Taehyung', 'V is a Sweetheart']","['Adorable Kim Taehyung', 'Cute Kim Taehyung', 'Kim Taehyung', 'Kim Taehyung']",[]
https://golemlab.eu/graph/35018950,We Did It.,"y/n and kim taehyung, both being the wonderful couple that they are. trying to have a baby for so long, then all of a sudden? something tragic happens? did they finally have the baby but all of a sudden it died at birth? or was it y/n who died? or taehyung?",2021-11-09,2423,Teen And Up Audiences,F/M,In-Progress,4,taehyung,Anal Sex | Character Death | Oral Sex | Rough Sex | Sad and Happy,Kim Taehyung | V/Reader,"['Anal Sex', 'Character Death', 'Oral Sex', 'Rough Sex', 'Sad and Happy']","['Anal Sex', 'Character Death', 'Oral Sex', 'Rough Sex', 'Sad and Happy']",[],[],[]
https://golemlab.eu/graph/29225049,Paint & Bubbles [BTS Oneshot],"A short and fluffy one-shot where Taehyung meets Y/N, the girl next-door and the love of his life.",2021-02-05,1108,General Audiences,F/M,Completed,4,taehyung,Cute | Fluff | Romance | Short One Shot | taehyung is so cute,Kim Taehyung | V/Reader,"['Cute', 'Fluff', 'Romance', 'Short One Shot', 'taehyung is so cute']","['Cute', 'Fluff', 'Romance', 'Short One Shot']",['taehyung is so cute'],[],[]
https://golemlab.eu/graph/26962006,The Dove and The Wire,"After nearly hit by a car, the strange man who saves you insists on making sure you're taken care of after that. Maybe he just likes you. Surely there's no other reason than that?",2019-02-23,27318,Teen And Up Audiences,F/M,Completed,4,taehyung,Alternate Universe | Alternate Universe - Fantasy | Angst | Fallen Angel | Fluff | Fluff and Angst | Guardian - Freeform | Guardian Angel | Some graphic descriptions | Suicide,"Kim Taehyung | V/Reader, Kim Taehyung | V/You","['Alternate Universe', 'Alternate Universe - Fantasy', 'Angst', 'Fallen Angel', 'Fluff', 'Fluff and Angst', 'Guardian - Freeform', 'Guardian Angel', 'Some graphic descriptions', 'Suicide']","['Alternate Universe', 'Alternate Universe - Fantasy', 'Angst', 'Fluff', 'Fluff and Angst', 'Suicide']","['Fallen Angel', 'Guardian - Freeform', 'Guardian Angel', 'Some graphic descriptions']","['Fallen Angel', 'Guardian - Freeform', 'Guardian Angel']",[]
https://golemlab.eu/graph/20975240,D-8 [ENCHANTED],,2019-10-10,100,Mature,F/M,Completed,4,taehyung,Hand & Finger Kink,Kim Taehyung | V/Reader Series: Kinktober Drabbles 2019 [3],['Hand & Finger Kink'],['Hand & Finger Kink'],[],[],[]
https://golemlab.eu/graph/23755387,Thespian,"A writer’s fellowship in Italy gives this young playwright a chance to find the perfect leading man. Fall in love with Florence, and perhaps a bold, budding actor, in this romcom romp where Paris isn’t the only city of romance.",2020-04-20,3747,Teen And Up Audiences,F/M,In-Progress,4,taehyung,Cute Kim Taehyung | V | Eventual Smut | Falling In Love | Fluff | Italy | Mentions of Sex | Romance | Slow Build | Slow Burn | Slow Romance | Strangers to Lovers | bts - Freeform | bts v | kim taehyung - Freeform | theater nerd,"Kim Taehyung | V/Reader, kim taehyung | original character","['Cute Kim Taehyung', 'V', 'Eventual Smut', 'Falling In Love', 'Fluff', 'Italy', 'Mentions of Sex', 'Romance', 'Slow Build', 'Slow Burn', 'Slow Romance', 'Strangers to Lovers', 'bts - Freeform', 'bts v', 'kim taehyung - Freeform', 'theater nerd']","['Eventual Smut', 'Falling In Love', 'Fluff', 'Italy', 'Romance', 'Slow Build', 'Slow Burn', 'Slow Romance', 'Strangers to Lovers']","['Cute Kim Taehyung', 'V', 'Mentions of Sex', 'bts - Freeform', 'bts v', 'kim taehyung - Freeform', 'theater nerd']",['Cute Kim Taehyung'],[]
https://golemlab.eu/graph/40513905,17 November,"Taehyung is a struggling young farmer who can barely make ends meet. After seeing an interview of Y/N on YouTube, he grows interested in her and becomes a fan. After a few days, he starts to grow obsessed with her and doesn’t miss any updates about her, joining in every live streams she has, googling her name daily, buying all of her merchandise. His seemingly cute admiration turns dark when she doesn’t feel the same way about him.",2022-07-23,649,Mature,F/M,Completed,4,taehyung,,Kim Taehyung | V/Reader,[],[],[],[],[]
https://golemlab.eu/graph/40628664,Kim Taehyung One Shots,a romantic bath with your boyfriend - - inspired by a tumblr prompt i found (most of these will be) - -,2022-07-28,1093,Teen And Up Audiences,F/M,Completed,4,taehyung,BTS Fan Fic | BTS One Shots | Books | Fanfic | I'm Bad At Tagging | Jeon Jungkook & Kim Taehyung | V are Best Friends | Kim Taehyung | V & Park Jimin are Best Friends | Kim Taehyung | V is a Mess | No Smut | Okay that's it | Romance | University Student Kim Taehyung | V | ao3 - Freeform | bts - Freeform | fan fiction | help me | hoseok - Freeform | i wrote this while listening to bts | im bored | jimin - Freeform | jk | jungkook - Freeform | namjoon - Freeform | oneshots | reader - Freeform | seokjin - Freeform | someone help me | suga - Freeform | taehyung - Freeform | taehyung fan fiction | v - Freeform | why does it seem like i'm doing this for popularity | you little horny bitches won't get smut from me,Kim Taehyung | V/Reader Series: Taehyung One Shots [1],"['BTS Fan Fic', 'BTS One Shots', 'Books', 'Fanfic', ""I'm Bad At Tagging"", 'Jeon Jungkook & Kim Taehyung', 'V are Best Friends', 'Kim Taehyung', 'V & Park Jimin are Best Friends', 'Kim Taehyung', 'V is a Mess', 'No Smut', ""Okay that's it"", 'Romance', 'University Student Kim Taehyung', 'V', 'ao3 - Freeform', 'bts - Freeform', 'fan fiction', 'help me', 'hoseok - Freeform', 'i wrote this while listening to bts', 'im bored', 'jimin - Freeform', 'jk', 'jungkook - Freeform', 'namjoon - Freeform', 'oneshots', 'reader - Freeform', 'seokjin - Freeform', 'someone help me', 'suga - Freeform', 'taehyung - Freeform', 'taehyung fan fiction', 'v - Freeform', ""why does it seem like i'm doing this for popularity"", ""you little horny bitches won't get smut from me""]","['Books', ""I'm Bad At Tagging"", 'No Smut', 'Romance']","['BTS Fan Fic', 'BTS One Shots', 'Fanfic', 'Jeon Jungkook & Kim Taehyung', 'V are Best Friends', 'Kim Taehyung', 'V & Park Jimin are Best Friends', 'Kim Taehyung', 'V is a Mess', ""Okay that's it"", 'University Student Kim Taehyung', 'V', 'ao3 - Freeform', 'bts - Freeform', 'fan fiction', 'help me', 'hoseok - Freeform', 'i wrote this while listening to bts', 'im bored', 'jimin - Freeform', 'jk', 'jungkook - Freeform', 'namjoon - Freeform', 'oneshots', 'reader - Freeform', 'seokjin - Freeform', 'someone help me', 'suga - Freeform', 'taehyung - Freeform', 'taehyung fan fiction', 'v - Freeform', ""why does it seem like i'm doing this for popularity"", ""you little horny bitches won't get smut from me""]","['BTS Fan Fic', 'BTS One Shots', 'Fanfic', 'Jeon Jungkook & Kim Taehyung', 'Kim Taehyung', 'Kim Taehyung', 'University Student Kim Taehyung']",[]
https://golemlab.eu/graph/25617175,Never Forget Me,"Yeo Mee (You) - 22, A Kindhearted and loving person who has always loved spending every moment with her best friends; BTS and her one and only, Kim Taehyung. Ever since she started working for the company in 2013, she never imagined that she would not only be able to find amazing close friends, who will stick with each other through thick and thin but also to find her one true soul mate. But after a serious accident left her with amnesia... What will happen between Taehyung, Yeo Mee and the rest of BTS as they try and gain her treasured important memories back.",2020-07-31,20317,Teen And Up Audiences,Multi,In-Progress,4,taehyung,Amnesia | Family | Friendship | Loss | Love | Memory Loss | Regret | Remember me - Freeform | don’t go,Kim Taehyung | V/Reader,"['Amnesia', 'Family', 'Friendship', 'Loss', 'Love', 'Memory Loss', 'Regret', 'Remember me - Freeform', 'don’t go']","['Amnesia', 'Family', 'Friendship', 'Loss', 'Love', 'Memory Loss', 'Regret']","['Remember me - Freeform', 'don’t go']",[],[]
https://golemlab.eu/graph/35223595,Sleep like a winter bear ~Kim Taehyung x Reader~,"~ A sweet song and voice can be heard in a night filled with tears and pain. Who is the owner of the voice? I don't know, or maybe I've only seen him in a dream. ~ I couldn't shorten a oneshot down and that's how this came to play. The inspiration for this was those videos like ""BTS songs but it's raining and you're driving home"". I saw a video of BTS singing to you before you sleep and came up with this idea.",2021-11-21,3772,General Audiences,F/M,Completed,4,taehyung,Cute | Cute Kim Taehyung | V | Dreams | Oneshot | Singing | Song: Winter Bear (Kim Taehyung | V) | This Is Not Going To Go The Way You Think | i made this in the middle of the night,Kim Taehyung | V/Reader,"['Cute', 'Cute Kim Taehyung', 'V', 'Dreams', 'Oneshot', 'Singing', 'Song: Winter Bear (Kim Taehyung', 'V)', 'This Is Not Going To Go The Way You Think', 'i made this in the middle of the night']","['Cute', 'Dreams', 'Singing', 'This Is Not Going To Go The Way You Think']","['Cute Kim Taehyung', 'V', 'Oneshot', 'Song: Winter Bear (Kim Taehyung', 'V)', 'i made this in the middle of the night']","['Cute Kim Taehyung', 'Oneshot']",[]
https://golemlab.eu/graph/33530134,Rainy caramel macchiato,It all happened on a rainy afternoon: the beginning of a beautiful and short friendship.,2021-08-28,1297,General Audiences,F/M,Completed,4,taehyung,Friendship,Kim Taehyung | V/Reader,['Friendship'],['Friendship'],[],[],[]
https://golemlab.eu/graph/24577123,Hold My Body Down,,2020-06-06,1428,Teen And Up Audiences,F/M,Completed,4,taehyung,Blow Jobs | Creampie | Light Bondage | Nude Photos | Teasing,Kim Taehyung | V/Reader Series: BTS Drabbles [2],"['Blow Jobs', 'Creampie', 'Light Bondage', 'Nude Photos', 'Teasing']","['Blow Jobs', 'Creampie', 'Light Bondage', 'Nude Photos', 'Teasing']",[],[],[]
https://golemlab.eu/graph/26908414,Heart-Lock,"""By wearing this watch and engaging in a kiss, you will begin to receive the desires of your heart over a period of one hundred days. In exchange for these gifts you must receive one hundred kisses during this time. Failing to do so will result in the forfeit and retraction of all gifts given. Disclosing this contract to anyone in any way will also result in the voiding of this contract."" A watch bought from a bizarre shop promises your wildest dreams to come true. At a price.",2018-05-09,12997,General Audiences,F/M,Completed,4,taehyung,Boyfriend!Taehyung | Cute | Fluff | Happy Ending | Romance | Yeontan,"Kim Taehyung | V/Reader, Kim Taehyung | V/You","['Boyfriend!Taehyung', 'Cute', 'Fluff', 'Happy Ending', 'Romance', 'Yeontan']","['Cute', 'Fluff', 'Happy Ending', 'Romance']","['Boyfriend!Taehyung', 'Yeontan']","['Boyfriend!Taehyung', 'Yeontan']",[]
https://golemlab.eu/graph/29803998,sunset,taehyung keeps painting the same picture again and again. he’s not too sure why.,2021-03-02,730,General Audiences,F/M,Completed,4,taehyung,Angst | Painter Kim Taehyung | V | Possibly Unrequited Love | Unhealthy Coping Mechanisms | jimin tries to call him out but hes got bad habits too | taehyung paints a lot,"Kim Taehyung | V/Reader, Kim Taehyung | V/You","['Angst', 'Painter Kim Taehyung', 'V', 'Possibly Unrequited Love', 'Unhealthy Coping Mechanisms', 'jimin tries to call him out but hes got bad habits too', 'taehyung paints a lot']","['Angst', 'Possibly Unrequited Love', 'Unhealthy Coping Mechanisms']","['Painter Kim Taehyung', 'V', 'jimin tries to call him out but hes got bad habits too', 'taehyung paints a lot']",['Painter Kim Taehyung'],[]
https://golemlab.eu/graph/31728850,Never Again,Taehyung’s eyes are a little too big for his belly. Part of the BGW Drabble Marathon posted originally on my tumblr,2021-06-04,284,General Audiences,F/M,Completed,3,taehyung,Humor | Humour,Kim Taehyung | V/Reader Series: BGW drabble marathon [27],"['Humor', 'Humour']",['Humor'],['Humour'],['Humour'],[]
https://golemlab.eu/graph/32605726,Why Didn’t You Stop Me?,Inspired by some Mitski songs. Listen to Why Didn’t You Stop Me. Also this is angst lol,2021-07-15,1077,Teen And Up Audiences,F/M,Completed,3,taehyung,Alternate Universe | Angst | Kim Taehyung x reader | Pretty painful | kim taehyung - Freeform | mitski - Freeform | v - Freeform,Kim Taehyung | V/Reader,"['Alternate Universe', 'Angst', 'Kim Taehyung x reader', 'Pretty painful', 'kim taehyung - Freeform', 'mitski - Freeform', 'v - Freeform']","['Alternate Universe', 'Angst']","['Kim Taehyung x reader', 'Pretty painful', 'kim taehyung - Freeform', 'mitski - Freeform', 'v - Freeform']",[],[]
https://golemlab.eu/graph/27859922,Eccedentesiast,"A new day arrives with Y/n going to her tranquil place commonly known as her work, in the beautiful, big city of Seoul. In the fall, where she is most busy... and broke. But as she's walking someone comes barreling into her life. Does this mean good or will this whole ordeal be dangerous?",2021-01-02,5237,Teen And Up Audiences,F/M,In-Progress,3,taehyung,Abused Kim Taehyung | V | Abusive Parents | Adorable Kim Taehyung | V | Alternate Universe - Coffee Shops & Cafés | Alternate Universe - High School | Alternate Universe - Modern Setting | Autumn | Child Abuse | Childhood Trauma | Coffee | Cute Kim Taehyung | V | Dancer Jeon Jungkook | Emotional/Psychological Abuse | Eventual Relationships | Eventual Romance | High School | High School Student Kim Taehyung | V | I'm Bad At Summaries | Idol Jeon Jungkook | Implied/Referenced Child Abuse | Kim Seokjin | Jin is So Done | Kim Taehyung | V is Good at Feelings | Kim Taehyung | V is a Dork | Kim Taehyung | V is a Mess | Mentioned Kim Taeyeon (SNSD) | My First AO3 Post | My First Fanfic | My First Work in This Fandom | Parent/Child Incest | Past Abuse | Past Child Abuse | Sad Kim Taehyung | V | Sexual Abuse | Singer Jeon Jungkook | Some Humor | Trainee Kim Taehyung | V | Winter,Kim Taehyung | V/Reader Series: Eccedentesiast [1],"['Abused Kim Taehyung', 'V', 'Abusive Parents', 'Adorable Kim Taehyung', 'V', 'Alternate Universe - Coffee Shops & Cafés', 'Alternate Universe - High School', 'Alternate Universe - Modern Setting', 'Autumn', 'Child Abuse', 'Childhood Trauma', 'Coffee', 'Cute Kim Taehyung', 'V', 'Dancer Jeon Jungkook', 'Emotional/Psychological Abuse', 'Eventual Relationships', 'Eventual Romance', 'High School', 'High School Student Kim Taehyung', 'V', ""I'm Bad At Summaries"", 'Idol Jeon Jungkook', 'Implied/Referenced Child Abuse', 'Kim Seokjin', 'Jin is So Done', 'Kim Taehyung', 'V is Good at Feelings', 'Kim Taehyung', 'V is a Dork', 'Kim Taehyung', 'V is a Mess', 'Mentioned Kim Taeyeon (SNSD)', 'My First AO3 Post', 'My First Fanfic', 'My First Work in This Fandom', 'Parent/Child Incest', 'Past Abuse', 'Past Child Abuse', 'Sad Kim Taehyung', 'V', 'Sexual Abuse', 'Singer Jeon Jungkook', 'Some Humor', 'Trainee Kim Taehyung', 'V', 'Winter']","['Abusive Parents', 'Alternate Universe - High School', 'Alternate Universe - Modern Setting', 'Autumn', 'Child Abuse', 'Childhood Trauma', 'Coffee', 'Emotional/Psychological Abuse', 'Eventual Relationships', 'Eventual Romance', 'High School', ""I'm Bad At Summaries"", 'Implied/Referenced Child Abuse', 'Mentioned Kim Taeyeon (SNSD)', 'My First AO3 Post', 'My First Fanfic', 'My First Work in This Fandom', 'Parent/Child Incest', 'Past Abuse', 'Past Child Abuse', 'Sexual Abuse', 'Some Humor', 'Winter']","['Abused Kim Taehyung', 'V', 'Adorable Kim Taehyung', 'V', 'Alternate Universe - Coffee Shops & Cafés', 'Cute Kim Taehyung', 'V', 'High School Student Kim Taehyung', 'V', 'Kim Seokjin', 'Jin is So Done', 'Kim Taehyung', 'V is Good at Feelings', 'Kim Taehyung', 'V is a Dork', 'Kim Taehyung', 'V is a Mess', 'Sad Kim Taehyung', 'V', 'Trainee Kim Taehyung', 'V']","['Abused Kim Taehyung', 'Adorable Kim Taehyung', 'Cute Kim Taehyung', 'Kim Seokjin', 'Kim Taehyung', 'Kim Taehyung', 'Kim Taehyung', 'Sad Kim Taehyung', 'Trainee Kim Taehyung']","['Dancer Jeon Jungkook', 'Idol Jeon Jungkook', 'Singer Jeon Jungkook']"
https://golemlab.eu/graph/40626267,My Sweet Little Pill,Like a drug he draws you in and its hard to give him up once you taste him,2022-07-28,609,Mature,F/M,Completed,3,taehyung,Alternate Universe | Implied Drug Use | No drugs though | Short One Shot | Smut | Unhealthy Relationships,Kim Taehyung | V/Reader,"['Alternate Universe', 'Implied Drug Use', 'No drugs though', 'Short One Shot', 'Smut', 'Unhealthy Relationships']","['Alternate Universe', 'Short One Shot', 'Smut', 'Unhealthy Relationships']","['Implied Drug Use', 'No drugs though']",['Implied Drug Use'],[]
https://golemlab.eu/graph/27650414,softboi ratings,bangtan softboi ratings. guess who's the most softboi (hint: it's joon),2020-11-21,461,Teen And Up Audiences,F/M,Completed,3,taehyung,jus some headcanons,Kim Taehyung | V/Reader,['jus some headcanons'],[],['jus some headcanons'],[],[]
https://golemlab.eu/graph/35634631,Try Not to Laugh,,2021-12-11,1271,General Audiences,F/M,Completed,3,taehyung,,"Kim Taehyung | V/Reader, Kim Taehyung | V/You Series: Quality Time [6]",[],[],[],[],[]
https://golemlab.eu/graph/14537109,4 o'clock,a night spent with taehyung - trespassing. (an excerpt),2018-05-04,1192,General Audiences,F/M,In-Progress,3,taehyung,and then there's an abundance of overdone and somehow too vague descriptors | im not advertising trespassing of train stations oki pls be responsible members of society | pretty pointless but let's just go with it | so taheyung is your partner in petty crime,Kim Taehyung | V/Reader,"[""and then there's an abundance of overdone and somehow too vague descriptors"", 'im not advertising trespassing of train stations oki pls be responsible members of society', ""pretty pointless but let's just go with it"", 'so taheyung is your partner in petty crime']",[],"[""and then there's an abundance of overdone and somehow too vague descriptors"", 'im not advertising trespassing of train stations oki pls be responsible members of society', ""pretty pointless but let's just go with it"", 'so taheyung is your partner in petty crime']",[],[]
https://golemlab.eu/graph/11623911,Sunday Morning,This is disgusting fluff you have been warned,2017-07-27,513,General Audiences,F/M,Completed,3,taehyung,Self-Insert,Kim Taehyung | V/You,['Self-Insert'],['Self-Insert'],[],[],[]
https://golemlab.eu/graph/39710460,Beach Fun,When The guys realised Y/N and Taehyung feel the same way about each other they show Y/N how to win her man.,2022-06-17,1299,Teen And Up Audiences,F/M,Completed,3,taehyung,,Kim Taehyung | V/Reader,[],[],[],[],[]
https://golemlab.eu/graph/38226409,maybe in another life,"after a tragedy, y/n becomes the queen and is left to rule on her own—unaware of the trouble the king ruling just across the dense forest would cause her once he confessed to the murder of her beloved parents. (cross-posted on tumblr under @/lajibolala... with some modifications)",2022-04-07,2279,Mature,F/M,Completed,3,taehyung,Alternate Universe - Royalty | Angst | Character Death | Enemies to Lovers | Friends to Enemies | Hurt No Comfort | I Can't Believe I Wrote This | Implied/Referenced Character Death | Violence | we got some thigh daggers because i say so,Kim Taehyung | V/Reader,"['Alternate Universe - Royalty', 'Angst', 'Character Death', 'Enemies to Lovers', 'Friends to Enemies', 'Hurt No Comfort', ""I Can't Believe I Wrote This"", 'Implied/Referenced Character Death', 'Violence', 'we got some thigh daggers because i say so']","['Alternate Universe - Royalty', 'Angst', 'Character Death', 'Enemies to Lovers', 'Friends to Enemies', 'Hurt No Comfort', ""I Can't Believe I Wrote This"", 'Implied/Referenced Character Death', 'Violence']",['we got some thigh daggers because i say so'],[],[]
https://golemlab.eu/graph/37971163,P.S I love you,"It's a story that has been stuck in my head for a while. I wanna dedicate it to someone, but Won't mention her name. I hope you will enjoy!",2022-03-26,1548,General Audiences,F/M,Completed,3,taehyung,Cute Kim Taehyung | V | Falling In Love | Fluff and Hurt/Comfort | Love Stories | No Sex | No Smut | Romantic Fluff | Short & Sweet,Kim Taehyung | V/Reader,"['Cute Kim Taehyung', 'V', 'Falling In Love', 'Fluff and Hurt/Comfort', 'Love Stories', 'No Sex', 'No Smut', 'Romantic Fluff', 'Short & Sweet']","['Falling In Love', 'Fluff and Hurt/Comfort', 'Love Stories', 'No Sex', 'No Smut', 'Romantic Fluff', 'Short & Sweet']","['Cute Kim Taehyung', 'V']",['Cute Kim Taehyung'],[]
https://golemlab.eu/graph/18731833,Just One Day,This is my first fanfiction. I finally had a courage to post it here after a lot of my friend suggest me to do so. Well... Enjoy it! Please comment and give me critics! Thank you!,2019-05-06,2135,General Audiences,Gen,Completed,3,taehyung,Cute Kim Taehyung | V,Kim Taehyung | V/Reader,"['Cute Kim Taehyung', 'V']",[],"['Cute Kim Taehyung', 'V']",['Cute Kim Taehyung'],[]
https://golemlab.eu/graph/36017452,V-erse,"A poem I wrote inspired by Kim Taehyung and his stage persona: V. ""Green is my new favorite color""-the line is inspired by his mic. Some of the word choice is inspired by the lyrics he sings. I just love him so much. Happy birthday to our loveliest winter bear.",2021-12-28,150,General Audiences,Other,Completed,3,taehyung,Love Poems | Prose Poem,Kim Taehyung | V/Reader,"['Love Poems', 'Prose Poem']","['Love Poems', 'Prose Poem']",[],[],[]
https://golemlab.eu/graph/28900893,Corrupted Secrets || KTH,"Ophidia Tarot's life revolved around gun powder and smell of blood. Her father ran the largest and most prestigious underground buisness. It was said that Jacquard Tarot build his empire from bottom down, but only he himself knew the truth. As the realm reaches beyond the boundaries of mafia control, she has to face some consequences, ones which she really did not sign up for. Kim Taehyung wants his empire back and he will go to no limits to achieve that, even if it means getting to break the daughter of the Tarot family. ..... ""He was a bully and he knew how to get his way. He won't tell me why exactly he has brought me here and what is his initial plan towards me. I need to know everything from why he is lying or if he lying and why is he dragging my family. And most of all, I want to know why for some unknown reason, having him against me turns me on like I've haven't been ever in years---forget that, in my whole life"" ......",2021-01-21,4850,Mature,F/M,In-Progress,3,taehyung,Abduction | Attempted Kidnapping | Betrayal | Brotherly Love | Declarations Of Love | Dysfunctional Family | Explicit Sexual Content | Family Issues | Family Secrets | Forbidden Love | Implied Sexual Content | Jeon Jungkook & Kim Taehyung | V are Best Friends | Killer Jeon Jungkook | Kim Taehyung | V & Park Jimin are Best Friends | Kim Taehyung | V is Bad at Feelings | Love/Hate | Mafia Bangtan Boys | BTS | Mild Sexual Content | Partner Betrayal | Stranger Sex | Unrequited Love | Unresolved Sexual Tension,"Kim Taehyung | V/Reader, Kim Tehyung","['Abduction', 'Attempted Kidnapping', 'Betrayal', 'Brotherly Love', 'Declarations Of Love', 'Dysfunctional Family', 'Explicit Sexual Content', 'Family Issues', 'Family Secrets', 'Forbidden Love', 'Implied Sexual Content', 'Jeon Jungkook & Kim Taehyung', 'V are Best Friends', 'Killer Jeon Jungkook', 'Kim Taehyung', 'V & Park Jimin are Best Friends', 'Kim Taehyung', 'V is Bad at Feelings', 'Love/Hate', 'Mafia Bangtan Boys', 'BTS', 'Mild Sexual Content', 'Partner Betrayal', 'Stranger Sex', 'Unrequited Love', 'Unresolved Sexual Tension']","['Abduction', 'Attempted Kidnapping', 'Betrayal', 'Brotherly Love', 'Declarations Of Love', 'Dysfunctional Family', 'Explicit Sexual Content', 'Family Issues', 'Family Secrets', 'Forbidden Love', 'Implied Sexual Content', 'Love/Hate', 'Mild Sexual Content', 'Partner Betrayal', 'Stranger Sex', 'Unrequited Love', 'Unresolved Sexual Tension']","['Jeon Jungkook & Kim Taehyung', 'V are Best Friends', 'Kim Taehyung', 'V & Park Jimin are Best Friends', 'Kim Taehyung', 'V is Bad at Feelings', 'Mafia Bangtan Boys', 'BTS']","['Jeon Jungkook & Kim Taehyung', 'Kim Taehyung', 'Kim Taehyung', 'Mafia Bangtan Boys']",['Killer Jeon Jungkook']
https://golemlab.eu/graph/29144514,English Love Affair,"'To the girl in the black outfit that dress looks good on you, but I bet that it'll look better with it off, on my floor while your thighs are laying on my shoulders- the gentleman in the white.' Started- 9/25 Edited?🚫 Finished?🚫 ©️UghAlyx Contains, Smut, Arguments, drinking, and heartbreak.",2021-02-02,4197,Explicit,F/F,In-Progress,3,taehyung,Affairs | Enemies With Benefits | Hook-Up | Mafia Bangtan Boys | BTS | Unplanned Pregnancy,Kim Taehyung | V/Reader,"['Affairs', 'Enemies With Benefits', 'Hook-Up', 'Mafia Bangtan Boys', 'BTS', 'Unplanned Pregnancy']","['Affairs', 'Hook-Up', 'Unplanned Pregnancy']","['Enemies With Benefits', 'Mafia Bangtan Boys', 'BTS']","['Enemies With Benefits', 'Mafia Bangtan Boys']",[]
https://golemlab.eu/graph/33605977,New Years,maybe i’ll add a happy alternative ending idk (imagine jhope with blue eyes),2021-08-31,5124,General Audiences,F/M,Completed,2,taehyung,Carnival | Fanfic | Festival | Fireworks | Sad,"Kim Taehyung | V/Reader, Tae/Y/n, V/Reader","['Carnival', 'Fanfic', 'Festival', 'Fireworks', 'Sad']","['Carnival', 'Fireworks', 'Sad']","['Fanfic', 'Festival']","['Fanfic', 'Festival']",[]
https://golemlab.eu/graph/40578792,"Awaken, My Heart","Adapted from Grimm's Fairy Tales, ""Sleeping Beauty In the Woods"" This is Reader X Kim Taehyung.",2022-07-26,3882,General Audiences,F/M,Completed,2,taehyung,Fairy Tale Retellings,Kim Taehyung | V/Reader Series: BTS Prince Series: Be My Fairy Tale [1],['Fairy Tale Retellings'],['Fairy Tale Retellings'],[],[],[]
https://golemlab.eu/graph/32175724,thinly veiled desires: leashed | a kth drabble,,2021-06-25,799,Explicit,Gen,Completed,2,taehyung,Aftercare | Blindfolds | Choking | Collars | Master/Pet | Safewords | handjob,"Kim Taehyung | V/Reader, Kim Taehyung | V/You","['Aftercare', 'Blindfolds', 'Choking', 'Collars', 'Master/Pet', 'Safewords', 'handjob']","['Aftercare', 'Blindfolds', 'Choking', 'Collars', 'Master/Pet', 'Safewords']",['handjob'],[],[]
https://golemlab.eu/graph/32602603,Working Mr.Kim,Sex with your boss Mr Kim,2021-07-15,756,Explicit,F/M,Completed,2,taehyung,Blow Jobs | Condoms | Consensual Sex | Dom/sub | Drabble | Drabble Collection | Fingerfucking | I'm Bad At Tagging | Oral Sex | Other Additional Tags to Be Added | Sex | Slut Shaming | Smut | Top Kim Taehyung | V | Vaginal Fingering,Kim Taehyung | V/Reader,"['Blow Jobs', 'Condoms', 'Consensual Sex', 'Dom/sub', 'Drabble', 'Drabble Collection', 'Fingerfucking', ""I'm Bad At Tagging"", 'Oral Sex', 'Other Additional Tags to Be Added', 'Sex', 'Slut Shaming', 'Smut', 'Top Kim Taehyung', 'V', 'Vaginal Fingering']","['Blow Jobs', 'Condoms', 'Consensual Sex', 'Dom/sub', 'Drabble', 'Drabble Collection', 'Fingerfucking', ""I'm Bad At Tagging"", 'Oral Sex', 'Other Additional Tags to Be Added', 'Sex', 'Slut Shaming', 'Smut', 'Vaginal Fingering']","['Top Kim Taehyung', 'V']",['Top Kim Taehyung'],[]
https://golemlab.eu/graph/20975234,D-1 [SEDUCTION],Actually I wrote the day 8 drabble first but I want to post it in the correct order of story. I wrote those two as one story in reverse order while I was drunk and very sleepy. But I'm too lazy to change anything since I've been thinking of making a one shot from these two drabbles. So yeah. Enjoy xx,2019-10-10,100,Teen And Up Audiences,F/M,Completed,2,taehyung,Drunken Flirting,Kim Taehyung | V/Reader Series: Kinktober Drabbles 2019 [2],['Drunken Flirting'],['Drunken Flirting'],[],[],[]
https://golemlab.eu/graph/14211342,Paper Planes,"I throw paper planes because to me it reminds me of freedom as well as when a paper plane flies through the air it creates a path or a route and lands wherever. I wanted my freedom away from this pain, I wanted to be free from this illness. So I created a path while I still can and had my way of life. I wanted to go on an adventure and see where life takes me. But to my dismay, it looks like my flight is about to end.",2016-03-22,1213,Teen And Up Audiences,F/M,Completed,2,taehyung,Hurt Kim Taehyung | V | bts - Freeform | kpop,Kim Taehyung | V/Reader,"['Hurt Kim Taehyung', 'V', 'bts - Freeform', 'kpop']",[],"['Hurt Kim Taehyung', 'V', 'bts - Freeform', 'kpop']",['Hurt Kim Taehyung'],[]
https://golemlab.eu/graph/35005576,Help Me || K.TH FF,"Moon Y/n, an abused girl, bruises and wounds covering her delicate pale skin body. One day, while running away she falls in the arms of worldwide famous Kpop Idol Kim Taehyung aka V of BTS. ""Please Help Me..."" She said as she was groaning in immense pain. What will Taehyung do? Will he help her? [Contains strong words and disturbing content. Reader's discretion is advised strictly.] ©CalmRaven All rights reserved [If I find a copy of my works in your published list, see my inner demon come out and give you a ticket to hell.]",2021-11-08,11365,Mature,F/M,In-Progress,2,taehyung,,Kim Taehyung | V/Reader Series: Help Me || K.TH FF [1],[],[],[],[],[]
https://golemlab.eu/graph/37714231,Can't help falling in love with you,From physical love to forever love- seems rare but not impossible. That's what Y/N will experience with this story.,2022-03-13,3583,Explicit,F/M,Completed,2,taehyung,Dom Kim Taehyung | V | Falling In Love | Fluff and Smut | From Sex to Love | Oral Sex | Original Character(s) | Rough Sex | Shameless Smut | Short & Sweet | Swearing,Kim Taehyung | V/You,"['Dom Kim Taehyung', 'V', 'Falling In Love', 'Fluff and Smut', 'From Sex to Love', 'Oral Sex', 'Original Character(s)', 'Rough Sex', 'Shameless Smut', 'Short & Sweet', 'Swearing']","['Falling In Love', 'Fluff and Smut', 'From Sex to Love', 'Oral Sex', 'Original Character(s)', 'Rough Sex', 'Shameless Smut', 'Short & Sweet', 'Swearing']","['Dom Kim Taehyung', 'V']",['Dom Kim Taehyung'],[]
https://golemlab.eu/graph/26863420,What Planet Are You From?,"What do you do when you find out your twin brother has committed suicide?  Do you find out why or just let it go?  Let’s see what Tae will do when his twin, JK, kills himself.",2020-10-06,1158,Teen And Up Audiences,F/M,Completed,2,taehyung,Implied/Referenced Suicide | Implied/Referenced Torture | Murder,Kim Taehyung | V/Reader,"['Implied/Referenced Suicide', 'Implied/Referenced Torture', 'Murder']","['Implied/Referenced Suicide', 'Implied/Referenced Torture', 'Murder']",[],[],[]
https://golemlab.eu/graph/11878002,|| SHAPE OF YOU ||,"Dear Diary, Today I want to share with you the feelings I have for him. The boy who changed my life. KIM TAEHYUNG. I've been wanting to say this to him for long but I just couldn't say it. I really don't want to ruin the beautiful friendship that we cherish so much. So, I'll just write to you as if I'm writing to him. Ok, so here goes. . . . . . . . . You have truly changed my life in ways you will never understand. Everything was going wrong in my life until the day I made you. You have made and always make everything in my life better. You make my heart skip a beat from your cute morning greets in the hallway to those adorable nicknames you come up for me. You are my world. I've honestly fallen deeply in love with you and I am really afraid to say it. We have been through thick and thin and we are still going strong. I can't imagine my life without you by my side. I love you so much I can't even explain it! Forever and ever baby. I wish you were here with me now, TaeTae. Lovingly, Sophia :)",2017-08-22,2556,Teen And Up Audiences,F/M,Completed,2,taehyung,,Kim Taehyung | V/Reader,[],[],[],[],[]
https://golemlab.eu/graph/39448092,An adventurous evening (two-shot),When there is absolutely nothing interesting going on in your life and suddenly one evening changes everything.....,2022-06-05,1816,General Audiences,F/M,Completed,2,taehyung,,Kim Taehyung | V/Reader,[],[],[],[],[]
https://golemlab.eu/graph/35426143,A beautiful morning || K.TH,Watch how Taehyung wakes you up for the day,2021-11-30,100,General Audiences,F/M,Completed,2,taehyung,Cute Kim Taehyung | V | Domestic Fluff | Fluff,"Kim Taehyung | V/Reader, Kim Taehyung | V/You, Kim taehyung x female reader Series: BTS Writeups [1]","['Cute Kim Taehyung', 'V', 'Domestic Fluff', 'Fluff']","['Domestic Fluff', 'Fluff']","['Cute Kim Taehyung', 'V']",['Cute Kim Taehyung'],[]
https://golemlab.eu/graph/37724284,IRRESPONSIBLE,"Taehyung and you have been best friends for a while. Considering you both have shitty parents, you move in together.",2022-03-14,4060,Mature,F/M,Completed,1,taehyung,Fanfiction Reader Kim Taehyung | V | Smut,Kim Taehyung | V/Reader,"['Fanfiction Reader Kim Taehyung', 'V', 'Smut']",['Smut'],"['Fanfiction Reader Kim Taehyung', 'V']",['Fanfiction Reader Kim Taehyung'],[]
https://golemlab.eu/graph/15212549,Loneliness,You and Taehyung have been dating for a while now. Suddenly something changes between you and him and you´re left alone. Pretty much angst but the story still has some fluff in it. I´m not a native English speaker so there will be some grammar mistakes.,2018-07-08,1042,General Audiences,F/M,Completed,1,taehyung,Alcohol | Angst | Fluff | Oneshot,Kim Taehyung | V/Reader,"['Alcohol', 'Angst', 'Fluff', 'Oneshot']","['Alcohol', 'Angst', 'Fluff']",['Oneshot'],['Oneshot'],[]
https://golemlab.eu/graph/33606673,"As long as I'm Here As I Am, So Are You",Nothing but depression and bitter sweetness. enjoy :),2021-08-31,1551,Mature,Other,In-Progress,1,taehyung,Bittersweet Ending | Enjoy:) | I will pay for yall's therapy | I would like formerly apologize to Kim taehyung for this fic | I wrote this in my boring ass class and I 1000/10 totally recommend | I'm Sorry Kim Taehyung | V | I'm depressed after writing this | No... I'm not Satan | Ouch | Song: In Case You Don't Live Forever (Ben Platt) | This is Depression | You will need therapy | also the reader is they/them | and yet i still drink coffee | death is within this fic | i'm getting therapy | im sorry for the trauma that is this fanfic | making people cry is my job | nothing us sweeter than making other people cry | this is like the Titanic... there's a lot of screaming | this story is bittersweet just like my coffee,Kim Taehyung | V/Reader,"['Bittersweet Ending', 'Enjoy:)', ""I will pay for yall's therapy"", 'I would like formerly apologize to Kim taehyung for this fic', 'I wrote this in my boring ass class and I 1000/10 totally recommend', ""I'm Sorry Kim Taehyung"", 'V', ""I'm depressed after writing this"", ""No... I'm not Satan"", 'Ouch', ""Song: In Case You Don't Live Forever (Ben Platt)"", 'This is Depression', 'You will need therapy', 'also the reader is they/them', 'and yet i still drink coffee', 'death is within this fic', ""i'm getting therapy"", 'im sorry for the trauma that is this fanfic', 'making people cry is my job', 'nothing us sweeter than making other people cry', ""this is like the Titanic... there's a lot of screaming"", 'this story is bittersweet just like my coffee']","['Bittersweet Ending', 'Ouch']","['Enjoy:)', ""I will pay for yall's therapy"", 'I would like formerly apologize to Kim taehyung for this fic', 'I wrote this in my boring ass class and I 1000/10 totally recommend', ""I'm Sorry Kim Taehyung"", 'V', ""I'm depressed after writing this"", ""No... I'm not Satan"", ""Song: In Case You Don't Live Forever (Ben Platt)"", 'This is Depression', 'You will need therapy', 'also the reader is they/them', 'and yet i still drink coffee', 'death is within this fic', ""i'm getting therapy"", 'im sorry for the trauma that is this fanfic', 'making people cry is my job', 'nothing us sweeter than making other people cry', ""this is like the Titanic... there's a lot of screaming"", 'this story is bittersweet just like my coffee']",['Enjoy:)'],[]
https://golemlab.eu/graph/23841970,Not so Average Arrangement,A story about an arranged marriage that was not the parents' idea but they wanted it as much as the groom did and you did too but didn't know it,2020-04-25,1508,Teen And Up Audiences,F/M,In-Progress,1,taehyung,Arranged Marriage | Cute,Kim Taehyung | V/Reader,"['Arranged Marriage', 'Cute']","['Arranged Marriage', 'Cute']",[],[],[]
https://golemlab.eu/graph/34275169,i just wanna be happier,"this is a y/n fic where reader is crying about their life and v comforts them . just a rant, but v is so adorable and a sweetheart and knows how to comfort so so well . i am jealous of reader for having such a good bff lol. enjoy, and leave a kudos/ comment on what you thought ! (please read all tags)",2021-10-04,852,General Audiences,F/M,Completed,1,taehyung,BFFs | Emotional | Emotional Hurt/Comfort | Hurt/Comfort | Loneliness | Platonic Female/Male Relationships | Platonic Relationships | References to Depression | Suicidal Thoughts | but v comforts you | reader crying and comforted by kim taehyung,Kim Taehyung | V/You,"['BFFs', 'Emotional', 'Emotional Hurt/Comfort', 'Hurt/Comfort', 'Loneliness', 'Platonic Female/Male Relationships', 'Platonic Relationships', 'References to Depression', 'Suicidal Thoughts', 'but v comforts you', 'reader crying and comforted by kim taehyung']","['BFFs', 'Emotional', 'Emotional Hurt/Comfort', 'Hurt/Comfort', 'Loneliness', 'Platonic Female/Male Relationships', 'Platonic Relationships', 'References to Depression', 'Suicidal Thoughts']","['but v comforts you', 'reader crying and comforted by kim taehyung']",[],[]
https://golemlab.eu/graph/41002002,In the flames,Your name a lively school girl dies at her school. People said it's suicide but it was hard to believe. Taehyung another school boy who met your name few days ago in library wanted to know the truth about your name's death. Meanwhile he got some candles and found out that he can time travel with the help of them. While investigating he found that there are more students of your name's school dying. He decided to reveal the truth and save them.,2022-08-13,1792,General Audiences,Gen,Completed,1,taehyung,Alternate Universe - Time Travel | Attempted Murder | Candles | Fate Reader Kim Taehyung | V (BTS 2022 Season's Greetings) | Inspired by Bangtan Boys | BTS | Mentioned Bangtan Boys | BTS Ensemble | Murder Mystery | Murder-Suicide | Protective Bangtan Boys | BTS | Time Travel | Time Travel Fix-It,"Kim Taehyung | V/Reader, Other Relationship Tags to Be Added","['Alternate Universe - Time Travel', 'Attempted Murder', 'Candles', 'Fate Reader Kim Taehyung', ""V (BTS 2022 Season's Greetings)"", 'Inspired by Bangtan Boys', 'BTS', 'Mentioned Bangtan Boys', 'BTS Ensemble', 'Murder Mystery', 'Murder-Suicide', 'Protective Bangtan Boys', 'BTS', 'Time Travel', 'Time Travel Fix-It']","['Alternate Universe - Time Travel', 'Attempted Murder', 'Candles', 'Murder Mystery', 'Murder-Suicide', 'Time Travel', 'Time Travel Fix-It']","['Fate Reader Kim Taehyung', ""V (BTS 2022 Season's Greetings)"", 'Inspired by Bangtan Boys', 'BTS', 'Mentioned Bangtan Boys', 'BTS Ensemble', 'Protective Bangtan Boys', 'BTS']","['Fate Reader Kim Taehyung', 'Mentioned Bangtan Boys', 'BTS Ensemble', 'Protective Bangtan Boys']",[]
