s,kudos,title,summary,datePublished,words,rating,romanticCategory,publicationStatus,keyword,relationship,member,members_found
https://golemlab.eu/graph/10952706,2060,Don't talk to the neighbours,"BTS are forced to relocate where they live as fans find out their old address, so a rule is set for their next home, so that their location can keep a secret- ""Don't talk to the neighbours"" Luckily (or unluckily) the next door neighbour is cute, and she cant talk. So... Min Yoongi isn't necessarily breaking the rules. _ Lowkey soulmate au",2017-05-20,48348,Not Rated,F/M,Completed,Angst | Deaf Character | Disability | Fluff and Angst | Muteness | Neighbors | Reader-Insert | Soulmates | bts neighbors | bts neighbours | deaf character bts,Min Yoongi | Suga/Reader,yoongi,{'yoongi'}
https://golemlab.eu/graph/17714183,1678,Owner Training,A stray hybrid has claimed you and you're not quite sure who the owner is here. (AKA The one where Yoongi breaks into your house and says he lives there now),2019-02-09,23157,Explicit,F/M,Completed,Alternate Universe - Hybrid | Cat Hybrid Min Yoongi | Suga | Cat/Human Hybrids | Dog Hybrid Kim Taehyung | V | Fluff | Hybrid Min Yoongi | Suga | Hybrids | Implied though - Freeform | Min Yoongi | Suga Is a Little Shit | Min Yoongi | Suga Needs a Hug | Now with smut! | One Shot Collection | Recreational Drug Use | Sassy Min Yoongi | Suga | Unprotected Sex | Yoongi goes into heat | Yoongi's just on the nip | impreg kink | side vmin - Freeform,Min Yoongi | Suga/Reader Series: How To Train Your Owner [1],yoongi,{'yoongi'}
https://golemlab.eu/graph/11689875,1237,First Words,Everyone has a tattoo on their wrist of the first words their soulmate will say to them. But what happens when one person in the relationship is mute? Based on a tumblr prompt.,2017-08-03,33271,General Audiences,F/M,Completed,Alternate Universe - Soulmates | Cute Min Yoongi | Suga | Depressed Min Yoongi | Suga | Feels | Grumpy Min Yoongi | Suga | I Tried | Reader-Insert | Soulmate-Identifying Marks | Soulmates,"Min Yoongi | Suga/Reader, Min Yoongi | Suga/You",yoongi,{'yoongi'}
https://golemlab.eu/graph/15575943,886,Protection Squad,A kind woman offers you a place of work at the animal shelter she owns and one of the animals seems to take a strong liking to you. You thought Suga was just like any other cat you happened to meet in therapy. You realise how wrong you were when he reveals his true self to you in order to do everything he can to prevent anything hurting you ever again.,2018-08-05,42319,Mature,F/M,Completed,Bird Hybrid Jeon Jungkook | Bird Hybrid Park Jimin | Cat Hybrid Min Yoongi | Suga | Dog Hybrid Jung Hoseok | J-Hope | Dog hybrid kim namjoon | Fennec Fox Hybrid Kim Taehyung | Hedgehog Hybrid Kim Seokjin | Hybrid AU | Hybrid Jeon Jungkook | Hybrid Jung Hoseok | J-Hope | Hybrid Kim Seokjin | Jin | Hybrid Kim Taehyung | V | Hybrid Min Yoongi | Suga | Hybrid Park Jimin | Hyrbid Kim Namjoon | Jeon Jungkook Bird Shapeshifter | Jeon Jungkook Shapeshifter | Jung Hoseok Dog Shapeshifter | Jung Hoseok Shapeshifter | Kim Namjoon Dog Shapeshifter | Kim Namjoon Shapeshifter | Kim Seokjin Hedgehog Shapeshifter | Kim Seokjin Shapeshifter | Kim Taehyung Fennec Fox Shapeshifter | Kim Taehyung Shapeshifter | Magic AU | Mental Health Themes | Min Yoongi cat shapeshifter | Min Yoongi shapeshifter | Park Jimin Bird Shapeshifter | Park Jimin Shapeshifter | Soulmate AU | Strong depression/anxiety themes | Suicide Attempt | possible triggers | shapeshifter AU | soulmate | warnings in notes,"Min Yoongi | Suga/Reader, Or is it? :)) Series: Protection Squad [1]",yoongi,{'yoongi'}
https://golemlab.eu/graph/13182267,870,Bet I Can Satisfy You,"“That one hurt, huh?” you hear Yoongi’s voice say nonchalantly from behind. He sounds terribly far above you and for the first time you realize with shameful clarity how pathetic you must look right now--willingly face down on the floor, stripped to your girlish undergarments while Min Yoongi canes your ass. “What number are you on?” he prompts. For a second you fear that you forgot already, but thankfully it comes back. “Seven, sir.” “Good girl.” Schwack! ************************ Multi-chapter explicit Dominant Yoongi x Masochist Reader to fill the prompt: ""Reader is a hard pain slut who has never been satisfied by bdsm scenes with previous partners. Now in a loving relationship with Yoongi, they decide to start trying kinky shit. Yoongi is determined to satisfy his girl's needs by any means necessary.""",2017-12-28,19928,Explicit,F/M,Completed,Aftercare | Anal Fingering | Anal Play | Begging | Blackmail | Blow Jobs | Bondage | Breathplay | Caning | Consensual Kink | Cumming without permission | Deepthroating | Degradation | Dominance | Double Penetration | Duct Tape | Edgeplay | Established Relationship | Face Slapping | Give the 2nd person POV a chance guys | Heavy BDSM | Hurt/Comfort | Masochism | Masochistic!Reader | Multiple Orgasms | Oral Sex | Painplay | Plot What Plot/Porn Without Plot | Punishment | Rough Sex | Sex Toys | Slut Shaming | Spanking | Subspace | Three Holes Filled | Top Min Yoongi | Suga | Verbal Humiliation | Vibrators | Whipping | Yoongi is an A+ Dom | authentic bdsm | dominant yoongi | not using a condom | post sex snuggles | sadistic!minyoongi | safe words,Min Yoongi | Suga/Reader Series: fics about working through hardcore kinks [1],yoongi,{'yoongi'}
https://golemlab.eu/graph/7100920,809,Intoxicating,"REQUEST: “Could you maybe do one where you do something stupid, like put yourself at risk or something, and he scolds you, and you fight, and it can either end in cuteness or smut, or both?”",2016-06-05,6547,Teen And Up Audiences,F/M,Completed,Clubbing | Drunk Texting | Implied Sexual Content | Request Meme | Roommates | Sexual Tension,Min Yoongi | Suga/Reader,yoongi,{'yoongi'}
https://golemlab.eu/graph/31682261,803,mono/stereo,You've got big plans for your career in the music industry - and the confidence to follow-through on them. You leap at the chance to flex your abilities and pursue your ideals as a producer with a major label. It's kind of a dream come true - *except* for the co-worker/producer/idol you keep butting heads with.,2021-06-02,163787,Explicit,F/M,In-Progress,Angst | Come Swallowing | Dirty Talk | Enemies to Lovers | Eventual Romance | Eventual Smut | Explicit Language | Explicit Sexual Content | Foreplay | Hand Jobs | OT7 | Oral Sex | Producer Reader | Sex | Slow Burn | Smut | Vaginal Fingering | Vaginal Sex,Min Yoongi | Suga/Reader,yoongi,{'yoongi'}
https://golemlab.eu/graph/8565991,793,Safety Pin,"With a reputation like Yoongi's, it is hard to build any kind of relationship with any kind of person. Until one person changes the way the world perceives him.",2016-11-15,37965,Mature,F/M,Completed,Alternate Universe | Angst | Bad Boy Yoongi | Blood | Eventual Smut | Fluff | Fluff and Angst | Gang Violence | Gangs | Hurt/Comfort | Slow Burn | Smut | Violence,Min Yoongi | Suga/Reader,yoongi,{'yoongi'}
https://golemlab.eu/graph/11919060,692,Written in the stars // Min Yoongi x Reader,"You meet your soulmate on a gloomy day, and contrary to his resting bitch face he turns out to be the bubbling light of your life.",2017-08-27,4555,General Audiences,F/M,Completed,Alternate Universe - Soulmates | Comedy | Fluff | Romance | Romantic Comedy | Romantic Soulmates | Soulmate-Identifying Marks | Soulmates,"Min Yoongi | Suga/Reader, Min Yoongi | Suga/You",yoongi,{'yoongi'}
https://golemlab.eu/graph/13647444,670,wine.,He makes staying after-hours absolutely worthwhile. Yoongi x Reader,2018-02-11,26011,Explicit,F/M,Completed,Alternate Universe - Restaurant | Bartender Min Yoongi | Suga | Dirty Talk | Sexting | Sexual Tension | Smut | dom!yoongi is a mood | i might have a bartender!yoongi kink tbh | i'm not even sorry | this is self-indulgent filth,Min Yoongi | Suga/Reader,yoongi,{'yoongi'}
https://golemlab.eu/graph/14312373,650,The Librarian,Yoongi is a librarian. You are a Ph.D candidate who spends a lot of time in the library. And you can't stop thinking about him.,2018-04-14,6642,Explicit,F/M,Completed,Angst | Eventual Happy Ending | Eventual Smut | Librarian Min Yoongi | Masturbation | Oral Sex | Porn With Plot | Semi-Public Sex | Sex | Smut | Vaginal Fingering,Min Yoongi | Suga/Reader,yoongi,{'yoongi'}
https://golemlab.eu/graph/13106940,631,Listen Closely,"Unintentionally, you stumble upon something that makes you view your coworker Min Yoongi in a whole new light.",2017-12-23,12228,Explicit,F/M,Completed,Breathplay | Exhibitionism | Masturbation | Originally Posted on Tumblr | Spanking | Voyeurism | degrading names,Min Yoongi | Suga/Reader,yoongi,{'yoongi'}
https://golemlab.eu/graph/18851146,623,Please Be Naked,"Recently heartbroken, it feels like you’ll never be able to get over it. But a chance encounter with a guy you haven’t seen in months changes everything…",2019-05-16,61143,Explicit,F/M,Completed,Angst | Fluff | Hand Jobs | Happy Ending | Heartbreak | Hoseok the soundcloud rapper lol | Oral Sex | Overstimulation | POV Second Person | Pull Out Method | Rebound au | Romance | Sappiness | Slight Namjoon/Reader | Smut | Squirting | Unrequited Love | Vaginal Fingering | Vaginal Sex | argument | fuck buddies | small fight scene,"Min Yoongi | Suga/Reader, Min Yoongi | Suga/You",yoongi,{'yoongi'}
https://golemlab.eu/graph/14575680,594,Cornfields,"Yoongi is an alien that crash landed onto the dying planet, Earth. He finds a pretty weird person there too. He also may have ruined a cornfield in the process.",2018-05-08,20317,Explicit,F/M,Completed,How is this legal? | Impregnation | Pretty hot tbh | Smut | Yoongi as an alien | bts - Freeform | like holy shit | yoongi smut,Min Yoongi | Suga/Reader,yoongi,{'yoongi'}
https://golemlab.eu/graph/16861426,578,Exitus Acta Probat,“All you need to know is that my name is Yoongi and you’re mine now.” Mafia!Yoongi au,2018-12-05,7269,Explicit,F/M,Completed,Breathplay | Come Eating | Creampie | Dirty Talk | Dominant Behavior | Drama | Dubious Consent | Guns | Hand Jobs | Kidnapping | Manipulation | Mentions of drugs | Minor Violence | Non-Linear Narrative | Oral Sex | Possessive Behavior | Praise Kink | Smut | Thriller | Unprotected Sex | Vaginal Fingering | Vaginal Sex | mafia!yoongi | mafia!yoongi au,Min Yoongi | Suga/Reader,yoongi,{'yoongi'}
https://golemlab.eu/graph/13484916,570,Angel Eyes || Min Yoongi Smut,"There's this thing Yoongi does when the stress gets to him, when it all becomes too much and he needs to let go. That's where you come in.",2018-01-26,6217,Explicit,F/M,Completed,Aftercare | Dirty Talk | Dom Female Character | Feminization | Mild Hurt/Comfort | Mommy Kink | Nipple Play | Pet Names | Riding | Sub Min Yoongi | Suga | Submissive Male Character | Vaginal Sex | baby boy yoongi | only slightly though | thigh riding,"Min Yoongi | Suga/Reader, Min Yoongi | Suga/You",yoongi,{'yoongi'}
https://golemlab.eu/graph/7100440,538,A Hot Shower,You miss your boyfriend very much.,2016-06-05,5102,Explicit,F/M,Completed,Dom/sub Undertones | Masturbation | Masturbation in Shower | Reader-Insert | Reunited and It Feels So Good | Shower Sex,Min Yoongi | Suga/Reader,yoongi,{'yoongi'}
https://golemlab.eu/graph/6065986,534,The Orange Girl,"The story of a big time Mafia boss, and a girl who has spent the past three years of her life locked up behind bars and between walls of cement, holding secrets that he has been dying to know.",2016-02-20,40379,Mature,Multi,Completed,Alternate Universe | Alternate Universe - Dark | Alternate Universe - Gangsters | Gang Violence | Gangsters | Gun Violence | Sugascript | Sugasmut | The Orange Girl | mafia,Min Yoongi | Suga/Reader,yoongi,{'yoongi'}
https://golemlab.eu/graph/11998596,526,cat nap (and a hint of cat nip),"Clean sheets, check. Pillows fluffed, check. Scented candle extinguished? Not check, shit. You shuffled quickly over to your bedside table and blew out the tiny flame, breathing in the smell of evergreen and sandalwood before waving away the small curls of smoke that rose from the wicks. You then surveyed the room for any more pre-customer checklist items, but the apartment looked spick and span. You’d chosen a mellow color scheme for your walls and furniture after leaving on-campus housing--a blend of soft gray, white, and sage green-- and you’d already received several assurances from regulars that the space felt as calm and cozy as the last. Even better than the old one. You hoped so, because your newest customer would be arriving any minute and the answers he’d given in the profile suggested he’d been be a high-maintence one.",2017-09-04,8062,Teen And Up Audiences,F/M,Completed,Alternate Universe | Hybrids | Shifter AU | cat!Yoongi | professional cuddler au,Min Yoongi | Suga/Reader,yoongi,{'yoongi'}
https://golemlab.eu/graph/6575284,521,Basketballs and Delicate Flowers,Everyone on Earth has a soulmate. You'll know your soulmate by the tattoo that appears on your forearm after they speak to you the first time. That tattoo will forever memorialize the first sentence they ever spoke to you.,2016-04-17,525,General Audiences,F/M,Completed,Alternate Universe - Soulmates | Basketball Yoongi | Jimin is barely there | Sassy Reader | Soulmate-Identifying Marks,Min Yoongi | Suga/Reader Series: First Words-Soulmates [2],yoongi,{'yoongi'}
https://golemlab.eu/graph/23567080,517,Let's Play (Min Yoongi Fanfic),"I had been a professional adult entertainer for years, and over the past couple, my agency had also dabbled with the darker side of adult entertainment.  Thankfully I had avoided that side of it, but when they approached me with a contract that breached that side, one that offered more money than I would make in a year, it piqued my interest.  After reading the terms, and that it wasn't with one individual, but with seven, the darker side of me became even more intrigued and wondered who the mastermind behind this contract was.  What I didn't expect, was how these seven individuals would change me forever. Yes, this one will contain TONS of smut and will be full of adult content.  This is one of those kinds of fanfics lol. It will be an ot7 at first but the main character will wind up with Yoongi, just FYI. *Note: Just because this fanfic will have elements of bondage, it is NOTHING like 50 shades! I was forced to watch those horrible movies one time and they are a TERRIBLE representation of the lifestyle.  So please refrain from commenting anything to do with that dreadful series. To be honest, they were so forgettable and awful that I don't remember really anything about them except general events. Thanks",2020-04-09,120674,Explicit,F/M,In-Progress,Anal Sex | BDSM | Bondage | Comeplay | Dom/sub | Exhibitionism | Kinks | OT7 | Oral Sex | Pegging | Rough Sex | Sex Toys | Slow Burn | Smut | Subspace,Min Yoongi | Suga/Reader,yoongi,{'yoongi'}
https://golemlab.eu/graph/10900614,513,Personal Assistant,"Rationally, he knows you are you and he is him and you are simply, for some reason, in his office. Less rationally, all the colours in the room seem to turn brighter, more vibrant and beautiful when he sees you — an angel in heels and a pretty skirt and cardigan, picnic sack in hand. But he has no clue why you're here.",2017-05-14,5843,Teen And Up Audiences,F/M,Completed,Alternate Universe - Arranged Marriage | Awkward Romance | Blind Date | CEO Min Yoongi | Suga | Lunch | Office,Min Yoongi | Suga/Reader Series: CEO!Yoongi [7],yoongi,{'yoongi'}
https://golemlab.eu/graph/15480084,487,Eye See You,"Soulmate AU! Yoongi Your eyes take on the same color as your soulmate's hair, and your friend has noticed your most recent eye color kind of matches BTS's Yoongi's hair... scheming time?",2018-07-29,3609,Teen And Up Audiences,F/M,Completed,AU | Fluff | Reader Insert | Soulmate AU | Tiny bit of Angst | bts - Freeform | genderless reader | soulmate | suga - Freeform,Min Yoongi | Suga/Reader Series: Soulmate!AU [1],yoongi,{'yoongi'}
https://golemlab.eu/graph/25814407,483,Today I Decided,"When you organize a fundraising concert featuring BTS, you expect nothing more than a brief, professional interaction with the boys of Bangtan.  But what happens when you just can't get one of them out of your head?  Do you dare try to date an idol?",2020-08-10,135988,Mature,F/M,Completed,Alternate Universe | Flirty Park Jimin (BTS) | Fluff | Humor | Light Angst | Sex | Smut | Tooth-Rotting Fluff,Min Yoongi | Suga/Reader,yoongi,{'yoongi'}
https://golemlab.eu/graph/15346053,457,Vanilla Ice Cream,You always kept Vanilla Ice Cream in you freezer just in case you got a little too hot...,2018-07-19,5390,Explicit,F/M,Completed,Hybrid bts | Smut | Yoongi X Hybrid | heat - Freeform | hybrid smut,Min Yoongi | Suga/Reader,yoongi,{'yoongi'}
https://golemlab.eu/graph/18297710,456,Volume,"After six amazing months of dating, things simply couldn’t be better with Yoongi. Even with all the ups and downs that can oftentimes come with a relationship, there hardly seemed to be a single thing you’d readily change about him or being with him and the sentiment appears to be very much mirrored by your significant other. However, you’ve always been very quiet in bed and while Yoongi has never made any complaint about it, his roommates appear all too keen to use your general lack of noise behind closed doors to tease your more than proficient lover about his supposed lack of prowess. No, Yoongi has never minded that you’re more the type to whimper and sigh than moan and scream. But, as a man who takes great joy in treating his girl right, Yoongi becomes determined to prove his friends wrong.",2019-03-31,16446,Explicit,F/M,Completed,Cunnilingus | Dirty Talk | Fluff and Smut | Multiple Orgasms | Sexting | Squirting | Vaginal Fingering | Vaginal Sex | tae and jimin are little shits but still wholly lovable | thigh fucking | well slight sexting anyway | yoongi is secretly but not so secretly soft,Min Yoongi | Suga/Reader Series: Volume Series [1],yoongi,{'yoongi'}
https://golemlab.eu/graph/16525292,448,Little Prince,"A little black cat was the best present you could have hoped to come into your life before the holidays. You didn't know his past, you only knew the present moment, with him curled up in your arms, that everything was alright. Or so you think.",2018-11-05,10121,Mature,F/M,Completed,Cat | Cat Yoongi | Cat shifter | Eventual Romance | Eventual Smut | Fluff and Smut | Laboratories | Light fight scenes | Mentions of Blood | Mentions of experiments | Shape Shifter Yoongi | Smut | mentions of gore | shifter yoongi,"Min Yoongi | Suga/Reader, Yoongi x Reader",yoongi,{'yoongi'}
https://golemlab.eu/graph/11022669,439,Can you turn off your phone?,"Yoongi’s alarm clock wakes you up at 6 am on a Sunday and you are not happy about it. At least, not at first…",2017-05-28,9140,Explicit,F/M,Completed,Established Relationship | Oral Sex | Orgasm Delay/Denial | Sex Toys,"Min Yoongi | Suga/Reader, Min Yoongi | Suga/You Series: Tumblr Prompts, Requests and One-shots [1]",yoongi,{'yoongi'}
https://golemlab.eu/graph/30393249,417,Fix You,"When you take in a stray cat, you have no idea he’s secretly a hybrid trying to escape his past. Can you help him heal?",2021-04-01,36825,Mature,F/M,Completed,Additional Warnings In Author's Note | Angst | Angst with a Happy Ending | Cat Hybrid Min Yoongi | Suga | Cat/Human Hybrids | Fluff | Hurt/Comfort | Hybrid - Freeform | Implied/Referenced Self-Harm | Major Character Injury | Past Sexual Abuse | Slow Burn | Slow Romance | Therapy | animal cruelty | discussion of past emotional abuse | discussion of past physical abuse | gun mention,Min Yoongi | Suga/Reader Series: Fix You [1],yoongi,{'yoongi'}
https://golemlab.eu/graph/35235133,412,Three Tangerines,"Summary: Throughout high school, you sometimes caught glimpses of your brother’s older friends: some of them were sweet, some of them were smart. But the one closest to him? That guy was a total f*ckboy from day one. After a foray of horrid relationships spanning years - ending with one that broke up with you for an alarming reason - you needed advice on what the hell you were doing wrong... And this wasn’t a conversation for anyone sweet or smart. (Loosely based off one part of “The Window” by silvershine)",2021-11-20,11978,Explicit,F/M,Completed,Age Gap Implied | Alcohol | Angst | Body Worship | Breast Play | CMNF | Choking | Cockwarming | Cowgirl | Crying | Cum Swallowing | Cunnilingus | Cunt slapping | Dirty Talk | Fingering | Fluff | Fuckboi | Hair Pulling | Hand Kink | Hitting it from the back | House Party | Mirrors | Multiple Orgasms | Oral Sex | Original Character(s) | Overthinking | Penetration | Power Dynamics | Praise | Protected Sex | Rough Sex | Size Kink | Spanking | Throat Fucking | Vaginal Fingering | angst i'm so sorry lol | basketball yoongi a ha ha | blowjob | brother's best friend!yoongi | crowds | cursing | daechwita yoongi | daechwita yoongi is a warning in itself | did i mention this is daechwita yoongi? | fuckboi!yoongi | he keeps the chains on | head/hair pulling | jimin is a menace wbk | jungkook is also a menace wbk | light slapping | orange yoongi | pov switch (just one) | pussy slapping | restraints (headboard) | restraints (his hands) | slight ass play | slut mentions | so there's that too | the chains stay on!!! | thigh riding | uncomfortable club touching (arm) | weed mentions | whore mentions | yoongi in a club is a warning in itself | yoongi smut | yoongi's mouth in general,Min Yoongi | Suga/Reader,yoongi,{'yoongi'}
https://golemlab.eu/graph/17179220,409,To Be Without,Funny how the world can shift in an instant. How you approached your bedroom with excitement only to walk away with a life forever changed.,2018-12-27,8639,Mature,F/M,Completed,Alternate Universe | Angst | Cheating | Complete | Discussion of Abortion | Implied Sexual Content | Infidelity | Originally Posted on Tumblr | POV Female Character | POV Second Person | Pregnancy | Reader-Insert | Swearing | Threats of Violence,Min Yoongi | Suga/Reader Series: Without Within [1],yoongi,{'yoongi'}
https://golemlab.eu/graph/5657365,407,Halloween Hookups-Haunted Tour,"You have a shitty roommate. Or, that time you met a hot guy during a haunted tour and took him home to have loud sex and piss off your roommate.",2016-01-06,1647,Explicit,F/M,Completed,Cat Ears | Ex-Boyfriends | Halloween | Loud Sex | Min Yoongi - Freeform | Nicknames | Shitty roommates | Smut | haunted asylums | hookup,Min Yoongi | Suga/Reader Series: Halloween Hookups [2],yoongi,{'yoongi'}
https://golemlab.eu/graph/7101502,402,Waiting Game,REQUEST: “Can I request a slight sub!Yoongi please if you’re not too busy? Thank you!”,2016-06-05,4210,Explicit,F/M,Completed,Dirty Talk | Light Dom/sub | submissive yoongi,Min Yoongi | Suga/Reader,yoongi,{'yoongi'}
https://golemlab.eu/graph/13241190,393,The Devil's Trill,"Music critic!Yoongi x Violinist!reader Min Yoongi is a music critic known for his brutally honest input. When it comes time for you to face his judgement, how oddly will things end for you?",2018-01-02,41437,Teen And Up Audiences,F/M,Completed,Classical Music | Fluff | Inspired by Music | Music | Musicians | Reader-Insert | Reader-Interactive,Min Yoongi | Suga/Reader,yoongi,{'yoongi'}
https://golemlab.eu/graph/19465537,392,The Touch of Silk,"In a world where vampires coexist with the living, there are many humans looking for a cheap thrill… You’re ashamed to admit you’re curious too, putting to good use a dating app you find…but Min Yoongi is nothing like you imagined a vampire to be…",2019-07-03,22896,Explicit,F/M,Completed,Fluffy Moments | Human! Reader | Light Angst | Romance | Slight Sugar Daddy AU but not really | Smut | Vampire AU | Written in 2017/18 | blood mentions | repost from tumblr | vampire! yoongi,"Min Yoongi | Suga/Reader, Min Yoongi | Suga/You",yoongi,{'yoongi'}
https://golemlab.eu/graph/12255324,390,Provident,It isn't easy having sex with a vampire who could snap and kill you at any moment. But it's worth it.,2017-10-03,3154,Explicit,F/M,Completed,Alternate Universe - Vampire | Angst and Fluff and Smut | Human/Vampire Relationship | Interspecies Sex | Overstimulation | Vampire Min Yoongi | Suga | Vampire Sex,Min Yoongi | Suga/Reader Series: Vampire!Yoongi [2],yoongi,{'yoongi'}
https://golemlab.eu/graph/7263910,389,ammunition,"from min yoongi, sent 11:15pm: come to my office. tie up your hair. wear a skirt.",2016-06-21,3505,Explicit,F/M,Completed,Alternate Universe – Mafia | Breathplay | Gunplay | Rough Sex | Smut,Min Yoongi | Suga/Reader,yoongi,{'yoongi'}
https://golemlab.eu/graph/7102258,388,True Love Cafe,REQUEST: “what about apocalyptic/last day on earth where oc and yoongi fall in love at first sight based on true love cafe by nicole? i’ve been planning to write something based on that song but you are one of my favorite writers here so ( ͡° ͜ʖ ͡°)”,2016-06-05,3499,Explicit,F/M,Completed,Alternate Universe - Apocalypse | End of the World | Horror | Morbid | Pregnancy Kink | Romantic Angst | Shameless Smut | Songfic | Surreal | getting knocked up by min yoongi is a good way to go lbr,Min Yoongi | Suga/Reader,yoongi,{'yoongi'}
https://golemlab.eu/graph/26672530,385,Greedy,being a loner has never bothered yoongi until now. until you. FINAL CHAPTER & EPILOGUE NOW POSTED,2020-09-27,46850,Mature,F/M,Completed,Eventual Smut | Mafia AU | Pining | Slow Burn | Smut,"Min Yoongi | Suga/Reader, Min Yoongi | Suga/You Series: The Gajog [3]",yoongi,{'yoongi'}
https://golemlab.eu/graph/16912512,376,all too well,"you and yoongi shared a loving relationship with one another until you both agreed to end things and pursue your separate careers. but two years later, yoongi is a member of the ever growing bangtan boys, and you are a new makeup artist for their upcoming tour.",2018-12-08,72376,Mature,F/M,Completed,Angry Sex | Angst | Idol Min Yoongi | Suga | Romance | Smut | Vague description of the Kpop industry | predebut bts,Min Yoongi | Suga/Reader,yoongi,{'yoongi'}
https://golemlab.eu/graph/13340406,373,Roommates (Yoongi/Reader),"Yoongi, your new roommate, falls sick, and you end up taking care of him.",2018-01-11,2372,General Audiences,F/M,Completed,Alternate Universe - Roommates/Housemates | Cute Min Yoongi | Suga | Domestic Fluff | Fluff | Min Yoongi | Suga Is a Sweetheart | Min Yoongi | Suga Is a Tease | One Shot | Producer Min Yoongi | Suga | Roommates | Short One Shot | Sick Min Yoongi | Suga | Soft Min Yoongi | Suga | Tsundere Min Yoongi | Suga,Min Yoongi | Suga/Reader Series: Roommates [Yoongi/Reader] [1],yoongi,{'yoongi'}
https://golemlab.eu/graph/23069653,339,Cake (Yandere Yoongi x Reader),It's Yoongi's birthday and you're finally ready to give into him,2020-03-08,2022,Mature,F/M,Completed,Abuse | Developing Relationship | Kidnapping | Reader-Insert | Stockholm Syndrome | Toxic Relationship | Yandere | Yandere Bangtan Boys | BTS | Yandere Yoongi | kpopyandere | soft yandere | unhealthy relationship,Min Yoongi | Suga/Reader,yoongi,{'yoongi'}
https://golemlab.eu/graph/22871836,331,Nine Lives,"In a world where Hybrids have only recently been made equal, you meet the man of your dreams. Except he’s also a cat. And people can suck. But Yoongi doesn’t. And that’s what matters to you.",2020-02-24,4315,Explicit,F/M,Completed,Bigotry & Prejudice | Breeding | Cat Hybrid Min Yoongi | Suga | Hybrids | Mating Bites | Mating Cycles/In Heat | One Shot | Oral Sex | Unprotected Sex | Vaginal Sex | civil rights mentions,Min Yoongi | Suga/Reader,yoongi,{'yoongi'}
https://golemlab.eu/graph/38595723,325,Mixtape,"Growing up with Yoongi as your older brother's best friend was bound to manifest a crush. It was small, fleeting. Gone with age and time. On a holiday trip to the cabin, you're reunited with Yoongi after not seeing him from two years. Maybe that crush wasn't as over as you thought it was.",2022-04-25,65115,Explicit,F/M,Completed,Friends to Lovers | Fuckboy Yoongi | Min Yoongi | Suga Smut | brothers best friend | idiots to lovers | yoongi x reader - Freeform,Min Yoongi | Suga/Reader,yoongi,{'yoongi'}
https://golemlab.eu/graph/6796873,320,Tired - BTS Yoongi/Suga x Reader,"Prompt: Yoongi didn’t come home that much now. He always ditched your dates, always broke promises. You were tired of it. You tried to deal with it- because you loved him- but recently you’ve been questioning your feelings for Yoongi... And then you realised. You were tired of him. You decided that you were tired of being tired, and left. Genre: Angst yO Warnings: none",2016-05-09,755,Not Rated,F/M,Completed,Angst | Fanfiction | Scenario | Yoongi - Freeform | reader - Freeform | suga - Freeform,Min Yoongi | Suga/Reader,yoongi,{'yoongi'}
https://golemlab.eu/graph/10964895,319,Morning Sickness - Yoongi,Imagine! having a child with Yoongi,2017-05-21,1955,Teen And Up Audiences,F/M,Completed,Domestic Fluff | Established Relationship | Fluff | Pregnancy | Pregnant Reader | Reader Insert | pure fluff | suga - Freeform,Min Yoongi | Suga/Reader Series: Pregnant!ReaderxBTS [2],yoongi,{'yoongi'}
https://golemlab.eu/graph/6570142,319,the parking lot,"firstly, you are extremely late to class, and all of the parking bays have been taken. secondly, min yoongi is an asshole. a very, very cute asshole.",2016-04-16,1968,Not Rated,F/M,Completed,Alternate Universe - College/University | Fluff and Humor,Min Yoongi | Suga/Reader Series: Personal Favourites From The Past [2],yoongi,{'yoongi'}
https://golemlab.eu/graph/11585256,317,"it's okay, mommy's here","Yoongi does looks cold and mean. But deep inside, Yoongi is just a soft person who needs all the love in this world and needs to be protected.",2017-07-23,824,Not Rated,F/M,Completed,Baby Yoongi | CG/L | Fluff | Kumamon | KumamonxYoongi lol | MD/LB - Freeform | Mommy Reader | Mommy!Reader | O GOD | ONESIE | Pacifier - Freeform | Sad Yoongi | Yoongi wants attention | cgl | i love yoongi | little yoongi | little!yoongi | mdlb | smol yoongi | soft yoongi | the members are loud as usual lmfao,Min Yoongi | Suga/Reader,yoongi,{'yoongi'}
https://golemlab.eu/graph/18172745,317,When You Can't Love Yourself,You and Yoongi sitting in the tree... K-I-S-S-I-N-G First comes friendship... Then comes fooling around... then comes hiding a baby from your best friend...? That is totally NOT how the song goes!!!,2019-03-20,12757,Explicit,F/M,Completed,Best Friends | Comedy | Drama | Fluff | Friends With Benefits | Producer Min Yoongi | Suga | Smut | Unplanned Pregnancy,"Min Yoongi | Suga/Reader, Min Yoongi | Suga/You",yoongi,{'yoongi'}
https://golemlab.eu/graph/13769796,315,Roommates pt. 2 (Yoongi/Reader),"What happened to Yoongi and you after the night you took care of him? The ""highly"" requested resolution to the Roommates oneshot. Enjoy! [Edited: March 11th 2018]",2018-02-23,3576,General Audiences,F/M,Completed,Alternate Universe - Roommates/Housemates | Fluff | Fluff and Angst | Min Yoongi | Suga Is Whipped | Min Yoongi | Suga Is a Sweetheart | Min Yoongi | Suga is Bad at Feelings | Platonic Relationships | Romance | Romantic Fluff | Roommates | Tooth-Rotting Fluff | platonic jhope/reader | seriously i can't emphasize how much attempted fluff there is | seriously it's disgusting | the unplanned sequel,Min Yoongi | Suga/Reader Series: Roommates [Yoongi/Reader] [2],yoongi,{'yoongi'}
https://golemlab.eu/graph/19889296,305,death wish,A reaper was never meant to fall in love with a marked soul; so why did it feel so right saving yours?,2019-07-21,12152,Explicit,F/M,Completed,Alternate Universe - Reaper | Alternate Universe - Soulmates | Angst | Creampie | Death is Discussed Obviously | Dirty Talk | Fluff | Masturbation | Oral Sex | Public Blow Jobs | Semi-Dark Themes | Shower Sex | Smut | Vaginal Sex | Wet Dream,Min Yoongi | Suga/Reader,yoongi,{'yoongi'}
https://golemlab.eu/graph/40574352,304,Vows: aka 10 ways to win your husband's heart,"You're five years into your arranged marriage with Min Yoongi, and he's never once retaliated for anything you've done to him. One day you realise you've lost your appetite for provoking him, and you set about trying to win his heart instead.",2022-07-26,25520,Explicit,F/M,Completed,Arranged Marriage | Chaebol Kim Seokjin | Jin | Chaebol Min Yoongi | Suga | Explicit Language | Explicit Sexual Content,Min Yoongi | Suga/Reader,yoongi,{'yoongi'}
https://golemlab.eu/graph/25919914,298,First and Last and Always,"You and Yoongi broke up two months ago. It was mutual, you’re positive, but there’s one teeny tiny issue… You never told your parents, and now they’ve invited you back home for Christmas. Both of you. You can’t say no, but you also can’t bear to go alone, so you do the only thing you can think of, plead with Yoongi to come with you and pretend like everything’s okay…",2020-08-15,17776,Explicit,F/M,Completed,Angst | Christmas/Holidays AU | Mutual Pining | Romance | Slow Burn | Smut | exes au,"Min Yoongi | Suga/Reader, Min Yoongi | Suga/You",yoongi,{'yoongi'}
https://golemlab.eu/graph/16754596,297,Interval,"The night before your wedding to a man you couldn’t find any more repugnant, you seek out the mercantile aid of an unscrupulous space pirate.",2018-11-26,895,Explicit,F/M,Completed,Aliens | Alternate Universe - Space | Consensual Sex | Crack | Double Penetration | Fluff | Gratuitous Cum | Gratuitous Smut | POV Second Person | Smut | Tentacle Sex,"Min Yoongi | Suga/Reader, Min Yoongi | Suga/You Series: Dig Deep [3]",yoongi,{'yoongi'}
https://golemlab.eu/graph/12861216,295,on holiday,"You exhaled immediately and dropped your forehead to your phone, trying to regain a semblance of your former self while trying to quiet the flurry of horror. Ten months. Why was he here? Ten months.",2015-12-17,2353,Teen And Up Audiences,F/M,Completed,Angst with a Happy Ending | Christmas Party | Friends to Lovers | Mistletoe,Min Yoongi | Suga/Reader Series: Annual Christmas Drabbles!!! [3],yoongi,{'yoongi'}
https://golemlab.eu/graph/14893686,291,Fully Absolved,"You'd gone to pray for forgiveness, but instead found Father Yoongi.",2018-06-10,4295,Explicit,F/M,Completed,Hitting | If you dont like dark stuff I suggest you stay away | Name-Calling | Priest Min Yoongi | Suga | Spanking | Stripping | Teacher-Student Relationship | the works,Min Yoongi | Suga/Reader Series: Bangtan Tales [1],yoongi,{'yoongi'}
https://golemlab.eu/graph/27524395,288,The Arrangement,"Desperately in need of money, you answered the questionable add. AKA-Arranged marriage AU featuring Y/N and Yoongi.",2020-11-12,117962,Teen And Up Audiences,F/M,In-Progress,,Min Yoongi | Suga/You,yoongi,{'yoongi'}
https://golemlab.eu/graph/5151371,288,Is This Awkward?,"You and Min Yoongi are one in the same. You know nearly everything about each other, can foresee the others actions and you are way too predictable with one another. You get along just fine with his friends, it's just him you have an issue with. But, you feel that you can be closer to him- you want to be. He accepts your unexpected proposal, but how will it affect your current relationship? Will it be affected at all?",2015-11-05,37480,Mature,F/M,In-Progress,Awkwardness | Bathroom Sex | Best Friends | Childishness | Eventual Smut | Friends With Benefits | Friendship | Holidays | House Party | Humor | Male-Female Friendship | Mild Smut | Party | Protect | Protectiveness | Shameless Smut | Smut | tags will update as I post,"Min Yoongi | Suga/Reader, Min Yoongi | Suga/You",yoongi,{'yoongi'}
https://golemlab.eu/graph/26117203,277,"Hey Siri, Play Agust D","It’s your dirty little secret to play while listening to your friend’s mix tape. You blast the music loud and feel the vibrations follow the beat. It’s a shame you don’t hear the sound of someone knocking on the door, or maybe it’s not such bad thing after all to get caught red handed.",2020-08-26,8974,Explicit,F/M,Completed,Anal Sex | Daddy Kink | Dirty Talk | Exhibitionism | Fingering | Foursome | Friends to Lovers | Group Sex | Hoseok’s hips | Idol!AU | Kissing | Language | Masturbation | NSFW | Namjoon has a low-key sir kink | Oral Sex | Sex Toys | Smut | Unsafe Sex | Use of Female Pronouns | Vaginal Sex | Voyeurism | f2l,Min Yoongi | Suga/Reader,yoongi,{'yoongi'}
https://golemlab.eu/graph/10900293,275,Valentino,"Mr. Min has a busy schedule and never a good reason to celebrate February 14th. Mostly. (or, The Redemption Of A Large Pink Sweater.)",2017-05-14,10424,Teen And Up Audiences,F/M,Completed,Alternate Universe - Arranged Marriage | Awkward Romance | CEO Min Yoongi | Suga | First Dates | Valentine's Day,Min Yoongi | Suga/Reader Series: CEO!Yoongi [3],yoongi,{'yoongi'}
https://golemlab.eu/graph/15956864,272,Mommy's Kitten,"Yoongi has become sick of pretending to act like a daddy who fucks girls ruthlessly like his fans think he does. All he wants is a mommy who'll make him cry with pleasure. When his members learn the truth, they come up with an idea to arrange him a dominant woman who'll tear Yoongi up, bit by bit, so he can relax and accept him for the subby kitten that he is.",2018-09-10,12862,Explicit,F/M,Completed,Aftercare | BDSM | Blindfolds | Blow Jobs | Bottom Min Yoongi | Suga | Cock Rings | Consensual Sex | Cunnilingus | Deepthroating | Developing Relationship | Dildos | Dom/sub | Drunk Min Yoongi | Suga | Dry Orgasm | Edgeplay | Femdom | Hand Jobs | Handcuffs | Heartbreak | Masturbation | Milking | Mommy Kink | My First Fanfic | My First Smut | Nipple Clamps | Nipple Licking | Nipple Play | Nipple Torture | Nipples | Oral Sex | Orgasm Delay/Denial | Original Female Character(s) - Freeform | Overstimulation | Penis In Vagina Sex | Praise Kink | Restraints | Riding | Smut | Sounding | Sub Min Yoongi | Suga | Teasing | Tickling | Vaginal Sex | Whiny Min Yoongi | Suga,Min Yoongi | Suga/Reader,yoongi,{'yoongi'}
https://golemlab.eu/graph/10900512,271,Pillow Talks We Didn't Have,"Once a month, you visited a therapist, because it was just a good thing to do. Everyone needed to be able to relax their mind and process things in a healthy way, lest bad things build up and eat you from the inside out. What you had not anticipated that March was your session revolving around your sex life.",2017-05-14,3512,Explicit,F/M,Completed,Accidental Voyeurism | Alternate Universe - Arranged Marriage | Angst and Porn | CEO Min Yoongi | Suga | Masturbation | Sexual Experimentation | Vibrators,Min Yoongi | Suga/Reader Series: CEO!Yoongi [6],yoongi,{'yoongi'}
https://golemlab.eu/graph/19080694,270,Witches' Brew,When Yoongi messes up a potion he ensures that it doesn't go to waste,2019-06-03,3997,Explicit,F/M,Completed,Alternate Universe - Roommates/Housemates | Aphrodisiacs | Choking | Cussing | Dirty Talk | Dom/sub Undertones | Multiple Orgasms | Oral Sex | Overstimulation | PWP | Spanking | Squirting | Unprotected Sex | Vaginal Fingering | Witch Min Yoongi | Suga | Witches | spitting,Min Yoongi | Suga/Reader,yoongi,{'yoongi'}
https://golemlab.eu/graph/11080950,268,stressed,"Yoongi needs to rest, not work all the time!",2017-06-03,467,Not Rated,F/M,Completed,Age Play | CG/L | DDLG | Daddy Kink | Daddy Suga | Daddy Yoongi | Daddy!Suga | Daddy!Yoongi | Fluff | Little Reader | Little!Reader | Non-Sexual Age Play | Non-Sexual Kink | WHATS WITH MY SUMMARY | but then | cgl | dd/lg | happy yoongi | my ult bias bby right here | stressed yoongi,Min Yoongi | Suga/Reader,yoongi,{'yoongi'}
https://golemlab.eu/graph/10225139,267,Cat Caught The Cream,The (mis)adventures of picking up one stray Min Yoongi and the things you do for love.,2017-03-11,1494,Mature,F/M,In-Progress,Bad Flirting | Catboy Yoongi | Domestic Fluff | Drabble Collection | Min Yoongi | Suga Is a Little Shit | complete shamelessness,Min Yoongi | Suga/Reader,yoongi,{'yoongi'}
https://golemlab.eu/graph/10900473,267,Sleeping In,"He wakes up to you, and a phone call.",2017-05-14,515,Teen And Up Audiences,F/M,Completed,Alternate Universe - Arranged Marriage | CEO Min Yoongi | Suga | Domestic Fluff | Lazy Mornings | Non-Chronological | Secret Relationship | Sleeping Together,Min Yoongi | Suga/Reader Series: CEO!Yoongi [5],yoongi,{'yoongi'}
https://golemlab.eu/graph/8547124,266,Bultaoreune,Yoongi comes home after a long tour and cuts to the chase.,2016-11-13,7603,Explicit,F/M,Completed,Blow Jobs | Collars | Cunnilingus | Daddy Kink | Dom/sub Undertones | Fluff | Rough Sex | Sex | Smut,Min Yoongi | Suga/Reader,yoongi,{'yoongi'}
https://golemlab.eu/graph/25515739,263,Little Monsters,Yoongi hated kids. How were you supposed to break the news to him that you were pregnant?,2020-07-26,9584,Explicit,F/M,Completed,Come play | Creampie | Daddy Kink | Dirty Talk | Established Relationship | Fluff | Impregnation Kink | Reader spends a chunk of this pretty anxious | Smut | Unplanned Pregnancy | Unprotected Sex | Yoongi and Reader are so unromantic that it’s actually romantic | Yoongi says some harsh things about kids but then has to eat his words,Min Yoongi | Suga/Reader,yoongi,{'yoongi'}
https://golemlab.eu/graph/10900212,261,Home For The Holidays,"There was no contract, no business, no stuffy dinners and strict demands of family and responsibility to be had. Alone on Christmas, you could be you, with your messy bun and familiar pj’s and hot cocoa just like your grandma used to make it. Not Mrs. Min Yoongi.",2017-05-14,1186,General Audiences,F/M,Completed,Alternate Universe - Arranged Marriage | CEO Min Yoongi | Suga | Christmas | Christmas Morning,Min Yoongi | Suga/Reader Series: CEO!Yoongi [1],yoongi,{'yoongi'}
https://golemlab.eu/graph/4384814,259,Nobody,"""You thought that coming over here wearing what I like and apologizing was going to get me to forgive you?"" -Yoongi",2015-07-20,5036,Mature,F/M,Completed,Daddy Kink | Dominance | Explicit Sexual Content | Forgive Me | I Love You | I'm Sorry | Oral Sex | Punishment | Rough Kissing | Rough Sex | Sexual Content | Smut | Strip Tease | Tags Are Hard | lol,"Min Yoongi | Suga/Reader, Min Yoongi | Suga/You",yoongi,{'yoongi'}
https://golemlab.eu/graph/18231758,259,When the Power Goes Out,"When a storm causes the electricity to go out, it becomes to dark in the apartment to study, so you and Yoongi have to find another way to pass the time.",2019-03-25,7241,Not Rated,F/M,Completed,,Min Yoongi | Suga/Reader,yoongi,{'yoongi'}
https://golemlab.eu/graph/10900347,259,Valentina,"""Don't say that."" + A make-up.",2017-05-14,1067,Teen And Up Audiences,F/M,Completed,Alcohol | Alternate Universe - Arranged Marriage | Angst with a Happy Ending | CEO Min Yoongi | Suga | First Dance | Valentine's Day,Min Yoongi | Suga/Reader Series: CEO!Yoongi [4],yoongi,{'yoongi'}
https://golemlab.eu/graph/12869814,257,cartography,"[ Kahr-TOG-ruh-fee ], n: the study or practice of making maps.",2017-11-30,1101,Teen And Up Audiences,F/M,Completed,Domestic Fluff | Established Relationship | Kissing | Non-Sexual Intimacy,Min Yoongi | Suga/Reader,yoongi,{'yoongi'}
https://golemlab.eu/graph/12812484,255,sorry,Yoongi felt sorry. He doesn't even know why he did that.,2017-11-25,1629,Not Rated,F/M,Completed,Age Play | Age Play Caregiver Min Yoongi | Suga | Angst with a Happy Ending | Crying | DDLG | Daddy Yoongi | Daddy!Yoongi | Failed Attempt in Angst | Grumpy Min Yoongi | Suga | I'm Bad At Tagging | Little Reader | Little!Reader | Min Yoongi | Suga is Bad at Feelings | Non-Sexual Age Play | Pet Names | Producer Min Yoongi | Suga | Requested | Sad Min Yoongi | Suga | and shits | dd/lg | idk lol | yay,Min Yoongi | Suga/Reader,yoongi,{'yoongi'}
https://golemlab.eu/graph/20870906,254,Talk,"you find out your best friend, yoongi, is really good at phone sex",2019-10-03,878,Explicit,F/M,In-Progress,???? - Freeform | Dirty Talk | Fingering | Non-Penetrative Sex | Phone Sex | Voyeurism,Min Yoongi | Suga/Reader,yoongi,{'yoongi'}
https://golemlab.eu/graph/21109547,253,Aquiver,"Aquiver (adj.) [uh-kwiv-er] in a state of trepidation or vibrant agitation; trembling; quivering Yoongi can’t remember the last time he was able to successfully bring himself to the point of orgasm. Then Namjoon gives him a business card advertising ‘Healing Hands’, and that’s where he meets you; pretty and innocent looking, who gets paid to provide hand jobs for a living…",2019-10-20,86332,Explicit,F/M,Completed,Angst | Idol AU | Romance | Sex Work | Smut | Written in 2017 | heavy angst at times | repost from tumblr,Min Yoongi | Suga/Reader,yoongi,{'yoongi'}
https://golemlab.eu/graph/21996355,246,Safe (Yandere Yoongi x Reader),All Yoongi wants is for you to be safe.,2019-12-28,1496,Mature,F/M,Completed,Manipulation | Reader-Insert | Stockholm Syndrome | Toxic Relationship | kpopyandere | unhealthy relationship,"Min Yoongi | Suga/Reader, Yandere!Min Yoongi/Reader, Yandere!Suga/Reader, Yandere!Yoongi/Reader",yoongi,{'yoongi'}
https://golemlab.eu/graph/8529955,244,Tournée du Chat Noir,"Your hybrid boyfriend is mad at you for not giving him any milk, so he punishes you...or persuades you...Which one is it? part of cathybrid!BTS miniseries",2016-11-11,2057,Mature,F/M,Completed,Cat/Human Hybrids | Hybrid Yoongi | Hybrid!AU | Hybrids | cat hybrid | catboy,Min Yoongi | Suga/Reader,yoongi,{'yoongi'}
https://golemlab.eu/graph/10900230,242,A Kiss Of Convenience,A kiss of convenience. That’s all it was.,2017-05-14,834,Teen And Up Audiences,F/M,Completed,Alternate Universe - Arranged Marriage | CEO Min Yoongi | Suga | Christmas Party | Mistletoe,Min Yoongi | Suga/Reader Series: CEO!Yoongi [2],yoongi,{'yoongi'}
https://golemlab.eu/graph/38836272,240,Look down on me like that,"yes, look down on me like that / it's my hobby to prove you wrong Your asshole coworker Min Yoongi has made it his personal mission to ruin your life.",2022-05-07,47594,Explicit,F/M,In-Progress,(barely) | Accidental Voyeurism | Alternate Universe - Office | Choking | Dirty Talk | Enemies to Lovers | Finger Sucking | Fingerwarming | Hate Sex | Masturbation | Name-Calling | Office Sex | One Night Stands | Oral Sex | Orgasm Denial | Other Additional Tags to Be Added | Semi-Public Sex | Sex Toys | Slow Burn | Spanking | Stranger Sex | Vaginal Fingering | hold the moan | or at least as slow of a burn as I'm capable of lol,"Min Yoongi | Suga/Reader, Min Yoongi | Suga/You",yoongi,{'yoongi'}
https://golemlab.eu/graph/19864246,240,penguins,"yoongi takes you out on a nice date, because that's just the kind of boyfriend he is. he's also the kind of boyfriend to get jealous when you run into an old classmate and has to make sure you know who you belong to.",2019-07-18,3508,Explicit,F/M,Completed,Belt choking | Choking | Daddy Kink | Dirty Talk | Dom Min Yoongi | Suga | Jealous Min Yoongi | Suga | PWP | Plot What Plot/Porn Without Plot | Rough Sex | Spanking | This is literal honest to god filth im so sorry | Unprotected Sex | Vaginal Sex | belt spanking | plot if you squint,Min Yoongi | Suga/Reader,yoongi,{'yoongi'}
https://golemlab.eu/graph/11606301,240,Good Morning Surprise // (M),☼Synopsis: Yoongi wakes you up in a manner that you won’t ever forget.,2017-07-25,7307,Explicit,F/M,Completed,Min Yoongi - Freeform | bts fanfictions | suga smut | suga x reader | yoongi smut | yoongi x reader - Freeform,Min Yoongi | Suga/Reader,yoongi,{'yoongi'}
https://golemlab.eu/graph/22838827,238,Come Over,"When Yoongi’s fellow tattoo studio mate/friends with benefits/girl he is in love with comes back home from a month-long tattoo guest spot abroad, she starts acting weird and cold towards him. So it’s up to Yoongi to show her how much he really missed her — one mind-blowing orgasm at a time.",2020-02-22,14128,Explicit,F/M,In-Progress,Comedy | Fluff and Smut | Friends With Benefits | Friends to Lovers | Light Angst | Smut | Tattoo artist!Reader | Tattooed Yoongi | but we only see the friends with benefits to lovers part jdklsjds | more like enemies to friends to friends with benefits to lovers | tattoo artist!Min Yoongi | will have lots of smut!! come prepared ;),Min Yoongi | Suga/Reader,yoongi,{'yoongi'}
https://golemlab.eu/graph/4999687,236,Sweet Slumber,"It's a beautiful day outside and you have an apartment's worth of cute boys who seem intent on dragging you to the beach. So what do you do? Nap. That's what. You have your priorities straight. A gender-neutral reader insert which involves a sleepy Yoongi, sunbeams, and snuggles. Straight fluff, try not to choke on the sweetness.",2015-10-14,2180,General Audiences,Other,Completed,Confessions | Fluff | Gender-Neutral Pronouns | Napping | Reader-Insert | Sweet,Min Yoongi | Suga/Reader,yoongi,{'yoongi'}
https://golemlab.eu/graph/14915642,236,You're the Alpha of My Eye,"Alphas and omegas are a rare species kept as status symbols by the rich.  Yoongi has run away from his owner.  One night you find him bloody and battered outside the pub near your apartment.  The next thing you know you have a permanent, but welcome, couch potato.  But he hasn't told you that he isn't a regular potato at all, and he's running out of time and fast. Because he knows exactly what that impatient, prickly sensation that's been tickling the back of his neck means, and why he doesn't want you leaving his side.  Will he be able to tell you before it's too late?",2018-06-12,8071,Explicit,F/M,In-Progress,Alcohol | Alpha Min Yoongi | Suga | Alpha/Beta/Omega Dynamics | Alpha/Omega | Dubious Consent | Reader-Insert | Runaway Min Yoongi | Rutting | Smut,Min Yoongi | Suga/Reader,yoongi,{'yoongi'}
https://golemlab.eu/graph/13436817,235,Information,You seem to find your soulmate in the weirdest of ways.,2018-01-21,2915,General Audiences,F/M,Completed,Alternate Universe - Mob | Alternate Universe - Soulmates | Alternate universe - Mafia | Mafia AU | Soulmate-Identifying Marks | Soulmates,Min Yoongi | Suga/Reader,yoongi,{'yoongi'}
https://golemlab.eu/graph/20645348,235,Suga's Hip Hop Replay,"Yoongi is a constant voice in my mind. No, I'm not crazy, he's just the broadcast's host of the university's radio station. And when I finally meet the voice I dreamed so much about, I get even more entranced by him. Too bad he doesn't give a fuck about me.",2019-09-15,25986,Explicit,F/M,Completed,Alternate Universe - College/University | Angst | Bad Boy Min Yoongi | Suga | College AU | Dom Min Yoongi | Suga | Dom/sub Undertones | Fighting scene? | Light Angst | Light Dom/sub | Mentions of Blood | Oral Sex | Producer Min Yoongi | Suga | Rough Kissing | Rough Sex | Slow Burn | Smut | ahaha surprise | mentions of fisting | mentios of fisting | yoongi is bi,"Min Yoongi | Suga/Reader, Suga/reader, Yoongi&Reader, yoongi/reader",yoongi,{'yoongi'}
https://golemlab.eu/graph/12255456,235,kisseth,He doesn't ask if he can kiss you.,2017-10-03,702,Teen And Up Audiences,F/M,Completed,Alternate Universe - Vampire | First Kiss | Fluff and Angst | Human/Vampire Relationship | Vampire Min Yoongi | Suga | Walks In The Park,Min Yoongi | Suga/Reader Series: Vampire!Yoongi [7],yoongi,{'yoongi'}
https://golemlab.eu/graph/36274615,233,Love Lockdown,It started with a supposed virus all around the world. It continues with people turning into monsters who want to eat everything that's alive.,2022-01-07,28819,Explicit,F/M,In-Progress,Alternate Universe - Zombie Apocalypse | Angst | Blood and Violence | Character Death | Death | Enemies to Lovers | Eventual Smut | Explicit Language | Fluff | Injury | Smut | Violence,Min Yoongi | Suga/Reader,yoongi,{'yoongi'}
https://golemlab.eu/graph/16678708,232,Dig Deep,"The night before your wedding to a man you couldn’t find any more repugnant, you seek out the mercantile aid of an unscrupulous space pirate.",2018-11-19,4321,Explicit,F/M,Completed,Aliens | Alternate Universe - Space | Body Horror | Consensual Sex | Crack | Fluff | Gratuitous Ejaculate | Impregnation Kink | POV Second Person | Smut | Tentacle Sex | Unrealistic Sex | Voyeurism,"Min Yoongi | Suga/Reader, Min Yoongi | Suga/You, Min Yoongi/Reader, Min Yoongi/You Series: Dig Deep [1]",yoongi,{'yoongi'}
https://golemlab.eu/graph/11725101,231,Carpe Diem,"Working for the UN, you are tasked to handle the poverty reduction campaign of a certain boy band. A certain rapper from the group however decides to mix business with pleasure.",2017-08-06,62703,Mature,F/M,Completed,Angst | Drama | Fluff | Noona Romance | Romance | Smut,Min Yoongi | Suga/Reader,yoongi,{'yoongi'}
https://golemlab.eu/graph/37305568,230,give yourself a try,"You’ve got an enormous crush on Yoongi, the machine tech, and, if Jimin is to be believed, the feeling is mutual. A broken espresso machine and a snow storm are all it takes to bring everything crashing down around you.",2022-02-22,24716,Explicit,F/M,Completed,Alternate Universe - Coffee Shops & Cafés | Angst | Angst with a Happy Ending | Choking | Colleagues to Lovers | Come Eating | Couch Sex | Creampie | Crying during AND after sex | Curvy Reader | Daddy Kink | Depiction/mention of stretch marks on a soft body | Emotional Hurt/Comfort | Fertility Issues | Hand Jobs | Internalized Fatphobia | Making Out | Medical Conditions | Multiple Orgasms | Mutual Pining | Oral Sex | Panic Attacks | Pet Names | Plus-Sized Reader | Post-Break Up | Praise Kink | Smut | Soft Dom Min Yoongi | Suga | Squirting | Swearing | Tags specific to the epilogue begin here: | Unprotected sex with other birth control in place | Vaginal Sex | cream pie again | define the relationship conversations | reader is bad at feelings | really really soft i promise | somewhat self indulgent language around stretch marks on a soft body | unorthodox marking | very very mild clit biting like i promise it’s just a brief graze with his teeth | whichever your preferred word is idc,Min Yoongi | Suga/Reader,yoongi,{'yoongi'}
https://golemlab.eu/graph/12255288,229,white christmas,"You're cold. But he's cold, too.",2017-10-03,2278,Teen And Up Audiences,F/M,Completed,Alternate Universe - Vampire | Christmas Morning | Fluff and Angst | Huddling For Warmth | Human/Vampire Relationship | Poverty | Vampire Min Yoongi | Suga,Min Yoongi | Suga/Reader Series: Vampire!Yoongi [1],yoongi,{'yoongi'}
https://golemlab.eu/graph/20450417,225,salvation in the secular age (i'm not your saviour),"“why not?” you whine, stomping your foot against the cold linoleum floor. yoongi huffs out a laugh, making your heart skip a beat. “because you still have a big, fat crush on me.” he leans forward against the counter, eyes shining in amusement. “oh, please!” you stammer out, rolling your eyes. your hands tightened on the belt loops of your jeans. “that was when i was nine. get over it.” (or: yoongi’s your older brother’s best friend. you’ve been nothing more than a little sister to him. that is, until you stroll into his tattoo parlour two years since your last heart-wrenching meeting hellbent on getting inked without your brother’s permission.)",2019-08-30,7569,General Audiences,F/M,Completed,Age Difference | Alternate Universe - College/University | Alternate Universe - Tattoo Parlor | Angst | Angst with a Happy Ending | Fluff | Getting Together | Light Angst | Oppa Kink | Protective Older Brothers | Reader-Insert | brother's best friend! yoongi | ish | older brother! seokjin | thigh riding,Min Yoongi | Suga/Reader,yoongi,{'yoongi'}
https://golemlab.eu/graph/10935792,223,Cosa Nostra,"You were just a girl who took some odd jobs from the Min Syndicate to make some extra cash. When Min Yoongi himself sends a request for you to come to his mansion, any semblance of your normal life gets thrown out the window. What sort of dangers will face you once you become associated with one of the biggest mob bosses?",2017-05-18,39429,Teen And Up Audiences,F/M,In-Progress,Angst | Fluff | Smut | The Trifecta | mafia!au | mafia!yoongi,Min Yoongi | Suga/Reader Series: The Syndicates [1],yoongi,{'yoongi'}
https://golemlab.eu/graph/18005795,222,River Run,"It is well-known that within the village, one must always beware of the serpent who roams the sea. You just never knew how pesky he truly was until it was your boat laying in ruin along the shore - but, when you go to confront him, you end up with more than you could have imagined.",2019-03-05,10074,Mature,F/M,Completed,Alternate Universe - Fantasy | Creampie | Dry Humping | Explicit Sexual Content | Fingering | Light breath play | Light scratching | Multiple Orgasms | Oral | Praise Kink | Unprotected Sex | marking kink | sea serpent!yoongi | sex in a tree?,Min Yoongi | Suga/Reader,yoongi,{'yoongi'}
https://golemlab.eu/graph/20354413,221,from the ashes,you perform a spell to meet your familiar; what you don’t expect is a centuries-old phoenix to be the one attached to your soul.,2019-08-22,12034,Explicit,F/M,Completed,Alternate Universe - Fantasy | Blood | Corpses | Crying | Dirty Talk | Fingering | Knives | Light arguments | Loss of Virginity | Murder | Regrets | Reincarnation | Rough Sex | Soulmates | Witch Hunts | Witch!Reader | mentions of black market slavery | phoenix familiar!yoongi | virgin kink if u squint | yoongi pushes u,Min Yoongi | Suga/Reader Series: Book of Beasts [3],yoongi,{'yoongi'}
https://golemlab.eu/graph/11044851,218,Bad For Me (Suga x Reader),"* * * * * *SOFT MIN YOONGI ALERT * * * * *min yoongi is working hard and is incredibly dedicated to his music. he hasn't quite made it yet, as he's still living in his friend's basement, writing song after song and dropping mixtapes. he's performing on the streets, and taking small gigs wherever he can; one of which ends up being at a small coffee shop you work at for your uncle. you are quickly intrigued and fascinated by yoongi; his sense of style, outlook on life, and general personality are refreshing to you. you quickly begin to fall for this small town boy with a big dream. but, what will happen as the stakes become higher, tensions are raised, and things become much more complicated than they were before? what will happen as that nobody that you fell for starts to become a somebody? read on to find out... {a remastered, clean, and properly edited version of everyone's favorite boyband kind of fan fiction.}",2017-05-30,60460,General Audiences,Other,Completed,Angst | Coffee Shops | Love,Min Yoongi | Suga/Reader,yoongi,{'yoongi'}
https://golemlab.eu/graph/24886861,218,Tricks of the Trade,"The convenience store across the street from your apartment carries your favorite energy drink. That's why you frequent it. It's definitely not because you have a big fat crush on the owner you've been flirting with for the better part of a year. Of course your brand of flirting can also be misconstrued as bickering. When a strange man wanders into the store,  he thinks you need a little nudge to embrace the strings connecting you. Next thing you know you're waking up in a body that definitely doesn't belong to you. You can't decide if it's the best or worst thing that's ever happened to you.",2020-06-24,24129,Explicit,F/M,Completed,Agent of Chaos Jin | Anxiety Attacks | Body Swap AU | Fluff | Humor | Mirror Sex | Nipple Play | Oneshot | Oral Sex | Shopkeeper Yoongi | Smut | Soulmate AU | Supernatural Elements | Unprotected Sex | Vaginal Fingering | body swap shenanigans | frenemies to lovers | idiots to lovers,Min Yoongi | Suga/Reader,yoongi,{'yoongi'}
https://golemlab.eu/graph/12861273,218,decorum,"He was always making you try to fall in love with him, and didn’t even notice that.",2015-12-22,965,Teen And Up Audiences,F/M,Completed,Angst and Feels | Christmas Tree | Comfort | Not Actually Unrequited Love | Unresolved Sexual Tension,Min Yoongi | Suga/Reader Series: Annual Christmas Drabbles!!! [5],yoongi,{'yoongi'}
https://golemlab.eu/graph/15037001,217,Sticky Notes,"You came to know Min Yoongi through pale yellow pages, barely bigger than your palm and filled with his handwriting, every curve alight with his snark and biting sarcasm. And somewhere along the line- you fell in love.",2018-06-24,2203,Teen And Up Audiences,F/M,Completed,Alternate Universe - College/University | Awkward Kissing | Drabble | First Kiss | Fluff | Friends to Lovers | Pining | Roommates,Min Yoongi | Suga/Reader,yoongi,{'yoongi'}
https://golemlab.eu/graph/10936302,216,Neighborly Etiquette,"Based on this prompt [x] . You and your boyfriend live across from Yoongi’s apartment, much to his chagrin. Your laughter and dancing and bed creaking were seriously annoying him, until it stops. Then, Yoongi finds himself knocking on your door. And no, he’s definitely not there to comfort you. No way.",2017-05-18,2586,Teen And Up Audiences,F/M,Completed,Alternate Universe - Neighbors | But he has his own apartment | Falling In Love | Fluff | Light Angst | One Shot | You could read this as if Yoongi is a part of BTS | ish???,Min Yoongi | Suga/Reader,yoongi,{'yoongi'}
https://golemlab.eu/graph/7869814,214,Forgivable,You never knew your boyfriend was in the military.,2016-08-25,2537,General Audiences,F/M,Completed,Alternate Universe - Military | Angst | Fluff | Reunion,Min Yoongi | Suga/Reader,yoongi,{'yoongi'}
https://golemlab.eu/graph/13468710,209,Grant Me a Wish,"Where (y/n) finds a random lamp then mockingly rubs it, a genie appears, ready to grant her three wishes. However, she struggles in thinking of one. “Looks like I’ll be stuck with you for awhile.”",2018-01-24,15234,Teen And Up Audiences,F/M,Completed,Angst | BTS AU | Fantasy | Fluff | Genie - Freeform | Magic | Reader Insert | Romance | Royalty | Royalty AU | Yoongi - Freeform | bts - Freeform | bts suga au | suga - Freeform | suga au | yoongi au,Min Yoongi | Suga/Reader,yoongi,{'yoongi'}
https://golemlab.eu/graph/6849139,209,studio,"She goes to pull the zipper down on her dress but Yoongi grabs her hand, pushing it away as he tries to talk between kisses, “No, leave it on.  I want to fuck you in your dress.”",2016-05-14,3218,Mature,F/M,Completed,Oral Sex | Sex | its sex with yoongi in the studio what more could you want | jungkook and namjoon are only mentioned,Min Yoongi | Suga/Reader,yoongi,{'yoongi'}
https://golemlab.eu/graph/13035492,208,The Guest House,Yoongi the hostel owner slowly develops a rapport with a girl and her friends that keep visiting.  Maybe a bit of a flirtatious one.  Maybe even a little crush.  One night he gets protective on a date gone bad and it leads to the deepening of their relationship.,2017-12-16,7090,Explicit,F/M,Completed,Cumplay | Jealousy | Oral Sex | Originally Posted on Tumblr | Pretty mild really | slightly rough sex,Min Yoongi | Suga/Reader,yoongi,{'yoongi'}
https://golemlab.eu/graph/16453130,207,Bliss,"You went to an underground rap battle with your friends and you fell in love with a voice of which you didn’t know who it belonged to. After a while, you find out… Of course, it had to be Min Yoongi, the guy who you just got partnered up with in class, who also happened to be the guy you definitely do not like..",2018-10-29,27620,General Audiences,F/M,Completed,AU | Alternate Universe - College/University | Alternate Universe - Not K-Pop Idols | Angst | Best Friend Jin | Best Friend Namjoon | College | Fluff | Fluff and Angst | Friendship | Love | Music | Romance | Slice of Life | Slow Burn | Underground Rapper Min Yoongi | Suga | University | best friend jimin | bts - Freeform | dance,Min Yoongi | Suga/Reader,yoongi,{'yoongi'}
https://golemlab.eu/graph/12255432,207,The Arrangement,In which Min Yoongi arrives in town.,2017-10-03,15936,Mature,F/M,Completed,Alternate Universe - Vampire | Angst and Hurt/Comfort | Backstory | Blood and Violence | First Meetings | Grief/Mourning | Human/Vampire Relationship | Loneliness | Poverty | Prequel | Unconventional Relationship | Vampire Jung Hoseok | J-Hope | Vampire Kim Seokjin | Jin | Vampire Min Yoongi | Suga,Min Yoongi | Suga/Reader Series: Vampire!Yoongi [5],yoongi,{'yoongi'}
https://golemlab.eu/graph/7455022,206,am i who you think about in bed?,"You, the music video director, and Yoongi, the music producer, decide to stay in for the night after having been apart for a while.",2016-07-11,5656,Explicit,F/M,Completed,Alternate Universe - Domestic | Barebacking | Body Positivity | Body Worship | DDLG | Daddy Kink | Domestic | Domestic Fluff | Established Relationship | Fluff and Smut | Light Bondage | Light Dom/sub | Masturbation | Praise Kink | Riding | Sex Tapes | Smut | Swearing | Vaginal Fingering | Voyeurism | blowjob,Min Yoongi | Suga/Reader,yoongi,{'yoongi'}
https://golemlab.eu/graph/24390109,202,𝕄𝕒𝕕 𝕂𝕚𝕟𝕘 |𝕞.𝕪𝕘| 𝑜𝓃𝑒𝓈𝒽𝑜𝓉,"Yoongi x f!Reader The Mad King is rarely seen, but he has seen you. He never went out of his way to get you, but when you get yourself in trouble and brought to him, he takes advantage of his luck. You may find out that the Mad King isn't really who they say he is.",2020-05-26,1605,Explicit,F/M,Completed,Impregnation | Inspired by Daechwita (Music Video) | King Min Yoongi | Mad King | Min Yoongi Wang | Min Yoongi | Suga-centric | Oral Sex | Smut | Song: Daechwita (Agust D) | impreg kink | yoongi smut,Min Yoongi | Suga/Reader,yoongi,{'yoongi'}
https://golemlab.eu/graph/12920085,202,Surround Me,"After a very unfair and unjust firing from his bartending job, yoongi just wants to soothe his sadness by spending some quality time with his best friend - who he is very much in love with.",2017-12-05,10550,Mature,F/M,Completed,Best Friends to Lovers | Comedy | Fluff and Smut | but not really | maybe spoilers for stranger things and good morning call and oitnb | surprise piercings...,Min Yoongi | Suga/Reader Series: That's so you! That's so me! That's so us! [1],yoongi,{'yoongi'}
https://golemlab.eu/graph/6701017,201,One-Time Thing,It's okay to fuck your roommate if it's only a one-time thing.,2016-04-30,4188,Explicit,F/M,Completed,Alternate Universe - Roommates/Housemates | Cocky Yoongi is Cocky | Masturbation | No Strings Attached,Min Yoongi | Suga/Reader,yoongi,{'yoongi'}
https://golemlab.eu/graph/16848778,201,BTS Covers & Angelic Vocals,"You are a Youtuber who does exclusively BTS covers on your channel. You are discovered by Bang Si'Hyuk while scouting for ARMY talent for an upcoming project BTS is doing to give back to their fans. He flies you out to Korea to participate, and that's where you meet Min Yoongi for the first time in real life, along with the other boys of course.",2018-12-04,36566,Mature,F/M,In-Progress,Eventual Smut | Romance | Slow Burn,"Min Yoongi | Suga/Reader, Min Yoongi | Suga/You Series: BTS Loves ARMY [2]",yoongi,{'yoongi'}
https://golemlab.eu/graph/14366826,199,my light in the dark,Darkness scares you.,2018-04-23,820,Not Rated,F/M,Completed,Age Play | Age Play Caregiver Min Yoongi | Suga | Age Regression/De-Aging | Daddy Yoongi | Daddy!Yoongi | Headspace | Little Reader | Little!Reader | Min Yoongi | Suga Is a Sweetheart | Non-Sexual Age Play | caregiver yoongi | caregiver!yoongi | wow damn suddenly i forgot how to tag sHit dawg,Min Yoongi | Suga/Reader,yoongi,{'yoongi'}
https://golemlab.eu/graph/24320698,196,Daechwita,"Min Yoongi is King. By the blood of his enemies, he was king.",2020-05-22,1057,Mature,F/M,Completed,Alternate Universe - Fantasy | Alternate Universe - Historical | Alternate Universe - Royalty | Inspired by Agust D Mixtape | King Min Yoongi | Suga | Yandere Min Yoongi | Suga,Min Yoongi | Suga/Reader,yoongi,{'yoongi'}
https://golemlab.eu/graph/22277074,195,Mutually Beneficial,"Min Yoongi is a vampire in need of a roommate who will let him drink their blood. What he gets is not exactly what he was expecting...or hoping for, but somehow it ends up being much better.",2020-01-16,32590,Teen And Up Audiences,F/M,In-Progress,Alternate Universe - Vampire | Bc at this point you know about as much as I do about where this fic will go | Cuddling & Snuggling | Fluff | Fluff without Plot | Forehead Kisses | Grumpy Min Yoongi | Suga | Human/Vampire Relationship | I am writing this based on a prompt from Tumblr I think... | I'll keep adding tags as things happen | Jeon Jungkook is a Little Shit | Jung Hoseok | J-Hope is a Tease | Kim Namjoon | RM is So Done | Kim Seokjin | Jin Being a Mom | Kim Taehyung | V is a Sweetheart | Look I just like soft Min Yoongi | Mentions of past abuse | Min Yoongi | Suga is Bad at Feelings | Morning Kisses | Namjoon and Jin are worried | No Smut | Or actually I just don't have someone to beta for me | Park Jimin (BTS) Is a Brat | People know about vampires in this world | Roommates | Sleepy Kisses | Slow Burn | Soft Min Yoongi | Suga | Some angst | Supportive BTS | They're all vampires | Vampire Laws | Vampire Min Yoongi | Suga | Vampires | and they were roommates (oh my god they were roommates) | no beta we die like men,Min Yoongi | Suga/Reader,yoongi,{'yoongi'}
https://golemlab.eu/graph/7346962,193,Affection,Where Yoongi needs to sort out how to show his affection more openly.,2016-06-30,1669,General Audiences,F/M,Completed,BTS fluff | Yoongi fluff | bangtam boys | bangtan sonyeondan - Freeform | bts angst | yoongi angst,Min Yoongi | Suga/Reader,yoongi,{'yoongi'}
https://golemlab.eu/graph/12255405,192,appetite,Maybe you shouldn't have said yes.,2017-10-03,3694,Teen And Up Audiences,F/M,Completed,Alternate Universe - Vampire | Angst and Hurt/Comfort | Awkward Flirting | Blood | Blood Drinking | Christmas | Human/Vampire Relationship | Pre-Relationship | Sensuality | Vampire Min Yoongi | Suga,Min Yoongi | Suga/Reader Series: Vampire!Yoongi [4],yoongi,{'yoongi'}
https://golemlab.eu/graph/16940550,191,Drabbles - Min Yoongi,These are 100+ word drabbles from our tumblr @bang-tan-bitches. These are Min Yoongi x Reader pairing.,2018-12-10,7809,Not Rated,F/M,In-Progress,Alternate Universe | Angst | Anything you can imagine really | Daddy Kink | Drama | Fluff | Horror | Humor | Idols | Kidnapping | Mafia AU | Smut | Soulmate AU | Suspense | Thriller | Vampire AU | Werewolf AU | Yandere,Min Yoongi | Suga/Reader Series: Drabbles [3],yoongi,{'yoongi'}
https://golemlab.eu/graph/14365089,189,Bouquet and Needles,"“Yoongi?” you said, surprised. He raised his eyebrows, clearly taken aback too. He looked you up and down, taking in your outfit. He shrugged, “Still hot.” He said. “Wow.” You replied, flushing. How could someone who looks like that be so brash? “Hey! You remember me?” He sighed, rolling his eyes, “I keep telling you, I wasn’t drunk.” You nodded, getting a good look at him, “Yeah, I can tell where I went wrong. Your face looks like you’re always wasted.”",2018-04-19,4681,Teen And Up Audiences,F/M,Completed,Alternate Universe - Flower Shop | Cute Min Yoongi | Suga | Doctor! reader - Freeform | Drinking & Talking | First Meetings | Florist Min Yoongi | Suga | Flower boy! Yoongi | Happy Ending | Light Angst | One Shot | Sassy Reader | They're both sassy shits | and sad | reader is a bit grumpy,Min Yoongi | Suga/Reader,yoongi,{'yoongi'}
https://golemlab.eu/graph/14418549,189,Yoongi x Reader - Debate Team,"You join the debate team expecting friendship and bonding, but you were paired with Min Yoongi - the grey-haired, sharp-tongued, certified asshole of the group.",2018-04-24,4320,Teen And Up Audiences,F/M,Completed,Arguments | Debate Club | Explicit Language | Fluff | Hate to Love | Min Yoongi | Suga Is a Little Shit | Romance | debates | i love him tho | no but he really is a little shit,Min Yoongi | Suga/Reader,yoongi,{'yoongi'}
https://golemlab.eu/graph/19442530,187,Piano Lessons From A Demon,"“You’re late.” The piano demon glowers from the edge of the piano bench that’s back into place as you flick the light on, rubbing the heel of your palm to your face which was swollen with the best sleep you’ve gotten in days.",2019-07-02,8804,Not Rated,F/M,Completed,Biting | Bruising | Choking | Cunnilingus | Demon | Demon Sex | Demon Smut | Demon Yoongi | Hickies | Marking | Smut | cursing | dark back story | female orgasms | male orgasms | piano lessons from a demon,"Min Yoongi | Suga/Reader, Suga x Reader - Relationship, Yoongi x Reader",yoongi,{'yoongi'}
https://golemlab.eu/graph/8364835,186,Running Late,"You're waiting for Yoongi to come home, but—as usual—he's running late. You decide to wait for him at the dorm with the other members, and when he finally does arrive he makes you wait just a little longer for what it is you really want. *Takes place before the release of his mixtape.*",2016-10-24,2631,Explicit,F/M,Completed,Cunnilingus | Eating out | Fingering | Hand Jobs | Masturbation | Moaning | One-Shot | Oral | Orgasm Denial | Overstimulation | Penetrative Sex | Pre mixtape release | Precum | Sex | Vaginal Sex | Voyeurism | Yoongi/Reader - Freeform | cum | light marking,Min Yoongi | Suga/Reader,yoongi,{'yoongi'}
https://golemlab.eu/graph/9921017,186,Pepero Day,"a few months after you and your ex broke up, it's that time of the year again. That time of the year where couples are stuck to eachother's lips and suddenly there's couples all over the place, rubbing it in your face how lonely you were. Feeling bitter and annoyed, you decide to spend that awful holiday inside your apartment, having your equally as indifferent and sarcastic best friend over for a movie night with zombies, snacks and booze. Love is stupid and overrated, you both agree on that. Right?",2017-02-25,5770,Mature,F/M,Completed,Best Friends | Drunk Sex | Fluff and Smut | Friends to Lovers | Oral Sex | Sex Between Friends | Vaginal Fingering | Valentine's Day | Valentine's Day smut,Min Yoongi | Suga/Reader,yoongi,{'yoongi'}
https://golemlab.eu/graph/20968889,184,Honey Bear,"When Yoongi and you find out the only solution to the two of you getting some sleep is by doing so together, an arrangement is made to be each other’s ”teddy bears”... or at least that was the case until you found yourself catching feelings and replacing him with an actual teddy bear to snuggle with at night.",2019-10-09,3115,Not Rated,F/M,Completed,College!AU | Fluff | kpop,"Min Yoongi | Suga/Reader, Min Yoongi | Suga/You",yoongi,{'yoongi'}
https://golemlab.eu/graph/28491486,184,Restless Sleep,"When it seems like one of you is always asleep, spending quality time together becomes easier to do in dreamworld, especially when you're clear with Yoongi exactly what it is you've been fantasizing about.",2021-01-02,4499,Explicit,F/M,Completed,Blow Jobs | Come Eating | Come Swallowing | Comeplay | Consensual Somnophilia | Creampie | Cuddling & Snuggling | Dirty Talk | Established Relationship | Face-Fucking | Grinding | Kink Exploration | Oral Sex | Sex | Smut | Somnophilia | Vaginal Sex,Min Yoongi | Suga/Reader,yoongi,{'yoongi'}
https://golemlab.eu/graph/11559144,184,You're Mine,"This is the third in a BTS OneShot Series based on a prompt list I ran across! Yoongi's story is based on the prompt: You’re staying over, take my bed, I’ll sleep on the couch, yes i am yes i am yes i am yes i am no you’re not yes i am FINE WE’LL BOTH TAKE THE BED, happy!!??",2017-07-20,4004,Mature,F/M,Completed,Angst | Comfort | Fluff and Angst | Implied/Referenced Abuse | Mild Smut | One Shot | Protective Min Yoongi | Suga,Min Yoongi | Suga/Reader Series: BTS Bed Sharing Series [3],yoongi,{'yoongi'}
https://golemlab.eu/graph/6825379,183,trapped,"She’s glowering and he thinks it’s probably not at him.  At least he hopes not, it’s not like it’s his fault the elevator broke-  “This is all your fault,” she seethes.",2016-05-12,3566,Teen And Up Audiences,F/M,Completed,Cussing | its not actually the reader its a nameless female,Min Yoongi | Suga/Reader,yoongi,{'yoongi'}
https://golemlab.eu/graph/18576871,181,Taste,"A drabble set prior to the events of Volume, somewhere within the events of its planned prequel Tongue-Tied wherein Min Yoongi watches YN at a party and thinks about how badly he wants to eat her out.",2019-04-23,1463,Explicit,F/M,Completed,Drabble | Oral Sex | also yoongi being whipped af for reader | it's mostly just yoongi daydreaming hard about going down | well references to oral sex,Min Yoongi | Suga/Reader Series: Volume Series [2],yoongi,{'yoongi'}
https://golemlab.eu/graph/12931002,181,good bad boy,Babyboy (finally) wants to be good for Mommy.,2017-12-12,1401,Not Rated,F/M,Completed,Age Play | Age Play Little Min Yoongi | Suga | Age Regression/De-Aging | Cute Min Yoongi | Suga | MD/LB - Freeform | Min Yoongi | Suga is Bad at Feelings | Non-Sexual Age Play | Non-Sexual Kink | cutecutefluff | mdlb,Min Yoongi | Suga/Reader,yoongi,{'yoongi'}
https://golemlab.eu/graph/13885482,181,Late; Yoongi x reader smut {OneShot},"Warnings; Smut, toys, Daddy kink, orgasm denial, punishment, spanking",2018-03-06,1059,Explicit,F/M,Completed,Fanfiction | Oneshot | Shameless Smut,Min Yoongi | Suga/Reader,yoongi,{'yoongi'}
https://golemlab.eu/graph/15729741,179,Untitled Yoongi and Photographer! Reader,"A series I crafted from a request on my tumblr: ANONYMOUS ASKED: COULD YOU DO A SMUT WITH YOONGI WHERE YOU 2 HATE EACH OTHER BUT YOUR FORCED TO RIDE ON HIS LAP IN THE CAR AND THE BUMPS AND TURNS CAUSE SOME PROBLEMS FOR YOONGI, YOU NOTICE AND DECIDE TO MAKE IT WORSE. O////O.",2018-08-19,4200,Explicit,F/M,In-Progress,Car Sex | Edgeplay | Enemies to Lovers | Fingerfucking | Fingering | Frenemies | Fucking | Hand Jobs | Porn With Plot | Public Hand Jobs | Revenge | Semi-Public Sex | Shameless Smut | Smut | Teasing | Vaginal Fingering | kind of funny | photographer,Min Yoongi | Suga/Reader,yoongi,{'yoongi'}
https://golemlab.eu/graph/10523325,178,Command (M),"When your childhood friend suggested a bet, you had no idea what was on his mind.",2017-04-02,2587,Mature,F/M,Completed,Fluff and Smut | One Shot,Min Yoongi | Suga/Reader,yoongi,{'yoongi'}
https://golemlab.eu/graph/17638160,177,Rate Me,"""Still think I'm just a six outta ten in bed?""",2019-02-03,1999,Explicit,F/M,Completed,Explicit Sexual Content | Overstimulation | Truth or Dare | slight exhibitionism kink,"Min Yoongi | Suga/Reader, Min Yoongi | Suga/You",yoongi,{'yoongi'}
https://golemlab.eu/graph/7139183,176,Catch Me Now,"Working at Großer Schlag has its drawbacks - short skirts, sarcastic staff, drunken customers - but desperate times call for desperate measures.",2016-06-08,6201,Teen And Up Audiences,F/M,Completed,Bartender AU | Bartender Yoongi | German Bar | Security Guard Namjoon | Stalker | Yoongi fluff | yoongi scenarios,Min Yoongi | Suga/Reader,yoongi,{'yoongi'}
https://golemlab.eu/graph/12415008,175,Silent Flower | Min Yoongi x Gender Neutral Reader,"They say words can tear apart the soul. But what if the soul being targeted was already torn apart? Making the mute kid feel as much pain as he had was his mission, but what if it wasn't what he thought it would be?",2017-10-19,5119,General Audiences,F/M,Completed,BTS x Reader | Boy x Girl | Boy x boy | Gender Neutral | bts imagine | bts oneshot | bts scenario | bts x male reader - Freeform | cr: littlespace | kpop imagine - Freeform | kpop oneshot | kpop scenario | kpop x male reader | kpop x reader | male x female | male x male,"Min Yoongi | Suga/Reader, min yoongi | suga/male reader",yoongi,{'yoongi'}
https://golemlab.eu/graph/22322998,173,Intimidation: A Trilogy,In which you think Yoongi is intimidating bc of his dark clothing and his quiet ‘don’t give a fuck’ attitude… but then someone makes him laugh and you watch as his face lights up in the cutest gummy smile complete with shining eyes and blushing cheeks and BOOM you’re whipped for that boy.,2020-01-19,6270,Mature,F/M,In-Progress,Alternate Universe - College/University | Complete | Eventual Smut | Fluff | Fluff and Humor | Min Yoongi | Suga Is Whipped | Min Yoongi | Suga is a Mess | Smut,Min Yoongi | Suga/Reader,yoongi,{'yoongi'}
https://golemlab.eu/graph/14041533,172,budapest.,"Over many years and across several dozen cities, you fell in love. Yoongi x Reader",2018-03-21,11093,Mature,F/M,Completed,Alternate Universe - Spies & Secret Agents | Fluff | Fluff and Smut | Jeon Jungkook is a Little Shit | Min Yoongi | Suga is Bad at Feelings | Smut | Spies & Secret Agents | and tae has zero sense of direction | jimin is a whiny mochi with a praise kink,Min Yoongi | Suga/Reader,yoongi,{'yoongi'}
https://golemlab.eu/graph/15270360,171,Send Me Anywhere,"You love your life, but everyone occasionally wants to be somewhere else.  Wants to escape.  Wonders what a different world would be like.  Wishes to simply disappear, or be somewhere else, to transport themselves in their mind or body.  Your imagination and daydreams have always taken you far enough, until you meet Min Yoongi.",2018-07-13,39953,Teen And Up Audiences,F/M,Completed,Angst | Angst with a Happy Ending | Fluff | Fluff and Angst | Jeon Jungkook is a Good Friend | Jeon Jungkook is a Little Shit | Magic | Magical Realism | Min Yoongi | Suga is Bad at Feelings | Namjoon is a nerd | Rapper Jung Hoseok | J-Hope | Rapper Kim Namjoon | RM | Singer Jeon Jungkook | Singer Kim Taehyung | V | Sort Of | Tae Jin Jimin and Jungkook are in a band | Yoongi is their manager | hoseok is a nerd,Min Yoongi | Suga/Reader,yoongi,{'yoongi'}
https://golemlab.eu/graph/26969065,170,Tongue-Tied,"(Prequel to Volume) Your friendship with Min Yoongi started rather chaotically and with a lack of much initial communication, but eventually, he became as dear to you as your closest friends. With time and a bit of opening up, the seemingly tough and cold underground rapper transformed from a polite acquaintance to someone you knew you could rely on and who you enjoyed spending time with, even without the presence of Jimin or Tae. However, once your relationship with your boyfriend crumbled, Yoongi’s actions began to confuse you beyond words. The seduction and mind-blowing touches he shared with you indicated interest, but the return of that lack of communication left you to wonder if he actually liked you or if he was just playing around due to a lack of other options. Eventually, you knew you’d have to gather the courage to ask him what his feelings and true intentions might be. If he would stop distracting you from speaking with his overwhelming tongue-technology.",2020-10-13,69278,Explicit,F/M,Completed,Angst | Break Up | Cunnilingus | Dirty Talk | First Meetings | Fluff and Smut | Friends to Lovers | Hand Jobs | Masturbation | Vaginal Fingering | Vaginal Sex | jimin and tae continue to be little shits yet also wholly loveable | namjoon and the reader from my series safe with me make an appearance | reader has a nickname (sweets) | reader is in an established relationship at first | there will be bonus yoongi pov chapters | yoongi seems all cold but is actually the softest lovestruck fluff,Min Yoongi | Suga/Reader Series: Volume Series [3],yoongi,{'yoongi'}
https://golemlab.eu/graph/14465370,168,Tell Me You Love Me,"You grew up to be quiet, only speaking to your family. But one day, Min Yoongi came into your life.",2018-04-28,4672,Teen And Up Audiences,F/M,Completed,Alternate Universe - College/University | Angst | Anxiety | Fluff | Fluff and Angst | One Shot | Reader-Insert | Romance | SelectiveMute!Reader | mute!reader - Freeform | reader - Freeform | selective mutism,Min Yoongi | Suga/Reader,yoongi,{'yoongi'}
https://golemlab.eu/graph/16879188,167,the singularity theory,"➾ the singularity theory posits that privilege of anonymity, combined with the element of restricted physical contact, has the ability to foster an emotional intimacy between two strangers that is genuine and non-forced. ➾ summary: in your last year of undergrad, you find out what a gloryhole is at the expense of your final year thesis. it’s a classic example of a psychology experiment that went way, way wrong. but how were you to know that a certain min yoongi would be sticking his dick into your life?",2018-12-06,30148,Mature,F/M,Completed,,Min Yoongi | Suga/Reader,yoongi,{'yoongi'}
https://golemlab.eu/graph/20847791,167,Buttercup.,"Min Yoongi wears leather jackets, fucks you like he hates you, spends most of his days on the wrong side of a blunt, and calls you the sweetest names when no one else is around. And you definitely aren’t falling in love with him.",2019-10-01,6572,Explicit,F/M,In-Progress,Alternate Universe - College/University | Degradation | Dirty Talk | Dom Min Yoongi | Suga | Excessive use of pet names | Hair-pulling | Oral Sex | Praise Kink | Recreational Drug Use | Smut | Soft Dom Min Yoongi | Suga | nonidol!au | slight dumification | stoner!yoongi | yoongis hands,Min Yoongi | Suga/Reader,yoongi,{'yoongi'}
https://golemlab.eu/graph/24944815,167,To Love an Empress,"Despite the acrimonious beginning to your relationship, Yoongi is drawn to you.",2020-06-27,9809,Explicit,F/M,Completed,Emperor Yoongi | Fluff | Historical AU | Secret Admirer | Smut | based on henry vii and elizabeth of york | daechwita yoongi | inspired by the white princess | king yoongi,"Min Yoongi | Suga/Reader, Min Yoongi | Suga/You",yoongi,{'yoongi'}
https://golemlab.eu/graph/23057242,167,To Look Within,"Strange to see the pieces laying there on the floor, so perfect when placed together save for the web of cracks along the surface.",2020-03-07,2424,Explicit,F/M,In-Progress,Alternate Universe | Angst | Cheating | Mutual Pining | POV Female Character | POV Second Person | Past Infidelity | Post-Traumatic Stress Disorder - PTSD | Reader-Insert | Sexual Content | Swearing | Therapist Kim Namjoon | RM,Min Yoongi | Suga/Reader Series: Without Within [2],yoongi,{'yoongi'}
https://golemlab.eu/graph/23837293,164,Corrupted | 18+ Yandere,"You’re the sweetest of fruits, the aura of purity surrounding you sparks a fire within Min Yoongi that has him utterly smitten with an obsessive need for you in every way possible. He brings you into his world as his personal secretary, but in reality he doesn’t need it. What he craves with his entire being is to corrupt the pure angel that is you with his carnal desires.",2020-04-25,5865,Explicit,F/M,Completed,Boss Min Yoongi | Dom Min Yoongi | Suga | Top Min Yoongi | Suga | Yandere Min Yoongi | Suga | bts smut | min yoongi smut | yoongi smut,Min Yoongi | Suga/Reader,yoongi,{'yoongi'}
https://golemlab.eu/graph/19080553,163,Toke Temptation,You accidentally confess your feelings to Yoongi during a smoke sesh,2019-06-03,3063,Explicit,F/M,Completed,Alternate Universe - College/University | Cussing | Dom/sub Undertones | Drug Use | Fluff | Friends to Lovers | Oral Sex | PWP | Shotgunning | Smut | Stonger Yoongi | Unprotected Sex | Vaginal Fingering | pussy slapping,Min Yoongi | Suga/Reader,yoongi,{'yoongi'}
https://golemlab.eu/graph/17558216,163,Give It To Me,"Choi SooMin's life as a camgirl was anything but ordinary. It took some time to get used to the expensive gifts and odd request from her customers,but eventually she settled in nice to the lifestyle. After all, without an alpha by her side it was the only way she could make money as an omega. OR Min Yoongi,aka Agust D, is a underground rapper who finds out a cute little omega camgirl gets off in her videos with his music playing in the background.",2019-01-27,3065,Mature,F/M,In-Progress,Alpha/Beta/Omega Dynamics | Alpha/Omega | Camgirl | Concerts | Dom Min Yoongi | Suga | Face-Fucking | Finger Sucking | Knotting | Rough Sex | Underground Rapper Jung Hoseok | J-Hope | Underground Rapper Kim Namjoon | RM | Underground Rapper Min Yoongi | Suga | Vaginal Fingering,Min Yoongi | Suga/Reader,yoongi,{'yoongi'}
https://golemlab.eu/graph/13097697,163,Poles,"On the two hours of sitting across from Min Yoongi, you learned a couple of things about him: 1. When your student mentioned Yoongi's style of music, he might have purposefully left out the fact that your date was more into the hip-hop and rap sort of thing, an area you never ventured upon nor found any interest in. 2. He is an idol. A very famous one at that. Yoongi almost choked on his Americano when you asked what his job was. 3. He is a reserved type of guy, only echoing your questions to keep up the conversation. 4. You were very attracted to him in a very strange way.",2017-12-22,5453,Teen And Up Audiences,F/M,Completed,Fluff | Mentions of Smut | One-Shot | Violinist!Reader | wink wonk,Min Yoongi | Suga/Reader,yoongi,{'yoongi'}
https://golemlab.eu/graph/12255447,162,talk,"A drunken question, a sober answer.",2017-10-03,242,Teen And Up Audiences,F/M,Completed,Alcohol | Alternate Universe - Vampire | Drabble | Drunkenness | Fluff | Human/Vampire Relationship | Vampire Min Yoongi | Suga,Min Yoongi | Suga/Reader Series: Vampire!Yoongi [6],yoongi,{'yoongi'}
https://golemlab.eu/graph/10959753,162,Caught,Your plan was to stop by and drop some cakes off for your neighbors.  You weren't planning on catching Min Yoongi masturbating,2017-05-21,3198,Explicit,F/M,Completed,Light Choking | Oppa Kink | Rough Sex | Smut,Min Yoongi | Suga/Reader,yoongi,{'yoongi'}
https://golemlab.eu/graph/38578866,162,Dating advice,"It’s been months – ok, it’s been years – since you last went on a date. And you’re sick of it. Sick of seeing couples kissing and holding hands in the street. Sick of your friends settling down. Sick of everyone buying houses and having families. You’re going to do something about it. You’re going to snap up a man, you’re going to tie someone down, you’re going to finally commit, you’re going to – you’re going to need a bit of advice.",2022-04-24,21017,Mature,F/M,Completed,Angst | Bar Owner Yoongi | Eventual Smut | Explicit Sexual Content | Fake Dating | Fluff | Other Additional Tags to Be Added | Sex | Slow Burn | Smut | Strangers to Friends to Lovers | Strangers to Lovers | kind of at one point | lots of inner thoughts | mention of death (very minor) | mentions of misogyny | reader has bad feelings about herself | safe sex,Min Yoongi | Suga/Reader,yoongi,{'yoongi'}
https://golemlab.eu/graph/17418116,162,Revenge,tumblr is lustfuldevils ______ Yoongi is a fuckboy and a man that is playing with your heart so to get revenge you make him jealous but only ends up with you two in the bathroom stall. fuckboy!Yoongi!au,2019-02-10,3092,Mature,F/M,Completed,Creampie | Dirty Talk | Exhibitionism | Jealous Yoongi | NSFW | Smut | dominant yoongi,Min Yoongi | Suga/Reader,yoongi,{'yoongi'}
https://golemlab.eu/graph/18380045,161,Talking Bodies,"Min Yoongi, AKA Suga, is currently ranked third on the list of Best Male Korean Pornstars. You're currently ranked first on the list of Best Female Korean Pornstars, known for leaving men walking off set with their heads down, embarrassed for finishing too quickly. Here's the story of how one standard 'Pizza Delivery Boy' shoot turns into the rest of your life.",2019-04-07,42059,Explicit,F/M,Completed,Alternate Universe - Porn | Breathplay | Daddy Kink | Explicit Sexual Content | Filming | Kitchen Sex | Multiple Orgasms | Sensory Deprivation | Threesome - F/M/M | Vibrators,Min Yoongi | Suga/Reader,yoongi,{'yoongi'}
https://golemlab.eu/graph/20884916,160,Studio,In which I am entirely self-indulgent and write the 'riding Yoongi in his studio chair' trope. Because yum.,2019-10-03,2415,Explicit,F/M,Completed,Degradation | Dom Min Yoongi | Suga | Oral Sex | PWP | Spanking | Spit Kink | Underground Rapper Min Yoongi | Suga | Unprotected Sex,Min Yoongi | Suga/Reader,yoongi,{'yoongi'}
https://golemlab.eu/graph/23044582,159,Priorities,Yoongi hadn’t meant to keep you waiting so late.,2020-03-06,1627,Explicit,F/M,Completed,Explicit Language | Explicit Sexual Content | Fluff | Originally Posted on Tumblr | Reader-Insert | Smut,Min Yoongi | Suga/Reader,yoongi,{'yoongi'}
https://golemlab.eu/graph/16498919,158,Suga Daddy,"I was an Army through and through , and at my first concert where I was able to be in the front row , I locked eyes with Suga and it was all over from there ***SLOW UPDATES***",2018-11-02,59274,Explicit,F/M,Completed,Blow Jobs | Car Sex | Loss of Virginity | Multiple Orgasms | Oral Sex | Rough Sex,Min Yoongi | Suga/Reader,yoongi,{'yoongi'}
https://golemlab.eu/graph/20748170,158,Backalley Brawl,"You've been followed by a werewolf all day, and you're done being stalked in the night. Somehow, you didn't expect him to ask for your help with a rather sensitive problem. or; yoongi's in rut and needs your help getting off.",2019-09-23,3562,Explicit,F/M,Completed,Alpha Min Yoongi | Suga | Deepthroating | FaceFucking | Oral Sex | Plot What Plot/Porn Without Plot | References to Knotting | Rough Sex | Semi-Public Sex | Unprotected Sex | Werewolf Min Yoongi | Suga | vampire reader,Min Yoongi | Suga/Reader Series: lets get spooky [2],yoongi,{'yoongi'}
https://golemlab.eu/graph/5098832,157,Personal evaluation,"He doesn’t care about formality. Oppa is fine or better yet, his name.",2015-10-29,2278,Mature,F/M,Completed,Alternate Universe - Idols | First Time | Mild Sexual Content | Smut,"Min Yoongi | Suga/Reader, Min Yoongi | Suga/You",yoongi,{'yoongi'}
https://golemlab.eu/graph/27672424,157,Never Have I Ever,"You're sick of lackluster experiences with the usual dating apps. This time your friend recommends a new app that's unlike all the rest. It's a kind of sex roulette: You don't know who you'll get or what they'll look like... You provide a list of ""won't do"" and ""want to"". You're given a meet up location, a time, then the fun begins.",2020-11-22,7093,Mature,F/M,Completed,Beast - Freeform | Hybrid - Freeform | Hybrid cock | Licking | Oral Sex | Roulette - Freeform | Sex | Soft Daddy Yoongi | Taking Chances | Unprotected Sex | surprise,Min Yoongi | Suga/Reader Series: Stumble Upon [10],yoongi,{'yoongi'}
https://golemlab.eu/graph/21492523,157,Lil Meow Meow,Yoongi is a good boy who wants to cum very very badly for you.,2019-11-19,656,Explicit,F/M,Completed,Anal Sex | Begging | Cat Hybrid Min Yoongi | Suga | Cat/Human Hybrids | Cute Min Yoongi | Suga | Dirty Talk | Dom/sub Play | Dominate Female | Dominatrix | Feminization | Hybrids | Omorashi | Rough Sex | Size Kink | Strap-Ons | Sub Min Yoongi | Suga | Submissive Character | Watersports | dom reader | lots of lube | mentions of fisting,Min Yoongi | Suga/Reader Series: Bangtan Monster Mash [2],yoongi,{'yoongi'}
https://golemlab.eu/graph/17359445,156,Breathe,"The night before your wedding to a man you couldn't find any more repugnant, you seek out the mercantile aid of an unscrupulous space pirate.",2019-01-09,2515,Teen And Up Audiences,F/M,Completed,Alternate Universe - Aliens | Alternate Universe - Space | Crack | POV Second Person | cute misunderstandings,"Min Yoongi | Suga/Reader, Min Yoongi | Suga/You Series: Dig Deep [2]",yoongi,{'yoongi'}
https://golemlab.eu/graph/16944465,156,In Heat,None,2018-12-11,255,Mature,F/M,Completed,Cat Hybrid Min Yoongi | Suga | Cat/Human Hybrids | Erections | Established Relationship | Hybrid Min Yoongi | Suga | Hybrids | Implied Sexual Content | Mating Cycles/In Heat | Mild Smut,Min Yoongi | Suga/Reader,yoongi,{'yoongi'}
https://golemlab.eu/graph/6801406,156,Afflatus,"He spewed hurtful words, you gave him silence in return, and that just won't do.",2016-05-09,3370,Explicit,F/M,Completed,Explicit Sexual Content | Little bit of fluff at the end,Min Yoongi | Suga/Reader,yoongi,{'yoongi'}
https://golemlab.eu/graph/29390514,156,The Sevenfold Path - Yoongi,"The Min clan boasts the power of foresight, the much-coveted ability to read the future. Yoongi has already claimed to know yours, but he is frustratingly unwilling to share. Can you come to trust him enough to guide you into the future that only he can see? (Begin by reading The Sevenfold Path - Prologue)",2021-02-13,40013,Teen And Up Audiences,F/M,Completed,Alternate Universe | Reader-Insert | WITCHES AU | magical au,Min Yoongi | Suga/Reader Series: The Sevenfold Path [6],yoongi,{'yoongi'}
https://golemlab.eu/graph/12634218,156,Struck,A compass is embedded on your wrist that leads you to your soulmate. It's everyone's dream to find their one and only and be with them forever. You didn't believe in soulmates. You didn't want to. You were scared of forever. But he made you want to believe.,2017-11-05,17981,Not Rated,Gen,In-Progress,Alternate Universe - Soulmates | Angst | Developing Relationship | Fluff | Soulmates,Min Yoongi | Suga/Reader,yoongi,{'yoongi'}
https://golemlab.eu/graph/16665319,156,Rational Decisions,Yoongi has given up on the idea of having it all. He's made his choices and is willing to deal with them. That is..until YOU came around.,2018-11-19,103258,General Audiences,F/M,In-Progress,Idol Min Yoongi | Suga | Light Angst | Little Bit of Everything | mature content throughout,Min Yoongi | Suga/Reader,yoongi,{'yoongi'}
https://golemlab.eu/graph/5630824,155,Cake Shaming,Maybe he'd yell at you if you said it was cute. [Yoongi (Suga)/Reader],2016-01-04,1021,General Audiences,F/M,Completed,Fluff | Romance | it's really cute ok,Min Yoongi | Suga/Reader,yoongi,{'yoongi'}
https://golemlab.eu/graph/24563353,155,don't rush,"You know, when Min Yoongi's face isn't screwed into an accusatory scowl, he looks exactly like the kind of guy you'd have no trouble falling in love with. Or, the conservatory au where Yoongi helps you get over your stage fright. In more ways than one.",2020-06-05,29024,Explicit,F/M,In-Progress,Alternate Universe - College/University | Enemies to Friends to Lovers | Explicit Sexual Content | Fluff | Fluff and Smut | Mutual Masturbation | Mutual Pining | Oral Sex | Orgasm Delay/Denial | Pianist Min Yoongi | Suga | Public Sex | Semi-Public Sex | Smut | Vaginal Fingering | Violinist Reader | side Taekook - Freeform,"Min Yoongi | Suga/Reader, Min Yoongi | Suga/You",yoongi,{'yoongi'}
https://golemlab.eu/graph/12255390,155,answer,"""I want you to tell me no.""",2017-10-03,1801,Teen And Up Audiences,F/M,Completed,Alternate Universe - Vampire | Ambiguous/Open Ending | Blood | Blood and Injury | Christmas | Human/Vampire Relationship | Pre-Relationship | Vampire Min Yoongi | Suga,Min Yoongi | Suga/Reader Series: Vampire!Yoongi [3],yoongi,{'yoongi'}
https://golemlab.eu/graph/13732845,154,bass boosted,"in which your asshole of a neighbour blasts out his tracks at full volume when his roommate is not around, you have to deal with him",2018-02-19,8405,Teen And Up Audiences,F/M,In-Progress,Cute Min Yoongi | Suga | Grumpy Min Yoongi | Suga | Jung Hoseok | J-Hope & Min Yoongi | Suga are Best Friends | Kim Seokjin | Jin Being a Mom | Kim Seokjin | Jin is a Good Hyung | Mentioned Jeon Jungkook | Mentioned Jung Hoseok | J-Hope | Mentioned Kim Namjoon | Rap Monster | Mentioned Kim Seokjin | Jin | Mentioned Park Jimin | Min Yoongi | Suga Is Whipped | Min Yoongi | Suga Is a Little Shit | Min Yoongi | Suga is Bad at Feelings | Min Yoongi | Suga is So Done | Producer Min Yoongi | Suga | Smitten Jeon Jungkook,"Min Yoongi | Suga/Reader, Min Yoongi | Suga/You Series: social media au [2]",yoongi,{'yoongi'}
https://golemlab.eu/graph/30918503,154,Something You Like,"There had been talks that BTS’s rapper, Min Yoongi had recently bought a property around your neighborhood. You didn’t really pay attention to that buzz, knowing full well that he most likely won’t pick out a unit in your building. You had figured that he would go for the townhouse type of real estate where he gets his own establishment instead of a shared suite on a single floor. But here he is. In the elevator with you.",2021-04-26,12373,Explicit,F/M,Completed,Alternate Universe - Modern Setting | Eventual Romance | Eventual Smut | Fluff and Smut | Masterbation | Neighbor Min Yoongi | Suga | Smut | Strangers to Lovers,Min Yoongi | Suga/Reader,yoongi,{'yoongi'}
https://golemlab.eu/graph/15277428,153,What You Need,Yoongi forgot to eat earlier and now it's too late for him to go out and find blood. He's all alone with you and he's not sure that he can hold back from you.,2018-07-13,2970,Teen And Up Audiences,F/M,Completed,Alternate Universe - Vampire | Clit Play | Clit Stimulation | Human | Sex | Smut | Vampire Min Yoongi | Suga | Vampire Sex | Vampires | Yoongi - Freeform | Yoongi is nervous | human reader | light blood play | vampire,Min Yoongi | Suga/Reader Series: Bangtan One-shots [7],yoongi,{'yoongi'}
https://golemlab.eu/graph/12839871,152,Waiting Game,"You and Yoongi both know you’re extremely attracted to each other, so what’s stopping you from sleeping together?",2017-11-27,8716,Mature,F/M,Completed,Alternate Universe - College/University | Angst | Fluff | Masturbation | Mutual Masturbation | Slow Burn | Smut | Waiting | chocopie addiction,Min Yoongi | Suga/Reader,yoongi,{'yoongi'}
https://golemlab.eu/graph/18731764,151,"Star Light, Star Bright",Love and emotion were too fickle to be set in stone. Yoongi wondered if someone was even made for him because the letters on his milky skin- as prominent and bold as they were- seemed too far out of reach.,2019-05-06,4383,General Audiences,F/M,Completed,Alternate Universe - College/University | Alternate Universe - Soulmates | Angst | Enemies to Lovers | Fluff | Slow Burn | Soulmate-Identifying Marks,Min Yoongi | Suga/Reader,yoongi,{'yoongi'}
https://golemlab.eu/graph/11883375,150,A N A T H E M A-,"The night seemed to swallow you. It tortured your sleep, it gnawed at your emotions. It was all about to be over until, you pass him. Locking eyes with you, he knew something was off. You didn't need his help, but he didn't take no for an answer. Min Yoongi x Depressed! Anxiety! Reader Some events are my personal experiences, please do NOT read if you are easily triggered. This fiction is inspired by the Twenty One Pilots song Anathema. All rights reserved.",2017-08-23,682,Mature,F/M,Completed,Angst and Hurt/Comfort | Angst with a Happy Ending | BTS x Reader | Fluff and Angst | Psychological Drama | Psychological Torture | Psychological Trauma | smut? | suga x reader | yoongi x reader - Freeform,"Min Yoongi | Suga/Reader, Min x reader",yoongi,{'yoongi'}
https://golemlab.eu/graph/14828505,150,Instincts,"Of all the things Yoongi expected out of his life, getting lost in the forest and getting trapped between the edge of a cliff and a huge ass wolf wasn’t one of them. But, watching that wolf morph into a naked woman sure as hell wasn’t part of his plans.",2021-09-12,32362,Mature,F/M,Completed,Adorable Min Yoongi | Suga | Aftercare | Alpha/Beta/Omega Dynamics | Alternate Universe - College/University | Bottom Min Yoongi | Suga | Children of Characters | Cute Min Yoongi | Suga | Depressed Min Yoongi | Suga | Epic Friendship | Eventual Smut | Grumpy Min Yoongi | Suga | He’s Really Sweet Though | He’s So Cute And Shy | Human Min Yoongi | Suga | Idiots in Love | It’s Only By Two Years Though | Living Together | Lots of Fluff & Hurt/Comfort | Marriage Proposal | Mates | Mating Bites | Mating Cycles/In Heat | Min Yoongi | Suga & Reader are Soulmates | Min Yoongi | Suga Is Whipped | Min Yoongi | Suga is Bad at Feelings | Min Yoongi | Suga-centric | Mostly Hurt/Comfort | Moving In Together | Oblivious Min Yoongi | Suga | Occasional angst | Other Additional Tags to Be Added | Pet Names | Praise Kink | Reader Is An Absolute Sweetheart | Reader Is Older Than Yoongi | SO MUCH FLUFF | Scent Marking | Sexual Tension | Shy Min Yoongi | Suga | Slow Burn | Soft Min Yoongi | Suga | Sort Of | Sub Min Yoongi | Suga | They Fall in Love Very Slowly | Tooth-Rotting Fluff | Unplanned Pregnancy | Wolf Shifter! Hoseok | Wolf Shifter! Jimin | Wolf Shifter! Jin | Wolf Shifter! Jungkook | Wolf Shifter! Namjoon | Wolf Shifter! Reader | Wolf Shifter! Taehyung | Yoongi And The Members Are All Best Friends | Yoongi Being A Lovestruck Dork | music production major min Yoongi | suga | reader has abandonment issues | soft smut | top reader | yoongi has trust issues,Min Yoongi | Suga/Reader,yoongi,{'yoongi'}
https://golemlab.eu/graph/16589858,149,Trophy Boyfriend,Fucking the shit out of your new secretary Yoongi proves to be a risky endeavor — Given that you believe him to be a spy from your number one rival company.,2018-11-12,37393,Explicit,F/M,Completed,Action/Adventure | Aftercare | Anal Gaping | Anal Sex | Anal creampie | BDSM | Business AU | CEO!Reader | Car Accidents | Ceo!hoseok | Cock & Ball Torture | Cockwarming | Coming Untouched | Cunnilingus | Dom/sub | Drooling | Dry Humping | Edging | Enemies to Lovers | Eventual Happy Ending | Eventual Smut | Face Slapping | Femdom | Fights | Fingering | Hardcore | Hurt/Comfort | Lube | Milking | Minor Injuries | Name-Calling | Outdoor Sex | Porn With Plot | Protected Sex | Riding | Scent Kink | Sex in a Car | Spanking | Sub Min Yoongi | Suga | Suspense | Threats of Violence | Vaginal Sex | Veins Kink | banknotes-as-gag | brat taming | brat!yoongi | chef!sunmi | communications officer!rm | development officer!hyuna | dom!reader | ex-secretary!jin | hr officer!jimin | marketing officer!eonjin | necktie as wrist restraint | no prep | receptionist!taehyung | secretary!yoongi | sex in a vault | sub!yoongi | submissive yoongi | thigh riding,Min Yoongi | Suga/Reader,yoongi,{'yoongi'}
https://golemlab.eu/graph/13922442,148,Almost One Year Without You,11 months since you left 10 months since I found out 9 months since I began planning 8 months since I started decorating 7 months since I started thinking of names 6 months since I found out the gender 5 months since I planned the shower 4 months since I started painting 3 months since I started putting together the crib 2 months since my maternity leave began 1 month since I had our baby,2018-03-10,9812,Teen And Up Audiences,F/M,In-Progress,Angst | Cute | Fluff and Angst | Heartbreak | Sad,Min Yoongi | Suga/Reader,yoongi,{'yoongi'}
https://golemlab.eu/graph/14708360,147,Breakfast,"The morning after a wild, drunken night with your best friend is never easy. And you’d venture it’s safe to say Min Yoongi is working extra hard to make this the most confusing morning you’ve had in a while.",2018-05-19,5431,Mature,F/M,Completed,Fluff | Morning After | Smut,Min Yoongi | Suga/Reader,yoongi,{'yoongi'}
https://golemlab.eu/graph/16692973,147,Choices,"You didn’t think that when you woke up this morning you were going to go out and buy a hybrid. But really, ending up with this stupid cat might be the best thing that ever happened to you. Much to both you and Yoongi’s chagrin.",2018-11-21,5346,Mature,F/M,In-Progress,Cat/Human Hybrids | Fluff | Hybrids | Jealousy | Light Angst | Possessive Behavior | Smut,Min Yoongi | Suga/Reader,yoongi,{'yoongi'}
https://golemlab.eu/graph/29941332,146,Moving on,Your best friend offers up the spare room in Yoongi and your shared flat to your asshole ex for the duration of her wedding. Yoongi makes sure he knows you've moved on.,2021-03-09,8298,Explicit,F/M,Completed,Cunnilingus | Fluff | Oral Sex | Smut | Unprotected Sex | Use of a tie,Min Yoongi | Suga/Reader,yoongi,{'yoongi'}
https://golemlab.eu/graph/23429905,145,i'll float away,"years after the breakup, yoongi, a successful award-winning rapper with an unhealthy addiction, finds your wedding invite on Facebook.",2020-04-01,12671,Explicit,F/M,Completed,Alternate Universe | Alternate Universe - Idols | Angst | Creampie | Crying During Sex | Dirty Talk | Drug Addiction | Drug Use | Explicit Sexual Content | Fluff | Heavy Angst | Hospitals | Lots of Crying | Near Death | Recreational Drug Use | Rehabilitation | Seriously so much crying | Smut | drug overdose,Min Yoongi | Suga/Reader,yoongi,{'yoongi'}
https://golemlab.eu/graph/24210721,145,Light Up My Life,An aimless story about Yoongi being a single dad and you being the tee-ball coach who caught his heart.,2020-05-16,3651,Mature,F/M,Completed,Fluff | Implied Sexual Content | Literally a story going nowhere | Non-Graphic Smut | Pointless | Single Parent Min Yoongi | Suga,Min Yoongi | Suga/Reader,yoongi,{'yoongi'}
https://golemlab.eu/graph/21650620,144,Melody companion,"“A soulmate story where Yoongi can hear everything that you listen to, but only if it is music.’’",2019-12-02,3615,General Audiences,F/M,Completed,BTS fluff | Fluff | Soulmates | Yoongi fluff | suga fluff,Min Yoongi | Suga/Reader,yoongi,{'yoongi'}
https://golemlab.eu/graph/18363935,144,Joined At The Thoughts~,"She had always thought that Yoongi was a little quiet, turns out he just couldn't reply to her.",2019-04-05,4062,General Audiences,F/M,Completed,Alternate Universe - Soulmates | Cross-Posted on Tumblr | Cute | Flowers | Fluff | Foreign Language | Language of Flowers | Min Yoongi | Suga Is Whipped | Soulmates,Min Yoongi | Suga/Reader,yoongi,{'yoongi'}
https://golemlab.eu/graph/15896223,144,The Make Up,"Min Yoongi is self-absorbed and cold, but you love him all the same…not so much when he ignores you and your pursuits all week long though. When his ignorance finally causes you to boil over, you seek help from the others who thankfully have better ideas than you do regarding how to alleviate the situation and get back at your boyfriend in the process.",2018-09-04,11367,Explicit,F/M,Completed,Begging | But whatever | Comedy | Crack | Fingering | French Kissing | Little bit of angst | Multiple Orgasms | Oral Sex | Overstimulation | Rough Sex | Sexually Neglected Reader | Smut | Suga | Reader | Teasing | They say it like...twice | Vaginal Penetration | Yoongi | Reader | boyfriend yoongi | cumming inside | heavy kissing | oral sex | female recieving | oral sex | male receiving | simultaneous orgasms | slight daddy kink | use of birth control,Min Yoongi | Suga/Reader,yoongi,{'yoongi'}
https://golemlab.eu/graph/15997094,143,Soft Reassurances,She hated when he had to use his safe word. But sometimes he did.,2018-09-15,913,Mature,F/M,Completed,Aftercare | BDSM | Bottom Min Yoongi | Suga | Collars | Crying | D/s | Dom/sub | Femdom | Fluff | I'm Bad At Titles | Lots of it | Mild Hurt/Comfort | Mommy Kink | Riding Crops | Safeword Use | Sub Min Yoongi | Suga | Unhealthy amounts of fluff | did I mention aftercare? | i guess | soft,Min Yoongi | Suga/Reader Series: In Which Min Yoongi Gets the Shit Dommed Out of Him [7],yoongi,{'yoongi'}
https://golemlab.eu/graph/16850041,143,Coming Undone,She had an unhealthy obsession with his ass. He was happy to oblige her.,2018-12-04,2219,Explicit,F/M,Completed,Aftercare | Anal Fingering | Anal Play | Anal Sex | Author Is Sleep Deprived | BDSM | Bottom Min Yoongi | Suga | Coming Untouched | D/s | Dom/sub | Femdom | Fluff | I’m bad at titles | Mommy Kink | Multiple Orgasms | Nipple Play | Orgasm Control | Pegging | Praise Kink | Prostate Massage | Restraints | Rope Bondage | Safewords | Smut | Spreader Bars | Strap-Ons | Sub Min Yoongi | Suga | Wow | this is the first time I haven’t made him cry,Min Yoongi | Suga/Reader Series: In Which Min Yoongi Gets the Shit Dommed Out of Him [15],yoongi,{'yoongi'}
https://golemlab.eu/graph/17030955,143,Secure,"Min Yoongi was a man who enjoyed the simple things in life; hence why he didn’t own a hybrid, unlike his friends. But this all changes when he sees you.",2018-12-17,15874,Mature,F/M,In-Progress,Angst | Attempted Rape/Non-Con | Attempted Sexual Assault | Eventual Smut | Fluff | Hybrid AU | Hybrid Jeon Jungkook | Hybrid Kim Namjoon | RM | Hybrid Kim Taehyung | V | Non-Graphic Rape/Non-Con | Non-Graphic Violence | Past Sexual Abuse | TW: Alcohol Consumption | hybrid reader | tw: abuse,Min Yoongi | Suga/Reader,yoongi,{'yoongi'}
https://golemlab.eu/graph/17674097,142,Buttons,"Where Yoongi can’t seem to get the buttons on the sleeve of his shirt to cooperate at a fan sign event, so you decide to give him a hand.",2019-02-05,1747,General Audiences,F/M,Completed,Drabble | Fluff | One Shot | Reality | Tooth-Rotting Fluff,Min Yoongi | Suga/Reader Series: [DRABBLES] [1],yoongi,{'yoongi'}
https://golemlab.eu/graph/18116198,142,MINT,"You find yourself back in Hades when Spring turns to Fall, but this time you’re less than thrilled to see your husband after learning of his ex-lover, Minthe.",2019-03-15,2608,Explicit,F/M,Completed,Alternate Universe - Mythology | Jealousy | Mutual Masturbation | Oral Sex | Smut,"Min Yoongi | Suga/Reader, Min Yoongi | Suga/You Series: hades!yoongi [2]",yoongi,{'yoongi'}
https://golemlab.eu/graph/16834522,142,Fortuitous,Your fates were sealed long before your paths crossed. Get your diploma and get married. You were similar in that way – both bound by outdated customs. Falling in love was never something either of you dared to dream about. Until it happened.,2018-12-03,7246,Mature,F/M,Completed,Alternate Universe - Arranged Marriage | Arranged Marriage | Dirty Talk | Fluff | Light Angst | Oral Sex | Smut,Min Yoongi | Suga/Reader,yoongi,{'yoongi'}
https://golemlab.eu/graph/14721666,141,- in the dark -,prompt: drunk Yoongi falls asleep on your bed. wordCount: 966 pairing: yoongi x reader (neutral) genre:  fluff triggers: none,2018-05-21,966,General Audiences,Gen,Completed,Fluff,Min Yoongi | Suga/Reader,yoongi,{'yoongi'}
https://golemlab.eu/graph/17723957,141,When the Stars Align,"With cuffing season approaching its end, you thought you had escaped the pressures of finding a boyfriend for the holidays. That is, until your friends set you up on a blind date that goes horribly wrong. This prompts you to enlist the help of your roommate, Yoongi, to fake a relationship so your friends will stop meddling in your love life. And it turns out Yoongi is a lot better at this romance thing than you originally thought...",2019-02-10,10519,Teen And Up Audiences,F/M,Completed,Adopting a dog | Alternate Universe - College/University | Astrology | Fake Dating | Fake/Pretend Relationship | Fluff | Fluff and Angst | Friends to Lovers | New Year's Eve | Roommates | Valentine's Day | cute couple stuff,Min Yoongi | Suga/Reader,yoongi,{'yoongi'}
https://golemlab.eu/graph/23085211,141,Lullaby,"He can't sleep when you're awake, crying over the things you aren't.",2020-03-09,1957,General Audiences,Other,Completed,soulmate!AU,Min Yoongi | Suga/Reader,yoongi,{'yoongi'}
https://golemlab.eu/graph/12227940,140,Of Cats and Cacti,"Too many cats, a mysterious Min Yoongi, a mischevious Kookie, and a Cactus.  What could possibly happen?",2017-09-30,29662,Mature,F/M,Completed,Angst | Fluff | Fluff and Angst | Fluff and Humor | Humor | Mild Smut,Min Yoongi | Suga/Reader Series: Cat's Series [1],yoongi,{'yoongi'}
https://golemlab.eu/graph/6850240,140,Fatigue,"“Let me spoil you tonight, Princess.”",2016-05-14,2976,Teen And Up Audiences,F/M,Completed,Fingerfucking | Fluff and Smut | Smut,Min Yoongi | Suga/Reader,yoongi,{'yoongi'}
https://golemlab.eu/graph/18309242,140,Casus Fortuitus,"If ever you were searching for heaven, surely you had found it in the touch of Yoongi’s lips.",2019-04-01,6478,Explicit,F/M,Completed,Alternate Universe | Bathroom Sex | Cunnilingus | Explicit Language | Explicit Sexual Content | Far too much kissing | Fluff | Fluff and Smut | Kissing | POV Female Character | POV Second Person | Plot What Plot/Porn Without Plot | Reader-Insert | Scratching | Shower Sex | Smut | To Be Edited,Min Yoongi | Suga/Reader,yoongi,{'yoongi'}
https://golemlab.eu/graph/11314188,140,Guys My Age,"Guys my age don't know how to touch me, don't know how to love me good... After dumping her cheating, chronically-stoned boyfriend, Y/N Y/L/N swears she's fucking DONE with guys her age. Enter Min Yoongi, Y/N's old crush-- who also happens to be her father's coworker. Y/N and Yoongi run into each other at a club, where Y/N's only goal is to come for the first time in months. Yoongi is more than happy to help her reach it.",2017-07-04,6034,Not Rated,F/M,Completed,Explicit Language | Explicit Sexual Content,Min Yoongi | Suga/Reader,yoongi,{'yoongi'}
https://golemlab.eu/graph/18313709,139,salvation,"it's a wonder what six months can entail, especially amidst a zombie apocalypse.",2019-04-01,7163,Explicit,F/M,Completed,Alternate Universe - Zombie Apocalypse | Angst with a Happy Ending | Blood and Gore | Blood and Injury | Creampie | Doggy Style | Fluffy Ending | Min Yoongi | Suga is Bad at Feelings | Near Death Experiences | Oral Sex | Romantic Fluff | Shameless Smut | Vaginal Sex,Min Yoongi | Suga/Reader,yoongi,{'yoongi'}
https://golemlab.eu/graph/16895433,139,The Cat's Meow,"Note to self: Give lots of cuddles, love, and attention to Yoongi because he's a very needy and soft kitty. Also do not tease him with horrible cat puns or he'll just have to make you be quiet.",2018-12-07,1609,Not Rated,F/M,Completed,Cat Hybrid Min Yoongi | Suga | Hybrid Kim Taeyhung | Hybrids | Reader-Insert,Min Yoongi | Suga/Reader,yoongi,{'yoongi'}
https://golemlab.eu/graph/25497193,138,Backstage,"With the sounds of the stadium still ringing in his ears, Yoongi just needs to get away — just for a moment. And you have exactly the right idea about how to distract him. or You let Yoongi use you after a concert.",2020-07-25,4195,Explicit,F/M,Completed,Backstage | Bathroom Sex | Blow Jobs | Breathplay | Come Eating | Comeplay | Creampie | Dirty Talk | Exhibitionism | Face-Fucking | Hair-pulling | Oral Sex | Power Dynamics | Power Play | Sex | Vaginal Sex,Min Yoongi | Suga/Reader,yoongi,{'yoongi'}
https://golemlab.eu/graph/15946001,138,Better together,She always knew what he needed. He needed her.,2018-09-09,2029,Mature,F/M,Completed,Accidental Voyeurism | Aftercare | Anal Fingering | Bottom Min Yoongi | Suga | But Only a Little Bit - Freeform | Crying | D/s | Dom/sub | Exhibitionism | Femdom | Heterosexual Sex | How Do I Tag | Mommy Kink | Orgasm Delay/Denial | Praise Kink | Reader-Insert | Safewords | Shameless Smut | Slight fluff | Smut | Soft Min Yoongi | Suga | Spanking | Sub Min Yoongi | Suga | Vaginal Sex | actually it’s pretty damn obvious | but it’s in third person | dominant female | lots of kink | slight degradation | technically | yoongi is a subby baby,Min Yoongi | Suga/Reader Series: In Which Min Yoongi Gets the Shit Dommed Out of Him [1],yoongi,{'yoongi'}
https://golemlab.eu/graph/37929877,138,The Villain You Made,"“Do you admit your guilt?” You chuckled dryly, lifting your battered face to look at him. “Seven times.” He seemed taken aback. “What?"" “I’ve lived this life seven times.” “What the hell are you-?” “I changed everything about myself to try and please you, but every time we end up right here again.” You smiled strangely. “Does it feel good to know that you’ve killed me six times already? How will you do it now? Will you hang me like my first life or drown me like my fourth? Will you burn me like you did last time?” “Stop talking nonsense!"" The corners of your bloody lips only rose higher, a crimson grin staring back at him. ""Did it feel good?” You tilted your head back and laughed. Your vision blurred dangerously. You’d lost too much blood. Hands clamped around your upper arms and shook you. “What..hell..mean?!” His voice faded in and out, but you knew what he was asking. Instead of answering his question, you cupped his cheeks with your bloody hands. “I see why they call you the ‘Red Prince’ now. Look how much blood you spilled.” Your hands slipped down to his neck, your arms too heavy to hold up anymore. “Was it all worth it to make me the villain of your story?”",2022-03-24,20543,Mature,F/M,In-Progress,Alternate Universe - Reincarnation | Angst with a Happy Ending | Attempt at Humor | Crown Prince! Yoongi | Enemies to Friends to Lovers | Eventual Romance | Eventual Smut | Humor | Non-Permanent Character Death | Other Additional Tags to Be Added | Sexual Tension | Sorceress! Reader | The Story Starts Off Really Angsty Though | Tons of Sarcasm and Funny Moments | lots of fluff in later chapters,Min Yoongi | Suga/Reader,yoongi,{'yoongi'}
https://golemlab.eu/graph/27631261,137,Unspoken Desires,"!Based in What’s Mine is Mine universe! After six long years of pinning after him, you’ve decided to start getting bold with Yoongi. Damn the rules, you wanted him and that was final.",2020-11-19,14539,Explicit,F/M,Completed,Blow Jobs | Drinking | Face-Fucking | Face-Sitting | Fingerfucking | Light Cum Eating | Multiple Orgasms | Mutual Pining | Overstimulation | Unsafe Sex | light cumplay | oral sex (m&f),Min Yoongi | Suga/Reader,yoongi,{'yoongi'}
https://golemlab.eu/graph/16948446,136,Think of Me,"You have seen people find their soulmates in the most unique ways; from writings on their skin to hearing their thoughts since their childhood. However, you’re clueless and hopeless to find the person destined to be with you when you can’t see or hear any hints or clues as to where your soulmate is. You believed that you were a defect from the magical system, all until something unusual happen to you one day.",2018-12-11,8659,General Audiences,F/M,Completed,Alternate Universe - Soulmates | Cussing | Fluff,Min Yoongi | Suga/Reader,yoongi,{'yoongi'}
https://golemlab.eu/graph/24345574,136,👑 𝐅𝐨𝐫𝐛𝐢𝐝𝐝𝐞𝐧  | 𝙔𝙤𝙤𝙣𝙜𝙞 𝙭 𝙍𝙚𝙖𝙙𝙚𝙧 👑,"𝚆𝚘𝚛𝚔𝚒𝚗𝚐 𝚊𝚜 𝚝𝚑𝚎 𝚎𝚖𝚙𝚎𝚛𝚘𝚛’𝚜 𝚌𝚘𝚗𝚌𝚞𝚋𝚒𝚗𝚎 𝚖𝚊𝚢 𝚋𝚎 𝚑𝚊𝚛𝚍𝚎𝚛 𝚝𝚑𝚊𝚗 𝚢𝚘𝚞 𝚝𝚑𝚘𝚞𝚐𝚑𝚝. (Inspired by Agust D-2's next M/V & track, ""Daechwita"").",2020-05-24,1190,Explicit,F/M,Completed,Alternate Universe | Blow Jobs | Bondage | Breathplay | Bukkake | Choking | Concubine | Creampie | Cum Eating | Cunnilingus | Degradation | Facials | Historical | Kinbaku | Lots of Cum | Oral Sex | Reader Insert | Royalty | Spanking | Squirting | Vaginal Sex | emperor min - Freeform | face fucking | kingdom - Freeform | pussy eating | pussy slapping | reader as concubine | spitting | yoongi as emperor,Min Yoongi | Suga/Reader,yoongi,{'yoongi'}
https://golemlab.eu/graph/19213807,136,Headphones: Min Yoongi x Hogwarts AU,"Being shy as a mouse made you never catch Yoongi's eyes. Well, that was until you picked up his beloved headphones. From there, he starts to notice you a bit more... ~*~ ""You and I are rather alike, don't you think?""",2019-06-14,8634,Teen And Up Audiences,F/M,Completed,Fanfiction | Hogwarts | bts - Freeform | bts fanfiction | bts x Hogwarts au,Min Yoongi | Suga/Reader,yoongi,{'yoongi'}
https://golemlab.eu/graph/16052087,136,Fulfilled Fantasies,He wanted to be used. She liked to make his wishes come true,2018-09-21,1172,Explicit,F/M,Completed,ABO roleplay | Aftercare | Alpha/Beta/Omega Dynamics | Anal Fingering | Anal Sex | BDSM | Bottom Min Yoongi | Suga | Breeding | Coming Untouched | D/s | Degradation | Dirty Talk | Dom/sub | Femdom | Hair-pulling | I Wrote This Instead of Sleeping | I'm Bad At Titles | Knotting | Knotting Dildos | Marking | Mating Bites | Mommy Kink | Pegging | Praise Kink | Rimming | Roleplay | Safewords | Strap-Ons | Sub Min Yoongi | Suga | What Have I Done | just a little bit,Min Yoongi | Suga/Reader Series: In Which Min Yoongi Gets the Shit Dommed Out of Him [11],yoongi,{'yoongi'}
https://golemlab.eu/graph/13665249,136,meanie,Yoongi is a meanie (but you are too).,2018-02-27,1000,Not Rated,F/M,Completed,Age Play | Age Play Caregiver Min Yoongi | Suga | Age Regression/De-Aging | Cute Min Yoongi | Suga | Drabble | Min Yoongi | Suga Is Whipped | Non-Sexual Age Play,Min Yoongi | Suga/Reader,yoongi,{'yoongi'}
https://golemlab.eu/graph/6340363,135,Pussy Talk,"You and Yoongi decide to place a bet, and he agrees because you never win. But when you do, you decide that you want to have some fun this time.",2016-03-24,1165,Mature,F/M,Completed,cypher pt. 3 | it's literally 3am | my friend is so demanding goD | oh look facesitting | short but sweet,Min Yoongi | Suga/Reader,yoongi,{'yoongi'}
https://golemlab.eu/graph/18114665,135,"helLO pARADISE, mY NAMe IS","Buried in the Earth where seasons did not exist, where all prosperous life perished, and Helios’s blinding light could not touch; you slept soundly in the arms of darkness.",2019-03-15,10102,Explicit,F/M,Completed,Angst | Attempted Kidnapping | Dirty Talk | Fluff | Inspired by Hades and Persephone (Hellenistic Religion & Lore) | Mythology References | Smut | Vaginal Fingering,"Min Yoongi | Suga/Reader, Min Yoongi | Suga/You Series: hades!yoongi [1]",yoongi,{'yoongi'}
https://golemlab.eu/graph/27573970,135,Fury of Their Scales,"a world of dragons, demons, devils, gods and ghouls- humans were of small number. you’ve lived on the outskirts of your human village in the woods ever since you could remember. living alone in a small cabin with nothing but woodland trees, ponds, lakes and animals was like a small paradise- with the occasional bump in the road. as someone who’s studied and experimented with nature to make all sorts of concoctions- your home was ideal. it didn’t matter that your village didn’t like it or that they rejected your life of medicine. what did matter, however, was the dragon stuck in a trap not too far from your home that you just discovered.",2020-11-15,17740,Teen And Up Audiences,F/M,Completed,Humor | Mentions of War | Unfair Situations | Wholesome | dragon boy yoongles is stuck in a trap bc he's a dumbdumb | dragon!AU | human/herbalist!reader | injuries/blood/violence | isolation/alienation | protective dragon yoonyoon | villagers physically bully y/n :( | wyvern!yoongi | y/n is so SO pure | y/n takes so much shit like a champ,Min Yoongi | Suga/Reader,yoongi,{'yoongi'}
https://golemlab.eu/graph/13986231,134,catching the bus (and his heart),Riding the bus doesn't bring many expectations. Certainly not one that involves a famous idol sitting right next to you.,2018-03-16,1432,Teen And Up Audiences,Gen,Completed,Fluff | Pure fluff really | agust d | bus rides | gender-neutral!reader | happy late birthday yoongihyung,Min Yoongi | Suga/Reader,yoongi,{'yoongi'}
https://golemlab.eu/graph/13322130,134,"little boy, yoongi",Yoongi probably will be the best Little you've (n)ever had.,2018-01-31,1060,Not Rated,F/M,Completed,Age Play | Age Play Little Min Yoongi | Suga | Age Regression/De-Aging | Cute Min Yoongi | Suga | Dd/lb | Grumpy Min Yoongi | Suga | MD/LB - Freeform | Non-Sexual Age Play | Oh wait | ddlb | is that all the tags lmao | mdlb | yoongs tags,Min Yoongi | Suga/Reader Series: ❝sort-of-a-series (little!bts)❞ [4],yoongi,{'yoongi'}
https://golemlab.eu/graph/28851513,133,"First Love, Last Love","After the most pivotal moment in your life, you never thought you would ever see him again. Years later, you cross paths in the last place you ever imagined him to be. Was this the universe giving you a second chance? Or were you destined to repeat the same mistakes you fought hard to forget? (Bad Boy Pianist!Yoongi x University!Reader; High School/University AU; Angst, Smut) // Revamped on July 3rd, 2021 to be more reader-inclusive!",2021-01-19,33507,Mature,F/M,Completed,Alcohol | Angst | Angst and Fluff and Smut | Bad Boy Min Yoongi | Suga | Choking | Dirty Talk | Doggy Style | Edging | Hair-pulling | House Party | Nipple Play | Oral Sex | Penetration | Rough Sex | Smut | Spanking | Unprotected Sex (Pls be resp!) | Vaginal Fingering | Yoongi x You - Freeform | gagging | high school/university au | oral (m/f receiving) | spitting,Min Yoongi | Suga/Reader,yoongi,{'yoongi'}
https://golemlab.eu/graph/19744828,133,brighter than fire,"there’s quite possibly nothing you hate more than min yoongi and his stupid, stupid face—and the stupid, stupid way he makes you feel.",2019-07-09,11394,Mature,F/M,Completed,Alternate Universe - Summer Camp | Fluff | Light Choking | Oral Sex | Smut | camp counselors,Min Yoongi | Suga/Reader,yoongi,{'yoongi'}
https://golemlab.eu/graph/10885731,132,You Look So Good (I Just Want a Taste),"Yoongi's gained weight since the tour started, and he's concerned about his looks. You happen to think he looks amazing , and you just can't help yourself. or Yoongi thinks he's fat and I can't begin to explain all the horrible things I'd do to him and his beautiful body.",2017-05-12,1338,Explicit,F/M,Completed,Blow Jobs | Body Image | Body Worship | Enthusiastic Consent | Established Relationship | Oral Sex | Sex,"Min Yoongi | Suga/Reader, Min Yoongi | Suga/You",yoongi,{'yoongi'}
https://golemlab.eu/graph/19662301,132,Experimental Practice,"The final round for the piano competition is less than a week away, and you have an idea of how to help Yoongi overcome his stage fright.",2019-07-06,1055,Explicit,F/M,Completed,Angst and Porn | BTS World - AU | Friends to Lovers | Plot What Plot/Porn Without Plot,Min Yoongi | Suga/Reader,yoongi,{'yoongi'}
https://golemlab.eu/graph/16365689,132,Peppermint and Lily of the Valley,"Lady Luck wasn't smiling down on you tonight. Or maybe she was since there was an alpha who was actually decent–with feline eyes that you've seen numerous times in two-dimensional mediums and with a name that was whispered in reverence at your university. Also, your sense of humor matches with his. --- A.K.A. Your own pack abducted you and shit started going downhill in the club–but at least one thing came out good from it. Him. (Sorry, I'm bad at summaries.)",2018-10-21,7188,Explicit,F/M,Completed,Alpha Min Yoongi | Suga | Alpha/Beta/Omega Dynamics | Female Reader | How Do I Tag | Mating Cycles/In Heat | Non-Penetrative Sex | Omega Reader | Oral Sex | Porn with Feelings | hmmm what else | is this considered fluff and smut? | oh well | past trauma | protective pack alpha yongsun | squibble babble | this is a bit of a mess sorry whoops,"Min Yoongi | Suga/Reader Series: ABO Bangtanmoo + Reader & Chungha (such creativity, much wow) [1]",yoongi,{'yoongi'}
https://golemlab.eu/graph/12967575,132,Lesson Learned,A story in which you learn who Min Yoongi is.,2017-12-10,2300,General Audiences,F/M,Completed,Alternate Universe - College/University | Fluff,Min Yoongi | Suga/Reader,yoongi,{'yoongi'}
https://golemlab.eu/graph/32784673,132,back-burner,sometimes you felt like you were the back-burner to a two-decade-long friendship. how could you ever compete?,2021-08-15,64460,Explicit,F/M,In-Progress,Alternate Universe - Childhood Friends | Angst | Angst and Hurt/Comfort | Eventual Fluff | Eventual Smut | Friends to Lovers | Heavy Angst | Insecurity | Mean Min Yoongi | Suga | Pining | Sibling Rivalry | Slow Burn | frenemies to lovers? | unrequited love (???),Min Yoongi | Suga/Reader,yoongi,{'yoongi'}
https://golemlab.eu/graph/22406284,132,In Another Life || YoongixReader (F),"For centuries Yoongi has isolated himself, mourning the loss of the one person he cared about most in life. Yet a chance encounter and kind gesture seems to bring love back into his life. So instead of repeating history he takes destiny into his own hands to make sure the woman he loves comes back to him, by any means necessary.",2020-01-25,21049,Mature,F/M,Completed,Reincarnation | Vampires | Yandere,Min Yoongi | Suga/Reader Series: Self-Insert Stories [13],yoongi,{'yoongi'}
https://golemlab.eu/graph/12830631,131,Time in the Genius Lab | Min Yoongi Drabble,"Yoongi has locked himself in the Genius Lab and refused to get out til' his work was done. (Y/N) gets pissed and tries to solve the situation, but ends up being dragged into a very cheesy situation in which Yoongi confesses his feelings.",2017-11-26,1557,Teen And Up Audiences,F/M,Completed,Age Difference | Annoyed Min Yoongi | Suga | Cheesy | Friends With Benefits | Friends to Lovers | Genius Lab | Grumpy Min Yoongi | Suga | Implied Sexual Content | Massage | Mentioned Park Jimin | Musicians | Not Dating But Dating | Office | Overworking | Pestering | Sleep Deprivation | Sweet Talk,Min Yoongi | Suga/Reader,yoongi,{'yoongi'}
https://golemlab.eu/graph/24780994,131,"Okay, Bloomer",spin-off sequel to ‘petal to the metal’; in which the reader visits a flower shop on her way home from work to treat herself to a flower and then keeps returning just to interact with the shop’s cute tsundere floral assistant. the last thing she expects is to see him ~spitting hot fire~ and looking hot as sin at her friend’s music event. how is she supposed to get flowers in peace now?,2020-06-18,10154,Mature,F/M,Completed,Alternate Universe - Flower Shop | Eventual Smut | Fluff | Language of Flowers | Light Angst | Min Yoongi | Suga Is Whipped | Petal to the Metal Spin-off | Sequel | Smut | Soft Min Yoongi | Suga,Min Yoongi | Suga/Reader,yoongi,{'yoongi'}
https://golemlab.eu/graph/19073935,131,Uno,Beating Yoongi at Uno leads to an interesting night.,2019-06-03,5344,Explicit,F/M,Completed,Adult Content | Explicit Sexual Content | Fluff and Smut | Light Dom/sub | Married Couple | Married Life | Oral Sex | Plot What Plot/Porn Without Plot | Smut | Sub Min Yoongi | Suga,Min Yoongi | Suga/Reader,yoongi,{'yoongi'}
https://golemlab.eu/graph/7046974,131,"Some Dreams Come True, Some Don't.","You paused in confusion before jerking back into reality. You blinked away the sleep before registering a few things. 1.   You were in your best friend, Yoongi’s apartment, which occasionally housed you and 6 other boys. You were sprawled across his couch, to be more specific. 2.   The owner of the said couch was hovering over you with a slight scowl etched on his face, his silver locks covering his forehead, and an extremely awkward maknae was sitting in one corner of the room, looking as if he was about to explode from the intensity of the blood that was currently gushing to his face. 3.   You just had a wet dream about your best friend of over a decade.",2016-05-31,6589,Mature,F/M,In-Progress,Alternate Universe - College/University | I'm Bad At Tagging | Min Yoongi - Freeform | Shameless Smut | bangtan boys - Freeform,Min Yoongi | Suga/Reader,yoongi,{'yoongi'}
https://golemlab.eu/graph/13250448,130,Mixtape,"You're dating the infamous Min Yoongi -- aka Suga -- one of the biggest names in the underground world of hip hop. With his mixtape on the way, you find the daunting news of your ex-boyfriend's diss track on Yoongi too be all too much. But, worry not, your Min Yoongi has a plan. (Fin : 2016.02.14)",2018-01-03,2567,Explicit,F/M,Completed,,Min Yoongi | Suga/Reader,yoongi,{'yoongi'}
https://golemlab.eu/graph/16793005,130,This Tall To Ride,"All the money in your bank account for some reason can’t buy you a good time. You’ve been touch starved for so long, meeting guys that all seemed to be not quite what you want. And if they had all the qualities that you desperately raved over in your head, they’d be too short. Except, for some reason, that still didn’t stop one of them from pursuing your ass. Or In which you are quite tall and Yoongi doesn’t mind one bit.",2018-11-30,12096,Explicit,F/M,Completed,Developing Relationship | Kissing | Mutual Pining | Neck Kissing | Oral Sex | Pining | Rough Sex | Slow Burn | Spanking | Teasing | Yoongi is nasty mmmk?,Min Yoongi | Suga/Reader,yoongi,{'yoongi'}
https://golemlab.eu/graph/25631704,129,Prey for Me,"King Min Yoongi is known as being fierce, cold, and deadly to his enemies. How are you, a shy doe, going to survive working in the home of your natural hunter with no where to run?",2020-07-31,4272,Explicit,F/M,Completed,Cream Pie | Cum Play | Dirty Talk | Hybrid AU | Kissing | Language | Over stimulation | Penetrative Sex | Smut | Squirting | fingering (f receiving) | hunter/prey dynamics | hybrid sex | light choking but not really just more firmly grasping the throat | oral sex (m & f recieving) | servant/royalty dynamics | threesome (ffm and reader is not a part of it directly) | unsafe sex (be smart yall!) | voyeurism/exhibitionism,Min Yoongi | Suga/Reader,yoongi,{'yoongi'}
https://golemlab.eu/graph/11200776,127,Ardent Love,"It is that time of the year when your husband disappears behind his office doors, stacks of papers piled high on his desk, and fails to return home until the wee hours of the morning-if he returns at all. As the days pass by and his side of the bed grows colder, you decide that if he is too busy to come home, you’ll just have to go to him.",2017-06-14,3972,Mature,F/M,Completed,Oral Sex | Romance | Smut | ceo!yoongi,Min Yoongi | Suga/Reader,yoongi,{'yoongi'}
https://golemlab.eu/graph/26197348,127,apricity.,"Apricity (n): the warmth of the sun in winter. The Northern Water Tribe is offering a massive reward for the safe return of the tribal princess, and Yoongi is determined to collect. Yoongi x Reader [an A:TLA meets Anastasia AU]",2020-08-31,20241,General Audiences,F/M,Completed,Action/Adventure | Adventure | Alternate Universe - Avatar & Benders Setting | Eventual Romance | Fluff | Fluff and Angst | Inspired by Anastasia (1997 & Broadway) | Romance | Slow Burn | con men sope | the atla meets anastasia au that no one asked for but here it is kids,Min Yoongi | Suga/Reader,yoongi,{'yoongi'}
https://golemlab.eu/graph/10509783,126,My Woman,You and Yoongi find a place you can be alone...,2017-03-31,2547,Mature,F/M,Completed,Fluff and Smut | Fluffy Ending | Min Yoongi - Freeform | One Shot | Romance | Smut | bts - Freeform | bts smut | kpop | suga - Freeform | yoongi smut,Min Yoongi | Suga/You,yoongi,{'yoongi'}
https://golemlab.eu/graph/24040879,125,lust for a vampire,Taehyung's Halloween party just isn't doing it for you and Yoongi this year. So you decide to entertain yourselves.,2020-05-06,4458,Explicit,F/M,Completed,Ass Play | Cumshot | Dirty Talk | Female Reader | Fingering | Multiple Orgasms | Overstimulation | Smut | Squirting | cum kink if u squint | pussy eating | reader is a lil bit of a brat but i love her | they fuck on taehyungs bed | whoops | yoongi and reader are always h word for each other,Min Yoongi | Suga/Reader,yoongi,{'yoongi'}
https://golemlab.eu/graph/25696933,125,a scam marriage,"Graduate school tuition: $30,000. A marriage license: $30. A man willing to kill the cockroaches: priceless. For everything else...well that's the tough part, isn't it?",2020-08-03,4073,Teen And Up Audiences,F/M,Completed,Alternate Universe - College/University | Graduate School,Min Yoongi | Suga/Reader,yoongi,{'yoongi'}
https://golemlab.eu/graph/13309773,124,ARE YOU READY?,Min Yoongi has received many disconcerting texts in the last several days. He’s wanted to destroy his phone many times in his life – has received plentiful texts he didn’t like before – but today’s takes the cake. her. [6:49 pm] > Hi Yoongs! > I downloaded that outcast game!! > NO His vision tunnels on the screen.,2018-01-08,3351,Mature,F/M,Completed,Alternate Universe - Outcast | Angst and Romance | Dark | Horror | Lovesickness | Misery | One Shot | Psychological Horror | Suspense | bts outcast,Min Yoongi | Suga/Reader,yoongi,{'yoongi'}
https://golemlab.eu/graph/16126820,124,Unconventional Methods,There was only a single rule while spending time with Yoongi in his studio... Do not tempt him.,2018-09-29,10150,Mature,F/M,Completed,Dirty Talk | Doggy Style | Fluff and Smut | Oral Sex | Power Play | Rough Sex | Smut | Spanking,Min Yoongi | Suga/Reader,yoongi,{'yoongi'}
https://golemlab.eu/graph/19847062,124,Forever Home,"You and Yoongi return to the place that plays a crucial part in both of your pasts. (This is not a standalone story. Read ""Protection Squad"" to understand this.)",2019-07-17,1760,Not Rated,F/M,Completed,Alternate Universe - Hybrids | Alternate Universe - Magic | Alternate Universe - Shapeshifters | Cat Hybrid Min Yoongi | Suga | Cat Hybrid Reader | Family Reunion | Happy Ending | Read Protection Squad first | Sequel | Supportive Relationship | but it's not a sad story | referenced suicide attempts,Min Yoongi | Suga/Reader Series: Protection Squad [2],yoongi,{'yoongi'}
https://golemlab.eu/graph/15519378,123,Wrath,Yoongi gives you one rule for the night and you can't even handle that. Min Yoongi commits the fifth sin: wrath.,2018-08-01,4134,Explicit,F/M,Completed,Blindfolds | Daddy Kink | Handcuffs | Light Bondage | Oral Sex | Seven Deadly Sins | Smut | Spanking,Min Yoongi | Suga/Reader Series: Seven Deadly Sins [5],yoongi,{'yoongi'}
https://golemlab.eu/graph/14873000,122,Midnight Comforts,"It was 12am, and you'd just woken up from a nightmare where your roommate Yoongi was drowning. You only had one thought, and that was to go and make sure he wasn't.",2018-06-07,1144,General Audiences,F/M,Completed,Alternate Universe - Roommates/Housemates | Angst | College | College AU | Fluff | Midnight Confessions | One Shot | Roommates | Short One Shot | so fluffy i'm gonna die !!!,Min Yoongi | Suga/Reader,yoongi,{'yoongi'}
https://golemlab.eu/graph/15771216,122,Crimson Grail,You were bound by the shackles of an unfair society. He broke those shackles and showed you what true freedom was.,2018-08-23,30678,Explicit,F/M,In-Progress,Min Yoongi - Freeform | Min Yoongi Pirate | Slow Burn | This will destroy you and I both so yolo | bts smut | future smut | pirate,Min Yoongi | Suga/Reader,yoongi,{'yoongi'}
https://golemlab.eu/graph/8535154,122,Paired Up,"Your handsome but passive classmate Min Yoongi has been assigned as your partner for a group project. Things are not going well between the two of you and you're starting to dread your project meetings more and more, until something happens that makes you wish the project never ended.",2016-11-12,2253,Mature,F/M,Completed,Alternate Universe - College/University | College!AU | Library Sex | Students | student!Yoongi,Min Yoongi | Suga/Reader,yoongi,{'yoongi'}
https://golemlab.eu/graph/15950105,122,Conventional Care,"She loved him on his knees. He loved it too. Sequel to Better Together, but can stand alone.",2018-09-10,2098,Explicit,F/M,Completed,Aftercare | Anal Fingering | Anal Sex | Asphyxiation | Bottom Min Yoongi | Suga | But also not | Butt Plugs | Chains | Choking | Cock Rings | D/s | Degradation | Dirty Talk | Dom/sub relationship | Dry Orgasm | Femdom | Fluff | Fluff and Smut | Gags | Hair-pulling | Help | Heterosexual Sex | I Wrote This Instead of Sleeping | I'm Bad At Titles | Kinky as hell | Min Yoongi | Suga is a Brat | Mommy Kink | Multiple Orgasms | Oral Sex | Orgasm Delay/Denial | Pegging | Praise Kink | Reader-Insert | Restraints | Rope Bondage | Safewords | Slight Spanking | Smut | Soft Min Yoongi | Suga | Strap-Ons | Sub Min Yoongi | Suga | Subspace | The Author Regrets Nothing | Tooth-Rotting Fluff | at midnight | author can’t tag | but he’s still a good boy | but it’s in third person | mentions of collars | sloppy blowjobs | soft dom,Min Yoongi | Suga/Reader Series: In Which Min Yoongi Gets the Shit Dommed Out of Him [2],yoongi,{'yoongi'}
https://golemlab.eu/graph/24768445,121,andante cantabile,You are convinced Mr. Min is nothing but a rude and gloomy man after he leaves a horrible first impression on you. His friends' attempts to convince you otherwise are met with mixed success.,2020-06-17,30705,Teen And Up Audiences,F/M,Completed,Alternate Universe - Historical | Alternate Universe - Regency | Fluff | Jeon Jungkook is the reader's younger brother | Parent Death (Mentioned) | Pianist Min Yoongi | Suga | Romance | Slow Burn,Min Yoongi | Suga/Reader Series: Bangtan: the Regency Chronicles [1],yoongi,{'yoongi'}
https://golemlab.eu/graph/13903533,121,Easy Rebound,"Yoongi is one of the star players on the college basketball team. You are the head of the cheerleading squad. The pair of you would make the most beautiful (if most cliché) couple on campus, except neither of you have ever wanted anything more than the frequent, casual fuck. Yet somehow Yoongi finds his emotions straying towards dangerous territory.",2018-03-08,6556,Mature,F/M,Completed,Additional Warnings Apply | Additional Warnings In Author's Note | Alternate Universe - College/University | Creampie | Cunnilingus | Explicit Sexual Content | Fellatio | Originally Posted on Tumblr | POV Male Character | Reader-Insert | light creampie eating,Min Yoongi | Suga/Reader,yoongi,{'yoongi'}
https://golemlab.eu/graph/22426168,121,the velvet devil.,A chance encounter leads you to a strange bar and its enigmatic owner. Yoongi x Reader,2020-01-26,10579,Explicit,F/M,Completed,Alternate Universe - Vampire | Angst | Bartender Min Yoongi | Suga | Implied/Referenced Suicide | Smut | Stalking | Vampire Min Yoongi | Suga | but all's well that ends well amirite | gets weirdly heavy at the end | scattered with social commentary,Min Yoongi | Suga/You,yoongi,{'yoongi'}
https://golemlab.eu/graph/14708666,121,Womyn with a 'Y',"You weren’t quite sure how you ended up working with the aloof Yoonji on your student council campaign, but you did know that that girl was starting to make you question yourself. I mean, if she’s even a girl at all…",2018-05-19,7484,Mature,F/F,In-Progress,Alternate Universe - High School | Masturbation | Mutual Pining | Slow Burn,"Min Yoongi | Suga/Reader, Min Yoonji/Reader",yoongi,{'yoongi'}
https://golemlab.eu/graph/30078969,120,Pour Some Sugar On Me,"Being stuck in the kitchen of your aunt’s bakery late at night is the last thing you had in mind when it came to preparing for Valentine’s day. Although, being stuck with your archenemy, and the most overbearing person you have ever known, teaching you how to bake your aunt’s secret recipe is the exact opposite of what you’d ever have in mind. As the kitchen grows hot, however, you cannot tell whether it’s from the ovens or if it’s something else burning between the two of you. As the night progresses, you cannot help but wonder which one would melt first once you are done. The frostings? Or you?",2021-03-16,14310,Mature,F/M,Completed,Alternate Universe - Bakery | Baker!Reader - Freeform | Bakery | Bakery and Coffee Shop | Biting | Blow Jobs | Breast Play | Clothed Sex | Deep Throating | Dirty Talk | Dom/sub Undertones | Enemies to Lovers | Explicit Sexual Content | Fingering | Food | Food Play | Food Sex | Light Dom/sub | Masturbation | Oral Sex | Rough Sex | Semi-Public Sex | Sexual Tension | Soft Dom!yoongi | Soft Min Yoongi | Suga | Yoongi's tongue | baker!yoongi,Min Yoongi | Suga/Reader Series: Bon Appétit [5],yoongi,{'yoongi'}
https://golemlab.eu/graph/25114084,120,The English Teacher,"After watching an unfortunate interview with iHeartRadio, you write up a piece on ways BTS could improve their English interviews. Your post reaches the eyes of BigHit Entertainment who took what you had to say seriously. Now three months into your probation period as BTS' resident English teacher, you're finally beginning to understand both Korean and celebrity culture, as well as the toll of living lands away from your husband of ten years. As for one of the BTS members, he's trying to understand you, too - as much as you'll let him.",2020-07-06,33331,Mature,F/M,Completed,Angst with a Happy Ending | Anxiety | Anxiety Disorder | Eventual Happy Ending | Eventual Smut | Fluff and Angst | Mentioned Bangtan Boys | BTS Member(s) | Soft Min Yoongi | Suga,Min Yoongi | Suga/Reader Series: Imagine All the People [3],yoongi,{'yoongi'}
https://golemlab.eu/graph/27886360,119,Sole,"While Yoongi is recovering from shoulder surgery, things are a little different in your relationship as you help him do things he struggles with while his arm is in a sling, and there are some needs that have to be met in more creative ways.",2020-12-05,4053,Explicit,F/M,Completed,Domestic Fluff | Established Relationship | Fingerfucking | Fluff | Fluff and Smut | Good Significant Other Min Yoongi | Suga | Hand Jobs | Min Yoongi | Suga Smut | Min Yoongi | Suga in Love | Min Yoongi | Suga is Good at Feelings | Min Yoongi | Suga-centric | Shower Sex | Smut | Soft Min Yoongi | Suga | Swearing | Vaginal Fingering,Min Yoongi | Suga/Reader,yoongi,{'yoongi'}
https://golemlab.eu/graph/19808239,118,By its cover,"Things aren’t always what they seem, and neither are people. As a waitress in one of the town’s favorite diners, you’re not usually one to judge a book by its cover. Still, you can’t help but get annoyed by the grumpy regular who seems to be rather unreceptive of your attempts to approach him. You’re sure that’s just how he is; cold, uninterested and antisocial. Unexpectedly showing you his soft side, he proves you sorely mistaken.",2019-07-14,2059,Teen And Up Audiences,F/M,Completed,Caretaking | Diners | Fluff | Strangers to Lovers | foster kitten dad yoongi | small kittens,Min Yoongi | Suga/Reader,yoongi,{'yoongi'}
https://golemlab.eu/graph/12473228,117,First Love,A collection of moments with Min Yoongi.,2017-10-24,1344,Teen And Up Audiences,F/M,In-Progress,Drabbles | Fluff | Limes | Mild Angst | Romance | YNWA Spin off | oneshots | prompts,Min Yoongi | Suga/Reader Series: The Red String of Fate [5],yoongi,{'yoongi'}
https://golemlab.eu/graph/27268477,116,Kitten Fever,"min yoongi wants to be a daddy, but not in the way that you quite expect",2020-11-15,7566,Teen And Up Audiences,F/M,Completed,Alternate Universe | Cat Hybrid Min Yoongi | Suga | Cat/Human Hybrids | Cats | Cute Min Yoongi | Suga | Daddy Yoongi | Domestic Fluff | Fluff | Gender-Neutral Pronouns | Hybrid Min Yoongi | Suga | Hybrids | Just Add Kittens | Parenthood | Soft Min Yoongi | Suga | new dad,"Min Yoongi | Suga/Reader, Min Yoongi | Suga/You",yoongi,{'yoongi'}
https://golemlab.eu/graph/20700374,116,Speechless,"In a world full of different soulmate connections, the connection you share with your soulmate is very rare. You can’t talk while your soulmate does, and while they talk, you have no choice but to listen.",2019-09-19,2545,Not Rated,F/M,Completed,Min Yoongi - Freeform | Yoongi - Freeform | reader x yoongi - Freeform | yoongi x reader - Freeform,Min Yoongi | Suga/Reader Series: Soulmate Series [1],yoongi,{'yoongi'}
https://golemlab.eu/graph/12791766,116,Office Holiday Party,"""Did you just spike the eggnog?"" ""Maybe."" ""Want to make out in the copy room?"" ""Lead the way.""",2017-11-22,1117,Mature,F/M,Completed,Kissing | Mild Sexual Content | Nipple Licking | Partial Nudity | Semi-Public Sex | but not really sex,Min Yoongi | Suga/Reader Series: A Christmas Story [2],yoongi,{'yoongi'}
https://golemlab.eu/graph/13491405,115,Bottling It Up,Yoongi has had a long stressful day and you are left to deal with the aftermath.,2018-01-27,1860,General Audiences,F/M,Completed,Angst | Arguing | Comfort | Fluff | stressed yoongi | strong reader,Min Yoongi | Suga/Reader,yoongi,{'yoongi'}
https://golemlab.eu/graph/25038811,115,Seven,"Yoongi hasn’t been home as much lately because he’s been splitting long hours between his studio and Big Hit, so one night when he’s home early, instead of the usual after-dinner routine of Netflix in bed, he suggests something different.",2020-07-02,5312,Explicit,F/M,Completed,Cuddling & Snuggling | Established Relationship | Fluff and Smut | Gentle Kissing | Gentle Sex | Good Boyfriend Min Yoongi | Suga | Gratuitous Smut | Idol Min Yoongi | Suga | Kissing | Marathon Sex | Multiple Orgasms | Multiple Sex Positions | Naked Cuddling | Oral Sex | Sex | Shameless Smut | Smut | Spooning | Swearing | Vaginal Fingering | Vaginal Sex,Min Yoongi | Suga/Reader,yoongi,{'yoongi'}
https://golemlab.eu/graph/26111947,115,champagne confessions,"min yoongi may be afraid of many things, but making sure you are well aware of his feelings towards you is not one of them.",2020-08-25,1721,Teen And Up Audiences,F/M,Completed,Lots of fluffy moments | Min Yoongi Is Whipped | mutual pining but Someone is being stubborn,"Min Yoongi | Suga/Reader, Min Yoongi | Suga/You",yoongi,{'yoongi'}
https://golemlab.eu/graph/14236413,114,wednesday,"you've exchanged words how many times? six? seven, maybe, if he counts that first day when namjoon introduced you two and you ran off to your eleven o'clock class right after saying your name. he's been crushing ever since.",2018-04-07,1224,Teen And Up Audiences,M/M,Completed,Alternate Universe - College/University | you're an exchange student,Min Yoongi | Suga/Reader,yoongi,{'yoongi'}
https://golemlab.eu/graph/28080678,114,Gentle Hands,Yoongi is easy to love.,2020-12-15,4000,Explicit,F/M,Completed,Cunnilingus | Cute | Cute Min Yoongi | Suga | Domestic Fluff | Fluff | Kissing | Min Yoongi | Suga Is Whipped | Romance | Romantic Fluff | Sweet Min Yoongi | Suga | Tooth-Rotting Fluff | loving relationship,Min Yoongi | Suga/Reader,yoongi,{'yoongi'}
https://golemlab.eu/graph/16928124,114,Good Morning,Yoongi sleeps too long and you have no patience,2018-12-09,1607,Explicit,F/M,Completed,Blow Jobs | Clothed Sex | Morning Sex | Plot What Plot/Porn Without Plot | Somnophilia | Thighs,Min Yoongi | Suga/Reader Series: BTS x Reader Scenarios [3],yoongi,{'yoongi'}
https://golemlab.eu/graph/12255000,114,Time,"Just some good old, logistically difficult car sex on a time limit with an impatient Yoongi.",2017-10-03,1484,Explicit,F/M,Completed,Cross-Posted on Tumblr | Semi-Public Sex | really anyone could come by but yknow | youre in a driveway but in the car,"Min Yoongi | Suga/Reader, Min Yoongi | Suga/You",yoongi,{'yoongi'}
https://golemlab.eu/graph/16837267,114,You Can Borrow Mine,Yoongi is a sly little bastard.,2018-12-04,760,Teen And Up Audiences,F/M,Completed,Explicit Language | Fluff | Friends to Lovers | Mutual Pining | Yoongi is a sly bastard,Min Yoongi | Suga/Reader,yoongi,{'yoongi'}
https://golemlab.eu/graph/26420053,113,Warmth | Min Yoongi x reader,"Not wanting to stay during your parent's argument, you step outside for a bit and your neighbor Yoongi finds you.",2020-09-12,925,General Audiences,F/M,Completed,Alone | Dysfunctional Family | Fluff | best friend neighbor,Min Yoongi | Suga/Reader,yoongi,{'yoongi'}
https://golemlab.eu/graph/15046943,113,restart.,"You certainly remembered climbing to your bed after a rather stressful day of school. But how in the fresh hell did you end up on a massive bed, your bones and joints aching, watching helplessly as a guy you're certain you've never known called your name with so much love in his voice?",2018-06-25,798,Teen And Up Audiences,F/M,Completed,Angst | Mafia AU | Possibly becoming a series in the future??? | Reader-Insert | Romance,Min Yoongi | Suga/Reader Series: ddaeng. [1],yoongi,{'yoongi'}
https://golemlab.eu/graph/21735058,113,and they were roommates,oh my god they were roommates,2019-12-09,1496,Explicit,F/M,Completed,Masturbation | Sexting | and they were ROOMMATES,Min Yoongi | Suga/Reader,yoongi,{'yoongi'}
https://golemlab.eu/graph/10385634,112,Red Silk,➽ Prompt | “This was a terrible idea.” ➽ Subtitle | Experiment of Pleasure ➽ Warning | Smut. Light bondage. Switch. Temperature play (ice).,2017-03-20,2693,Explicit,F/M,Completed,Blindfolds | Ice Play | Light Bondage | Smut,"Min Yoongi | Suga/Reader, Min Yoongi | Suga/You Series: Red Series | Temptations to Pleasure [1]",yoongi,{'yoongi'}
https://golemlab.eu/graph/36575884,112,The Email,"Working for a company that doesn't give a damn about you, you just try to survive 12 months until you can move on to your next job. But one day you accidentally paste a smut story into an email meant for your awful manager Min Yoongi. From then on things slowly but noticeably change between you. And you may find that Min Yoongi isn't so annoying after all.",2022-01-22,18153,Mature,F/M,Completed,Alternate Universe - Office | Enemies to Lovers | Eventual Romance | Loneliness | Lots of Cursing | Manager Min Yoongi | Suga | Pining | Slow Burn | coworker Kim Taehyung,Min Yoongi | Suga/Reader,yoongi,{'yoongi'}
https://golemlab.eu/graph/37875997,112,From hell to heaven in 12 hours,"On the first day of your long-awaited vacation, you are woken up far too early by your neighbour Yoongi, who has locked himself out. Too bad he won't get his spare key for another 12 hours. So, for better or worse, you are forced to wait together. However, what initially seems like a messed up day slowly turns out to be a lucky coincidence when you find out Yoongi isn't quite as annoying as you think.",2022-03-21,16291,Mature,F/M,Completed,Angst | Angst and Feels | Angst with a Happy Ending | Awkward Tension | Developing Friendships | Developing Relationship | Enemies to Lovers | Eventual Romance | Eventual Smut | Falling In Love | Fluff | Fluff and Angst | Fluff and Smut | Fluffy Ending | Hand appreciation | Happy Ending | Idiots in Love | Introspection | Lots of eye rolling | Mild Smut | Neighbour!AU | OC is an insecure mess | Pining | Sad and Happy | Strangers to Lovers | Tension | Yoongi is king of patience | chapters mark phases | lots of banter | lots of grinning | lots of talking | mentioning of anxiety | mentioning of depression | oc is a mess,Min Yoongi | Suga/Reader,yoongi,{'yoongi'}
https://golemlab.eu/graph/23727433,111,Sharing the pain,"You are not sure how you ended up with such a sarcastic and pain in the ass hybrid. One day, oh so long ago, you had looked behind you and found a cat following you. Though you are a bit reluctant once you realize he is a hybrid with a ridiculous amount of sass and sarcasm and you can't tell if he's pissed or not, you still are willing to try. Maybe along the way he can tell you why he chose you, if you don't kick him out in anger. He was truly a pain in the ass. But its not like you were easy to live with either. You weren't. But for yoongi, your reactions were perfect, and he wouldn't change a thing.",2020-04-28,3766,Explicit,F/M,Completed,Claiming | Cuddling | Fluff | HybridAU! | I know | Marking | Not Beta'd | Oops? | Reader Insert | Reader curses a lot | Reader loves cats | Scenting | Smut | Tension | We Die Like Men | Yoongi being Yoongi | but it is cute smut | cat!Yoongi | cursing | guess at who? | he is always a cat but oh well | i kind of have a thing for making the boys virgins | no regrets | persian cat yoongi | sassy Yoongi | soft yoongi | virgin Yoongi | which is totally a thing,Min Yoongi | Suga/Reader Series: You are my (soul)mate [2],yoongi,{'yoongi'}
https://golemlab.eu/graph/22272124,110,Limelight,"You were a tease. It was in your nature, to be a flirt, to be a minx. It was just how and who you were. And he knew it. Loved it, in fact. Because the relationship wouldn’t have worked otherwise if he didn’t. It’s just how you two were. Idol!YoongixReader",2020-01-15,6336,Explicit,F/M,Completed,Aftercare | BDSM | Choking | Derogatory Language | Dom/sub | Established Relationship | Explicit Consent | Flirting | Idol Min Yoongi | Suga | Jealousy | Love | Name-Calling | Oral Sex | Pet Names | Possessive Behavior | Rough Oral Sex | Rough Sex | Sex | Subspace | Teasing | Yoongi is good boy toy,Min Yoongi | Suga/Reader,yoongi,{'yoongi'}
https://golemlab.eu/graph/24864436,110,“𝕀𝕤 𝕋𝕙𝕖𝕣𝕖 𝕊𝕠𝕞𝕖𝕠𝕟𝕖 𝔼𝕝𝕤𝕖?” |𝕞.𝕪𝕘| 𝑜𝓃𝑒𝓈𝒽𝑜𝓉,"After your long time boyfriend accuses you of cheating on him, you have a heated discussion about the future of your relationship...",2020-06-22,2470,Mature,F/M,Completed,Alcohol | Angst | Angst with a Happy Ending | Arguing | Bar | Boyfriend Min Yoongi | Crying | Drinking | Fighting | Fluff and Angst | Fluff and Smut | Marriage Proposal | Min Yoongi | Suga Is Whipped | Min Yoongi | Suga is Bad at Feelings | Min Yoongi | Suga-centric | Oral Sex | Sex | Shower Sex | Soft Min Yoongi | Suga | Vaginal Sex | bts smut | min yoongi smut,"Min Yoongi | Suga/Reader, Min Yoongi | Suga/You",yoongi,{'yoongi'}
https://golemlab.eu/graph/15812247,109,"Tell Me, How Do You Like It?",All Yoongi wants is for you to tell him exactly how you like it. He is more than willing to deliver.,2018-08-27,3440,Mature,F/M,Completed,Dirty Talk | Grinding | Light Spanking | Oral Sex | Orgasm Delay/Denial | Smut | Vaginal Fingering,Min Yoongi | Suga/Reader,yoongi,{'yoongi'}
https://golemlab.eu/graph/7840810,109,Daegu Boy,"Min Yoongi struggled, but he hid his struggles well. Until he met you.",2016-08-22,8246,Mature,F/M,In-Progress,Angst | Romance | Smut | Yoongi - Freeform | i'll probably add more tags sooner or later | the rest of bts cameo lol | you - Freeform,Min Yoongi | Suga/Reader Series: 화양연화 [2],yoongi,{'yoongi'}
https://golemlab.eu/graph/13256466,109,Misunderstanding,What will the boys think when they see Suga exhausted and dead on his feet with Y/n nowhere to be seen?,2018-01-03,2137,General Audiences,F/M,Completed,Implied/Referenced Cheating | Misunderstandings | One Shot | not actually,Min Yoongi | Suga/Reader,yoongi,{'yoongi'}
https://golemlab.eu/graph/26345911,109,Boyfriend?! | Min Yoongi x reader,None,2020-09-08,4003,General Audiences,F/M,Completed,Fluff,Min Yoongi | Suga/Reader,yoongi,{'yoongi'}
https://golemlab.eu/graph/32944213,108,"Suga, We're Going Down","Min Yoongi has worked his way up from nothing to become king of the music industry. He's never needed anyone, until now. Y/N is a young woman down on her luck, when someone makes her an offer that seems to good to be true. Or is it?",2021-07-31,24975,Not Rated,F/M,In-Progress,Bangtan Boys | BTS - Freeform | Sugar Daddy AU | Yandere | bts - Freeform | soft yandere,Min Yoongi | Suga/Reader,yoongi,{'yoongi'}
https://golemlab.eu/graph/11694429,107,good-luck charm,"The first time you see Min Yoongi in person, he's across a friend’s large living room, attempting to get a brightly colored gummy worm from his forehead to his mouth. Or, the one where you take some sweet Suga home. (Rated for the second chapter.)",2017-08-05,10716,Explicit,F/M,Completed,Awkward Flirting | Drunken Flirting | Drunken Shenanigans | Hotel Room Sex | House Party | flirting on the job | park jimin is the best wingman | the entertainment company au no one asked for | yoongi is a dork but so are you,Min Yoongi | Suga/Reader Series: bulletproof entertainment [1],yoongi,{'yoongi'}
https://golemlab.eu/graph/13720968,107,Curiosity can be a good thing!,"All of BTS are friends with you, you all live in the same house together. One night you told the boys something personal and ever since Yoongi has been curious and he wants you to demonstrate ;)",2018-02-18,3725,Mature,F/M,Completed,Bottom Min Yoongi | Suga | Femdom | Yoongi is a cutie | he's just really curious | idk what else to say other than Yoongi is a smol soft baby boy who needs to be cherished,Min Yoongi | Suga/Reader,yoongi,{'yoongi'}
https://golemlab.eu/graph/15881019,107,Stuttering,"Knowing that Jungkook and Taehyung are scared of their Hyung, you know they wouldn't do anything to you even if you walk around their apartment naked. So  you can't stop yourself from teasing them.You soon regret doing that.",2018-09-03,2300,Not Rated,F/M,Completed,Filming | Min Yoongi | Suga Is a Little Shit | Non-Consensual Touching | Non-Consensual Voyeurism | Punishment | Sex Tapes | Teasing | Virgin Jeon Jungkook | Virgin Kim Taehyung | V,Min Yoongi | Suga/Reader,yoongi,{'yoongi'}
https://golemlab.eu/graph/18041789,106,Fuckin' Wembley,"You take care of a pliant, blindfolded Yoongi before BTS’ concert in London.",2019-03-08,1616,Explicit,F/M,Completed,Aftercare | Blindfolds | Concert AU | Dom/sub | Femdom | Fluff | Fluff and Hurt/Comfort | Good Boyfriend Min Yoongi | Suga | Hotel Sex | Idol Min Yoongi | Suga | Light Angst | Light BDSM | Masturbation | Mommy Kink | Naked Male Clothed Female | Reader-Insert | Sensory Deprivation | Smut | Sub BTS | Sub Min Yoongi | Suga | Sub Yoongi | boyfriend yoongi | dom!reader | femdom reader | guided masturbation | handjobs | mdlb | sub!yoongi | submissive yoongi | yoongi smut,Min Yoongi | Suga/Reader,yoongi,{'yoongi'}
https://golemlab.eu/graph/31657217,106,Under the Cape,"Yoongi and you have become close as partners and friends in the Omega sector's dark, criminal underworld. Close enough that you can see something is off about him, but he is quick to brush you off. The further you dig into it, the closer he is to snapping and succumbing to his baser natures.",2021-05-31,6226,Explicit,F/M,Completed,Alien Sex | Aliens | Anal Sex | Assassination | Begging | Blood | Dirty Talk | Dom/sub | Drugs | Explicit Language | Guns | Jealousy | Kissing | Mating Cycles/In Heat | Min Yoongi | Suga Has Tentacles | Minor Character Death | Multiple Orgasms | Multiple Penetration | Oral Sex | Smut | Teasing | Tentacle Sex | Tentacles | Vaginal Sex | Violence,Min Yoongi | Suga/Reader,yoongi,{'yoongi'}
https://golemlab.eu/graph/40733586,106,Suga's How-To Guide,"Min Yoongi has been a cam boy for a few years now. The work is easy, the money is good, and he has loyal viewers. When he approaches you and asks if you want to be his muse for a ‘how-to’ series, your view on the infamous Yoongi changes.",2022-08-02,9305,Explicit,F/M,In-Progress,Friends to Lovers | Min Yoongi | Suga Smut | Plot What Plot/Porn Without Plot | Sex Cam Worker Min Yoongi | Suga | Sex Worker Min Yoongi | Suga | Smut | min yoongi x reader - Freeform | theres just a lot of yoongi oral idk what you want from mem | what are these tags i hate this tag system | yoongi is an oral king,Min Yoongi | Suga/Reader,yoongi,{'yoongi'}
https://golemlab.eu/graph/16523156,105,2.1 out of 5.0,"You were a 4.9 and he was a 2.1, and that fact alone should have made you realize that the two of you were never meant to be. But as the saying goes, “the heart wants what it wants”.",2018-11-04,10202,Explicit,F/M,In-Progress,Alternate Universe - Black Mirror: Nosedive | Alternate Universe - College/University | Angst | Dirty Talk | Exhibitionism | Inspired by Black Mirror | Porn With Plot | Rough Sex | Smut | Voyeurism | sex against windows,Min Yoongi | Suga/Reader,yoongi,{'yoongi'}
https://golemlab.eu/graph/17940059,104,restart.,"The three words, coming from you, hurt him more than any array of bullet wounds could. ""Who are you?"" ≪  Mafia!AU | Yoongi × Reader ≫",2019-02-27,4308,Teen And Up Audiences,F/M,In-Progress,Alternate Universe | Reader-Insert | Romance | mafia!au,Min Yoongi | Suga/Reader,yoongi,{'yoongi'}
https://golemlab.eu/graph/15952700,104,Desperate Measures,She always took care of him. He wanted to take care of her too. Continuation of my Better Together series. Crossposted to Wattpad and Fanfiction.net,2018-09-10,1510,Explicit,F/M,Completed,Aftercare | Author Is Sleep Deprived | Biting | Bottom Min Yoongi | Suga | Crying | Cunnilingus | D/s | Degradation | Dom/sub | Face Slapping | Face-Sitting | Femdom | Finger Sucking | Fluff | Fluff and Smut | Hair-pulling | Handcuffs | Heterosexual Sex | How Do I Tag | I’m bad at titles | Mommy Kink | Oral Sex | Orgasm Delay/Denial | Praise Kink | Reader-Insert | Riding | Slapping | Smut | Sub Min Yoongi | Suga | Vaginal Sex | Yoongi Is A Good Boy | author wrote this at 4am | the end is very fluffy | very brief choking | why is there no tag for mommy kink,Min Yoongi | Suga/Reader Series: In Which Min Yoongi Gets the Shit Dommed Out of Him [3],yoongi,{'yoongi'}
https://golemlab.eu/graph/38601027,104,Nightcall,Yoongi's never been anything but honest with you. He's not looking for a relationship. It's too bad you've been in love with him since you met him.,2022-04-25,2608,Explicit,F/M,Completed,Angst | Emotional Hurt/Comfort | Explicit Language | Explicit Sexual Content | Smut,Min Yoongi | Suga/Reader,yoongi,{'yoongi'}
https://golemlab.eu/graph/21975763,103,A Court Of Moonlight,"As Prince Hoseok’s personal attendant, you travel with him on a diplomatic visit to Lunatis, home of the werewolves. There, you meet the enigmatic and intrguing werewolf prince, Min Yoongi, and discover more than you expected as a mere attendant.",2019-12-26,14698,Mature,F/M,In-Progress,Fantasy AU | Supernatural AU - Freeform | Vampire Hoseok | Werewolf | Witch Jimin | future smut | werewolf yoongi | witch reader,Min Yoongi | Suga/Reader Series: The Court Series [2],yoongi,{'yoongi'}
https://golemlab.eu/graph/21121577,103,Ink and Honey,"Yoongi has been around for centuries, he’s a tattoo artist when he meets you. he becomes completely, and utterly intoxicated with you.",2019-10-21,10168,Explicit,F/M,Completed,Alternate Universe - Vampire | Descriptive Sex | Mentions of Blood | Oral Sex | Slow Burn-ish | mentions of overstimulation | phone sex kinda ish | some sexual tension thru phone calls | tattoo artist au | vanilla sex.....????,Min Yoongi | Suga/Reader,yoongi,{'yoongi'}
https://golemlab.eu/graph/8200457,102,Something Like Safety,"""On days like this, you would be perfectly content to never be touched again.""",2016-10-03,1062,Teen And Up Audiences,F/M,Completed,Angst | Fluff and Angst | Implied/Referenced Abuse | Past Abuse | Reader-Insert | Slice of Life | gender neutral reader,Min Yoongi | Suga/Reader,yoongi,{'yoongi'}
https://golemlab.eu/graph/23475577,102,Tongue Technology,The 5 times Min Yoongi proved to you just how advanced his tongue technology really was.,2020-04-04,5014,Mature,F/M,Completed,Angst | Fluff | Tags are so hard | jealous suga because we deserve that | kim taehyung is a baby | minor smut because im weak | my friend sent me gifs of yoongi's tongue technology so this is what happened | reader has a pottymouth as usual | you and i both know you're also wondering about that tongue,"Min Yoongi | Suga/Reader, Min Yoongi | Suga/You",yoongi,{'yoongi'}
https://golemlab.eu/graph/6830473,102,old,Maybe growing old with the one you love wasn't so bad.,2016-05-12,602,General Audiences,F/M,Completed,Soulmate AU | growing old together: literally,Min Yoongi | Suga/Reader,yoongi,{'yoongi'}
https://golemlab.eu/graph/36233395,102,Hey Neighbour,"You may have overestimated your own strength. Luckily your new neighbour is here to help. You've moved into your knew apartment with the help of your hot neighbour. But, what will happen when you're both making each other lose sleep.",2022-01-05,8757,Explicit,F/M,Completed,Bottom Min Yoongi | Suga | Caught | Enemies to Lovers | Eventual Romance | Eventual Smut | Fluff | Light Angst | Masturbation | Mutual Masturbation | Mutual Pining | Neighbors | Oral Sex | POV Min Yoongi | Suga | POV Second Person | Producer Min Yoongi | Suga | Sex Toys | Sleep Deprivation | Smut | Switch Min Yoongi | Suga | Unprotected Sex | Vaginal Sex | Vibrators | slight breeding kink but not really,Min Yoongi | Suga/Reader,yoongi,{'yoongi'}
https://golemlab.eu/graph/30275517,102,Arranged Destiny,"Childhood friends, Min Yoongi and Reader, end up in an arranged marriage. Misunderstandings took them apart. A family's dark past. Will they find their way back to each other?",2021-03-26,21245,Not Rated,F/M,Completed,Alternate Universe - Arranged Marriage | Arranged Marriage | Cockwarming | Confessions | Counselling | Family | Family Member Death | Fluff | Love Confessions | Marriage Counselling | Mental Health Issues | Morning Cuddles | Morning Wood | Pregnancy | Therapy | Unprotected Sex | Vaginal Fingering | Virginity | implied impregnation,Min Yoongi | Suga/Reader,yoongi,{'yoongi'}
https://golemlab.eu/graph/8399233,102,The End of All Things,You and Yoongi don’t often share a schedule. Even less often do you share a bed long enough to fall asleep together. This is one of those exceptions.,2016-10-28,635,Teen And Up Audiences,F/M,Completed,Fluff | Reader-Insert | Slice of Life | gender neutral reader,Min Yoongi | Suga/Reader,yoongi,{'yoongi'}
https://golemlab.eu/graph/16944309,101,the arrangement,"Min Yoongi seemed like the perfect man, but sometimes things are too good to be true.",2018-12-11,16409,Explicit,F/M,In-Progress,Aged-Up Character(s) | Alternate Universe - College/University | Alternate Universe - Sugar Daddy | Angst | Body Worship | Breathplay | Come Eating | Semi-Public Sex | Smut | Sugar Daddy Min Yoongi | Suga,Min Yoongi | Suga/Reader,yoongi,{'yoongi'}
https://golemlab.eu/graph/14071788,101,First Love,"You learn a lot of new things in your first year of university, including what it feels like to fall in love.",2018-03-23,17616,Explicit,F/M,Completed,Alternate Universe - College/University | Dirty Talk | Explicit Language | Explicit Sexual Content | Falling In Love | First Love | First Time | Fluff and Smut | Friends to Lovers | Light Angst | Oral Sex | Smut | Vaginal Sex | if you know this series you probably know how this is gonna end,Min Yoongi | Suga/Reader Series: Seven Chances [2],yoongi,{'yoongi'}
https://golemlab.eu/graph/14552973,101,Golden Cage,"We both grew up together, got homeschooled together, I got nice clothes and a good education. However I am also a bird in a cage. He never let me go. What am I to Yoongi? His pet? His slave? His friend? His caretaker? I have no real title because in Yoongi's world. -""Remember every time you hurt me, I will hurt you twice as much"" He leaned down and brushed his lip against mine.",2018-05-06,32368,Mature,F/M,In-Progress,Action & Romance | Adults | Angry Sex | Angst | Angst and Hurt/Comfort | Angst and Romance | Angst and Tragedy | Arrogance | Blood and Violence | Dark Past | Drama & Romance | Emotional/Psychological Abuse | Heartache | Heartbreak | Jealousy | Love Triangles | Master/Pet | Master/Servant | Obsessive Behavior | Possessive Behavior | Relationship(s) | Romance | Smut | Unhealthy Relationships | Unrequited Love,Min Yoongi | Suga/Reader Series: Golden Cage [1],yoongi,{'yoongi'}
https://golemlab.eu/graph/21441964,101,yoongi (1),"prompt: ""Well, what do you want to do?""",2019-11-15,861,General Audiences,F/M,Completed,Established Relationship | Nudity | Romance | Slice of Life | and some dick grabbing if you like | bath tub scene | but nothing too explicit | ok maybe a little suggestive too,Min Yoongi | Suga/Reader Series: 100 ways to say i love you [4],yoongi,{'yoongi'}
https://golemlab.eu/graph/24832657,101,rogue.,A night out leads you to exactly where you want to be. Yoongi x Reader,2020-06-21,3893,Mature,F/M,Completed,Inspired by Daechwita (Music Video) | Light Angst | Smut | Strangers to Lovers | and just like the mv the time period is vague | sorta lmao | to say the least | very very heavily,Min Yoongi | Suga/Reader,yoongi,{'yoongi'}
https://golemlab.eu/graph/38188819,100,Accidentally in Marriage,"Your job requirement as an assistant manager in Hybe is simple: accompany the boys, make sure they don’t get into too much trouble, ensure locations they go to meet their requirements and that they’ll be on time for their commitments. Marriage is not part of your job requirements. You’re pretty sure it’s not in any of your contracts…. And yet… And yet you find yourself waking up with the hangover of a lifetime, gumball machine plastic ring in your left hand and way too many missed calls from your boss.",2022-04-05,7938,Explicit,F/M,In-Progress,Comedy | Las Vegas Wedding | Marriage Contracts | Office Romance | Romance | Strangers to Lovers | idiots to lovers,Min Yoongi | Suga/Reader,yoongi,{'yoongi'}
https://golemlab.eu/graph/23070688,99,Dandelion Wine,"Drunk words are sober thoughts. Unfortunately for you, your drunk words directed your secret feelings right in the face of your handsome coworker, Min Yoongi.",2020-03-08,3595,Teen And Up Audiences,F/M,Completed,Alternate Universe - Office | Drinking | First Love | Fluff | Tooth-Rotting Fluff,Min Yoongi | Suga/Reader,yoongi,{'yoongi'}
https://golemlab.eu/graph/21638815,98,Sleep Tight,"You hadn’t realized just how vanilla your sex life was, until one late night when your fiance decided to turn up the heat and show you his true desires.",2019-12-02,4119,Explicit,F/M,Completed,Anal Fingering | Biting | Body Worship | Creampie | Dirty Talk | Established Relationship | Kitten Kink | Light Bondage | Mildly Dubious Consent | Multiple Orgasms | Oral Sex | Orgasm Delay/Denial | Praise Kink | Spanking,Min Yoongi | Suga/Reader,yoongi,{'yoongi'}
https://golemlab.eu/graph/17389430,98,heavy sugar,"The Roaring Twenties were a time of great economic wealth and social change. But beneath the jazz music and colorful speakeasies were mafia led organized crimes and bloodstained cash. You knew this well, but try as you might, you just couldn’t ignore the dark and enigmatic gangster whose eyes lingered on you from across the room. 1920s au.",2019-01-12,8457,Not Rated,F/M,Completed,Alcohol | Alternate Universe - 1920s | Face-Fucking | Flappers | Guns | Minor Character Death | Power Play | Rough Sex | Smut | Violence | sir kink???,Min Yoongi | Suga/Reader Series: Rewind Series [1],yoongi,{'yoongi'}
https://golemlab.eu/graph/23677804,98,Lazy Morning,"You and Yoongi are stuck inside on a rainy day. Even though there is work to do, the bed is just too warm and cozy to leave. However, it isn’t long before warm and cozy turns to hot and steamy.",2020-04-16,2724,Explicit,F/M,Completed,Cuddling & Snuggling | Domestic Fluff | Fingerfucking | Fluff | Fluff and Smut | Foreplay | Fucking | Gentle Kissing | Kissing | Lazy Mornings | Lazy Sex | Multiple Orgasms | Neck Kissing | Not Suitable/Safe For Work | POV First Person | Rain | Romance | Sex | Smut | Vaginal Fingering | Vaginal Sex,Min Yoongi | Suga/Reader Series: Rainy Day Sessions [1],yoongi,{'yoongi'}
https://golemlab.eu/graph/18607165,98,"Tell Me, Yoongi","She was crazy, he knew it! That’s why she has blue hair. No sane person who is not an idol has blue hair! He’s made a terrible mistake as she slinks up to him, smiling like a crazed person in love all the while",2019-04-26,2507,Teen And Up Audiences,F/M,Completed,Fluff | Idol AU | Yoongi fluff | suga fluff,"Min Yoongi | Suga/Reader, Suga x Reader - Relationship, Yoongi x Reader",yoongi,{'yoongi'}
https://golemlab.eu/graph/13603515,98,Special Delivery,"(Y/N) was just a regular girl, working in a restaurant and delivering food until someone started to place special orders.",2018-02-07,4470,Explicit,F/M,Completed,Dom Min Yoongi | Suga | Fluff and Smut | I'm Bad At Tagging | Sexual Content | Smut,"Min Yoongi | Suga/Reader, Min Yoongi | Suga/You",yoongi,{'yoongi'}
https://golemlab.eu/graph/29724792,97,after the honeymoon fades,"Growing distant after being together for a long time seemed inevitable, until you realize the truth you and Min Yoongi are too stubborn to come to terms with: you needed each other more than ever. inspired by “honeymoon fades” by sabrina carpenter.",2021-02-27,13001,Mature,F/M,Completed,Angst | Cockwarming | Dirty Talk | Failing relationships | Oral Sex | Overstimulation | Pining | Producer Min Yoongi | Suga | Tender smut | Unprotected Sex | Vaginal Fingering | big brain namjoon | college professor oc | mentions of speculated cheating | student jungkook with a noona kink,"Min Yoongi | Suga/You, Min Yoongi/Reader",yoongi,{'yoongi'}
https://golemlab.eu/graph/38952015,97,Seeing In Color,"Jungkook decides karate is better than boxing and takes you to Dragon's Gate, where you meet the Boy With the Dragon Tattoo.",2022-05-12,17299,Explicit,F/M,In-Progress,Anxiety Attacks | Bisexual Min Yoongi | Suga | Drinking | Frottage | Karate | Masturbation | Past Jung Hoseok | J-Hope/Min Yoongi | Suga | Reader is REALLY thirsty | Reader-Insert | Self Confidence Issues | Slow Burn | Yoongi has a tattoo | mentions of past relationships - Freeform,"Min Yoongi | Suga/Reader, Min Yoongi | Suga/You",yoongi,{'yoongi'}
https://golemlab.eu/graph/24373309,96,You Think You're So Tough,"You always walked to work and then back home, and it was usually pretty late by the time you made it home. However, when you saw a boy getting jumped from the other side of the street, you couldn't help but to intervene and help him out. ~~~ I'm bad at summaries, but basically Yoongi is a troublemaker boy and you work at a strip club and own a few handguns",2020-05-25,20997,Explicit,F/M,Completed,Blood | Demisexual Min Yoongi | Suga | Demisexuality | Dialogue Heavy | Dry Humping | Eventual Happy Ending | Eventual Relationships | Eventual Romance | Eventual Smut | Grinding | Grumpy Min Yoongi | Suga | Guns | Injury | Kidnapping | Min Yoongi | Suga is Bad at Feelings | Other Additional Tags to Be Added | Reader-Insert | Strippers & Strip Clubs | Violence | reader - Freeform,"Min Yoongi | Suga/Reader, Min Yoongi | Suga/You",yoongi,{'yoongi'}
https://golemlab.eu/graph/32697553,96,Everyday is Saturday,"Assigned to work in Tokyo, you meet Yoongi through a friend in the music industry.",2021-07-20,32331,Explicit,F/M,Completed,Allusion to mental health issues - anxiety and burn out | Alternate Universe - Idols | Angst with a Happy Ending | Any smidgen of plausibility is gone by the end | Bang PD is an awkward dad type | Contains probably incorrect information on how to DJ | Established Min Yoongi | Suga/Reader | Eventual Happy Ending | Eventual Smut | Fluff | Fluff and Angst | Idol Min Yoongi | Suga | It Gets Worse Before It Gets Better | I’m pretending language barriers don’t exist except where convenient for the plot | Meet-Cute | Min Yoongi | Suga in Love | Namjoon has questionable secret keeping skills | Namjoon plays matchmaker even tho he also had eyes for OC | OC is a DJ | OC is really a Jimin bias but Yoongi doesn’t mind | OC is recovering from a broken heart | Original Character(s) | Slice of Life | Strangers to Lovers | The bonus chapter is deeply self indulgent | The ending is so sweet you might get cavities | Unplanned Pregnancy | We stan a supportive king | Yoongi is thoughtful | Yoongi makes references to BTS lyrics as a joke during critical emotional moments | the timeline gets a little loosey goosey towards the end,Min Yoongi | Suga/Reader Series: Everyday is Saturday [1],yoongi,{'yoongi'}
https://golemlab.eu/graph/7147595,96,Realize,Best Friends!AU Feelings and realizations start to bubble up when neither of them expected them to appear.,2016-06-09,13489,Teen And Up Audiences,F/M,Completed,Best Friends!AU | Blood and Violence | Fluff | I like fight scenes | Realization | Twisted and Fluffy Feelings | Violence | confused feelings | overdose of swear words used,"Min Yoongi | Suga/Reader, Min Yoongi | Suga/You Series: BTS x Reader Stories [2]",yoongi,{'yoongi'}
https://golemlab.eu/graph/26796856,96,Musk,"You're a co-owner of a large global business, and you really need a week off. You prefer your own hometown, where people know who you are, but they don't care. The last thing you want is to be working in a busy city store while you're on holiday, but being co-owner comes with awful responsibilities. What makes the day even worse, is being covered in ice-cold coffee on your way into work by a Mint-haired, doe eyed stranger.",2020-10-03,19263,Explicit,F/M,Completed,Edgeplay | Explicit Sexual Content | First Meetings | Mint-Haired Min Yoongi | Suga | Scent Kink | Strangers to Lovers,Min Yoongi | Suga/Reader,yoongi,{'yoongi'}
https://golemlab.eu/graph/22504351,96,Move,A giftfic for @Aerisuna cause she's been having Yoongi feelings lately. Here you go bb,2020-02-01,1568,Explicit,F/M,Completed,Alpha Min Yoongi | Suga | Alpha/Beta/Omega Dynamics | Alpha/Omega | Filthy | Min Yoongi | Suga Swears a Lot | Porn With Plot | Porn with Feelings | Some Plot | Yoongi has a filthy mouth in this please forgive me | baby's first bangtan fic,Min Yoongi | Suga/Reader,yoongi,{'yoongi'}
https://golemlab.eu/graph/27014161,96,Highrises,"Being married to one of the most powerful men in the country certainly has its perks. -WARNING- this is a named-reader insert. I don’t like writing in y/n format (been there done that, kind of hate it) so that’s why reader has a name. It’s used sparsely and is usually supplemented with cute nicknames (like baby, angel, etc.) so keep your nasty comments to yourself. They will be deleted.",2020-10-14,5002,General Audiences,F/M,In-Progress,Arranged Marriage | Business AU? | Character Death | Everyone Has Issues | Fluff | Friends to Lovers | Mafia AU | They’re all in the mafia kinda sorta | non!idol au | reader is the biggest brat I swear to god,Min Yoongi | Suga/Reader,yoongi,{'yoongi'}
https://golemlab.eu/graph/24755413,95,"I'll Sue You, Min Yoongi",Yoongles is the neighbor from hell,2020-06-16,11572,Mature,F/M,Completed,,Min Yoongi | Suga/Reader,yoongi,{'yoongi'}
https://golemlab.eu/graph/11851134,95,Warm Mornings,"You wake up at 6am to unfortunate pains, but you neglect telling Yoongi because, really, you just want to cuddle with him.",2017-08-19,881,Teen And Up Audiences,M/M,Completed,Fluff | Reader is male | brief mentions of testosterone shots | monthly satanic occurence | reader is trans,Min Yoongi | Suga/Reader,yoongi,{'yoongi'}
https://golemlab.eu/graph/25703209,95,Wake Up,"Yoongi refuses to get up, but you're not going to let him have his way.",2020-08-04,981,Explicit,F/M,Completed,Blow Jobs | Bottom Min Yoongi | Suga | Femdom | Hand Jobs | Min Yoongi | Suga is a Brat | Noona Kink | Orgasm Control | Orgasm Delay/Denial | Pet Names | Sub Min Yoongi | Suga | Verbal Humiliation,Min Yoongi | Suga/Reader Series: Sub BTS One-Shots [2],yoongi,{'yoongi'}
https://golemlab.eu/graph/27006340,94,Over Time,"You met Yoongi first as the quiet, sullen transfer student from small-town Daegu and later as your father's new delivery boy. Bonding over menial labour and deep conversations, a budding friendship blooms. A one-shot surrounding the relationship between Yoongi and Reader from high school into adulthood. Inspired by the Taiwanese book-turned movie 'You are the Apple of My Eye'",2020-10-14,14882,General Audiences,F/M,Completed,Fluff | High School Student Min Yoongi | Suga | High School Student Reader | Idol Min Yoongi | Suga | Min Yoongi and Reader through the years | Min Yoongi | Suga Is Whipped | Min Yoongi | Suga is Bad at Feelings | Minor Character Death | Pre-Debut Bangtan Boys | BTS | Struggling trainee Min Yoongi | Trainee Min Yoongi,Min Yoongi | Suga/Reader,yoongi,{'yoongi'}
https://golemlab.eu/graph/12357774,94,baby shark week,Yoongi's baby girl needs extra care when it's that time of the month.,2017-10-14,2104,Teen And Up Audiences,F/M,In-Progress,Caregiver | Caregivers!BTS | Daddy!Yoongi | Menstruation | Min Yoongi - Freeform | Non-Sexual Kink | Yoongi - Freeform | [Y/N] | caregiver!bts | caregiver!yoongi | littlespace | papa!yoongi | period | suga - Freeform | you - Freeform,Min Yoongi | Suga/Reader Series: littlespace with [y/n] [1],yoongi,{'yoongi'}
https://golemlab.eu/graph/24326749,94,"Golden King, Silver Prince","""The big golden dragon on his clothes stares at me as fiercely as he does. The beast has sharp claws and teeth, it’s majestic and deadly, pretty much like the King, Min Yoongi."" Or Daechwita MV inspired AU, in which after saving a dark haired boy from the King's guard, you're captured in his place, only to find out that the King himself looks exactly like the boy you saved. But blond.",2020-05-22,2048,Explicit,F/M,In-Progress,Blood | Inspired by Agust D Mixtape | Minor Violence | Smut,Min Yoongi | Suga/Reader,yoongi,{'yoongi'}
https://golemlab.eu/graph/27039631,93,Dirty Blond,"Both of you aren’t the best at taking care of yourselves. But when it comes to taking care of each other, you’re practically experts. It’s a soft world you live in sometimes.",2020-10-16,1182,Teen And Up Audiences,F/M,Completed,Comfort | Emotional Constipation | Established Relationship | Fluff | Literal Sleeping Together | Music | Sleep | Soft Min Yoongi | Suga | Softness | Tooth-Rotting Fluff | idolverse,Min Yoongi | Suga/Reader Series: BTS [1],yoongi,{'yoongi'}
https://golemlab.eu/graph/14769383,93,Party Game,"Your friend is throwing a party and invited Min Yoongi, your 'secret but way too cool for you' crush, who you're actually trying to forget as he hadn't even taken notice of you once at college. But not tonight. You caught his eye. Confused about the new situation you try to distract yourself by joining a little party game. However, your plan didn't work out.",2018-05-30,5982,Mature,F/M,Completed,Alcohol | Alternate Universe - College/University | I don't want to spill too much... | Making Out | Min Yoongi | Suga is Bad at Feelings | Party | Party Games | Secret Crush,Min Yoongi | Suga/Reader,yoongi,{'yoongi'}
https://golemlab.eu/graph/11422257,92,(so) far away,❝add a 'so' before you say 'far away'. it hurts less.❞,2017-07-06,5643,General Audiences,F/M,Completed,(so) far away | Like | No but really | SO FAR AWAY MAKES ME CRY | SURAN IS GR8 OMG | doesn't it | emphasize how important something is? | idK WHERE I'M GOING AT ENJOY THIS ANGST EHEHEHEHEHEHE | idk i think i failed | so i tried to make something that'll make you cry too | when you say 'so' before anything,Min Yoongi | Suga/Reader Series: We crave the things we'll never have [3],yoongi,{'yoongi'}
https://golemlab.eu/graph/23470798,92,Working Late,"You and Yoongi live together in an apartment in Seoul. He often works late, but eventually crawls into bed at some point during the night. If not, he usually texts, however, tonight he didn’t, so you make a late night visit to check on him.",2020-04-04,1196,Teen And Up Audiences,F/M,Completed,Domestic Fluff | Fluff | Good Boyfriend Min Yoongi | Suga | My First Work in This Fandom | No Smut | POV First Person | Producer Min Yoongi | Suga | Romantic Fluff | Slice of Life | Soft Min Yoongi | Suga,Min Yoongi | Suga/Reader,yoongi,{'yoongi'}
https://golemlab.eu/graph/16880358,92,Lab Partner,"Your lab partner, the campus jock, hasn't contacted you in three weeks about a joint lab report. When he turn up unannounced at your doorstep, you have no choice but to invite him in.",2018-12-06,5863,Explicit,F/M,Completed,Alternate Universe - College/University | Enemies to Lovers | Smut,Min Yoongi | Suga/Reader,yoongi,{'yoongi'}
https://golemlab.eu/graph/25872079,92,Dirty Laundry,"You innocently go into the bathroom to get the dirty clothes to wash and catch Yoongi in the shower mid-moan. You could leave, but why bother when you can join him instead?",2020-08-13,4219,Explicit,F/M,Completed,Bathing/Washing | Creampie | Cuddling & Snuggling | Established Relationship | Explicit Language | Explicit Sexual Content | Fluff and Smut | Good Boyfriend Min Yoongi | Suga | Idol Min Yoongi | Suga | Intimacy | Masturbation | Masturbation in Shower | Min Yoongi | Suga Smut | Min Yoongi | Suga in Love | Min Yoongi | Suga is Good at Feelings | Multiple Orgasms | Oral Sex | Shower Sex | Simultaneous Orgasm | Smut | Vaginal Fingering | Vaginal Sex,"Min Yoongi | Suga/Reader, Min Yoongi | Suga/You",yoongi,{'yoongi'}
https://golemlab.eu/graph/19051915,92,all you ever have to do is ask,"“i’m gonna ruin you.” he had said, three weeks in and not a moment out, the first time he thought this could go beyond casual. “i wouldn’t let you.” you replied, voice light and airy, reaching out from across the dinner table to grasp his hand. “i wouldn’t let you.” but here you are five years and a broken engagement later, sitting in the backseat of your manager’s car with the music blasting too loud to ignore the traitorous screaming from the back of your head. (or: in which yoongi falls in love fast and doesn’t fall out of it, and y/n will remember this until her next lifetime.)",2019-06-01,19393,General Audiences,F/M,Completed,Alternate Universe - Canon Divergence | Angst with a Happy Ending | Break Up | Established Relationship | Fluff and Angst | Getting Back Together | Oppa Kink | Post-Break Up | Reader-Insert | Sex | losing yourself and finding yourself,Min Yoongi | Suga/Reader Series: all you ever have to do is ask [1],yoongi,{'yoongi'}
https://golemlab.eu/graph/10379964,92,Midnight Blues,"After your heart is broken to pieces the night before New Year’s Eve, you receive a surprise visitor who is willing to whisk you away and help you find the love you had been missing all along.",2017-03-20,7665,Mature,F/M,Completed,Fluff | Smut | bit of angst,Min Yoongi | Suga/Reader,yoongi,{'yoongi'}
https://golemlab.eu/graph/27305479,92,love like that,"Prompt: You fainted during your shift in the hospital. And Dr. Min, whom your colleagues have no clue of your relationship with, has to be the one to check up on you. Pairing: doctor!yoongi x doctor!reader cross-posted from mintseesaw",2020-10-31,1536,Not Rated,F/M,Completed,Established Relationship | Fluff | Fluff and Angst | Light Angst,"Min Yoongi | Suga/Reader, Min Yoongi | Suga/You",yoongi,{'yoongi'}
https://golemlab.eu/graph/15983135,91,Gentle Guidance,He was reluctant. She was patient.,2018-09-13,1672,Explicit,F/M,Completed,Anal Plug | Bottom Min Yoongi | Suga | Butt Plugs | Cock Rings | Crying | Cute Min Yoongi | Suga | D/s | Dom/sub | Exhibitionism | Femdom | Fluff | Fluff and Smut | I'm Bad At Tagging | I'm Bad At Titles | Kneeling | Lace Panties | Lingerie | Mild Hurt/Comfort | Mommy Kink | Orgasm Control | Panties | Praise Kink | Reader-Insert | Shameless Smut | Shy Min Yoongi | Suga | Smut | Soft Min Yoongi | Suga | Sub Min Yoongi | Suga | Subspace | but only slightly - Freeform | technical voyeurism,Min Yoongi | Suga/Reader Series: In Which Min Yoongi Gets the Shit Dommed Out of Him [5],yoongi,{'yoongi'}
https://golemlab.eu/graph/10733529,91,Desires,"You love him and he loves you, and with that love, the two of you are able connect as one on a deeper level, fulfilling the desires you each hold for one another. (Smut warning)",2017-04-26,2375,Explicit,F/M,Completed,Angst and Fluff and Smut | Consensual Kink | Dom/sub | Fluff and Smut | Master/Doll | Master/Slave | Overstimulation | Romance | Shower Sex | Smut,"Min Yoongi | Suga/Reader, Min Yoongi | Suga/You",yoongi,{'yoongi'}
https://golemlab.eu/graph/10852404,91,His Kitten,Min Yoongi is a hard-headed business man but after an incident at his friend's house (Namjoon) he meets his kryptonite. You.,2017-05-08,1502,Mature,F/M,Completed,Daddy Kink | Fluff and Smut | Kitten | Smut | XD | cat hybrid | could potentially be a series | enjoy | for motivation | hybrid reader | platonic though - Freeform | please comment and leave kudos | really need it | slight namjoon x reader,Min Yoongi | Suga/Reader,yoongi,{'yoongi'}
https://golemlab.eu/graph/23959675,90,All In My Head,Yoongi's jealousy leads him to do something you'd never dream of.,2020-05-02,3610,Explicit,F/M,Completed,Angst | Public Sex | Smut,Min Yoongi | Suga/Reader,yoongi,{'yoongi'}
https://golemlab.eu/graph/35673361,90,No Rebounds,A look into you and Yoongi rediscovering why you fell in love and trying to save your marriage.,2021-12-13,16049,Explicit,F/M,Completed,Angst | Complete | Depression | Established Relationship | Explicit Smut | Face-Sitting | Financial Issues | Fingering | Infertility | Overstimulation | Overworking | Reader-Insert | Sexual Dysfunction | Slow Burn | Talks of Divorce | Therapy | Unprotected Penetrative Sex | Vomit | allusions to reader’s weight gain | future smut | hospital visits | injection sites | marriage AU | medication use discussion | miscommunications | talks of infidelity (but no infidelity) | unsupportive parents | uprotected sex,Min Yoongi | Suga/Reader Series: No Rebounds [1],yoongi,{'yoongi'}
https://golemlab.eu/graph/10468200,90,Assumptions,Yoongi assumes and you make him a deal. He agrees.,2017-03-27,2162,Explicit,F/M,Completed,Cream Pie | Hair Tugging | Riding | Slow Sex | Smut | Teasing | Vaginal Fingering | but there's also some fluff,"Min Yoongi | Suga/Reader, Min Yoongi | Suga/You",yoongi,{'yoongi'}
https://golemlab.eu/graph/16832458,90,only music,"don't we all wish someone would stand up for us? or it's not every day someone particularly annoying enters your train, but then it also doesn't happen every day someone shuts that person up",2018-12-03,1783,General Audiences,F/M,Completed,Fluff | Gender-Neutral Pronouns | Meet-Cute | Producer Min Yoongi | Suga | Reader-Insert | as he does | blond Yoongi | gender neutral reader | meeting in the subway au | min yoongi standing up for the shy people and being a hero,Min Yoongi | Suga/Reader,yoongi,{'yoongi'}
https://golemlab.eu/graph/6371326,90,Wild Strawberries,None,2016-03-27,2737,Teen And Up Audiences,F/M,Completed,Alternate Universe | Alternate Universe - Fantasy | Fluff | Fluff and Smut | Imagination | Mild Smut | Smut | dailydoseofdia,Min Yoongi | Suga/Reader,yoongi,{'yoongi'}
https://golemlab.eu/graph/24990889,89,Ten Minutes,"Yoongi is watching you fold the clothes and thinking- about the wicked lace you love to wear for him, the way your hands feel on his skin, how you're both so busy lately and it feels like it's been ages since he's been inside you. And although he should be working on something more productive, he wants to work on getting you under him instead.",2020-06-30,3807,Explicit,F/M,Completed,Established Relationship | Established Relationship Min Yoongi | Suga/Reader | Fluff | Fluff and Smut | I suck at tags and summaries take pity on me | Laundry Sex But Only Kind of | Min Yoongi | Suga Is Whipped | Min Yoongi | Suga is Bad at Feelings | Oops my Tae bias pops out for a second | Oral Sex | Panty Kink | Sex | Smut | Unprotected Sex | Vaginal Fingering,Min Yoongi | Suga/Reader,yoongi,{'yoongi'}
https://golemlab.eu/graph/11207088,89,Tongue Technology,In which a fan of Min Yoongi has a random sexual encounter with him. And... this is the longest one-shot I've ever written.,2017-06-15,4833,Mature,F/M,Completed,Eventual Smut | Explicit Language | Limousine Sex | Min Yoongi | Suga-centric | Sexual Content | Smut | agust d | straight smut | tongue technology,Min Yoongi | Suga/Reader,yoongi,{'yoongi'}
https://golemlab.eu/graph/11103789,89,Strokes and Sins,"painter!yoongi x musician!reader loving an artist came at a cost. you were his perfect muse, until he found inspiration else where.",2017-06-05,1099,Mature,F/M,Completed,Angst | Artist AU | Cheating | Drabble | Heart broken | Intimacy | Just angst | Smut | musician au,Min Yoongi | Suga/Reader,yoongi,{'yoongi'}
https://golemlab.eu/graph/17307959,88,Belonging,"He was a kinky little shit. Luckily, so was she.",2019-01-05,1663,Explicit,F/M,Completed,Aftercare | Anal Play | BDSM | Bottom Min Yoongi | Suga | Crying | D/s | Dom/sub | Erotic Electrostimulation | Femdom | Fluff | Fluff and Smut | Hair-pulling | Hand Jobs | I'm Bad At Titles | Like Filthy smut | Marking | Mommy Kink | Nipple Play | Oral Sex | Orgasm Control | Orgasm Delay/Denial | Overstimulation | Praise Kink | Prostate Massage | Riding | Rimming | Safewords | Sex Toys | Smut | Sub Min Yoongi | Suga | The Author Regrets Everything | Vaginal Sex | i did this instead of work | just a little bit,Min Yoongi | Suga/Reader Series: In Which Min Yoongi Gets the Shit Dommed Out of Him [16],yoongi,{'yoongi'}
https://golemlab.eu/graph/28203978,88,Honey Boy,A collection of short stories interconnected to tell the story of one Min Yoongi and his girlfriend. Written and updated entirely out of order (but chapters will be chronological).,2021-09-23,44681,Teen And Up Audiences,F/M,Completed,Domestic Fluff | Fluff and Angst | Hurt/Comfort,Min Yoongi | Suga/Reader Series: Long Term Couples (LTC) [1],yoongi,{'yoongi'}
https://golemlab.eu/graph/18116324,88,Something Like Fire,"No sun could match the fire Min Yoongi ignited inside you, though you struggled with whether to stamp it out or let it burn.",2019-03-15,822,Explicit,F/M,Completed,Alternate Universe - College/University | Basketball Player Min Yoongi | Suga | Originally Posted on Tumblr | POV Female Character | POV Second Person | Reader-Insert | Smut | Unprotected Sex | Unsafe Sex | Vaginal Fingering | Vaginal Sex,Min Yoongi | Suga/Reader Series: A Heart's Direction [2],yoongi,{'yoongi'}
https://golemlab.eu/graph/17218427,87,Don't Let Go,"“I thought I already made it clear that you can’t tell me who I can and can’t fancy. Nobody has a say in that, not even you.”",2018-12-30,5196,Not Rated,F/M,Completed,Angst | Bathroom Sex | CEO Min Yoongi | Suga | Choking | Fat Shaming | Fluff | Insecurity | Min Yoongi | Suga Is Whipped | Rough Sex | Semi-Public Sex | Smut | Spanking | Vaginal Fingering,Min Yoongi | Suga/Reader,yoongi,{'yoongi'}
https://golemlab.eu/graph/28776045,87,Want,Yoongi works at a diner and you go there every night just to see him.,2021-01-15,1543,Explicit,F/M,Completed,Alternate Universe - Diners | Flirting | Fluff and Smut | Reader-Insert | Secret Crush | Smut | Sweet/Hot | Wall Sex,Min Yoongi | Suga/Reader Series: Blood Sweat & Tears (BTS x Reader Fics) [19],yoongi,{'yoongi'}
https://golemlab.eu/graph/7041349,87,Sick Day,Short fluff about you and Yoongi taking a sick day.,2016-05-31,883,General Audiences,F/M,Completed,i just really wanted a small fluff about u forcing yoongi to stay home | i lowkey made it so 'you' can be whatever u want go me | like i didn't explicitly say girlfriend or boyfriend i'm proud of myself? | not really that sick | sick!yoongi,Min Yoongi | Suga/Reader,yoongi,{'yoongi'}
https://golemlab.eu/graph/39953349,86,match made in hell,None,2022-06-29,18998,Explicit,F/M,In-Progress,Alternate Universe - Arranged Marriage | Rivals to Lovers,"Min Yoongi | Suga/Reader, Min Yoongi | Suga/You",yoongi,{'yoongi'}
https://golemlab.eu/graph/6801487,86,New Guy,"His new job was taking a toll on him, you decide to help relieve his stress.",2016-05-09,1738,Explicit,F/M,Completed,Explicit Sexual Content | Public Blow Jobs,Min Yoongi | Suga/Reader,yoongi,{'yoongi'}
https://golemlab.eu/graph/23262529,86,at the end of the day,you’re beautiful. and you’re drooling.,2020-03-22,1361,General Audiences,F/M,Completed,Domestic | Domestic Fluff | Fluff | Idols,"Min Yoongi | Suga/Reader, Min Yoongi | Suga/You",yoongi,{'yoongi'}
https://golemlab.eu/graph/11576862,86,As Sweet as Suga(r),"Yoongi comes back from tour, and he can finally ask you the question he couldn't before.",2017-07-22,1320,Teen And Up Audiences,F/M,Completed,Established Relationship | Fluff | Oneshot | Romance | Short & Sweet | Tooth-Rotting Fluff,"Min Yoongi | Suga/Reader, Min Yoongi | Suga/You Series: My Sweet Suga Heart [2]",yoongi,{'yoongi'}
https://golemlab.eu/graph/14552595,86,Disposable,"Being friends with benefits with Min Yoongi can be complicated (at best) by itself. But when you accidentally tell your family (and his boss) that the two of you are dating, things get messy. It only complicates things more when you blackmail Yoongi into pretending to date you, and neither of you can quite keep your feelings separate, no matter how much you try. Angst, fluff, slight smut at times. Previously posted on my Tumblr, notsoguiltykpop, but this is the edited version!",2018-05-06,13500,Mature,F/M,In-Progress,CEO Kim Namjoon | RM | Editor Min Yoongi | Suga | Fake/Pretend Relationship | Friends With Benefits | Inspired by The Proposal | Kim Taehyung loves animal | Kim Taehyung | V & Park Jimin are Best Friends | Min Yoongi | Suga is Bad at Feelings | Reader-Insert | Rich Jeon Jungkook | and all the other many fake relationship stories out there | badboy Min Yoongi | Suga,Min Yoongi | Suga/Reader,yoongi,{'yoongi'}
https://golemlab.eu/graph/19808044,86,Nocturne,"The world, human as well as divine, would rather forget about a shocking scandal that occurred amongst the gods, and so they also forgot about the beautiful, but cursed creature that had been conceived through said event. This caused him to live a solitary life, one where the gentle breeze through the leaves, the chirping birds in the trees, the koi in the springs and the fireflies in the night established the only form of companionship. And then, he felt your eyes on him",2019-07-14,9280,Mature,F/M,Completed,Abduction | Alternate Universe - Fantasy | Alternate Universe - Mythology | Greek Mythology - Freeform | Middle Ages | Mildly Dubious Consent | Mythical Beings & Creatures | Mythology - Freeform | Nymphs - Freeform | Witch Hunts | greek god references | male nymph,Min Yoongi | Suga/Reader,yoongi,{'yoongi'}
https://golemlab.eu/graph/22406173,85,Frosted Glass,"Yoongi is in love with the princess of another land, and he’s given the opportunity to court her, with the help of his brothers. You are the princess of the country south of the frozen kingdom, but you’ve gotten a deadly disease and your only home is to venture and live in the icy north. Will Yoongi be able to win your hand with the help of his brothers? The Jack Frost Yoongi story no one ever asked for.",2020-01-25,6910,General Audiences,F/M,Completed,Alternate Universe - Royalty | Fairy Tale Elements | Ice Magic | Jack frost au | Prince Min Yoongi | Suga | Princes & Princesses | Royalty | frost princes | prince jaebum | prince yeonjun | prince yesung | snow kingdom,Min Yoongi | Suga/Reader,yoongi,{'yoongi'}
https://golemlab.eu/graph/16946637,85,So Cold,"""If you're so cold, why didn't you say something? Come here.""",2018-12-11,986,General Audiences,F/M,Completed,Cute Min Yoongi | Suga | Fluff | Fluff without Plot | Grumpy Min Yoongi | Suga | Min Yoongi | Suga Is Whipped | Min Yoongi | Suga is Bad at Feelings | Producer Min Yoongi | Suga,Min Yoongi | Suga/Reader,yoongi,{'yoongi'}
https://golemlab.eu/graph/13239264,85,Walls (Suga x Reader),"She had slowly become his muse. Writing about her in songs and helping him rap, he gradually fell in love. They had never even talked, but he had taken her personality, and warped it around his.",2018-01-02,1236,General Audiences,Other,Completed,,Min Yoongi | Suga/Reader,yoongi,{'yoongi'}
https://golemlab.eu/graph/13255656,85,Put in Work,"After a long day of caring for others, all Yoongi wants to do is focus on himself, take those very few hours left in the day and sleep or do something for his own benefit. But even then, he doesn’t have to worry, because you’re always there, mouth parted deliciously, ready to bow to his every wish.",2018-01-03,3104,Explicit,F/M,Completed,Doctor Min Yoongi | Suga | Dom Min Yoongi | Suga,Min Yoongi | Suga/Reader,yoongi,{'yoongi'}
https://golemlab.eu/graph/12737289,85,Winter: Endless Days,Sometimes the most fleeting of moments are the ones that go on to last for an eternity.,2017-11-15,11791,Not Rated,F/M,Completed,Alternate Universe | Alternate Universe - College/University | Angst and Feels | Biology Inaccuracies | Immortal Yoongi | Immortals | Mortal Reader | One Shot | professor min,Min Yoongi | Suga/Reader Series: Tell me of an Eternity [2],yoongi,{'yoongi'}
https://golemlab.eu/graph/7020112,85,Oppa.,The constant teasing you've been doing to Yoongi has finally payed off.,2016-05-30,1003,Explicit,F/M,Completed,Age Difference | Bad Ending | I Can't Believe I Wrote This | I'm Bad At Tagging | I'm Sorry | Oral Sex | Plot What Plot/Porn Without Plot | Shameless Smut | Spanking | Vaginal Fingering,Min Yoongi | Suga/Reader Series: Drabble It [2],yoongi,{'yoongi'}
https://golemlab.eu/graph/17790920,85,Snowdrop,The first thing you do after moving in together and setting up the bedroom is attending to Valentine’s joys in the sheets. — or: Reader having fun with a vibrator and the perfect little snowdrop that is Yoongi’s dick.,2019-02-15,2748,Explicit,F/M,Completed,Aftercare | Biting | Condoms | Dom/sub | Dom/sub Undertones | Domestic Fluff | Drooling | Femdom | Finger Sucking | Fingering | Fluff | Hand & Finger Kink | Riding | Smut | Sub BTS | Sub Yoongi | Subspace | Vaginal Sex | Vibrators | dom!reader | sub!yoongi | thigh riding,Min Yoongi | Suga/Reader Series: Domestic Sub!BTS [1],yoongi,{'yoongi'}
https://golemlab.eu/graph/20396515,84,Havana,"You’ve spent the last six years following in your parents footsteps all the way to Cuba, trying to make them proud by finishing their research, but when you join forces with a snarky boat owner who knows more than he lets on, will things play out the way you planned them?",2019-07-19,18817,Mature,F/M,Completed,,Min Yoongi | Suga/Reader,yoongi,{'yoongi'}
https://golemlab.eu/graph/12361440,84,Stay With Me,"You needed him, but he was busy.",2017-10-14,957,Teen And Up Audiences,F/M,Completed,Angst | Angst and Hurt/Comfort | Angst with a Happy Ending | Fluff and Angst | I really don't know how to tag | suga works more than he should,Min Yoongi | Suga/Reader,yoongi,{'yoongi'}
https://golemlab.eu/graph/28603194,84,Don't forget your keys,Is it really college life if you don't lock yourself out of residence at least once? But don't ever forget your keys because sometimes that might just lead to terrible encounters with horrible (but hot) people. Like Min Yoongi.,2021-01-07,5504,Teen And Up Audiences,F/M,Completed,Alternate Universe - College/University | College | Crack | Enemies to Lovers | Fluff | Fluff and Crack | as a form of flirting | yoongi makes your life difficult,"Min Yoongi | Suga/Reader, Min Yoongi | Suga/You",yoongi,{'yoongi'}
https://golemlab.eu/graph/18855454,84,Drive,Yoongi watches you when you aren't looking,2019-05-17,1168,General Audiences,F/M,Completed,Cute Min Yoongi | Suga | Domestic Fluff | Fluff | Fluff without Plot | Min Yoongi | Suga Is Whipped | Min Yoongi | Suga Is a Sweetheart | Min Yoongi | Suga is Good at Feelings | Reader-Insert | Short & Sweet | Soft Min Yoongi | Suga | Tooth-Rotting Fluff,Min Yoongi | Suga/Reader,yoongi,{'yoongi'}
https://golemlab.eu/graph/11646021,84,You Are My Most Beautiful Moment in Life (Yoongi X Reader),"The next day, I woke up in a hotel room. It was the room from last night, but all his luggages were gone. I looked at my phone and saw a text from Yoongi, “Hi, I didn’t want to wake you up this morning cause our flight was really early. Thank you so much for your inspiration last night…I hope we will meet again soon.” I read his text over and over again. Last night was not a dream.",2017-07-29,13440,Not Rated,F/M,Completed,Alternate Universe - Real World | Coming of Age | Cute Min Yoongi | Suga | Dreams | Fluff | Hope | Idols | Inspired by Real Events | Min Yoongi | Suga Is Whipped | Min Yoongi | Suga is Bad at Feelings | POV First Person | Producer Min Yoongi | Suga | Sad Min Yoongi | Suga,Min Yoongi | Suga/Reader,yoongi,{'yoongi'}
https://golemlab.eu/graph/27039697,83,Honey Boy,You’ve just watched the Daechwita MV with Yoongi and your heart is unsettled and horny.,2020-10-16,1071,Teen And Up Audiences,F/M,Completed,Comfort | Emotional Constipation | Established Relationship | Fluff | Fluff and Humor | Humor | Inspired by Agust D (Agust D) | Inspired by Daechwita (Agust D) | Soft Min Yoongi | Suga | Softness | Song: Daechwita (Agust D) | agust d | suggestive descriptions,Min Yoongi | Suga/Reader Series: BTS [2],yoongi,{'yoongi'}
https://golemlab.eu/graph/24817375,83,Feather Kisses,"On a stormy day, Yoongi finds a stray feather in the apartment and begins teasing you with it while you attempt to watch Netflix in bed. However, what starts out as innocent tickling quickly turns sinful.",2020-06-20,4465,Explicit,F/M,Completed,Creampie | Domestic Fluff | Established Relationship | Feathers & Featherplay | Fluff and Smut | Good Boyfriend Min Yoongi | Suga | Gratuitous Smut | Hand & Finger Kink | Hot Sex | Idol Min Yoongi | Suga | Min Yoongi | Suga's Tongue Technology | Multiple Orgasms | Oral Sex | Smut | Vaginal Fingering | Vaginal Sex,"Min Yoongi | Suga/Reader, Min Yoongi | Suga/You Series: Rainy Day Sessions [3]",yoongi,{'yoongi'}
https://golemlab.eu/graph/11106834,82,Distractions,"You didn’t know what your husband did for work; you didn’t ask. But he promised you that he would never put his family in danger, and that was enough for you.",2017-06-06,3898,Teen And Up Audiences,F/M,Completed,Alternate Universe - Mob | Angst | Im sorry about this | Kinda | i cried writing it honestly | request,Min Yoongi | Suga/Reader,yoongi,{'yoongi'}
https://golemlab.eu/graph/14456751,82,he's leaving (you gasping for breath),"you would feel guilty for leaving marks, but yoongi likes it, likes knowing that he can please you enough to the point where his name isn't enough for you",2018-04-28,2151,Mature,F/M,Completed,Breasts | Dirty Talk | Grinding | Hand Jobs | How Do I Tag | I hope | I'm Bad At Tagging | Kissing | Love | Making Love | Making Out | Moaning | Oral Sex | Sex | Smut | Vaginal Sex | Vanilla | Well-Written | a little bit | also this is pretty vanilla | how do i tag smut help | kind of,Min Yoongi | Suga/Reader,yoongi,{'yoongi'}
https://golemlab.eu/graph/24895045,82,Concerned | SUGA,Prompt from @prciousksj on twitter: WHY DO I FEEL LIKE YOONGI WOULD BE THAT TYPE OF BOYFRIEND WHO WILL LET U SIT ON HIS LAP WHILE HE IS MAKING MUSIC.,2020-06-24,271,Not Rated,F/M,Completed,Idol Min Yoongi | Suga | Producer Min Yoongi | Suga | Soft Min Yoongi | Suga,"Min Yoongi | Suga/Reader, Min Yoongi | Suga/You",yoongi,{'yoongi'}
https://golemlab.eu/graph/14689413,82,dead man walking,"Min Yoongi, the face of the worst gang to ever plague Seoul, had been reported as dead by a rival gang. Yet, he was still alive and breathing. He might have a few extra holes in his body from the stab wounds, but he was still alive.  And it was all thanks to you, the college student working two jobs. How did he end up in the hands of you?",2018-05-17,11744,Teen And Up Audiences,Multi,In-Progress,Alternate Universe - Gang World | Chaos | Fluff | Friendship | Guns | Injury Recovery | Party | Rating May Change,Min Yoongi | Suga/Reader,yoongi,{'yoongi'}
https://golemlab.eu/graph/15190361,82,A Thousand Times More,"Having Min Yoongi, your friend since kindergarten, turn from the sweet boy next door to someone the Devil would be proud to call 'son' was devestating. But things got a lot worse when he suddenly said he had feelings for you.",2018-07-06,1841,General Audiences,F/M,Completed,Alternate Universe - High School | Friends to Lovers | Love Confessions,Min Yoongi | Suga/Reader,yoongi,{'yoongi'}
https://golemlab.eu/graph/32673079,81,The Roommate: Yoongi,You only meant to do a favor: Take in a friend in need. A temporary roommate wasn't the worst thing for a woman living alone. But your roommate has a secret...and so do a few of your other friends. Revelations will change everything you thought you knew.,2021-07-19,37044,Explicit,F/M,Completed,Angst | Biting | Grinding | Happy Ending | Hybrid - Freeform | Knotting | Lovers | More I can't think of | Oral Sex | Roommates | Rubbing | Secrets | Slow Burn | Tension | Unplanned Pregnancy | Unprotected Sex | mild dubious con moments,Min Yoongi | Suga/Reader Series: The Roommate: Yoongi [1],yoongi,{'yoongi'}
https://golemlab.eu/graph/16254974,81,Romeo and Juliet | Yoongi x Reader,Yoongi and [your name] decide who would die first if they were truly Romeo and Juliet.,2018-10-10,624,General Audiences,F/M,Completed,BTS fluff | BTS x Reader | Fluff | Gender Neutral | Yoongi fluff | Yoongi scenario | bts imagine | bts oneshot | bts scenario | bts x male reader - Freeform | fluff writing | kpop fluff | kpop imagine - Freeform | kpop oneshot | kpop scenario | kpop x male reader | kpop x reader | soft | soft yoongi | yoongi imagine | yoongi oneshot | yoongi x male reader | yoongi x reader - Freeform,Min Yoongi | Suga/Reader,yoongi,{'yoongi'}
https://golemlab.eu/graph/5788615,81,Mixtape - Min Suga Production,"Suga, Min Suga, Min Yoongi. This person all intermingled while he was in his studio. Outside you could tell the difference but inside his studio that was a different matter. Time and time you had been here, in this very cave as they liked to call it but you could never tell. No, you couldn't until he spoke or slammed a fist down in frustration or even chuckled very arrogantly, mind you. Today, was no different but this time you didn't want to deal with it, slinking away would be best. Best for you, best for his music and best for his piece of mind. Or so you thought...",2016-01-22,5551,Explicit,F/M,Completed,Awkward Jungkook | Minor Jungkook | Originally Posted Elsewhere,Min Yoongi | Suga/You Series: Mia Festa [2],yoongi,{'yoongi'}
https://golemlab.eu/graph/7547485,81,Adult Child (Suga x Reader),"You and Yoongi are having a fun time at the carnival, acting like children, but suddenly, your day takes a romantic twist...",2016-07-21,1702,Teen And Up Audiences,F/M,Completed,Carnival | Coffee | Coffee Shops | Kinda Fluffy | Kisses | Other Additional Tags to Be Added | Romance | Sweet | adult child | bangtan boys - Freeform | bts - Freeform,Min Yoongi | Suga/You Series: BTS One Shots [1],yoongi,{'yoongi'}
https://golemlab.eu/graph/16924362,80,Soul Bound,"Yoongi just bought his first house and he couldn’t be happier. Though he does keep misplacing his things, that’s totally normal right?",2018-12-09,6244,Not Rated,F/M,Completed,Angst | Creampie | Fluff | Fondling | Implied Murder | Marking | Mentioned Voyeurism | Mentions of Masturbation | Smut | Supernatural AU - Freeform | Supernatural reader | Unprotected Sex,Min Yoongi | Suga/Reader,yoongi,{'yoongi'}
https://golemlab.eu/graph/33943090,80,A Little Secret,"Min Yoongi never knew what Little Space was. He just knew when he got too stressed, he felt floaty, and everything that was bothering him just vanished. It felt good to be able to let go like that, so he embraced that feeling behind closed doors. Everything was going fine until Y/n fucking L/n stepped into his life with her warm smile and sweet words that made him want to sink into that floaty feeling every time he saw her. Yoongi may not know what Little Space is, but he sure as hell knew that no one could ever find out. They would think he'd lost it. The only problem with that is that the struggle not to slip was only making him more stressed, and the more he stressed, the harder it was not to slip. Yoongi reaches his breaking point on a Thursday afternoon, all because of the snow and one wrong step on a patch of ice.",2021-09-18,8772,Mature,F/M,In-Progress,Age Play Caregiver Reader | Age Play Little Min Yoongi | Suga | Alternate Universe - College/University | Alternate Universe - Modern Setting | Angst | Arguments | Cute Min Yoongi | Suga | Depressed Min Yoongi | Suga | Eventual Romance | Eventual Smut | Falling In Love | Fear of Rejection | Grumpy Min Yoongi | Suga | Guys I Mean Painfully Oblivious | He Uses Little Space To Cope | Hurt/Comfort | I Try To Portray Little Space As Accurately As Possible | INCREDIBLY SLOW BURN | Idiots in Love | Implied/Referenced Child Abuse | Implied/Referenced Sexual Assault | It Can't Be Sunshine And Rainbows All The Time | It's Mostly Hurt/Comfort | Like It Actually Takes Them Years To Get Together | Like More Fluff Than I Know How To Explain | Min Yoongi | Suga & Reader are Best Friends | Min Yoongi | Suga is Bad at Feelings | Min Yoongi | Suga-centric | Oblivious Min Yoongi | Suga | Other Additional Tags to Be Added | Please Tell Me If I Get Something Wrong So I Can Fix It | Reader Helps Him | Reader Is Good At Feelings | Reader Is Protective of Yoongi | Reader-Insert | Sexual Tension | Shy Min Yoongi | Suga | Slow Burn | Soft Min Yoongi | Suga | Tooth-Rotting Fluff | Trust Issues | Yoongi is a Sweetheart Though | he just doesn't know how to show it | like so much fluff | lots of fluff | only sometimes though | too much angst makes me sad,Min Yoongi | Suga/Reader,yoongi,{'yoongi'}
https://golemlab.eu/graph/29224230,80,Chicken Please,"Yoongi's daughter wakes him up with an odd request, and his wife is nowhere to be found.",2021-02-05,631,General Audiences,F/M,Completed,Fatherhood | Female Reader | Fluff | Pregnancy | Soft Min Yoongi | Suga,Min Yoongi | Suga/Reader,yoongi,{'yoongi'}
https://golemlab.eu/graph/20679428,80,Dating... Min Yoongi,"Min Yoongi has never been great at expressing himself, but you make him want to try. - Part of the Dating BTS series, written in a bullet point style. Complete series can be found on my tumblr.",2019-09-18,2240,Mature,F/M,Completed,Angst | Dating | Humour | Marriage Proposal | Mentions of Smut | Sex | Smut | non idol,Min Yoongi | Suga/Reader Series: Dating BTS [2],yoongi,{'yoongi'}
https://golemlab.eu/graph/18990460,80,Sleepless,"Genre: Smut (of course) with Yoongi x Reader (Y/N) Warnings: Swearing, unprotected sex (be safe folks), maybe a little soft in places, oral sex (female receiving), non-penetrative ass play, slight overstimulation, mention of sleeping pills (Reader takes a melatonin before the story begins) Summary: Y/N can’t sleep no matter how hard she tries. Seeking comfort from her partner (Yoongi), she finally gets to sleep or so she thought. Reference: 140503 at Dawn by Agust D. That was playing in my head anyway. All rights reserved ©Gotmetalkinginmysleep",2019-05-27,2247,Explicit,F/M,Completed,Ass Play | Cute Min Yoongi | Suga | Good Boyfriend Min Yoongi | Suga | Insomnia | Min Yoongi - Freeform | Morning Sex | Oral Sex | Overstimulation | Sleepy Sex | boyfriend yoongi | suga - Freeform,Min Yoongi | Suga/Reader,yoongi,{'yoongi'}
https://golemlab.eu/graph/29166090,80,Practice Makes Perfect,"You help Yoongi with his sword routine, but end up getting much more in return.",2021-02-03,3638,Explicit,F/M,Completed,Cunnilingus | Fluff and Smut | Older Woman/Younger Man | Reader-Insert | Shower Sex | Smut | Sword practice,Min Yoongi | Suga/Reader Series: Blood Sweat & Tears (BTS x Reader Fics) [21],yoongi,{'yoongi'}
https://golemlab.eu/graph/26301373,79,Fealty,"Your king is beautiful. Twisted, perhaps, sometimes dark, and ever impossible to predict. But beautiful.",2020-09-05,2369,Mature,F/M,Completed,Alternate Universe - Royalty | Concubines | Do I Know How Royalty Works No | Mention of Politcal Murder and Beheadings | Plot What Plot/Porn Without Plot | Will I Let That Stop Me | also no,Min Yoongi | Suga/Reader,yoongi,{'yoongi'}
https://golemlab.eu/graph/18977707,79,Whiskey,in which Min Yoongi teaches you how to enjoy whiskey,2019-05-26,6042,Mature,F/M,Completed,Alcohol | Bartender AU | Dirty Talk | Drinking | Explicit Sexual Content | Oral Sex | Rebound au | Semi-Public Sex | female receiving | intercourse | unprotected,Min Yoongi | Suga/Reader Series: The Alcohol Series [4],yoongi,{'yoongi'}
https://golemlab.eu/graph/12769365,79,White Horses,After a nasty break up and a bad semester you head home for the summer break only to run into - quite literally - a fairly peculiar man on the beach.,2017-11-19,5293,Teen And Up Audiences,F/M,Completed,,Min Yoongi | Suga/Reader,yoongi,{'yoongi'}
https://golemlab.eu/graph/13523082,79,Take a Break With Me (Min Yoongi/Reader story),"A (not so)short scenario that plagued my mind for weeks and literally made me get an account on this site, no ragrets,- where Min Yoongi is his adorable genius producer grumpy self and its up to his girlfriend (YOU!) to cheer him up and inspire him once again. (mostly so that the rest of the boys would stop worrying and calling her non-stop at 3 in the morning asking her to calm him down because they're too scared to approach him themselves).",2018-01-30,2915,Teen And Up Audiences,F/M,Completed,FIRST STORY BE KIND PLS | Fluff | Grumpy Min Yoongi | Suga | Min Yoongi | Suga Is a Sweetheart | Min Yoongi | Suga is Bad at Feelings | based on Tae's celeb bros episode im sure you could tell already | gets kinda deep idk what happened | reader is an idol producer | sorry i had to since i dont really know places in korea | this is a relationship i wish i had future boyfriend take notes,Min Yoongi | Suga/Reader,yoongi,{'yoongi'}
https://golemlab.eu/graph/13570659,78,Suga Daddy,Min Yoongi x reader smut slight edging but idk slightly kinky,2018-02-04,1747,Not Rated,F/M,Completed,AgustD | BANGTANSONYEONDAN | Edging | Kinky | Minyoongi | Smut | Smut and Fluff | Sugar Daddy Min Yoongi | Suga | Teasing | Yoongi - Freeform | bangtan - Freeform | bangtan boys - Freeform | bte | rough | suga - Freeform,Min Yoongi | Suga/Reader,yoongi,{'yoongi'}
https://golemlab.eu/graph/19080922,78,Boys Don't Cry,"After years of “happy” marriage, what could possibly separate them?",2019-06-03,3402,Mature,F/M,Completed,Yandere BTS | Yandere BTS AU | Yandere Min Yoongi | Suga,Min Yoongi | Suga/Reader,yoongi,{'yoongi'}
https://golemlab.eu/graph/20496035,78,Taking Chances,"From the drabble prompts: “Who gave you that black eye?” - “Well, you’re coming home with me whether you like it or not.” - “Me and the boys will handle it.” Distressed, you reach out to Yoongi for support, and he helps you in more ways than one.",2019-09-02,2966,Explicit,F/M,Completed,Implied abuse | Non-Graphic Violence | Smut | hard angst | soft smut,Min Yoongi | Suga/Reader Series: Foreignfingers' BTS Drabbles [3],yoongi,{'yoongi'}
https://golemlab.eu/graph/21264257,77,When the Were Bites,You accidentally let a werewolf into your house,2019-11-01,3208,Teen And Up Audiences,F/M,Completed,BTS One shot | Halloween | Soulmates | Werewolf | Werewolf Min Yoongi | Suga | Werewolf Suga | Witch - Freeform | Witch MC | all hallows eve | bangtan boys - Freeform | bts - Freeform | bts halloween | werewolf yoongi | yoongi x reader - Freeform,"Min Yoongi | Suga/Reader, mc/Min Yoongi | Suga",yoongi,{'yoongi'}
https://golemlab.eu/graph/6638290,77,Promises of Not-Forever,You let out a few laughs as the realization dawns on you. You are so utterly and irrevocably in love with Min Yoongi that you let him get away with talking about the possibility of one of you dying in his vows.,2016-04-24,2379,General Audiences,F/M,Completed,Fluff | Reader-Insert | Weddings | and jin is your best friend | you just get married to yoongi okay thats all this is,Min Yoongi | Suga/Reader,yoongi,{'yoongi'}
https://golemlab.eu/graph/28401126,77,Pound Town,"Some say black cats are cursed, yet when your favorite resident of the Have Hope Animal Rescue leads you straight into the arms of renown cellist Min Yoongi, your luck is nothing but fortuitous. As the benefit gala draws near, will you be able to keep your paws off each other long enough to save the beloved shelter?",2020-12-29,7290,Explicit,F/M,Completed,Anal Fingering | Cunnilingus | Fellatio | Fluff | Hand & Finger Kink | Oral Sex | Semi-Public Sex | Smut | Squirting | Vaginal Fingering,Min Yoongi | Suga/Reader,yoongi,{'yoongi'}
https://golemlab.eu/graph/10704711,77,3:16 am,Mr. Min and Min Yoongi are very different people. It's hard being the boss.,2017-04-23,716,Teen And Up Audiences,Multi,Completed,Hurt/Comfort | Panic Attacks | angsty | ceo!yoongi | gender neutral reader | shit gets emotional | teen and up just bc it deals with adult/career issues,Min Yoongi | Suga/Reader,yoongi,{'yoongi'}
https://golemlab.eu/graph/14706725,77,The Sex Crazed Min Yoongi,Min Yoongi or famously known as Suga of BTS s not what you think he is. He likes younger girls. And he'll do anything to fuck a young girl.,2018-05-19,3803,Mature,F/M,Completed,Loss of Virginity,Min Yoongi | Suga/You,yoongi,{'yoongi'}
https://golemlab.eu/graph/6813022,77,trickshot,"Life can sometimes get tricky, and harsh ups and downs were simply a part of the game.",2016-05-10,5936,Not Rated,F/M,Completed,Min Suga | suga x reader | suga x you | yoongi x oc | yoongi x reader - Freeform,Min Yoongi | Suga/You,yoongi,{'yoongi'}
https://golemlab.eu/graph/18091208,76,Forty Winks,"You certainly didn’t mind the rain, and neither did your boyfriend. or, The one where rainy days were made for nap dates with Yoongi.",2019-03-12,1030,General Audiences,Gen,Completed,Couch Cuddles | Cute Min Yoongi | Suga | Domestic Fluff | It's Actually Just Really Cute | Nothing to see here | Rain | Sleeping Together | Sleepy Min Yoongi | Suga,Min Yoongi | Suga/Reader,yoongi,{'yoongi'}
https://golemlab.eu/graph/15988103,76,a casual proposal,"yoongi never cared much for tradition, but he does care about marrying you",2018-09-14,552,General Audiences,F/M,Completed,Domestic Fluff | Drabble | Established Relationship | Ficlet | Marriage Proposal,Min Yoongi | Suga/Reader Series: domestic!yoongi [1],yoongi,{'yoongi'}
https://golemlab.eu/graph/37121902,76,The Seventh Muse,"As a writer, your favorite place in the world is the library. But you’re quickly coming to realize that it might not be the books that keep drawing you back, but the handsome, smart librarian who always knows exactly what you need. Written by @hesperantha and @wwilloww",2022-02-14,7050,Explicit,F/M,Completed,Alternate Universe - Library | Grinding | Hand Jobs | Library Sex | Orgasm | Public Hand Jobs | Public Sex | Semi-Public Sex | Thighs | potential desecration of books,Min Yoongi | Suga/Reader,yoongi,{'yoongi'}
https://golemlab.eu/graph/16981455,75,I'm Done,None,2018-12-14,6178,Not Rated,F/M,Completed,Min Yoongi | Suga is Bad at Feelings | Min yoongi/reader - Freeform | Reader/Min Yoongi,Min Yoongi | Suga/Reader,yoongi,{'yoongi'}
https://golemlab.eu/graph/14329827,75,4D personality,"you flash a smile at the fansite masters that, somehow, managed to find out that you and yoongi were arriving at incheon international, arm looped around his as the two of you disappear inside. you turn to him. ""i hope they get my good side."" ""all of your sides are good sides."" ""aigoo, too cheesy...""",2018-04-15,529,General Audiences,F/M,Completed,at the airport waiting for your flight man | it's basically just fluff tbh,Min Yoongi | Suga/Reader,yoongi,{'yoongi'}
https://golemlab.eu/graph/10802256,75,Sweeter Than Suga(r),"Yoongi will be leaving on tour soon, and he wanted to spend some time with you before he leaves.",2017-05-03,1384,Teen And Up Audiences,F/M,Completed,Established Relationship | Fluff | Oneshot | Romance | Short & Sweet | Yoongi is so fluffy,Min Yoongi | Suga/Reader Series: My Sweet Suga Heart [1],yoongi,{'yoongi'}
https://golemlab.eu/graph/14624289,75,Just Once,The one where Yoongi’s girlfirend overdoses.,2018-05-12,2740,Mature,F/M,Completed,Drug Addiction | Drug Use | Heavy Angst | Overdose | Past Drug Addiction,Min Yoongi | Suga/Reader,yoongi,{'yoongi'}
https://golemlab.eu/graph/32827165,74,Heartless,"""Do I need to remind you who you belong to, angel?"" ~~~ Min Yoongi and Y/n L/n are rival mafia leaders fighting for territory at every turn. When their paths finally cross, their hatred starts to turn into something dangerous... ~~~ YOONGI X READER",2021-07-26,153310,Mature,F/M,Completed,Action & Romance | Alternate Universe | Alternate Universe - Gang World | Alternate Universe - Gangsters | Angst and Fluff and Smut | Awkward Romance | Dark | Eventual Romance | Everyone Needs A Hug | Fluff | Gang Violence | Gangs | Grumpy Min Yoongi | Suga | Humor | Jung Hoseok | J-Hope & Min Yoongi | Suga are Best Friends | Jung Hoseok | J-Hope is a Little Shit | Kim Namjoon | RM & Min Yoongi | Suga are Best Friends | Kim Namjoon | RM is So Done | Kim Seokjin | Jin is So Done | Min Yoongi | Suga is Bad at Feelings | Mystery | Reader-Insert | Sad | Slow Burn | Smut | Soft Park Jimin (BTS) | Thriller,"Jeon Jungkook/Kim Taehyung | V, Min Yoongi | Suga/Reader | Min Yoongi | Suga/Reader",yoongi,{'yoongi'}
https://golemlab.eu/graph/11310249,74,On The Run,in which you're wanted and on the run,2017-07-01,6374,Explicit,F/M,Completed,Angst | Min Yoongi - Freeform | On the Run | Smut | agust d | criminal!au | fluff if you squint,Min Yoongi | Suga/Reader,yoongi,{'yoongi'}
https://golemlab.eu/graph/26440735,74,HWASAN,"Yoongi, the only dragon hybrid to exist, has done a lot to escape the life he has been put into. He killed those who held him just to run away, to have the chance of living a life he’s been longing to have for years. Even after switching continents, they seem to be after him, hunting him. When he meets you, he knows you’re one of them and there’s only one way to survive - to kill you.",2020-09-13,10899,Explicit,F/M,Completed,Blowjobs | Breeding Kink | Choking | Dragon Hybrid Yoongi | Enemies to Lovers | Fighting for Dominance | Fingering | Hybrid Min Yoongi | Suga | Mentions of Violence | Switch Reader | Switch Yoongi | Temperature Play | Top Yoongi | Unprotected Sex | Yoongi runs for his life | cum flavor | cursing | fun hybrid features | mentions of mafia | yoongi has claws and fangs | yoongi is stubborn but soft | yoongi rides a motorbike,Min Yoongi | Suga/Reader,yoongi,{'yoongi'}
https://golemlab.eu/graph/19176562,74,three words have two meanings,"“minseo.” you said gently. “i like minseo.” “that’s perfect.” he replied, kissing his daughter on her forehead. “little min minseo.” “like jeon jungkook!” jungkook piped up excitedly, causing geumjae to huff out a laugh. jin shook his head and groaned. “he’ll never stop telling people you guys named her after him.”",2019-06-11,7120,General Audiences,F/M,Completed,Established Relationship | Light Angst | Parenthood | Reader-Insert | Unplanned Pregnancy | Wedding Planning | Weddings,Min Yoongi | Suga/Reader Series: all you ever have to do is ask [2],yoongi,{'yoongi'}
https://golemlab.eu/graph/8431348,73,Arena Burn,"In the Arena, everyone fights. It's  the one rule you can never break.",2016-10-31,5288,Mature,F/M,Completed,Action | Alternate Universe - Gladiators | Alternate Universe - Supernatural Elements | Angst | One Shot | Smut,Min Yoongi | Suga/Reader,yoongi,{'yoongi'}
https://golemlab.eu/graph/12204927,73,Hot Chocolate and Hugs,None,2017-09-27,543,Not Rated,F/M,Completed,Cuddling | Fluff | Massage | Sad Min Yoongi | Suga | comforting him | its a little sad,Min Yoongi | Suga/Reader,yoongi,{'yoongi'}
https://golemlab.eu/graph/16317446,73,Possession,He was hers. She liked to make sure everyone knew it.,2018-10-16,1471,Explicit,F/M,Completed,Aftercare | Attempt at Humor | Author Is Sleep Deprived | BDSM | Biting | Bottom Min Yoongi | Suga | Choking | Collars | Crying | D/s | Dom/sub | Flogging | Fluff | I'm Bad At Titles | If You Squint - Freeform | Kitten Kink | Marking | Mommy Kink | Nipple Play | Orgasm Control | Post-Coital Cuddling | Riding | SO MUCH FLUFF | Safewords | Smut | Sub Min Yoongi | Suga | Vaginal Sex | Vibrators | just a little bit | love me please | question mark | what am I doing with my life,Min Yoongi | Suga/Reader Series: In Which Min Yoongi Gets the Shit Dommed Out of Him [13],yoongi,{'yoongi'}
https://golemlab.eu/graph/14131923,73,poor sleep schedules,your mind and body's been on overdrive since tuesday and your eyes sting from being up too late and too early and you may be suffering from a dead brain-to-mouth filter but that's no excuse. you don't like raising your voice.,2018-03-29,810,Teen And Up Audiences,F/M,Completed,it's easier to lose sleep than to catch up guys take care of yourselves,Min Yoongi | Suga/Reader,yoongi,{'yoongi'}
https://golemlab.eu/graph/29529387,72,too sweet,barista au where you really want to get yoongi's name right,2021-02-18,2563,General Audiences,F/M,Completed,Alternate Universe - Coffee Shops & Cafés | Meet-Cute,Min Yoongi | Suga/Reader,yoongi,{'yoongi'}
https://golemlab.eu/graph/19906885,72,Comfort,"After having a bad day, Yoongi finds a way to make it better.",2019-07-22,2399,Mature,F/M,Completed,Bath Sex | Dirty Talk | Domestic Fluff | Fluff and Smut | Light Angst | Plot What Plot/Porn Without Plot | References to Depression | Soft Min Yoongi | Suga | Vaginal Fingering,Min Yoongi | Suga/Reader,yoongi,{'yoongi'}
https://golemlab.eu/graph/13089528,72,The Comfort of your Presence,"Yoongi scrunched up his face and put a hand over it, chuckling after reading your message. He was so relieved that he would've fist bumped up in the air if Jungkook wasn't still staring at him knowingly. “What did this girl do to me you ask?” he said, still chuckling “I have no fucking clue, but I really want to see her, so see ya” with that he ran to the door, putting on his jacket and shoes and sprinted to your place. Jungkook started laughing to himself again while saying to himself: “dude, you still have your damn sweats on, you moron.”",2017-12-21,3591,Teen And Up Audiences,F/M,Completed,Alternate Universe - Veterinarians | Angst | Fluff | I promise | blushing yoongi is the cutest yoongi | its cute | just read it | well there aint really more to say,Min Yoongi | Suga/Reader Series: Bangtan as Vets [3],yoongi,{'yoongi'}
https://golemlab.eu/graph/23075665,72,Soft and Slow,You wake Yoongi up for his birthday in the softest way possible.,2020-03-09,972,General Audiences,F/M,Completed,Birthday Fluff | Cute Min Yoongi | Suga | Fluff | Fluff without Plot | Soft Min Yoongi | Suga,Min Yoongi | Suga/Reader,yoongi,{'yoongi'}
https://golemlab.eu/graph/27089461,71,f*ck yourself,"Summary-  You fuck yourself on Yoongi’s dick. Pairing- min yoongi x reader Genre- smut Warnings- oral (male recieving), overstimulation, multiple orgasms, unprotected sex",2020-10-18,1269,Not Rated,F/M,Completed,,Min Yoongi | Suga/Reader,yoongi,{'yoongi'}
https://golemlab.eu/graph/21163385,71,idol,"being the son of a world famous idol, and on his way to becoming a star in his own right, min yoongi was used to getting what he wanted. and that included the smart-mouthed waitress at the country club that hated his guts...",2019-10-24,4762,Explicit,F/M,Completed,Alternate Universe - Country Club | Enemies to Lovers | PWP | Recreational Drug Use | Smut,Min Yoongi | Suga/Reader,yoongi,{'yoongi'}
https://golemlab.eu/graph/25662754,71,back to bed,an ode to sleepy morning Yoongi and a reminder to do your Kegels,2020-08-02,1600,Explicit,F/M,Completed,Cock Warming | Edging | Established Relationship | Morning Sex | Orgasm Control | Orgasm Delay/Denial | Teasing | blatant disregard of cat’s feelings | playful banter,Min Yoongi | Suga/Reader,yoongi,{'yoongi'}
https://golemlab.eu/graph/23322208,71,With Love,You thought you had finally overcome your body issues and were on the path of thinking positively about yourself. Then your relationship with Yoongi goes public and the criticism starts to break you. A short one-shot.,2020-03-26,1668,General Audiences,F/M,Completed,Body Image | Established Relationship | Good Boyfriend Min Yoongi | Suga | Insecurity | Soft Min Yoongi | Suga | plus size reader,Min Yoongi | Suga/Reader,yoongi,{'yoongi'}
https://golemlab.eu/graph/29372778,70,snowflakes and butterfly kisses,"As you closed your eyes, you felt a damp cloth on your forehead. It felt nice. A pair of soft lips pressed to your temple before a voice whispered you to sleep. ‘Goodnight, love...’",2021-02-12,2753,General Audiences,F/M,Completed,Comfort | Fluff | I don't know how and why I wrote this but here it is | Sickfic | Soft Min Yoongi | Suga | just fluff | yoongi is boyfriend material,Min Yoongi | Suga/Reader,yoongi,{'yoongi'}
https://golemlab.eu/graph/17216249,70,Quickie Series: Yoongi,A peek into how good Yoongi is at giving head,2018-12-29,872,Not Rated,F/M,Completed,Cunnilingus | Smut,Min Yoongi | Suga/Reader,yoongi,{'yoongi'}
https://golemlab.eu/graph/38613501,70,Hierarchy - Yoongi X Reader,"Requested on Tumblr: Saw you were looking for requests so I come nearing gifts!! I’d like to request an panther hybrid yoongi x bunny hybrid reader enemies to lovers college au!! yn goes to a uni where most of the students are preds, yoongi hates her for some reason despite her being really nice, ANGST PLEASE!!",2022-04-26,9592,General Audiences,F/M,Completed,Alternate Universe - College/University | Bunny Hybrid Jeon Jungkook | Cat Hybrid Kim Seokjin | Jin | Cat Hybrid Park Jimin (BTS) | Collage | Dog Hybrid Jung Hoseok | J-Hope | Panther Hybrid Min Yoongi | Suga | Tiger Hybrid Kim Taehyung | V | Wolf Hybrid Kim Namjoon | RM,Min Yoongi | Suga/Reader,yoongi,{'yoongi'}
https://golemlab.eu/graph/32788744,70,Purr-haps I like you,"You have a no pets policy where you live, but when you find a tiny kitten in a box on the side of the road, what can you do but bring it home with you? The only problem? The landlord who made the no pets rule, also happens to be your flatmate.",2021-07-24,11580,Teen And Up Audiences,F/M,Completed,Alcohol | Fluff | Light Angst | Roommates,Min Yoongi | Suga/Reader,yoongi,{'yoongi'}
https://golemlab.eu/graph/21878284,70,Punk Rock Drummer,"You’ve always wanted to go to the big city, but going alone terrifies you. Your best friend tells you that her brother and his band are gonna have their big break and is inviting you to go see him in action. The thing is, you’re a sucker for a boy with tattoos.",2019-12-20,3823,Explicit,F/M,Completed,Implied drinking | Smut | Unsafe Sex | accidental voyerism | dick piercing | fluff if you squint | is that a thing? | stay safe my creepies | tonguing panties,Min Yoongi | Suga/Reader,yoongi,{'yoongi'}
https://golemlab.eu/graph/29126742,70,Hold Me Tight,"Since Yoongi’s shoulder surgery, you’ve had to dial back the physical part of your relationship. However, now that he’s out of the sling, even though he’s not completely healed, you have an idea to ease back into things.",2021-02-01,2214,Explicit,F/M,Completed,Emotional Sex | Established Relationship | Explicit Language | Explicit Sexual Content | Fingerfucking | Fluff and Smut | Idol Min Yoongi | Suga | Lotus Position | Min Yoongi | Suga Smut | Min Yoongi | Suga in Love | Min Yoongi | Suga is Good at Feelings | Min Yoongi | Suga-centric | Mutual Masturbation | Sex | Shameless Smut | Smut | Vaginal Fingering | Vaginal Sex,Min Yoongi | Suga/Reader Series: Rainy Day Sessions [5],yoongi,{'yoongi'}
https://golemlab.eu/graph/32022922,69,Falling for Sin | M.YG,"""I've heard shy girls are the loudest on bed. I wanna see it for myself."" Yoongi the florist falls for the already-smitten-for-him Y/N. But for her, is loving him a sin? How does her world crumble when her elder brother comes to know of their relationship? Written in alternating first person POVs of both the reader and of Yoongi. © CYPHERH0E, 2021. I don't permit copying, editing, reposting on this or other platforms or translating.",2021-06-18,20063,Explicit,F/M,In-Progress,Accidental Voyeurism | Age Difference | Alternate Universe - Flower Shop | Alternate Universe - High School | Consensual Sex | Exhibitionism | Falling In Love | First Kiss | First Time | Florist Min Yoongi | Suga | Fluff | Hickeys | Loss of Virginity | Love Confessions | Love at First Sight | Pet Names | Porn With Plot | Reader Is a Student | Self-Harm | Shameless Smut | Smut | This is Bad | Tragic Romance | Uniform Kink | Virginity Kink | Voyeur Jeon Jungkook | Yandere Min Yoongi | Suga,Min Yoongi | Suga/Reader,yoongi,{'yoongi'}
https://golemlab.eu/graph/27733393,69,King Agust D,"“Fuck ____!” “Shhhh *giggle* they’ll hear us!” Yoongi swore again and you muffled your resulting giggles against his lips as your hands fumbled excitedly with the ties of his costume pants. Everyone else on set had gone off to lunch break in the catering area, which left you and your boyfriend alone in the castle.",2020-11-27,1248,Explicit,F/M,Completed,Explicit Sexual Content | Public Sex,Min Yoongi | Suga/Reader,yoongi,{'yoongi'}
https://golemlab.eu/graph/28842618,69,Bedrock,Yoongi gets home late. He missed you.,2021-01-18,920,Explicit,F/M,Completed,Consensual Somnophilia | a schist-load of geology metaphors,Min Yoongi | Suga/Reader,yoongi,{'yoongi'}
https://golemlab.eu/graph/9200369,69,Tell Me What You Want Right Now,"'Getting a sugar daddy had never been a part of your life plan when you'd started university - study hard, work a shitty part time job and barely survive, that was how you were expecting it to go' A Yoongi x reader sugar daddy fic Smut will be added in later chapters",2017-01-04,7679,Explicit,F/F,In-Progress,Alternate Universe - College/University | Sugar Daddy | Swearing | business man Yoongi | mentions of other members and idols | slow build romance | there will smut be later in the fic,Min Yoongi | Suga/Reader,yoongi,{'yoongi'}
https://golemlab.eu/graph/23322835,69,let’s become each other’s resting place,"For four years you’ve grown together, planted small seeds of your future plans and nurtured them through time. You both know where you’re headed, but both of you also agreed that now is not the time to come out to the world about your relationship. There’s no bitterness between you when it comes to that decision, and Yoongi feels eternally grateful for your understanding. You’re just grateful Yoongi is still with you at all.",2020-04-01,3394,Teen And Up Audiences,F/M,Completed,Alternate Universe | Established Relationship | Famous Rapper Min Yoongi | Suga | Fluff | For Anyone Who Needs Some Soft and Fluffy Delulu Material | Inspired by Music | Light Angst | Like Really Really Light Angst It Is Barely There I Swear | Long-Distance Relationship | Min Yoongi | Suga Is Whipped | One Shot | Soft Min Yoongi | Suga,"Min Yoongi | Suga/Reader, Min Yoongi | Suga/You",yoongi,{'yoongi'}
https://golemlab.eu/graph/12088707,69,I'm Becoming Ruined,"While on vacation, Yoongi finds himself wondering why you would possibly want to stay with him, leading you to explain a few reasons why.",2016-03-08,1378,General Audiences,F/M,Completed,Declarations Of Love | Fluff | Love | Ocean | Seaside | Vacation,Min Yoongi | Suga/Reader,yoongi,{'yoongi'}
https://golemlab.eu/graph/12272274,69,old habits,"Part of a drabble challenge. Prompts: ""So you didn't want me to go, just not enough to ask me to stay?"" / ""Please, stay."" / ""Wait, that wasn't a joke?""",2017-10-05,1558,General Audiences,F/M,Completed,Angst | Fluff | Reader-Insert,"Min Yoongi | Suga/Reader, Min Yoongi | Suga/You",yoongi,{'yoongi'}
https://golemlab.eu/graph/18096413,69,KAIROS,"You’re now a member of Big Hit. You have to manage an internship before leaving with everyone to Japan for the tour. But before that, someone from the company gave you a suit to drop it in the boy’s dorm. You thought the dorm was empty. Oh-you were so wrong.",2019-03-13,9053,General Audiences,F/M,Completed,Cute Min Yoongi | Suga | Fluff and Angst | Fluffy Ending | Idol Min Yoongi | Suga | Min Yoongi | Suga is Bad at Feelings | Staff Reader,Min Yoongi | Suga/Reader,yoongi,{'yoongi'}
https://golemlab.eu/graph/12830733,69,First times and first bites,Two strangers meet one lucky night at a bar and decide to hook up to relieve stress. Turns out the attractive guy was actually a vampire. They get addicted to each other and it slowly develops into mutual feelings of love.,2017-11-26,1697,Mature,F/M,Completed,Addiction | Alternate Universe | Alternate Universe - Vampire | Biting | Blood Addiction | Blood Drinking | Drinking | Friends With Benefits | I Blame Tumblr | Love Confessions | Mild Sexual Content | Min Yoongi | Suga Is a Little Shit | Morning After | Rough Sex | Sex | Sex Addiction | Toxic Relationship | Vampire Min Yoongi | Suga | fangs,Min Yoongi | Suga/Reader,yoongi,{'yoongi'}
https://golemlab.eu/graph/23326939,68,An Unfortunate Event,Yoongi had been avoiding you for a month until he stuck in Taehyung's closet with you,2020-03-26,10207,Not Rated,F/M,Completed,Alternate Universe - College/University | Fluff | Friends to Lovers | Light Angst | Roommates,Min Yoongi | Suga/Reader,yoongi,{'yoongi'}
https://golemlab.eu/graph/14499798,68,So far away,"Min Yoongi fan fiction in which he meets Y/N in his dreams. BTS MYG x READER. Yg: Wait, is this for real? Are you a real person?  I don’t understand…? Fuck. This is really weird. I don’t know how to feel about it. I don’t like it. It was nice meeting you and you are a sweet girl, but I will never do this again. It’s freaking me out. ...Bye. Soulmates, fluff, fantasy.",2018-05-01,9326,General Audiences,F/M,Completed,BTS AU | BTS fluff | Bts min yoongi | Crack | Cute Min Yoongi | Suga | Dreams | Fluff | Fluff and Crack | Min yoongi fluff x reader | Romantic Fluff | Romantic Soulmates | Soulmates | Yoongi fluff | Yoongi soulmates | bts - Freeform | bts fanfic | bts ff | bts suga | dream - Freeform | min yoongi fluff | min yoongi imagine | mutual dreams | myg ff | myg fluff | so far away | suga dream | suga imagine | suga x reader | yoongi dream | yoongi imagine | yoongi x reader - Freeform,"Min Yoongi | Suga/Reader, Min Yoongi | Suga/You",yoongi,{'yoongi'}
https://golemlab.eu/graph/24271738,68,Tasteless Red,"min yoongi has lived for centuries, but eons of life has caused him to lose taste with mortal’s blood, it is neither good nor bad—just tasteless—and as his hunger diminishes, so does his taste for the world. it’s in a poor state that you find him, and while you hate his guts, he seems to think there is something utterly special about you",2020-05-19,24857,Teen And Up Audiences,F/M,Completed,Alternate Universe - Vampire | Fluff and Angst | Strangers to Enemies to Lovers | be aware if you're uncomfortable with it | descriptions of blood and death,Min Yoongi | Suga/Reader,yoongi,{'yoongi'}
https://golemlab.eu/graph/6472177,68,Good Vibrations,None,2016-04-06,1381,Explicit,F/M,Completed,Smut | Throat riding,Min Yoongi | Suga/You,yoongi,{'yoongi'}
https://golemlab.eu/graph/16944417,68,Solemn,Yoongi’s been producing all day and you give him a break.,2018-12-11,793,General Audiences,F/M,Completed,Drabble | Established Relationship | Fluff | Idol Min Yoongi | Suga | boyfriend yoongi | naps,Min Yoongi | Suga/Reader,yoongi,{'yoongi'}
https://golemlab.eu/graph/17616098,68,The Danger in Duality,You and your seven squad members must take on the struggles of being world-class assassins while also living as full-time college students.,2019-02-01,59749,Mature,F/M,In-Progress,Alternate Universe - College/University | Angst | Assassins & Hitmen | Chameleon Jung Hoseok | Charmer Kim Taehyung | College | Comedy | Cults | Enemies to Friends to Lovers | Eventual Smut | Fighter Min Yoongi | Fighting | Friends With Benefits | Genius namjoon | Get Away Driver Kim Seokjin | Hand to Hand Combat | Implied Sexual Assault Attempt | Oral Sex | Secret Relationship | Slow Burn | Sniper Jungkook | Terrorists | Vaginal Fingering | fuckboy park jimin,Min Yoongi | Suga/Reader,yoongi,{'yoongi'}
https://golemlab.eu/graph/39772923,68,Moving Day,You manage to entice your boyfriend into taking a break from unloading boxes to unload something else instead.,2022-06-20,2657,Explicit,F/M,Completed,Cunnilingus | Domestic Min Yoongi | Established Relationship | Facials | Plot What Plot/Porn Without Plot | Praise Kink | Reader is Yoongisexual | Soft Dom Min Yoongi | Suga,Min Yoongi | Suga/Reader,yoongi,{'yoongi'}
https://golemlab.eu/graph/24115672,68,Black and Gold,"After an ugly breakup, you vowed never to see Min Yoongi again. 2 years later, broke, desperate and fresh out of Bar school, you reluctantly accept a position at Bighit Entertainment as legal counsel. Well, the legal team never interacts with the artists anyway. Or so you prayed. When a plagiarism scandal threatens to upend BTS' newfound global success, you come face to face with aforementioned artist. And his stupid gummy smile. ""I thought you hate me?"" ""I do."" ""Hmm...Let you kiss my nose as apology?"" "".....Fine.""",2020-05-10,16057,Teen And Up Audiences,F/M,In-Progress,Exes | Fluff | Food puns - Jin | Jimin is your cheerleader | Lawyer - Reader | Min Yoongi | Suga is Bad at Feelings | Reader is equally bad at feelings | Yoongi is awkward around his ex | idol! au | past relationship | relationships are hard | so are his bread cheeks | yoongis nose is a plotpoint,Min Yoongi | Suga/Reader,yoongi,{'yoongi'}
https://golemlab.eu/graph/22273876,67,Tipping Crowns,"Yoongi has admired you from afar for long enough. Now that you’re single, he will do anything to win your heart. Originally part of a challenge to write a drabble of less than 600 words and choose one genre for the member, fluff in this case.",2020-01-16,600,General Audiences,F/M,Completed,Alternate Universe - Royalty | Fluff | Originally Posted on Tumblr,Min Yoongi | Suga/Reader Series: 600 Word Drabble Challenge [2],yoongi,{'yoongi'}
https://golemlab.eu/graph/18024338,67,All Talk,"Riling your husband up is a very low-effort hobby. He, on the other hand, is always willing to call your bluff.",2019-03-07,3891,Mature,F/M,Completed,Quickie | gagging | male dom,Min Yoongi | Suga/Reader,yoongi,{'yoongi'}
https://golemlab.eu/graph/14658171,67,of skateboards and first kisses,"you are 17 when you meet yoongi for the first time and he almost kills you. (inspired by the song okaga, ca by tyler the creator)",2018-05-14,1513,Explicit,F/M,Completed,First Kiss | First Time | Kissing | Oral Sex | Puppy Love | skater!yoongi,Min Yoongi | Suga/Reader,yoongi,{'yoongi'}
https://golemlab.eu/graph/16917129,67,Churro Chumps,"“Hey Y/N. If I’m 130 pounds and I eat 1.3 pounds of churros, does that make me 1% churro?” - Min Yoongi, 2017 {or alternatively: two idiots with their two functioning brain cells try to make a Christmas miracle}",2018-12-09,7300,Teen And Up Audiences,F/M,Completed,Alternate Universe - College/University | Christmas | Crack-ish | Fluff | Humor | also yoongi has a disturbing nonsexual fetish for churros | and of course yoongi buys shit from daiso | did i say nonsexual? its sorta sexual if we're being honest | there is a white elephant to be had,Min Yoongi | Suga/Reader,yoongi,{'yoongi'}
https://golemlab.eu/graph/13255734,67,Kalopsia,"Min Yoongi is crazy, the unreachable boss of your law firm who wears glasses for no reasons and pays prostitutes thousands of dollars to strip and fuck him. Everyone under him bows at his feet like a flock of sheep, but you’re determined to not let him take advantage of you, even if he’d pay you thousands to do so.",2018-01-03,2290,Explicit,F/M,Completed,Alternate Universe - Modern Setting | Alternate Universe - Wolf of Wall Street,Min Yoongi | Suga/Reader,yoongi,{'yoongi'}
https://golemlab.eu/graph/14405832,66,what works for us,"""hyung!"" jimin says-yells, basically hanging off of yoongi with an arm around his shoulder and a leg around his hip in a strange embrace. ""you should come visit us during practice sometime! yoongi-hyung misses you every minute he's not with you!"" ""jimin..."" ""it's true!"" jungkook pops into frame, shooting the camera peace signs. ""he's miserable."" that's funny because right now, you feel pretty miserable.",2018-04-23,999,General Audiences,M/M,Completed,,Min Yoongi | Suga/Reader,yoongi,{'yoongi'}
https://golemlab.eu/graph/24327544,66,give it to me,"happy d-2 day!! this is just pure smut, im fully convinced yoongi is into bondage and the latest agust d 2 photo solidifies that so here you go. feedback/kudos are appreciated also feel free to shoot me a message and chat byeee ily",2020-05-22,5762,Mature,F/M,Completed,Bondage | Daddy Kink | Dirty Talk | Face-Fucking | Impregnation Kink | Multiple Orgasms | Oral Sex | Rope Bondage | Shibari | Vaginal Fingering,Min Yoongi | Suga/Reader,yoongi,{'yoongi'}
https://golemlab.eu/graph/26199046,66,Make a wish,embersofimagination asked: Mermaid!Yoongi x Reader. Meet-cute. Please and thank you. =D,2020-08-30,898,Teen And Up Audiences,F/M,Completed,Alternate Universe - Fantasy | Drabble Collection | Drabbles | Meet-Cute | Mermaid Yoongi | Mermaids | Reader-Insert,Min Yoongi | Suga/Reader Series: Drabble Collection [1],yoongi,{'yoongi'}
https://golemlab.eu/graph/11183106,66,I love you's are overrated,He didn’t need to say ‘I love you’ to say he loved you. He’d show it in his own way.,2017-06-12,4367,Mature,F/M,Completed,69 (Sex Position) | Cute Min Yoongi | Suga | Idk fam | Min Yoongi | Suga Is Whipped | Min Yoongi | Suga Is a Little Shit | Shameless Smut | Smut | This is so very fucking explicit I fucking can't | Top Min Yoongi | Suga | What was going through my mind | blowjob | i need jesus,Min Yoongi | Suga/Reader,yoongi,{'yoongi'}
https://golemlab.eu/graph/41491995,66,Bad Angel,"You meet an angel at a party. He doesn't seem to give a fuck what anyone thinks, doesn't seem to care that you're half-demon. You don't know whether you're the bad angel, or if he is.",2022-09-04,6900,Explicit,F/M,Completed,Alternate Universe - Angels & Demons | Explicit Language | Explicit Sexual Content,Min Yoongi | Suga/Reader,yoongi,{'yoongi'}
https://golemlab.eu/graph/30046950,65,mine,"Summary - A jealous Yoongi shows you that no one else can fuck you like he can. Pairing- Yoongi x reader Genre- smut Warnings- dom!yoongi, possessive yoongi, jealous yoongi, dirty talk, rough sex, oral (f recieving), multiple orgasms a/n: another re-write from a previous fandom. :)",2021-03-14,1487,Mature,F/M,Completed,,Min Yoongi | Suga/Reader,yoongi,{'yoongi'}
https://golemlab.eu/graph/12088629,65,A Twist of Fate,"I always looked forward to watching him board the train. It felt as if he was the only one who noticed me. His usually serious face would perk up in a quick, kind smile and he’d give a small bow or wave in greeting, but that was the extent of our interactions, until he stopped coming all together.",2016-02-05,3825,General Audiences,F/M,Completed,Eventual Romance | Fate | Fluff | Silence | Subways | Trains,Min Yoongi | Suga/Reader,yoongi,{'yoongi'}
https://golemlab.eu/graph/14042421,65,sleep aid,"“i’m going to help my boyfriend get some sleep by cuddling him to near death, no big deal.” “sounds dangerous.""",2018-03-21,511,General Audiences,M/M,Completed,trouble sleeping means cuddle time,Min Yoongi | Suga/Reader,yoongi,{'yoongi'}
https://golemlab.eu/graph/11070999,65,I Miss You(ngi),"Yoongi is away on tour and you miss him terribly. However, he checks up on you whenever he can and makes sure to call everyday.",2017-06-02,2300,Teen And Up Audiences,F/M,Completed,Fluff | Idols | Long-Distance Relationship,Min Yoongi | Suga/Reader,yoongi,{'yoongi'}
https://golemlab.eu/graph/31426085,65,Required Services,Are your services required or not? Find out what happens when being an overworked assistant gets you into trouble.,2021-05-21,7273,Explicit,F/M,Completed,Desk Sex | Office Sex | Oral Sex | Smut,Min Yoongi | Suga/Reader,yoongi,{'yoongi'}
https://golemlab.eu/graph/12585696,65,To See You Smile,"Even though you rarely see each other, it's worth it to see Yoongi happy.",2017-11-01,768,General Audiences,M/M,Completed,A lil bit sad | Fluff | Reader is male,Min Yoongi | Suga/Reader,yoongi,{'yoongi'}
https://golemlab.eu/graph/17532938,65,Rewrite the Stars,"You have been a make-up artist for BigHit Entertainment since 2015. Naturally, you've become good friends with BTS as you do their make-up almost every day. When your husband of three years decides that he wants a divorce, Min Yoongi comes to the rescue. Eventually the two of you agree to date in secret. What happens when the rest of the members find out?",2019-01-24,4412,Mature,F/M,Completed,Fluff and Hurt/Comfort | Friends to Lovers | Friendship | Reader-Insert | Romance | Secret Relationship,Min Yoongi | Suga/Reader,yoongi,{'yoongi'}
https://golemlab.eu/graph/35402125,65,"Misfortunately, Yours","Has no one ever told you not to rifle through old attics? Has no one ever told you that if you find old vintage rings that seem to have a mind of their own, the one thing you should definitely not do is to wear them? Well maybe they have, but it’s October 31st and you’re in desperate need of good accessories. And as such the next thing you know, there is a man named Yoongi in your bedroom and he insists that you’ve just married the King of the Otherworld.",2021-11-29,32172,Explicit,F/M,Completed,Additional Warnings In Author's Note | Alternate Universe - Fantasy | Alternate Universe - Royalty | Attempted Sexual Assault | Depressed Min Yoongi | Suga | Forced Marriage | Graphic Description of Corpses | Grumpy Min Yoongi | Suga | Implied/Referenced Suicide | Min Yoongi | Suga Is Whipped | Min Yoongi | Suga is Bad at Feelings | Non-Graphic Smut | Suicide Attempt | i'm also depressed hence this | not as bad as it seems and yet it is,"Min Yoongi | Suga/Reader, Park Jimin (BTS) & Reader",yoongi,{'yoongi'}
https://golemlab.eu/graph/38111710,65,Close Call,burying your head in the sand won't change the fact that the man you love walks a thin line between life and death. and sometimes you can't outrun your worst fears.,2022-04-02,4514,Not Rated,F/M,Completed,angsty angst | angsty mafia smut | angsty smut | okay really this is just an excuse to write angst | sorry about all the angst,"Min Yoongi | Suga/Reader, Min Yoongi | Suga/You Series: The Gajog [6]",yoongi,{'yoongi'}
https://golemlab.eu/graph/18862957,64,Truce,"“I have a lot more. What kind of music do elves listen to?” You stretched again, almost getting it. “I have no idea.” He replied. “Wrap.”",2019-05-18,6626,General Audiences,F/M,Completed,Alternate Universe - Hogwarts | Christmas Fluff | Enemies to Lovers | Fluff,Min Yoongi | Suga/Reader,yoongi,{'yoongi'}
https://golemlab.eu/graph/17279465,64,Woebegone,It wasn't the break-up that had Yoongi beating down your door in the middle of the night. It was the pain of letting go.,2019-01-03,1712,Mature,F/M,Completed,Alcohol | Angst | Explicit Language | Originally Posted on Tumblr | POV Female Character | POV Second Person | Post-Break Up | Reader-Insert | Short | Swearing | destruction of property,"Min Yoongi | Suga/Reader, Pyo Jihoon | P.O./Reader",yoongi,{'yoongi'}
https://golemlab.eu/graph/38313184,64,The Email - Aftermath II,"A couple learning to trust and open up to each other. A collection of episodes about milestones in their relationship. Part three of the Email series. Part one - enemies to lovers (how it all began), part two - fluffy smut (what happened when they were finally alone), part three - angst and growth (learning to navigate their relationship) I recommend reading part one first.",2022-04-11,19855,Mature,F/M,Completed,Angst | Angst and Feels | Angst and Romance | Angst with a Happy Ending | Anxiety | Banter | Communication is everything | Developing Relationship | Eventual Smut | Feelings | Feelings Realization | Fluff | Fluff and Angst | Getting to Know Each Other | Idiots in Love | Love | Love Confessions | Mild Smut | Pining | Sad Min Yoongi | Suga | Sequel | Smut | Suggestive Themes | idiots who don't talk to each other | inadequacy | reader is a Mess,Min Yoongi | Suga/Reader Series: The Email [3],yoongi,{'yoongi'}
https://golemlab.eu/graph/18117311,64,No Better Place,"Min Yoongi, a New York Times journalist, attends an illicit, private party at a speakeasy and meets the girl of his dreams - a jazz club singer by the name of Y/N. Though that’s where his luck ends… Because half way through the party, the entire night gets shaken up after one of the guests is found murdered .",2019-03-15,12749,Explicit,F/M,Completed,Choking | Creampie | Cumplay | Dirty Talk | INTRIGUE!!! | MURDER!!! | Oral Sex | Switch Min Yoongi | Suga | set in the 20s? | slight bloodplay?? | why so many question marks????,Min Yoongi | Suga/Reader Series: That's so you! That's so me! That's so us! [2],yoongi,{'yoongi'}
https://golemlab.eu/graph/18619744,64,Lo-Fi Beats,"Lo-Fi: an aesthetic of recorded music in which the sound quality is lower than the usual contemporary standards so that imperfections of the recording and production are audible.—fluff, angst, idol!au",2019-04-27,10257,Teen And Up Audiences,F/M,Completed,,Min Yoongi | Suga/Reader,yoongi,{'yoongi'}
https://golemlab.eu/graph/12593028,64,Neglected,When Yoongi hasn’t been giving you enough attention and you decide to take matters into your own hands.,2017-11-01,1245,Mature,F/M,Completed,Hair-pulling | Oral Sex | Shameless Smut | Smut | pure filth,Min Yoongi | Suga/Reader,yoongi,{'yoongi'}
https://golemlab.eu/graph/16355276,64,lavender rose || yoongi x reader [ON HOLD],None,2018-10-20,1519,General Audiences,F/M,In-Progress,Florists | Language of Flowers | Min Yoongi | Suga is Bad at Feelings,Min Yoongi | Suga/Reader,yoongi,{'yoongi'}
https://golemlab.eu/graph/17844080,64,Conjecture,"Yoongi x Reader Idol Reader Au, Enemies to Lovers AU Summary: Your management refused to renew your contract unless you collaborated, so you ending up working with Min Yoongi. A guy you’d disliked from before both of your debuts. There is more to their past than meets the eye. Words:2011 Warnings: None ( but look forward to a Sub and Dom Yoongi because who doesn’t) Enjoy, let me know what you think :)",2019-02-18,39707,Mature,F/M,Completed,Angst | Dom Min Yoongi | Suga | Enemies to Lovers | Eventual Smut | Light BDSM | Light Dom/sub | Sub Min Yoongi | Suga,"Min Yoongi | Suga/Reader, Min Yoongi | Suga/You Series: Conjecture [1]",yoongi,{'yoongi'}
https://golemlab.eu/graph/26785336,63,Gymnopédie,"you had two options. number one: trust your desires and risk losing yourself. or number two: be rational about it and come to terms with the fact that, even though you’ve been dating for quite a while, he never uttered those three words, the ones you craved the most. and that’s not all he’s been keeping from you.",2020-10-03,8440,Mature,F/M,Completed,Angst | Angst with a Happy Ending | Car Accidents | Fluff and Angst | Kidnapping,Min Yoongi | Suga/Reader,yoongi,{'yoongi'}
https://golemlab.eu/graph/30393273,63,Step Up (or Step Out),"The few first months are always hard on new parents, but Yoongi didn’t expect it to be this bad. He didn’t expect you to consider walking out on him.",2021-04-01,2864,Not Rated,F/M,Completed,Angst | Apologies | Hurt/Comfort | Min Yoongi | Suga is Bad at Feelings | parenting AU,Min Yoongi | Suga/Reader,yoongi,{'yoongi'}
https://golemlab.eu/graph/24121186,63,Distraction,"When Yoongi is stuck trying to figure out a melody for a song, you get on your knees to provide him with a thoroughly and mutually enjoyable distraction.",2020-05-11,2183,Explicit,F/M,Completed,Blow Jobs | Couch Sex | Domestic | Fluff | Fluff and Smut | Lap Sex | One Shot | Oral Sex | Pianist Min Yoongi | Suga | Romance | Romantic Fluff | Sex | Shameless Smut | Smut | Vaginal Sex,Min Yoongi | Suga/Reader,yoongi,{'yoongi'}
https://golemlab.eu/graph/28751652,63,bluetooth,"""Seriously,"" Min Yoongi says. His grip on the bag is so tight that his already pale fingers are turning white. ""You really saved my ass. I owe you."" And he's watching you carefully, almost like he really wants you to understand the gravity of what he's offering- and you do. This is your one pass to ask him anything right, to ask him for anything- the cutest Music Theory TA you'd ever had- and he was letting you know he meant it. Wow. Who knew all you had to do was chase after him with his own forgotten laptop bag. ""Anything?"" You ask tentatively. He nods.",2021-01-14,477,General Audiences,F/M,Completed,literally just a 500 word drabble about music TA yoongi and y/n being smitten,Min Yoongi | Suga/Reader,yoongi,{'yoongi'}
https://golemlab.eu/graph/29953941,63,The Misery Chick,"maybe yoongi has a fat crush on you OR he notices, that's all",2021-03-10,5269,Teen And Up Audiences,F/M,Completed,College AU | Fluff | Some angst | Swearing,Min Yoongi | Suga/Reader,yoongi,{'yoongi'}
https://golemlab.eu/graph/20285098,63,if walls could talk,"If someone ever dared to ask Min Yoongi what is love for him, his answer would fall from his lips without a hint of hesitation. For most people, love is a mysterious, hard to describe power that brings two hearts together and makes one home. Love is happiness and delight. Love is goodmorning kisses when sun rises and warm cuddles when it gets dark. Love is sharing deepest, most hidden insecurities together and finding solutions for them. Love is looking into someone's eyes and seeking comfort in them. But for Min Yoongi, love is the most unfair feeling in the world.",2019-08-17,4317,Explicit,F/M,Completed,Angst | Friends With Benefits | Friends to Lovers | Infidelity | Smut,Min Yoongi | Suga/Reader,yoongi,{'yoongi'}
https://golemlab.eu/graph/32155252,63,Listen,"Your best friend, Yoongi, warned you about using the Ouija Board, but did you listen? No.",2021-06-25,8231,Mature,F/M,In-Progress,Demon Min Yoongi | Suga | Demons | Ouija,Min Yoongi | Suga/Reader Series: Halloween Nights [4],yoongi,{'yoongi'}
https://golemlab.eu/graph/34807561,62,Bad Witch Rising,"Sure, dropping everything to move to another continent was a bad idea. Fantastically bad. Blew-up-in-your-face-so-hard-you'll-probably-never-recover bad. And no, there are no perks. (Or so you tell yourself.)",2021-10-29,23534,Mature,F/M,In-Progress,Enemies to Friends to Lovers | Magical Realism | Mental Health Themes | Sexual Themes | Urban Fantasy | gratuitous mentions of scents and costuming | idolverse | pagan witchcraft,"Min Yoongi | Suga/Reader, Min Yoongi | Suga/You",yoongi,{'yoongi'}
https://golemlab.eu/graph/8221922,62,Dusted with Gold,"""Yoongi has been a distraction. You don’t let yourself call it more than that.""",2016-10-05,1536,Explicit,F/M,Completed,Angst | Gender-neutral Reader | Implied/Referenced Abuse | Past Abuse | Reader-Insert | References to Depression,Min Yoongi | Suga/Reader,yoongi,{'yoongi'}
https://golemlab.eu/graph/21665017,62,Pinewood and Poetry,"After getting closer to and developing a crush on your friend over the summer, you want nothing more than to cozy up to him as the seasons start to change. That is until your ex-boyfriend, Jung Hoseok, returns from his summer study abroad program. Will Hoseok stand in the way of your budding romance with your mutual friend, Min Yoongi? Part of the 25 Days of Christmas: A BTS Anthology Collab https://uwugalore.tumblr.com/post/189398300584/25-days-of-christmas-a-bts-anthology-masterlist",2019-12-04,14404,Mature,F/M,Completed,Alternate Universe - College/University | Angst | Bad Poetry | Fluff | Friends to Lovers | Sledding | Smut | Vanilla | Winter,Min Yoongi | Suga/Reader,yoongi,{'yoongi'}
https://golemlab.eu/graph/39867912,62,better than sex,"As Min Yoongi’s studio neighbor and self-proclaimed nemesis, you’ve always seen him as someone who knew how to maintain a clean, well-put-together image without any careless slip-ups. But after nearly walking in on him with a hand around his cock, you gain a new perspective that leads to steamy fantasies in your bedroom and much-needed inspiration in the studio for Bantan’s next album. A week before track submissions are due, you give Yoongi a taste of the dirty demo, and now the selfish bastard wants to claim it for his own solo album. In exchange, he offers to help you produce another Bangtan track by the end of the week. Your only condition is for this track to be better than the sexual fantasies that inspired its predecessor.",2022-06-25,9430,Explicit,F/M,In-Progress,Beach Sex | Enemies to Lovers | Fluff | Fluff and Smut | Grumpy Min Yoongi | Suga | Masturbation | Min Yoongi | Suga Is a Little Shit | Oral Sex | Producer Min Yoongi | Suga | Producer Reader | Sex | Sex Toys | Sex in a Bangtan Boys | BTS Studio | Skinny Dipping | Smut | Vaginal Fingering,Min Yoongi | Suga/Reader,yoongi,{'yoongi'}
https://golemlab.eu/graph/17122382,62,desperado - drabble,"The hallway is bathed in a soft golden hue, streams of light cascading over crimson velvet carpets and aged oak furnishings. It’s luxury, opulence etched into every fine detail but none of it holds your attention as much as the man before you: Min Yoongi, heir to a million-dollar fortune. A man of fine taste and extreme wealth – a man who controls half of the unground crime in Seoul.",2018-12-23,1302,Mature,F/M,Completed,Gang AU | Mafia AU,Min Yoongi | Suga/Reader,yoongi,{'yoongi'}
https://golemlab.eu/graph/37745824,62,Bad Things (to you),"Subtitle | Let me do these bad things to you He always comes to visit the night before his fights, looking to ease the burning flame in his soul. Your touch is the only thing that he would ever need. The cure to his undying rage, the remedy that he needs to find peace. It has always been that way for a long time. Even since before, back when your world had yet to fall apart, forcing the two of you to walk down separate paths, pulling you further apart from each other. Or, “It’s time to stop denying what my heart really wants. You. It’s always been you.”",2022-03-15,14632,Explicit,F/M,Completed,Aftercare | Begging | Biting | Blindfolds | Bondage | Brothels | Choking | Come Eating | Creampie | Crying | Cunnilingus | Deepthroating | Dirty Talk | Dom Min Yoongi | Suga | Dom/sub | Edging | Explicit Sexual Content | Face-Fucking | Fighter Min Yoongi | Suga | Fights | Finger Sucking | Forced Orgasm | Hair-pulling | Humiliation | Infidelity | Master/Slave | Min Yoongi | Suga Has a Big Dick | Multiple Orgasms | Name-Calling | Nipple Clamps | Nipple Play | Oral Sex | Orgasm Control | Orgasm Delay/Denial | Overstimulation | Pain Kink | Praise Kink | Punishment | Sensory Deprivation | Spanking | Underground Fighter Min Yoongi | Suga | Vaginal Fingering | Violence | degradation kink | escort reader | pussy slapping | reader is a brat | sensory play | sex worker reader | sub Reader,Min Yoongi | Suga/Reader,yoongi,{'yoongi'}
https://golemlab.eu/graph/16027049,62,the rules of engagement,you and yoongi are the unconventional type,2018-09-18,3307,Teen And Up Audiences,F/M,Completed,Domestic Fluff | Engagement | Established Relationship | Fluff | Slice of Life | kinda a crack fic | some namjin thrown in there,Min Yoongi | Suga/Reader Series: domestic!yoongi [2],yoongi,{'yoongi'}
https://golemlab.eu/graph/24048088,62,Creep,yoongi learns the hard way that no good deed goes unpunished.,2020-05-07,4810,Mature,F/M,Completed,Bad Decisions | Drugging | Obsessive Behavior | PWP | Please Don't Be Like This | Seriously it's not nice | Smut | Stalking | Yandere | dark smut,"Min Yoongi | Suga/Reader, Min Yoongi | Suga/You",yoongi,{'yoongi'}
https://golemlab.eu/graph/15290208,62,welcome home,"when jimin texts you that yoongi's been rushing to get home since they finished up their last set, you laugh quietly, disturbing jiyoo whose head is resting on your chest. she sits up and frowns at you, pouting. she gets it from her father.",2018-07-14,559,General Audiences,M/M,Completed,Domestic Fluff | y'all have a daughter and she's like yoongs but a little more hyper,Min Yoongi | Suga/Reader,yoongi,{'yoongi'}
https://golemlab.eu/graph/20179123,61,Panahon,"Panahon (pa-na-hon) : A Filipino noun that could mean ""time"", ""season"" or ""weather"" --- In which you and Yoongi somehow manage to function in your unconventional relationship.",2019-08-09,12895,Explicit,F/M,Completed,Alternate Universe - Arranged Marriage | Alternate Universe - Mythology | Cock Warming | Diwata Reader | Explicit Sexual Content | Fluff and Smut | How Do I Tag | Implied/Referenced Rape/Non-con | Imugi Min Yoongi | Korean Religion & Lore | NOT BETWEEN THE MAIN PAIRING THOUGH | Oh wait | Oral Sex | Vaginal Sex | let me know if I missed something | the rest of BTS doesn't appear here i'm sorry | though the fluff is debatable i guess? | what am I saying they're the only pairing in this fic jfc | what else should I put here? | yep you might have an inkling of which mythologies i worked with,Min Yoongi | Suga/Reader,yoongi,{'yoongi'}
https://golemlab.eu/graph/20180008,61,Can't Fight It,A date. An elevator. A parking garage. Need I say more?,2019-08-09,10626,Mature,F/M,Completed,Car Sex | Dirty Talk | Elevators | Exhibitionism | Fluff | Kissing | Messy Oral | More tags later | Oral | Public Sex | Romance | Saliva Kink | Semi-Public Sex | Slightly Dom Suga | Slow Burn | Smut | Soft Min Yoongi | Suga | Wet kisses | date | goddamn | photo kink,Min Yoongi | Suga/Reader Series: Stumble Upon [11],yoongi,{'yoongi'}
https://golemlab.eu/graph/15076949,61,Forever is Wherever You Are,"Immortality isn’t all it’s cracked up to be. You can’t age. You can’t keep anyone close to you. You have to move every 20 years to keep people from getting suspicious. It’s just a lonely, repetitive existence. You’ve long since grown tired of living. You wander the forest like a ghost, just a shadow among the trees. But, will you finally be drawn back into the light when something is on the line? When all that stands between life and death is you, what decision will you make?",2021-11-23,13038,Mature,F/M,In-Progress,Alternate Universe - College/University | Alternate Universe - Vampire | But There's a Good Bit Of Angst | But Yoongi Worms His Way Into Her Heart Almost Immediately | Eventual Romance | Eventual Smut | Fae! Hoseok | Friends to Lovers | Healer! Seokjin | Human Min Yoongi | Suga | Humor | Mainly Reader Thinking She Isn't Good Enough For Yoongi | Min Yoongi | Suga is Bad at Feelings | Reader has been through a lot | Reader is lonely | Reader is really soft for Yoongi | Romantic Comedy | Sexual Tension | Slow Burn | So Much Fluff Planned | So She Tries To Keep A Distance Between Them | Social Anxiety | Vampire! Reader | Werewolf! Namjoon | Witch! Taehyung | Yoongi’s friends play matchmaker | he tries his best | like a lot of it | lots of fluff | lots of hurt/comfort | mild violence | really slow burn | she deserves a hug | there's a fair bit of angst | werewolf! jungkook | witch! jimin,Min Yoongi | Suga/Reader,yoongi,{'yoongi'}
https://golemlab.eu/graph/5736448,61,A Plastic Chair,"He had gotten arrested again. Really, why can't you leave him alone for more then five minutes without him beating the shit out of someone.",2016-01-16,900,General Audiences,F/M,Completed,Aggressive | Back rubs | Chairs | Police | Police Stations | Relationship(s),Min Yoongi | Suga/Reader,yoongi,{'yoongi'}
https://golemlab.eu/graph/23262193,61,Roses,"“The red rose whispers of passion, And the white rose breathes of love; O, the red rose is a falcon, And the white rose is a dove.” (John Boyle O’Reilly). Being with someone doesn’t guarantee that you know they love you.",2020-03-22,3629,Teen And Up Audiences,F/M,Completed,Angst | Blood | Fluff and Angst | Hanahaki Disease,"Min Yoongi | Suga/Reader, Min Yoongi | Suga/You Series: Flora & Fauna [4]",yoongi,{'yoongi'}
https://golemlab.eu/graph/11166420,60,I Missed You,Yoongi comes home from work to a pleasant surprise.,2017-06-11,1280,General Audiences,F/M,Completed,Cute Min Yoongi | Suga | Dating AU | Fluff | Min Yoongi | Suga Is Whipped | relationship,Min Yoongi | Suga/Reader,yoongi,{'yoongi'}
https://golemlab.eu/graph/27623398,60,Save Me | Yoongi x reader,Yoongi saves your life from drowning in the Han river as a result of a car accident.,2020-11-18,3337,General Audiences,F/M,Completed,Car Accident | Drowning | Hospital | Injury | car crash | chest compressions | savior yoongi,Min Yoongi | Suga/Reader,yoongi,{'yoongi'}
https://golemlab.eu/graph/35203204,60,"Never, Never Fall","A year after you broke off your engagement to the man you imagined spending forever with, he invites you to dinner out of the blue",2021-11-18,7869,Mature,F/M,Completed,Angst | Exes | Fluff | References to Depression | Self-Esteem Issues | Sex | Smut,Min Yoongi | Suga/Reader,yoongi,{'yoongi'}
https://golemlab.eu/graph/26387755,60,Beautiful Stranger,He’d found you when he needed you the most.,2020-09-10,1499,Mature,F/M,Completed,Fluff and Smut | Fucking | Love | Making Love | Sex | Smut | Strangers to Lovers | Vaginal Penetration | relationship,"Min Yoongi | Suga/Reader, Min Yoongi | Suga/You",yoongi,{'yoongi'}
https://golemlab.eu/graph/20078665,59,Cinematic,You've been dating Suga for a few weeks. Ever since the first night he met you it's been a roller coaster of oddity. The one thing you do know about him is that he's completely comfortable being unpredictable. You're just here for the ride. You're about to find out more about what Suga likes when date night arrives.,2019-08-02,8258,Mature,F/M,Completed,Dirty Talk | Hair-pulling | Kissing | Motorcycle Sex | Motorcycles | Orgasm | Orgasm Denial | Semi-Public Sex | Sex | Slow Burn | Standing Sex | Vaginal Fingering | date | movie theater | slightly rough sex | standing doggy,Min Yoongi | Suga/Reader Series: Stumble Upon [4],yoongi,{'yoongi'}
https://golemlab.eu/graph/20165938,59,Piano Lesson,"A stressed Yoongi decided to take a little break from work and teach you how to play piano. I knew this was a bad idea, letting Yoongi oppa teach me. If I was to ask someone to teach me, it would’ve been Taehyung oppa instead…",2019-08-08,1868,Explicit,F/M,Completed,Dom Min Yoongi | Suga | If you squint REAL hard lol | Mild Smut | My First Fanfic | My First Smut | Oppa Kink | Plot What Plot/Porn Without Plot | and also,"Min Yoongi | Suga/Reader, Min Yoongi | Suga/You",yoongi,{'yoongi'}
https://golemlab.eu/graph/14178834,59,whipped,"you've searched your bathroom up and down for your disposable razors and came up empty. little do you know, he has them stashed in the bottom drawer of his nightstand. you need to shave, damn it. this scruff is itchy.",2018-04-02,1238,General Audiences,M/M,Completed,,Min Yoongi | Suga/Reader,yoongi,{'yoongi'}
https://golemlab.eu/graph/21110003,59,mint lace,"Seeing your boyfriend was a rare treat, and in a spur of courage you got tickets to finally visit him after months, what happens right after was something straight out of your dirtiest fantasies.",2019-10-20,4398,Explicit,F/M,Completed,BDSM | Blindfolds | Crossdressing Kink | Dom/sub | Edgeplay | Good Boyfriend Min Yoongi | Suga | Handcuffs | Heavy BDSM | Lingerie | Long-Distance Relationship | Masturbation | Nipple Clamps | Nipple Torture | Pegging | Sub Min Yoongi | Suga,Min Yoongi | Suga/Reader,yoongi,{'yoongi'}
https://golemlab.eu/graph/26854117,59,If you can hear the ocean waves,Two dumb childhood friends embark on a trip to the seaside—as they try to figure out what they will do with their lives if they can neither be with each other nor cut off their lifelong crush.,2020-10-06,6000,Explicit,F/M,Completed,Anal Fingering | Dom/sub Undertones | Dry Humping | Friends to Lovers | Infidelity | Light Dom/sub | Mutual Pining | Oral Sex | Semi-Public Sex | Spanking | Sub Min Yoongi | Suga | degradation kink | dom reader | dumb and dumber in love | rimjob | yoongles is a baby boy but also an idiot,Min Yoongi | Suga/Reader,yoongi,{'yoongi'}
https://golemlab.eu/graph/21664858,59,Stupid Drunk Roommates,"Three times you came home drunk, and one time Yoongi did. Bonus: You and Yoongi get drunk together",2019-12-04,6165,Teen And Up Audiences,F/M,Completed,A douchebag boyfriend | Drunken Confessions | Drunken Kissing | Drunken Shenanigans | Emotional Constipation | Emotional Hurt/Comfort | Fluff | Grumpy Min Yoongi | Suga | It's not even important to the story | Light Angst | Min Yoongi | Suga is Bad at Feelings | No Smut | Roommates | Someone help this gorl | Swearing | but they do it | just a little | like seriously a lot of swearing | no beta we die like men | some mention of abuse | what is tagging,Min Yoongi | Suga/Reader,yoongi,{'yoongi'}
https://golemlab.eu/graph/26211862,59,Banned,None,2020-08-31,323,General Audiences,F/M,Completed,Established Relationship | Reader-Insert | Slice of Life | Soft Min Yoongi | Suga | sad movies,Min Yoongi | Suga/Reader Series: Drabble Collection [2],yoongi,{'yoongi'}
https://golemlab.eu/graph/14885966,59,badass bitch,"From your sharp tongue to your cool way you carry yourself, you’re basically suga’s dream girl. Or are you?",2018-06-09,1187,General Audiences,F/M,Completed,Bless the child | Cute boyfriend | Fluffy | Min Yoongi - Freeform | Min Yoongi | Suga Is Whipped | he just thinks you’re cool | smitten suga | suga - Freeform,Min Yoongi | Suga/Reader,yoongi,{'yoongi'}
https://golemlab.eu/graph/24852475,59,What About a Raise?,None,2020-06-22,1978,Explicit,F/M,Completed,Blow Jobs | Boss/Employee Relationship | Dirty Suggestions | Don’t get caught | Lacking in Professionalism | Office romp | Rough Oral Sex | cock warmer,Min Yoongi | Suga/Reader Series: Y/N centric AUs [4],yoongi,{'yoongi'}
https://golemlab.eu/graph/13255605,59,Somebody Else,"You’re the Coca Cola to his rum, the rolled up bills to his cocaine, you’re the poison washing down his throat and he needs you to live. He doesn’t just want you psychically, it’s not enough. Every fiber of his being is yours, and without you he’s nothing.",2018-01-03,4169,Explicit,F/M,Completed,Angst | Break Up | Cheating | Heavy Angst,"Min Yoongi | Suga/Reader, Original Male Character/Reader",yoongi,{'yoongi'}
https://golemlab.eu/graph/6192625,58,As The Clock Strikes Midnight,"You want to celebrate your boyfriend's birthday immediately as he gets home. Yoongi, however, has other ideas.",2016-03-08,528,General Audiences,F/M,Completed,Birthday | Fluff | Gender-Neutral Pronouns | POV Second Person | Reader-Insert,Min Yoongi | Suga/Reader,yoongi,{'yoongi'}
https://golemlab.eu/graph/27041884,58,I'll Drive You,"The shaky beginning and abrupt end of an incredible, two week long system where Yoongi drives you to and from your residency at the hospital during his band break. Ft. one Min Holly.",2020-10-16,4268,Teen And Up Audiences,F/M,Completed,Banter | Coffee | Comfort | Cuddling | Cuddling & Snuggling | Established Relationship | Fluff | Fluff and Humor | Humor | Implied Sexual Content | Kissing | Late Night Conversations | Late Nights | Literal Sleeping Together | Mornings | Sleep | Sleepy Cuddles | Work | alcohol mention | but nothing explicit | hospital mention | hospital residency | idolverse | oh mentions of sex and quickies | taking care | yoongi driving,Min Yoongi | Suga/Reader Series: BTS [4],yoongi,{'yoongi'}
https://golemlab.eu/graph/35560600,58,"Maybe I Love You, Maybe You Love Me",It’s something you’ve known since you were five and it’s only grown stronger as the decades passed.,2021-12-07,2917,Teen And Up Audiences,F/M,Completed,Fluff | Friends to Lovers | Min Yoongi | Suga & Reader are Best Friends | Min Yoongi | Suga in Love,Min Yoongi | Suga/Reader,yoongi,{'yoongi'}
https://golemlab.eu/graph/15683757,58,fall asleep in the passenger seat of my car,"you've tried blinking the sleep away but he's driving smoothly around the odd bumps in the road, so you can't exactly be mad. not when he's being such a gentleman.",2018-08-14,353,General Audiences,M/M,Completed,,Min Yoongi | Suga/Reader,yoongi,{'yoongi'}
https://golemlab.eu/graph/38086954,58,"Work Hard, Play Harder","With your graduation in jeopardy over a failing grade, Min Yoongi gets thrust into your world as a potential beacon of redemption. However, he delights in playing games, and you just so happen to be the next court he aims to conquer.",2022-04-01,9265,Explicit,F/M,Completed,Alternate Universe - Basketball | Alternate Universe - College/University | Alternate Universe - Sports | Blow Jobs | Come Eating | Dirty Talk | Exhibitionism | Gags | Hair-pulling | Humiliation | Light Dom/sub | Nipple Play | Play Fighting | Public Blow Jobs | Public Sex | Soft Dom Min Yoongi | Suga | Spanking | Spit Kink | Sports | Vaginal Sex | Voyeurism,Min Yoongi | Suga/Reader,yoongi,{'yoongi'}
https://golemlab.eu/graph/35684308,58,Home Sweet Home,"Yoongi is finally free from his hectic schedule. With no concerts, interviews, or impending deadlines to attend to, he has all the time in the world to dedicate to you. *** boyfriend au, idol au pure pwp filth, enjoy :3",2021-12-13,4907,Explicit,F/M,Completed,Alcohol | Choking | Creampie | Dirty Talk | Explicit Language | Face-Sitting | Foreplay | Oral Sex | Overstimulation | Plot What Plot/Porn Without Plot | Praise Kink | Rough Sex | Sex | Spanking | Spit Kink | Vaginal Fingering | Vaginal Sex,"Min Yoongi | Suga/Reader, Min Yoongi | Suga/You",yoongi,{'yoongi'}
https://golemlab.eu/graph/23889142,58,That sweet sweet honey smell,"Yoongi is a very shy lover, who is enjoying himself around you everytime more and more. How could you say no to your sweet honey boy when he is all blushed and pretty?",2020-04-28,2615,General Audiences,F/M,Completed,Blushed min yoongi | Blushing | Couple | Cute Min Yoongi | Suga | Depressed Min Yoongi | Suga | Domestic | Domestic Bliss | Domestic Fluff | Established Relationship | Fluff | Good Boyfriend Min Yoongi | Suga | Idol Min Yoongi | Suga | Kissing | Leg Riding | Lovey-Dovey | Mentions of Smut | Min Yoongi | Suga Is Whipped | Min Yoongi | Suga is Bad at Feelings | Morning Cuddles | Reader-Insert | Riding | Shy Min Yoongi | Suga | Sleepy Cuddles | Sleepy Kisses | Sleepy Min Yoongi | Suga | Slice of Life | Soft Min Yoongi | Suga | Yoongi | Reader | but there's not actual smut | idolverse | soft | tight riding | yoongi boyfriend,Min Yoongi | Suga/Reader,yoongi,{'yoongi'}
https://golemlab.eu/graph/38350561,58,Dive,"Yoongi's an outcast, part of your enclave but not welcome. You've been tasked with keeping an eye on him, and you need to find out if you can trust him.",2022-04-13,8010,Explicit,F/M,Completed,Alternate Universe - Dystopia | Angst | Explicit Sexual Content | Smut | Strip Tease,"Min Yoongi | Suga/Reader, Park Jimin (BTS) & Reader",yoongi,{'yoongi'}
https://golemlab.eu/graph/4051513,58,solace,learn to let go.,2015-06-01,2192,Not Rated,Gen,Completed,And Yoongi is a music production major how apt | Feels | Friends to Lovers | Friendship | Not Actually Unrequited Love | Platonic Romance | Self-Esteem Issues | Serenade | Singing | Slice of Life | Stream of Consciousness | Unrequited Love | ahhh to be serenaded by Yoongi | even if it's through WhatsApp | feeeeeeels | gender-neutral,Min Yoongi | Suga/You,yoongi,{'yoongi'}
https://golemlab.eu/graph/27112336,57,smoke gets in your eyes,"They say that you become a Grim Reaper when you commit an unforgivable sin. Or, after a chance meeting with your new neighbor in the ER, you find yourself running into and spending more time with him.  Agust is secretive, subdued -- but he feels familiar. Or, Agust knows he shouldn't want to talk to you, shouldn't want to spend time with you, shouldn't want to know you, but he does.",2020-10-20,20307,Mature,F/M,In-Progress,Reincarnation AU | adding pairings and characters as they come bc..... i'm actually not that organized lmfao | also lots of death bc of the concept of Grim Reaper but like...... not aggressively? | halsey is a minor character too bc i'm still in boy w luv era | min yoongi as agust d BAYBEYYYYY | random kpop cameos | reader is an er doctor so uhhh gore and morbid mention but not that bad | there will be ample flashbacks in the near future,Min Yoongi | Suga/Reader,yoongi,{'yoongi'}
https://golemlab.eu/graph/21532411,57,Golden clouds,Yoongi only wants to write some music in his studio but you have more in mind.,2019-11-23,3865,Mature,F/M,Completed,Anal Fingering | Anal Sex | Creampie | Dom Min Yoongi | Suga | Dom/sub | Double Penetration | Fingerfucking | Jung Hoseok | J-Hope is Whipped | Kim Taehyung | V is Whipped | Kissing | Masturbation | Oral Sex | Rough Kissing | Rough Oral Sex | Threesome - F/M/M | Vaginal Fingering | Vaginal Sex | Voyeurism,Min Yoongi | Suga/Reader,yoongi,{'yoongi'}
https://golemlab.eu/graph/7831366,57,You're Driving Me Wild,"Min Yoongi x Reader fluff It’s been so hectic lately, it’s time to look back on it.",2016-08-21,9839,General Audiences,F/M,Completed,Fluff and Angst | well slight angst,Min Yoongi | Suga/Reader,yoongi,{'yoongi'}
https://golemlab.eu/graph/25438078,57,Taking Directions,You've been a blogger for years and since getting picked up to be the new face of high fashion you have to reshoot your whole portfolio. The only kicker is... you're several sizes larger than the average model. It's up to you and your photographer to make the world of high fashion more size inclusive. He helps you find your footing in the industry and your new found sex appeal.,2020-07-22,4200,Explicit,F/M,Completed,plus size reader,Min Yoongi | Suga/Reader,yoongi,{'yoongi'}
https://golemlab.eu/graph/25777066,57,Unexpected Visitor,You and your boyfriend Yoongi are having a normal afternoon in bed when another member comes into the room.,2020-08-08,1788,Explicit,F/M,Completed,,Min Yoongi | Suga/Reader,yoongi,{'yoongi'}
https://golemlab.eu/graph/13615647,57,Are you happy now?,Yoongi finally found out your biggest secret that you never told him and it sparks an argument.,2018-02-08,1852,Not Rated,F/M,Completed,Angst | Drabble | Fluff | Fluff and Angst,"Min Yoongi | Suga/Reader, Min Yoongi | Suga/You Series: Song Series [7]",yoongi,{'yoongi'}
https://golemlab.eu/graph/12141612,57,Ride Or Die,"You didn't see him as the leader of the biggest mob empire in Seoul. You just saw him as Min Yoongi, the love of your life.",2017-09-20,1287,Explicit,F/M,Completed,Knifeplay | Mafia AU | Min Yoongi - Freeform | Smut | Yoongi - Freeform | bangtan boys - Freeform | bts - Freeform | kpop | mafia leader min yoongi | suga - Freeform,Min Yoongi | Suga/Reader,yoongi,{'yoongi'}
https://golemlab.eu/graph/19389928,56,9. Lovesick,Prompt: Pick-Up Lines Week 2 Day 2,2019-06-28,725,Teen And Up Audiences,F/M,Completed,Fluff | Min Yoongi | Suga Is a Fluff | Pick-Up Lines | Sleepy Cuddles | Texting | one shots,Min Yoongi | Suga/Reader Series: 50 Days of One Shots [9],yoongi,{'yoongi'}
https://golemlab.eu/graph/7686634,56,Mania,He always loved fire a little bit too much.,2016-08-05,2510,Teen And Up Audiences,F/M,Completed,AU | Angst | Death | Depressed Yoongi | Fire | Suicide | Yoongi - Freeform | bangtan - Freeform | one shots | suga - Freeform,Min Yoongi | Suga/Reader Series: Of the Four Elements [1],yoongi,{'yoongi'}
https://golemlab.eu/graph/21301988,56,Split Min Yoongi x Reader AU,Plot: Y/N gets captured by a member of a notorious gang. Said capture is none other than Min Yoongi in this AU he has Split personality disorder.,2019-11-03,5400,Teen And Up Audiences,F/M,In-Progress,Multiple Personalities | Protective Bangtan Boys | ShortChapters | reader - Freeform,"Min Yoongi | Suga/Reader, bts re Series: Split / Min Yoongi X Reader \ AU [1]",yoongi,{'yoongi'}
https://golemlab.eu/graph/26771455,56,Min Yoongi being daddy.,"Started writing and it turned into this. Sorry, not sorry.",2020-10-02,1582,Mature,F/M,Completed,Daddy Kink | Pregnancy | Pregnancy Kink | Unprotected Sex | bareback,Min Yoongi | Suga/Reader,yoongi,{'yoongi'}
https://golemlab.eu/graph/13864197,55,I Need You More Than You Need Me,"Y/N has worked at Big Hit for the longest time, watching over the Bangtan Boys. Over time she develops feelings for Min Yoongi, who has been nothing but cold and distant. Does she take care of him because he needs it? Or is she the one who needs to be taken care of?",2018-03-04,4325,Mature,F/M,Completed,Angst | Eventual Fluff | Hatred | Min Yoongi | Suga Is a Little Shit | One-Sided Relationship | Smut,Min Yoongi | Suga/Reader,yoongi,{'yoongi'}
https://golemlab.eu/graph/19213915,55,For All Have Sinned: Min Yoongi x Secret Agent AU:,"You’re once again assigned and shipped off with your partner to uncover the truth about the death of three high school female’s at a boarding school. You’re determined to stop the serial killer however, it becomes a bit difficult when you have to prevent your boyfriend from being so damn horny all of the time. Your boyfriend, who’s forced to dress as a high school female student at age 24, you must add. It may seem amusing at first, but the case becomes even more difficult as students continue to get killed right beneath your nose.",2019-06-14,82245,Explicit,F/M,In-Progress,BDSM | Death | Dominant | Kinks | Mystery | Protective Bangtan Boys | Serial Killer | Series | Sex | Sins | Smut | Submissive | Undercover | bangtan sonyeondan - Freeform | bts smut | cross dressing | fanfics | mature - Freeform | secret agent AU | wanna one - Freeform,Min Yoongi | Suga/Reader Series: ＊For All Have Sinned: Min Yoongi x Secret Agent AU [1],yoongi,{'yoongi'}
https://golemlab.eu/graph/34427299,54,The King Isn't Dead,"Hey! I don't write the fics I post, I post them here because I have found them on another site and cannot find them on this one. I cannot find how to post a fanfic and credit another writer so here is the link to the original post: https://another-army-spot.tumblr.com/post/643609251628089344/the-king-isnt-dead-m-ii-myg The writer of this one is another-army-spot over on tumblr, all credits go to them! I hope you enjoy, I absolutely love this and thats why im posting it here :)",2021-10-11,19639,Explicit,F/M,Completed,Alternate Universe - Royalty | Inspired by Daechwita (Agust D) | Marriage | Royalty | Smut,Min Yoongi | Suga/Reader,yoongi,{'yoongi'}
https://golemlab.eu/graph/26591245,54,Love is Not Over,a collection of drabbles where you can’t get over your ex because both of you refuse to move out of your shared apartment,2020-09-22,3877,Mature,F/M,In-Progress,Angst | Eventual Smut | Ex Sex | Exes | Idiots in Love | Roommates | Smut,Min Yoongi | Suga/Reader Series: Love is Not Over [1],yoongi,{'yoongi'}
https://golemlab.eu/graph/14624316,54,Here we come a-carolling,The one where BTS sing carols on your doorstep.,2018-05-12,3749,Teen And Up Audiences,F/M,Completed,Tooth-Rotting Fluff | chirstmas fluff,Min Yoongi | Suga/Reader,yoongi,{'yoongi'}
https://golemlab.eu/graph/15078599,54,Shotgun Marriage,"What could possibly go wrong? 1.) Everything was a mess. You broke up with your boyfriend, call off your engagement and throw your engagement ring to those cheaters. 2.) You end up crying while being drunk with your best friend in the bar in the hotel where you are staying. Everything was a mess! 3.) Waking up in a strangers bed, naked, arms in your waist.. and worst, a ring band in your ring finger.. What could have possibly go wrong when everything was a mess?",2018-06-28,16603,Not Rated,F/M,In-Progress,Actor Kim Seokjin | Jin | Author will add more tags as the story progress | Cute Min Yoongi | Suga | Domestic Fluff | Eventual Romance | Eventual Smut?? Please let me live | Fluff | Frustrated Min Yoongi | Suga | Happy Ending | Hyejin is Original Character | Hyejin is that bestfriend that we need | Lawyer Park Hyungshik | Literature Professor Park Boyoung | Min Yoongi and Kim Seokjin are bestfriends | Original Character(s) | Producer Min Yoongi | Suga | Romantic Comedy | Slight Smut | Yoongi is Sexually Frustrated | shameless fluff | slight angst,Min Yoongi | Suga/Reader,yoongi,{'yoongi'}
https://golemlab.eu/graph/36699427,54,Perpetual Datejust,"When the general public hears the name Min Yoongi, they know him as the world-famous model who’s beyond talented in his craft. When the modeling industry hears the name Min Yoongi, they remember you: his resolute, firm, and sometimes rude manager who always puts Yoongi’s best interests at heart — no matter what. Alternatively, you’re Yoongi’s manager and for the first time ever, you take a break away from him.",2022-01-27,18624,Not Rated,F/M,Completed,Model Min Yoongi | Suga,"Min Yoongi | Suga/Reader, Min Yoongi | Suga/You",yoongi,{'yoongi'}
https://golemlab.eu/graph/14096262,54,Addicted,"I was at his house again. For a split second, I don't want to be let in but where was the fun in that? I needed something only Min Yoongi could give me. I wanted it bad.",2018-03-25,2702,Explicit,F/M,Completed,Adorable Min Yoongi | Suga | Begging | Blow Jobs | Masturbation | Sexy Times | Short One Shot | Smut | Unresolved Romantic Tension,Min Yoongi | Suga/Reader,yoongi,{'yoongi'}
https://golemlab.eu/graph/20101240,54,Your First Time With Yoongi,A domestic hc with dom!Reader.,2019-08-04,2618,Explicit,F/M,Completed,Aftercare | Alternate Universe - Domestic | Couch Cuddles | Cunnilingus | Cute Min Yoongi | Suga | Degradation | Dom/sub | Face Slapping | Feeding | Femdom | Fluff and Smut | French Kissing | Hand Jobs | Headcanon | Mutual Masturbation | Name-Calling | Protected Sex | Riding | Rope Bondage | Sloppy Makeouts | Smut | Sub Min Yoongi | Suga | Vaginal Fingering | Vaginal Sex | Wet & Messy | boyfriend yoongi | bullet points | dom!reader | femdom!reader | sub!yoongi,Min Yoongi | Suga/Reader Series: Domestic Sub!BTS [10],yoongi,{'yoongi'}
https://golemlab.eu/graph/9597113,54,A Secret's Worst Enemy,Jealousy can be a secret's worst enemy.,2017-02-06,1329,Teen And Up Audiences,F/M,Completed,Jealous Yoongi | Playboy jimin | Underground | but it was a request so | lol | not something i'd usually write | srry it kinda sucks | they know | they steal a painting | they're all criminals | thieves ig | yoongi is jealous,Min Yoongi | Suga/Reader,yoongi,{'yoongi'}
https://golemlab.eu/graph/18284816,54,In Your Arms Is Where I Belong,Your first date fails. Your night is ruined. Your makeup is ruined. You are ruined. Until Yoongi rescues you and cheers you up.,2019-03-30,2347,Not Rated,F/M,Completed,Basically just Yoongi fluff | Cuddling | Failed Date | Fluff and Angst | Min Yoongi | Suga Is a Good Friend | Rom-com movie watching | Soft Min Yoongi | Suga | Yoongi cheers you up,Min Yoongi | Suga/Reader,yoongi,{'yoongi'}
https://golemlab.eu/graph/10928388,54,Ten Moments,There were ten moments that led to me loving Min Yoongi more than life itself.,2017-05-17,4828,General Audiences,F/M,In-Progress,CEO Min Yoongi | Suga | Cute Min Yoongi | Suga | Fluff | Romance | maybe future smut,Min Yoongi | Suga/You,yoongi,{'yoongi'}
https://golemlab.eu/graph/13338984,53,Moments of Convenience,A collection of ramblings in which you and Yoongi are dating and you work weekends part time at a convenience store at the edge of campus in order to help pay for tuition; he often hangs out during your shift.,2018-01-11,2059,Not Rated,F/M,In-Progress,Alternate Universe - College/University | Alternate Universe - Convenience Store | Boyfriend Min Yoongi | Suga | Cute Min Yoongi | Suga | Dating | Drabble Collection | Eventual Smut | Fluff | Fluff and Humor | Good Boyfriend Min Yoongi | Suga | Humor | Jealous Min Yoongi | Suga | Min Yoongi | Suga Is a Tease | Protective Min Yoongi | Suga | Teasing | maybe? - Freeform,"Min Yoongi | Suga/Reader, Min Yoongi | Suga/You",yoongi,{'yoongi'}
https://golemlab.eu/graph/21277658,53,Spill Your Soul,"it's easier to hide than to trust, it's easier to lie than to confide. Yoongi just can't seem to get over you even though it's been five years.  You're just really good friends now, and he's grateful for that.  So why can't he move on?  Why is he so ecstatic that you're single once again even though you're broken? The timing just never seems to work out for the two of you...until it does",2019-11-02,16761,Not Rated,F/M,Completed,Alternate Universe - Bakery | Alternate Universe - Modern Setting | Angst with a Happy Ending | Baker Kim Seokjin | Jin | Depressed Min Yoongi | Suga | Domestic Fluff | EP release | Emotional Hurt/Comfort | Fluff and Angst | Mental Breakdown | Min Yoongi | Suga Is Whipped | Min Yoongi | Suga is Bad at Feelings | Post-Break Up | Producer Min Yoongi | Suga | Rapper Min Yoongi | Suga | Revised Version | Sleepy Cuddles | Trust Issues | music buddies,Min Yoongi | Suga/Reader,yoongi,{'yoongi'}
https://golemlab.eu/graph/16911522,53,Digital Memories,Yoongi as a father in the return of superman show,2018-12-08,2696,Teen And Up Audiences,F/M,Completed,Domestic Fluff | bts as fathers | husband yoongi | the return of superman | yoongi as a father,Min Yoongi | Suga/Reader Series: TROS [3],yoongi,{'yoongi'}
https://golemlab.eu/graph/23997472,53,I'll Show You,"Yoongi is on his way home on a rainy night, and you’re trying to have dinner ready, but things aren’t going your way.",2020-05-04,1394,Teen And Up Audiences,F/M,Completed,Chef Min Yoongi | Suga | Cooking | Cuddling & Snuggling | Domestic Boyfriends | Domestic Fluff | Fluff | Gentle Kissing | Napping | Romance | Romantic Fluff | Soft Min Yoongi | Suga,Min Yoongi | Suga/Reader Series: Rainy Day Sessions [2],yoongi,{'yoongi'}
https://golemlab.eu/graph/24917317,53,After Concert Blow,"Where y/n decides to act like a brat and not give Yoongi a high five after a great concert. Yoongi takes her to a bathroom, away from prying eyes to get his reward. “I’d have you on my cock like this every day baby, if I could...” 💦🤧🍆👄🔞",2020-06-25,1647,Explicit,F/M,Completed,Blow Jobs | Mischievous Brat | Recorded Sex | after concert rendezvous | air play | cock play | don’t tease the kitty | more where that came from,Min Yoongi | Suga/Reader Series: Y/N centric AUs [6],yoongi,{'yoongi'}
https://golemlab.eu/graph/26327884,53,"Demon? No, Angel.",yoongi is a softhearted demon who likes to mess with y/n after she accidentally summoned him and now neither want him to leave.,2020-09-06,1012,Not Rated,F/M,Completed,Anxiety | Crush | Cute | Cute Ending | Cute Min Yoongi | Suga | Cute Yoongi | Demon | Demon AU | Demon Yoongi | Fluff | Fluffy | Fluffy Ending | Friendship | Love | Min Yoongi | Suga Is Whipped | No Smut | Summoned | Yoongi - Freeform | Yoongi is a tease | ghost - Freeform | spells | suga - Freeform,Min Yoongi | Suga/Reader,yoongi,{'yoongi'}
https://golemlab.eu/graph/13416240,53,Seize My Heart And Soul,~~~ Maybe I should've gone easy on my body. Was it a good decision? Some would say it wasn't. But it led me to him. Min Yoongi. ~~~ SOULMATE AU! Updates atleast once a week,2018-01-18,3738,General Audiences,F/M,In-Progress,Alternate Universe - Soulmates | Angst | Coma | Comatose | Disabled Character | Fluff | Hospitalization | Protective Min Yoongi | Suga | Seizures | Self-Insert | Soulmates | bts are not famous | intense angst okay im warning you | more tags to be added each chapter | suga is SUCH A SWEETIE,"Min Yoongi | Suga/Reader, Min Yoongi | Suga/You",yoongi,{'yoongi'}
https://golemlab.eu/graph/16115147,52,Stimming,It's a very short one-shot that involves Min Yoongi and a gender neutral reader; also involves stimming (see notes).,2019-09-27,332,General Audiences,F/M,Completed,Autism | Autism Spectrum | Domestic Fluff | Fluff and Angst | Gender-Neutral Pronouns | Min Yoongi | Suga Is a Sweetheart | Stimming,Min Yoongi | Suga/Reader,yoongi,{'yoongi'}
https://golemlab.eu/graph/20594135,52,Head Rubs,Yoongi likes to have his head rubbed and hair pet after sex.,2019-09-10,485,Mature,F/M,Completed,Cute | Head Rubs | Minor Sexual Content | One Shot | Short One Shot | soft,Min Yoongi | Suga/Reader,yoongi,{'yoongi'}
https://golemlab.eu/graph/14053482,52,The Last?,"""Please don't cry y/n. Let me cry for you."" -Yoongi finds you after a relapse",2018-03-22,1063,General Audiences,F/M,Completed,References to Agust D The Last | References to Depression | Self-Harm,Min Yoongi | Suga/Reader,yoongi,{'yoongi'}
https://golemlab.eu/graph/39477783,52,Teardrop,"facing an uncertain future, you and an old friend take off for a trip into the relative wilderness",2022-06-06,45169,Explicit,F/M,In-Progress,Alcohol | Car Accidents | Everyone is Queer | Fuck gender | Great American Road Tripᵀᴹ | Implied/Referenced Drug Use | Kissing | Masturbation | Orgasm Control | Other Additional Tags to Be Added | Panic Attacks | Self-Doubt | a little light vore-related humor | fuck capitalism | minor off-screen character death (referenced) | reader and Yoongi are both in their early 30s | referenced to past smoking | slightly under-negotiated power play | someone's gonna fuck in this | this fic contains product placement | toxic insecurity | weird dick energy,Min Yoongi | Suga/Reader,yoongi,{'yoongi'}
https://golemlab.eu/graph/17547230,52,My Brothers Bestfriend,"All she could think about was him. Min Yoongi. Her brothers best friend, even while she was lying in a pool of her own blood.",2019-01-26,1818,Mature,F/M,Completed,Crimes & Criminals | First Kiss | Fluff and Angst | Hate to Love | Kim Seokjin | Jin Being a Mom | Love | Near Death Experiences | Protective Older Brothers | Saving the World | Shyness | Unrequited Love,Min Yoongi | Suga/Reader,yoongi,{'yoongi'}
https://golemlab.eu/graph/27175072,52,smut drabble game #3,"w: oral (m receiving), riding, bite/hickey kink(?), implied cockwarming",2020-10-24,2181,Explicit,F/M,Completed,,Min Yoongi | Suga/Reader Series: drabbles [14],yoongi,{'yoongi'}
https://golemlab.eu/graph/25034860,52,Read Between the Lines,"Solving cases was what you’d signed up to do, but solving them with your academy crush turned partner was not on the agenda.",2020-07-02,18062,Teen And Up Audiences,F/M,Completed,Crime Novel | Crime Scenes | Cute Min Yoongi | Suga | Detective Min Yoongi | Suga | Grumpy Min Yoongi | Suga | Implied Sexual Content | Implied/Referenced Drug Addiction | Implied/Referenced Underage Prostitution | Soft Min Yoongi | Suga,Min Yoongi | Suga/Reader,yoongi,{'yoongi'}
https://golemlab.eu/graph/37905964,52,Tongue Like Candy,"Seeing Yoongi again wasn’t supposed to arouse all your old feelings from your childhood crush on him. However, he’s seeing you in a whole different light now that he’s back in town, and he can’t help but get a taste.",2022-03-23,11177,Explicit,F/M,In-Progress,Best Friends | Corruption | First Kiss | Oral Sex | Size Kink | Vaginal Fingering,Min Yoongi | Suga/Reader,yoongi,{'yoongi'}
https://golemlab.eu/graph/34032319,52,Under the Stars,"How lucky you are to be standing under this beautiful expanse of sky, drinking it in. You turn back to Yoongi and find his eyes on you, a slight smile on his lips. “Come and join me,” he says, patting the space on the canvas next to him.",2021-09-22,1921,Explicit,F/M,Completed,Bon Voyage (BTS) | Bon Voyage (BTS) Season/Series 04 | Clothed Sex | Coming In Pants | Dirty Talk | Dry Humping | Plot What Plot/Porn Without Plot | Present Tense | Reader-Insert,"Min Yoongi | Suga/Reader, Min Yoongi | Suga/You",yoongi,{'yoongi'}
https://golemlab.eu/graph/23496790,52,hesitate,"whether or not you’ve chosen to acknowledge it, you and yoongi are fully aware that your years of friendship have somehow led to feelings that aren’t so platonic anymore, but deep in his first year as a police officer, yoongi finds it hard to keep the line between friendship and something more in focus",2020-04-05,2739,Mature,F/M,In-Progress,Alternate Universe - Police | Angst | Eventual Smut | Friends to Lovers | Implied/Referenced Character Death | Infidelity | Violence,Min Yoongi | Suga/Reader Series: map of the hearts - drabble collection [3],yoongi,{'yoongi'}
https://golemlab.eu/graph/16799308,52,The Fortress of Not-So Solitude,"life sucks, but that’s nothing yoongi and his superior fort-making skills can’t fix.",2018-12-01,1059,General Audiences,M/M,Completed,Angst | Clingy Min Yoongi | Suga | Crying | Emotional Hurt/Comfort | Pillow & Blanket Forts | Sleepy Cuddles | This is a manifestation of my depression | but then fluff | its cute okay | just read it | lil meow meow makes me soft | shooky is mentioned like once | yoongi hugs must feel like heaven,"Min Yoongi | Suga/Reader, min yoongi | suga/male reader Series: Bts x male reader one shots [3]",yoongi,{'yoongi'}
https://golemlab.eu/graph/28239360,51,A Bunch of Little Tears,"You take care of your little niece for the day, and when Yoongi comes home from the studio, he gets to carry the weight of parental responsibility.",2020-12-22,1344,General Audiences,F/M,Completed,Babysitting | Domestic Fluff,Min Yoongi | Suga/Reader,yoongi,{'yoongi'}
https://golemlab.eu/graph/34978189,51,Orbit,"While to many Min Yoongi may only be a talented rhythm guitarists known for his resting bitchface and proclivity for rough sex, to you he would first and foremost always be your brother’s best friend. Your brother’s best friend whom you have been in love with since adolescence. Pairing: Brothers Best Friend & Punk Rocker!Yoongi x Plus Sized Reader (she/her)",2021-11-07,6152,Explicit,F/M,Completed,Angst | First Time | Pining | Smut | brothers best friend | plus sized reader,Min Yoongi | Suga/Reader,yoongi,{'yoongi'}
https://golemlab.eu/graph/18117212,51,Niceties,Just another day on the job,2019-03-15,1612,Explicit,F/M,Completed,Closet Sex | I Never | I'm Sorry | Idol Min Yoongi | Suga | Idols | Military Uniforms | This Is Why We Can't Have Nice Things | Trapped In A Closet | Uniform Kink,Min Yoongi | Suga/Reader,yoongi,{'yoongi'}
https://golemlab.eu/graph/28370346,51,Love Talk - Yoongi,"Yoongi and reader (nicknamed Kitten) have been dating for a couple months and have gone on several dates, trying to work through Yoongi's schedule. He asks for a date the night before he has to leave for Japan, and once the date is over, he realises he's not ready to let go of Kitten yet. He invites her to his place and the two start playing a steamy late-night after-date 20 questions game. TRIGGER WARNINGS ARE CONTAINED IN AUTHOR'S NOTE",2020-12-27,9143,Explicit,F/M,Completed,,Min Yoongi | Suga/Reader Series: Cat got your tongue? [1],yoongi,{'yoongi'}
https://golemlab.eu/graph/22297837,51,Don't Worry,You had a bad day and Yoongi always knew how to make it better. Fluff. Featuring Min Holly!,2020-01-18,957,General Audiences,F/M,Completed,Fluff | Mild Hurt/Comfort,Min Yoongi | Suga/Reader,yoongi,{'yoongi'}
https://golemlab.eu/graph/11529117,51,All This Time,a newly unemployed single girl determined to grow up and a company director who’s hell bent on staying young forever. or a banged someone and now they’re my interviewer!au that got massively out of hand,2017-07-17,6331,Explicit,F/M,In-Progress,Attempt at Humor | Fluff and Smut | Romantic Comedy | an au prompt that got way out of hand,Min Yoongi | Suga/Reader,yoongi,{'yoongi'}
https://golemlab.eu/graph/38681592,51,Souvenir,"Shouldn’t this be the part where you tell him not to stay out too late? Alternatively, Yoongi thinks you hate him because you don’t coddle him after a fight.",2022-04-29,3351,Not Rated,F/M,Completed,,"Min Yoongi | Suga/Reader, Min Yoongi | Suga/You",yoongi,{'yoongi'}
https://golemlab.eu/graph/23482882,51,🍻 Sober 🍻,This AU is about you and Yoongi being childhood friends.,2020-04-04,3531,Explicit,F/M,Completed,Alcohol | Alternate Universe | Best Friends | Childhood Friends | Fluff | Min Yoongi | Suga Is a Good Friend | Min Yoongi | Suga Is a Sweetheart | Sex | Smut | yoongi is good at assembling things,Min Yoongi | Suga/Reader,yoongi,{'yoongi'}
https://golemlab.eu/graph/22516015,51,G-give it to me!,"Your boyfriend, Min Yoongi aka Agust D, can't keep his hands off of you, so he decides to give you some attention in the bathroom stall of the nightclub he performed in.",2020-02-01,3053,Explicit,F/M,Completed,Dom Min Yoongi | Suga | Top Min Yoongi | Suga | bts smut,Min Yoongi | Suga/Reader,yoongi,{'yoongi'}
https://golemlab.eu/graph/6913195,51,I think about you when I cum,"You meet Yoongi in a club and you go home together, the first time you end up just sleeping. But the second time you decide to do something more exciting.",2016-05-20,4400,Mature,F/M,Completed,,Min Yoongi | Suga/Reader,yoongi,{'yoongi'}
https://golemlab.eu/graph/13573479,51,The Wait,"Yoongi had decided to rewrite some lyrics for the new album, so as your best friend you chose to help him. A few unexpected things happen though and soon something you have been longing for finally happens.",2018-02-04,2100,Not Rated,F/M,Completed,Drabble | Fluff,"Min Yoongi | Suga/Reader, Min Yoongi | Suga/You",yoongi,{'yoongi'}
https://golemlab.eu/graph/31991677,50,When Darkness Descends,You find yourself going toe to toe in a riddle battle with a mythical dragon who wants to stake his claim on you after falling into his little trap.,2021-06-16,3693,Explicit,F/M,Completed,Dragon Cocks | Dragon Hybrids | Dubious Consent | Explicit Sexual Content | Mating Bite | riddle games,Min Yoongi | Suga/Reader Series: Y/N centric AUs [20],yoongi,{'yoongi'}
https://golemlab.eu/graph/4124329,50,When you move away from Suga,Just a short drabble of Suga's reaction when his girlfriend (you) has to move abroad.,2015-06-12,193,Not Rated,F/M,Completed,,Min Yoongi | Suga/Reader,yoongi,{'yoongi'}
https://golemlab.eu/graph/41096664,50,Till Death Do Us Part,"Marital bliss isn't always a guarantee, especially when you find yourself marrying into the family responsible for your own family's demise. Sometimes, marriage is just a game of kill or be killed. Even when there is love involved, bullets still hurt. This is part of the Bangtan Writers HQ August 2022 writing event.",2022-08-17,41132,Explicit,F/M,Completed,Arranged Marriage | Biting | Blood and Gore | Body Worship | Breeding Kink | Cock Warming | Cum Play | Enemies to Lovers | Knifeplay | Light BDSM | Light Dom/sub | Loss of Virginity | Mafia AU | Marking | Mildly Dubious Consent | Minor Character Death | Overstimulation | Praise Kink | Restraints | Smut | Violence | not necessarily a HEA - you've been warned,Min Yoongi | Suga/Reader,yoongi,{'yoongi'}
https://golemlab.eu/graph/19471123,50,Yoongles,An intimate moment of fluff shared between the reader and Yoongi. Comments much appreciated :),2019-07-04,864,General Audiences,F/M,Completed,Cuddling | Cute | Cute Min Yoongi | Suga | Domestic Fluff | Fluff | Fluff and Mush | Gender-Neutral Pronouns | Innocent | Kissing | Lovey-Dovey | One Shot | One-Shot | Producer Min Yoongi | Suga | Pure | Self-Indulgent | Soft Min Yoongi | Suga | Tooth-Rotting Fluff | but overall pure | feat - Freeform | feel good | loving | readerxbts | some slight kissing | y/n | yoongles - Freeform,Min Yoongi | Suga/Reader,yoongi,{'yoongi'}
https://golemlab.eu/graph/24916933,50,The Trap.,"Min Yoongi has had a thing for you for months now. He's mostly kept it to himself and never let you know....until today. *Note* Characters are speaking Korean, although y/n is American.",2020-06-27,4535,Explicit,F/M,Completed,Selcas | thirst traps,Min Yoongi | Suga/Reader,yoongi,{'yoongi'}
https://golemlab.eu/graph/27839782,50,Sonata,Yoongi travels to a lake house to get some work done in peace. While he is there he has several strange encounters that make him question his own sanity.  (human!yoongi x ghost!reader pairing),2020-12-02,19149,Teen And Up Audiences,F/M,Completed,,Min Yoongi | Suga/Reader,yoongi,{'yoongi'}
https://golemlab.eu/graph/29929434,50,Back In Daegu,"Yoongi and his reckless friends are basically wreaking havoc on the streets of Daegu. Breaking hearts and taking names. Years later, Yoongi needs someone he can trust implicitly, and one person comes to mind. Someone he knew from back in the wild Daegu days. OR Yoongi causing mayhem with his six ride or die enablers lol An upload to celebrate Min Yoongi! HAPPY BIRTHDAY, YOONGI! 🖤",2021-03-08,14676,Explicit,F/M,Completed,Adorable Kim Taehyung | V | Alternate Universe - After College/University | Alternate Universe - Bangtan Universe | Alternate Universe - College/University | Alternate Universe - The Most Beautiful Moment In Life | HYYH | Angst | Bad Boy Kim Namjoon | RM | Bad Boy Kim Taehyung | V | Bad Boy Min Yoongi | Suga | Explicit Language | Explicit Sexual Content | Fluff and Angst | Fluff and Smut | Grumpy Min Yoongi | Suga | Inspired by The Most Beautiful Moment In Life | HYYH | I’m Bad Boy | Min Yoongi is running wild on the streets of Daegu | Min Yoongi | Suga is Bad at Feelings | Min Yoongi | Suga is a Mess | OT7 | Oral Sex | Run Era (BTS) | Song: I Need U (BTS) | Song: Save Me (BTS) | The Most Beautiful Moment In Life | HYYH,"Min Yoongi | Suga/Reader, Taehyung - Relationship",yoongi,{'yoongi'}
https://golemlab.eu/graph/28843059,50,My Good Girl,you’ve been dating yoongi for a while now and you’re ready to move on to the next step with him,2021-01-24,3520,Mature,F/M,Completed,(not explicitly said but implied) | Consent | Corruption Kink | Cum Eating | Dom/sub Undertones | Established Relationship | First Time Sex (technically?) | Fluff and Smut | Grinding | Hand Jobs | Kinda | Light Breast/Nipple Play | Making Out | Originally Posted on Tumblr | Smut | Soft Dom Min Yoongi | Suga | Vaginal Fingering,"Min Yoongi | Suga/Reader, Min Yoongi | Suga/You",yoongi,{'yoongi'}
https://golemlab.eu/graph/23198095,50,At Dawn,Your boyfriend Yoongi wants to try being subsmissive to you for a change…,2020-03-18,3067,Mature,F/M,Completed,Bottom Min Yoongi | Suga | Sub Min Yoongi | Suga | bts smut | min yoongi smut | suga smut,Min Yoongi | Suga/Reader,yoongi,{'yoongi'}
https://golemlab.eu/graph/17386142,50,sweet dreams,"you stare at the back of his head, silhouetted by the glow of his monitor, and consider trying your hand at spooking him while he's in a state of focus. your previous attempts have never worked out, but maybe this time it will.",2019-01-11,771,General Audiences,M/M,Completed,he needs some sleep,Min Yoongi | Suga/Reader,yoongi,{'yoongi'}
https://golemlab.eu/graph/21471565,50,I'm Fine,I’m fine. That’s what he’s been telling everyone the past two years since he and his soulmate parted ways.,2019-11-18,3324,Explicit,F/M,In-Progress,"Alternate Universe - Soulmates | Angst with a Happy Ending | Based on BTS Song ""I'm Fine"" | Breaking Up & Making Up | Depressed Min Yoongi | Suga | Drinking | Dysfunctional Family | Eventual smutty smut | He's whipped but doesn't want to be | Hurt/Comfort | I kinda hint how it's going to end in the beginning | Min Yoongi | Suga is Bad at Feelings | Mutual Pining | Post-Break Up | Yoongi learns to love himself | soulmates can't lie | soulmates isn't a fix-all",Min Yoongi | Suga/Reader,yoongi,{'yoongi'}
https://golemlab.eu/graph/27369427,49,Little Black Dress,"Yoongi was a quiet man, his life normally private to all but those closest to him. When you started dating, you didn’t know why were kept a secret from others. It wasn’t until after your marriage that you finally got to meet those he trusted most. Now you were at a party, mingling amongst the others in a little dress your new husband bought you in celebration. However, as the night goes on, you begin to realize why he actually bought it. Or Yoongi buys you a new dress as a nice little gift, and you wear it to a little party the next day. It's crumpled on the floor by the end of the night.",2020-11-07,4774,Explicit,F/M,Completed,Aftercare | Cute Jeon Jungkook | Cute Park Jimin (BTS) | Good Person Min Yoongi | Suga | Good Significant Other Min Yoongi | Suga | Jeon Jungkook is Trying His Best | Jeon Jungkook is a Ray of Sunshine | Kim Namjoon is next in line for leader | Kim Namjoon | RM & Min Yoongi | Suga are Best Friends | Kim Namjoon | RM is a Dork | Kim Taehyung | V is Bad at Feelings | Loving Marriage | Min Yoongi | Suga is Patient | Min Yoongi | Suga-centric | Mob Boss Min Yoongi | Suga | Multiple Orgasms | My First Smut | Oral Sex | Orgasm Denial | Park Jimin is a Brat (BTS) | Park Jimin is dangerous | Partying | Past Violence | Protective Min Yoongi | Suga | Rich Min Yoongi | Suga | Safe Sane and Consensual | Safewords | Secret Marriage | Semi-Public Sex | Smut | Sweet Kim Namjoon | RM | Sweet Min Yoongi | Suga | Sweet Park Jimin (BTS) | Vaginal Fingering | Vaginal Sex,Min Yoongi | Suga/Reader,yoongi,{'yoongi'}
https://golemlab.eu/graph/16944393,49,Taking Care of a Sick Yoongi,Your boyfriend Yoongi is sick. What will you do?,2018-12-11,537,General Audiences,F/M,Completed,Drabble | Established Relationship | Fluff | Sick Character | yoongi has a cold,Min Yoongi | Suga/Reader,yoongi,{'yoongi'}
https://golemlab.eu/graph/23079112,49,Cat-titude Problems,"Yoongi would never let on, but he cared about his human more than she knew.",2020-03-09,978,Mature,F/M,In-Progress,Angst | Cat/Human Hybrids | Fluff | Fluff and Angst | Hybrids | Suggestive Themes,Min Yoongi | Suga/Reader Series: Cat Hybrid Universe [1],yoongi,{'yoongi'}
https://golemlab.eu/graph/16884789,49,Saccharine,"You ride the elevator together almost everyday, when will you finally work up the courage to say something?",2018-12-06,1611,General Audiences,F/M,Completed,Fluff | like a meet cute,Min Yoongi | Suga/Reader,yoongi,{'yoongi'}
https://golemlab.eu/graph/10737540,49,Soft as Silk,"When you wear his shirt, he knows you are his and nothing else matters. Soft boyfriend!Yoongi drabble collection",2017-04-26,478,Teen And Up Audiences,F/M,In-Progress,Fluff | Implied Sexual Content | boyfriend yoongi | soft yoongi,Min Yoongi | Suga/Reader Series: Boyfriend BTS drabbles [2],yoongi,{'yoongi'}
https://golemlab.eu/graph/30167883,48,The House by The River,"You, your husband and his brothers are back in the In The Soop house. But what happens when you forget the one thing you have to do during the pandemic?",2021-03-21,2179,Mature,F/M,Completed,Domestic Fluff | Established Relationship | Fluff,"Min Yoongi | Suga/Reader, Min Yoongi | Suga/You Series: Domestic Yoongi [1]",yoongi,{'yoongi'}
https://golemlab.eu/graph/24333484,48,Daechwita,"Daechwita, what happens when you meet Yoongi’s alter ego; Agust D",2020-05-23,1471,Mature,F/M,Completed,Breathplay | Dom Yoongi | Light Dom/sub | Mutual Masturbation | Porn with some plot | agust d,Min Yoongi | Suga/Reader,yoongi,{'yoongi'}
https://golemlab.eu/graph/10717848,48,"My Sun, My Moon","Yoongi would rather sit inside where it was dark and he could be Alone. Alone was where he rested with his thoughts, recharged, and relaxed. Then he met you, and realised being Alone didn’t really have to be alone at all.",2017-04-24,653,General Audiences,Gen,Completed,Drabble | Fluff | Gender-Neutral Pronouns | because yoongi is the softest | soft yoongi | which needs to become a more common tag,Min Yoongi | Suga/Reader,yoongi,{'yoongi'}
https://golemlab.eu/graph/14230404,48,Full of surprises,"You’re talking on the phone with your best friend, Yoongi overhears it and gets slightly jealous about the conversation deciding to distract you. And oh boy does he distract you.",2018-04-06,3509,Mature,F/M,Completed,Bisexual Female Character | Implied Sexual Content | Jealousy | Teasing,Min Yoongi | Suga/Reader,yoongi,{'yoongi'}
https://golemlab.eu/graph/31025345,48,Party Animal | MYG,"""So here's the deal. We pretend to be loopy-drunk, crazy infatuated with each other, and get the hell out of this party leaving everyone to believe that us homebodies are finally coming out of our shells.""",2021-05-01,3177,Teen And Up Audiences,F/M,Completed,Alternate Universe - College/University | Bangtan Boys | BTS are Best Friends | Fake/Pretend Relationship | Fluff | Jeon Jungkook is a Brat | Meet-Cute | Min Yoongi | Suga Is Whipped | Min Yoongi | Suga is Good at Feelings | Min Yoongi | Suga is So Done | Party | SO MUCH FLUFF | Strangers to Lovers | Tooth-Rotting Fluff | jennie cameo | kind of | kind of fake dating?,Min Yoongi | Suga/Reader,yoongi,{'yoongi'}
https://golemlab.eu/graph/7534096,48,Puns & Penetration,None,2016-07-20,539,Mature,F/M,Completed,Oral Sex | Parody | Puns & Word Play | Smut,Min Yoongi | Suga/Reader,yoongi,{'yoongi'}
https://golemlab.eu/graph/21013604,48,don't call me angel,"you're an angel, sort of in denial of it. yoongi is the devil. basically, he fucks the wings out of you. literally.",2019-10-13,955,Mature,F/M,Completed,Alternate Universe - Angels & Demons | Smut | devil!yoongi - Freeform,Min Yoongi | Suga/Reader,yoongi,{'yoongi'}
https://golemlab.eu/graph/14364615,48,A Collecion Of BTS Mafia AU,A collection of BTS mafia drabbles and imagines.,2018-04-19,638,Mature,F/M,Completed,Romance,Min Yoongi | Suga/Reader,yoongi,{'yoongi'}
https://golemlab.eu/graph/30701840,48,Poor Little Kitty,"Min Yoongi is one very lucky black cat hybrid. Having spent most of his life in a shelter knowing full well he was never going to get adopted, he couldn't possibly know that a particular afternoon would change that. But having been struck by fate once, he fears he may lose everything just as easily as it came to him.",2021-04-15,2985,General Audiences,F/M,Completed,Angst with a Happy Ending | Cat/Human Hybrids | Dramatic Min Yoongi | Suga | Fluff and Angst | Hybrids,Min Yoongi | Suga/Reader,yoongi,{'yoongi'}
https://golemlab.eu/graph/26361376,48,I never knew I needed you | Min Yoongi x reader,You've been dating a millionaire for a couple months but you're not so sure if he's the one for you.  Who knew the right person for you was in front of you all long.,2020-09-08,3700,General Audiences,F/M,Completed,Confessions | Friends to Lovers | Selfish boyfriend | break-up,Min Yoongi | Suga/Reader,yoongi,{'yoongi'}
https://golemlab.eu/graph/30237543,47,Stay High,You’ve to stay high to keep your ex out off your mind when he comes back into your life.,2021-03-24,16488,Mature,F/M,Completed,Angst | Choking | Creampie | Cum Eating | Drug Use | Exes | Explicit Language | Fluff | Implied/Referenced Drug Use | Multiple Orgasms | Oral Sex | Orgasm Delay/Denial | Penetrative Sex | Rough Sex | Smut | Spanking | Switch Min Yoongi | Suga | Unprotected Sex | accidental creampie | degradation kink,Min Yoongi | Suga/Reader Series: Oneshots [2],yoongi,{'yoongi'}
https://golemlab.eu/graph/11161479,47,A Feeling,"Yoongi, a man that can't feel emotions discovers he has an interesting ability.",2017-06-10,1151,General Audiences,F/M,Completed,Emotions | Min Yoongi | Suga is Bad at Feelings | Soulmate AU kinda | Soulmates,Min Yoongi | Suga/Reader,yoongi,{'yoongi'}
https://golemlab.eu/graph/23425654,47,Teach Me,In which you use learning a language as an excuse to tell Yoongi how much you love him. a/n: All Korean romanised for easy reading,2020-04-01,509,General Audiences,F/M,Completed,Drabble | Fluff | Tumblr Ask Box Fic | Tumblr Prompt,Min Yoongi | Suga/Reader,yoongi,{'yoongi'}
https://golemlab.eu/graph/16388876,47,Dance With Me,"She put out a hand, only half joking. With an exaggerated bow, he took it.",2018-10-23,286,General Audiences,F/M,Completed,Cute | Disgusting amounts of fluff | Domestic | Domestic Fluff | Fluff | Idiots in Love | to a ridiculous degree | very much so,Min Yoongi | Suga/Reader Series: In Which Min Yoongi Gets the Shit Dommed Out of Him [14],yoongi,{'yoongi'}
https://golemlab.eu/graph/17151122,47,yoongi a-z nsfw,cool fresh and fun headcanons based around sex stuff that's kind of a tag i guess -ish,2018-12-25,1528,Mature,F/M,Completed,A-Z | NSFW,Min Yoongi | Suga/Reader,yoongi,{'yoongi'}
https://golemlab.eu/graph/14929254,47,Easy Woman,"Tale As Old As Time: Yoongi is a very good friend, and he makes it too easy to fall in love.",2018-06-14,8545,Teen And Up Audiences,F/M,Completed,Insecurity | Internalized Fatphobia | Romance | bxebxee | slut shaming if you squint,Min Yoongi | Suga/Reader,yoongi,{'yoongi'}
https://golemlab.eu/graph/19213861,47,Sugar Bear: Min Yoongi,None,2019-06-14,2024,Teen And Up Audiences,F/M,Completed,Fanfiction | Fluff,Min Yoongi | Suga/Reader,yoongi,{'yoongi'}
https://golemlab.eu/graph/25809136,47,Yoongi,"L has been fucked over by guys too many times and she's sick of it. At her friends suggestion, she signs up to a new dating app called Pillow Talk whereby a special pillow projects your match's live feed in front of you. A series of one shots, member by member!",2020-08-09,2648,Explicit,F/M,Completed,Alternate Universe | Alternate Universe - Modern Setting | Alternate Universe - Online Dating | Anal Fingering | Anal Play | Anal Sex | Blindfolds | Daddy Kink | Explicit Language | Explicit Sexual Content | Fluff and Smut | Hook-Up | Neck Kissing | Oral Sex | POV Alternating | POV Multiple | Restraints | Sexual Content | Smut | Spanking | Vaginal Fingering | Vaginal Sex | Vibrators,Min Yoongi | Suga/Reader Series: Pillow Talk [2],yoongi,{'yoongi'}
https://golemlab.eu/graph/26588374,47,Sweet As Sugar,"""Oh Fuck.. Y/n...You smell so good..like candy....I bet you taste just as sweet."" Y/n owns a Cafe/Bakery & handmade candy shoppe.. She is really quite shy and keeps to herself... Suga is a regular in her store..She was always working in the back of the store, so he never got to notice her.. One day, when she attempted to carry in the tower of boxes, he offered to help her.. when their eyes finally met it was all cupcakes and sprinkles after that! Or is it? Can she calm his storm? Would he become what she never knew she needed? Min Yoongi-Suga/Chubby reader",2021-06-21,2918,Mature,F/M,In-Progress,Alternate Universe - Bangtan Universe | Body Worship | CEO Min Yoongi | Suga | Depression | Dom Min Yoongi | Suga | Falling In Love | Fat Shaming | Fluff and Smut | I'm Bad At Summaries | I'm Bad At Tagging | Implied/Referenced Abuse | Love Confessions | Love at First Sight | Mental Health Issues | Mentioned Bangtan Boys | BTS Member(s) | Min Yoongi | Suga Is Whipped | Min Yoongi | Suga is Bad at Feelings | Other Additional Tags to Be Added | Other Ships Not Mentioned in Tags | Penis In Vagina Sex | Porn with Feelings | Producer Min Yoongi | Suga | References to Depression | Rough Kissing | Rough Sex | Roughness | Shameless Smut | Size Kink | Sub Min Yoongi | Suga | Vaginal Fingering | Vaginal Sex,Min Yoongi | Suga/Reader,yoongi,{'yoongi'}
https://golemlab.eu/graph/14919563,47,A Promise Made,A single phone call. A single promise.,2018-06-13,765,Teen And Up Audiences,F/M,Completed,Angst | Assassins & Hitmen | Implied/Referenced Character Death | Sad | Sad Ending,Min Yoongi | Suga/Reader,yoongi,{'yoongi'}
https://golemlab.eu/graph/31301123,47,"that green light, i want it",None,2021-05-15,3518,Teen And Up Audiences,F/M,Completed,Angst with a Happy Ending | Friends to Lovers | Inspired by Love Rosie,"Min Yoongi | Suga/Reader, Min Yoongi | Suga/You",yoongi,{'yoongi'}
https://golemlab.eu/graph/28562931,47,powdered sugar.,"On the drive home from your parent’s Christmas Eve dinner with the rest of your family, your boyfriend enjoys hearing you whine as he reminds you of the way you’re coddled by your older siblings. Later on, he continues to pamper you when you return home. Alternatively, Yoongi wants to baby you every once in a while because you’re just so darn cute.",2021-01-05,1856,Teen And Up Audiences,F/M,Completed,Christmas Fluff | Domestic Fluff | Established Relationship | Fluff | Holiday Season | Originally Posted on Tumblr | Reader Insert,Min Yoongi | Suga/Reader,yoongi,{'yoongi'}
https://golemlab.eu/graph/11457060,47,Nothing's Gonna Hurt You,"(This is a one-shot) Who doesn't want Yoongi's voice soothing your ears over the phone when you're about to drown? - Explained in one simple question. You have a dream anxiety disorder and as you're on a plane, you start to text your boyfriend, Min Yoongi, for comfort, but you soon find yourself in a situation where your nightmares just may be real and only Min Yoongi can take your fear away.",2017-07-10,2366,General Audiences,Gen,Completed,Confession | Dreams | Drowning | Dying Declaration of Love | I'm Bad At Tagging | Min Yoongi - Freeform | Min yoongi/reader - Freeform | Nightmares | Plane | Undying Love | a lot of crying and screaming | boyfriend au | suga - Freeform | suga x reader | text message,Min Yoongi | Suga/Reader,yoongi,{'yoongi'}
https://golemlab.eu/graph/24987034,47,First Meetings,"Set in the Shameless fic, these are five first meetings Yoongi experienced. Spoilers for Shameless . [COMPLETE] 1. Wherein Yoongi encounters Y/N for the first time 2. Wherein Yoongi meets Y/N backstage and is crestfallen 3. Wherein Yoongi finally sees Y/N at the Big Hit offices 4. Wherein Y/N’s mother judges Yoongi and finds him wanting, he thinks 5. Wherein Yoongi is upgraded to appa",2020-06-30,3682,General Audiences,F/M,Completed,Alternate Universe - Canon Divergence | Canon Compliant | Canon Universe | First Meetings | Idols,Min Yoongi | Suga/Reader Series: Her [3],yoongi,{'yoongi'}
https://golemlab.eu/graph/14407941,47,Cut,"Yoongi is the only one who understands. (nurse!Yoongi, patient!reader)",2018-04-23,1009,Mature,F/M,Completed,AU | Cutting | Depression | Implied Relationships | Intrusive Thoughts | Mental Health Issues | One-Sided Attraction | Self-Harm,Min Yoongi | Suga/Reader,yoongi,{'yoongi'}
https://golemlab.eu/graph/14745395,46,shotgun,"it’s the cliche of cliches. falling in love with the bad guy, the type of man your mother warned you about, the one you should keep your distance from, the one would ruin your life with a snap of his fingers. but from the moment you met yoongi’s gaze you know you wouldn’t mind getting your life ruined by him.",2018-05-24,1840,Explicit,F/M,Completed,Angst | Death | Drama | Drug Use | mafia,Min Yoongi | Suga/Reader,yoongi,{'yoongi'}
https://golemlab.eu/graph/10856619,46,Better in Time,You call him to a small cafe in hopes of understanding exactly what led to the undoing of your relationship.,2017-05-08,1198,Teen And Up Audiences,F/M,Completed,Angst | Post-Break Up | mentions of cheating,Min Yoongi | Suga/Reader,yoongi,{'yoongi'}
https://golemlab.eu/graph/29947491,46,Don’t blame me,None,2021-03-09,1973,Explicit,F/M,Completed,Birthday Sex | Blow Jobs | Hot Sex | Multiple Orgasms | Nipple Play | Short & Sweet | Sloppy Makeouts | Sweet/Hot | Vaginal Fingering,Min Yoongi | Suga/Reader,yoongi,{'yoongi'}
https://golemlab.eu/graph/18058760,46,Wife,"Yoongi asks you about titles, you reply, and he decides that he isn't patient enough to make a big show about his love for you.",2019-03-10,715,General Audiences,F/M,Completed,Alternate Universe - Not K-Pop Idols | Cheesy | Domestic Fluff | Drabble | Fluff | Humor | Late Night Conversations | Marriage Proposal | Min Yoongi | Suga Is Whipped | Romance | and it's actually funny and talks about Joon's lyrics | don't get on my ass | joking about capitalism | joking about misogyny | joking about sexism | no capitalism in my lobby!! | not the chorus | one (1) reference to Expensive Girl | talk of capitalism | thank you.,Min Yoongi | Suga/Reader,yoongi,{'yoongi'}
https://golemlab.eu/graph/23871205,46,A Sleepy Ravenclaw and Slytherin,"Y/N is a typical student who studies like they should and passes their core classes easily enough. Learns quickly and grasps skills other works years for. But it takes practice and focus to do these things with an air of ease. So much of it has burnt energy her frail body struggles to keep up with. Due to this constant exhaustion, she’s collected the nickname “The Sleepy Ravenclaw” from her peers over the last couple years. Now a fifth year, she’s just as tired and just as avoidant of others attention. Friendly enough to others but mostly known to keep solely the company of her twin sister. It’s not that she doesn’t want to make friends, nor that she lacks a yearning of friendships, it’s just easier for everyone to stay at arms length. Even the girls younger brother generally stays away most of the time. Without their overbearing mother, she has little patience with the younger Gryffindor and his friends bad decisions. The Hufflepuff in her sister an easier aura to mellow with. So, she’s gradually come to the acceptance that one persons enough.",2020-04-27,12784,Teen And Up Audiences,F/M,Completed,Alternate Universe - Harry Potter Setting | Alternate Universe - Hogwarts | Anxiety | Anxiety Attacks | Depression | Gryffindor Kim Namjoon | RM | Harry Potter - Freeform | Hogwarts Fifth Year | Hogwarts Sixth Year | Hufflepuff Jung Hoseok | J-Hope | Hufflepuff Kim Taehyung | V | Mental Health Issues | Ravenclaw Jeon Jungkook | Ravenclaw Reader | References to Depression | Slytherin Min Yoongi | Suga | Slytherin Park Jimin (BTS) | Social Anxiety,Min Yoongi | Suga/Reader,yoongi,{'yoongi'}
https://golemlab.eu/graph/10706169,46,Smaller Sized,"[ Min Yoongi / Suga x Reader ] Truth be told, Yoongi had bought that sweater weeks ago- now that he finally go the time to see his significant other, how should he go about giving it to them?",2017-04-23,649,General Audiences,F/M,Completed,My friend is going to kill me | shoot me im not suppose to finish this before chim's ahahahah | suga please why u working on an off day,"Min Yoongi | Suga/Reader, Min Yoongi | Suga/You",yoongi,{'yoongi'}
https://golemlab.eu/graph/17677220,46,Code of Silence,"The amount of people in your life dwindles day by day, and when you're forced into marriage with someone you barely know to save the family, he becomes one of two people left by your side. Will you ever learn to love him?",2018-04-10,47700,Mature,F/M,In-Progress,Code of Silence | Mafia AU | Mafia Suga | inkjam-moon | mafia yoongi,Min Yoongi | Suga/Reader,yoongi,{'yoongi'}
https://golemlab.eu/graph/34926763,45,Yoongi is my cafe daydream,"“He likes you.” Jungkook says casually “There’s no way that’s true. He was just being nice.” I speak truthfully and Jungkook eyes me extensively while he drinks his soju. “You really have no confidence Y/N-ah. A stranger left you an encouraging note, gave you his scarf, invited you to decorate cookies with him, MADE ONE THAT LOOKED JUST LIKE YOU, and took an active interest in your life. People don’t do that just to be polite.” He says honestly, counting his points off with his fingers. ---- or the one where Yoongi and Y/N have a crush on each other obvious to everyone but themselves and Seokjin, Jungkook, and Jimin (Definitely Jimin) meddle to get them together or fail in the process.",2021-11-04,33157,Mature,F/M,In-Progress,Slow Burn | Yoongi is lovely | lil angst with happy ending | side Taekook - Freeform | soft | taekook,Min Yoongi | Suga/Reader,yoongi,{'yoongi'}
https://golemlab.eu/graph/35996764,45,The Hooksborough Demon,"You and two friends ventured into the location of an urban legend with the intention of exploring an abandoned building and having a laugh at small town lore for clout. But after a series of mysterious events, you've turned to a forum a year later to try to piece everything together, and to find out what the fuck happened to Yoongi & Jimin.",2021-12-27,20077,Explicit,F/M,Completed,Alternate Dimensions | Alternate Universe - Ghost Hunters | Anal Play | Blood and Gore | Double Penetration | Found Footage | Haunting | Jimin Leaves for 10 Minutes and You're Already Fucking | Mental Instability | Mild Gore | Other Additional Tags to Be Added | Paranormal | Paranormal Investigators | Psychological Horror | Rough Oral Sex | Swirling Mist of Doom & Confusion | Threesome - F/M/M | Unreliable Narrator | Urban Legends,Min Yoongi | Suga/Reader,yoongi,{'yoongi'}
https://golemlab.eu/graph/14139219,45,Impulse Buy,"Suga and the others are baristas and decide on taking part in a bachelor auction for charity. Well, the others more than Suga. Even despite his grumpy exterior, he manages to catch your attention. And you never backed down from a challenge before... ------ This series consists of seven stand-alone stories. Some of the stories are loosely connected. So if you choose to read all of them… here is the best order to do that RM was first . Suga is following after RM. Jin is followed by Jungkook who is followed by Jimin. V is followed by J-Hope But you can read all them as a standalone. Please note if you read them all, there will be slight repetitions within these three groups.",2018-03-29,2627,Teen And Up Audiences,F/M,Completed,Bachelor Auction | Baristas | grumpy!Suga,"Min Yoongi | Suga/Reader Series: Going Once, Going Twice, Sold [2]",yoongi,{'yoongi'}
https://golemlab.eu/graph/25351390,45,Pictures of You,"You were inseparable. You were the best of friends. Yet, you broke his heart. You could never have imagined that you would meet Min Yoongi again, but here he is, back in your life after years of absence. Maybe this is your chance to make amends, but how can you expect him to forgive you when you cannot forgive yourself?",2020-07-18,36250,Teen And Up Audiences,F/M,In-Progress,Angst | Explicit Language | OC has tumultuous backstory | Rejection | Slow Burn | Suggestions of alcohol dependency | cameo from a random creepy guy in the street for a few lines | future fluff | slight suggestive content,Min Yoongi | Suga/Reader,yoongi,{'yoongi'}
https://golemlab.eu/graph/7742650,44,Only In My Dreams,When dreams turn into a reality.,2016-08-11,4831,Mature,F/M,Completed,AU | Smut | bts scenario,Min Yoongi | Suga/Reader,yoongi,{'yoongi'}
https://golemlab.eu/graph/20456030,44,spelled L-O-V-E,following an unfortunate event (aka a witch wanted yoongi's dick and couldn't get it) you fall very ill. and it seems like yoongi has forgotten just how picky you are when it comes to drinking potions.,2019-08-31,4589,Teen And Up Audiences,F/M,Completed,(???) | Intoxication | Smut | Thanks Jimin | Unprotected Sex | Witch Min Yoongi | Suga | basically the potion makes u horny | brief dissing of libras | don't @ me i know nothing abt astrology | mentions of vomit/nausea | potion drinking that leads to sex | yoongi's pull out game is Strong(tm),Min Yoongi | Suga/Reader,yoongi,{'yoongi'}
https://golemlab.eu/graph/39516207,44,Pretty girl,"Yoongi loves you a bit too much, he can't keep himself from making love to you, even if you're having a picnic in a public park. Established relationship AU Tumblr: isthiswhatithinkitis",2022-06-08,2313,Explicit,F/M,Completed,Explicit Sexual Content | Fluff and Smut | Min Yoongi | Suga Smut | Porn With Plot | Public Sex | Shameless Smut | Smut,Min Yoongi | Suga/Reader,yoongi,{'yoongi'}
https://golemlab.eu/graph/30169758,44,Red Dress,➽ Subtitle | Exchange of Pleasure,2021-03-21,8693,Mature,F/M,Completed,69 (Sex Position) | Dom Min Yoongi | Suga | Dom/sub | Established Relationship | Face-Fucking | Face-Sitting | Fluff and Smut | Light Bondage | Multiple Orgasms | Oral Sex | Orgasm Control | Orgasm Denial | Overstimulation | Shameless Smut | Smut | Switch Min Yoongi | Suga | Switch Reader,Min Yoongi | Suga/Reader Series: Red Series | Temptations to Pleasure [7],yoongi,{'yoongi'}
https://golemlab.eu/graph/12389070,44,sweetheart|,you sending yoonji text messages during her studio time turned out to be a bad idea. \short but cute\,2017-10-17,354,Not Rated,F/F,Completed,;kksbfb;adhhf | Fluff | cute yoonji | fem!Yoongi | heartaches | lil angst,"Min Yoongi | Suga/Reader, Min Yoonji/Reader Series: à mon chéri |to my darling| [2]",yoongi,{'yoongi'}
https://golemlab.eu/graph/8543587,44,A Sick Yoongi,"Yoongi is someone who cherishes his sleeping time. A lot. Maybe too much sometimes. But not being awake on a working day fourty minutes after your alarm has rung is unusual. ""Suga? Hey, time to get up now, you overslept?"" You sit on the edge of the matress and shake the bubble of covers a bit. A distant groan errups from somewhere. You grab the edge of the blanket and pull it towards you but small pale fingers immediately snatch it back down. ""Don't wanna go, I don't feel good."" He mumbles.",2016-11-13,914,General Audiences,F/M,Completed,Fluff,Min Yoongi | Suga/You,yoongi,{'yoongi'}
https://golemlab.eu/graph/36029344,44,(Blank) For The Holidays,"People like you are supposed to hate Christmas. Every Christmas song and movie talks about how there’s “no place like home for the holidays” and “Christmas is for families to gather around”, but you have neither. Over the years you’ve just settled on a general like for it rather than a full out distaste. However, your Christmas obsessed coworker keeps asking you why you’re working at The Coffee Bee for the holidays (again), and you start reconsidering your stance on hating the holiday as all you want to do is go back to your place with a bottle of wine for company rather than explain why Christmas for you is always spent alone with some take-and-bake pizza and Netflix. But then your introverted coworker Yoongi invites you to his small holiday party the weekend before Christmas, and you learn that maybe home for the holidays isn’t a place, but a feeling.",2021-12-28,16431,Teen And Up Audiences,F/M,Completed,Alternate Universe - Coffee Shops & Cafés | Christmas Romance | Coworkers to lovers | Fluff and Angst,Min Yoongi | Suga/Reader,yoongi,{'yoongi'}
https://golemlab.eu/graph/17477801,44,Your Song,"""There was no way he didn’t recognize that voice. Of course, he did. And he knew the owner so well, but oh so well.""",2019-01-27,2201,General Audiences,F/M,Completed,Best Friends | Fluff | Friends to Lovers | Producer Min Yoongi | Suga,Min Yoongi | Suga/Reader,yoongi,{'yoongi'}
https://golemlab.eu/graph/25231135,44,Sex and Candy,"From the first time he saw her in his Twitter mentions, she had called to him. It wasn’t just because he was sexually attracted to Y/N - he worked in K-pop; everyone was sexually attractive. Some part of his spirit recognized her spirit as his own. They were two sides of the same coin, transmuting their savagery into art. Set in the Shameless fic, these are few  outtakes of when Yoongi cannot help but find Y/N sexually attractive. Mild spoilers for Shameless .",2020-07-29,5272,General Audiences,F/M,Completed,Angst | Friends to Enemies | Light Angst | Slow Burn,Min Yoongi | Suga/Reader Series: Her [4],yoongi,{'yoongi'}
https://golemlab.eu/graph/35309674,44,Kitty Cat,"To the public of the world, Yoongi was known as a musical genius. But in truth, Yoongi's just like a cat. He tended to resemble a cat most when he's in his personal heaven: between your thighs.",2021-11-24,3146,Explicit,F/M,Completed,Blindfolds | Body fluid sharing | Breathplay | Consensual restraints | Cum Eating | Cumplay | Foot Jobs | Oral Sex | PWP | Sub Min Yoongi | Suga | domme reader | established D/s relationship | face riding | no plot to be found here | yoongi's pov,Min Yoongi | Suga/Reader,yoongi,{'yoongi'}
https://golemlab.eu/graph/16152641,44,Hold Me Tight,Min Yoongi is your best friend. Everyone knows it. Until one night something happened that will change everything...,2018-10-01,16835,Not Rated,F/M,In-Progress,Alternate Universe - College/University | Angst | Angst with a Happy Ending | Anxiety | Dancer Park Jimin | Fluff and Angst | Friends to Lovers | Mild Smut | Min Yoongi | Suga Is Whipped | Min Yoongi | Suga is Bad at Feelings | Misunderstandings | NamJin are good friends | Panic Attacks | Park Jimin Is a Good Friend | Resolved Argument Prompt Exchange | Short AU,Min Yoongi | Suga/Reader,yoongi,{'yoongi'}
https://golemlab.eu/graph/13602021,44,Bewitch,"Coincidence, dance, and the piano. Your life with Min Yoongi",2018-02-07,4540,General Audiences,F/M,Completed,Domestic Fluff | Fluff,"Min Yoongi | Suga/Reader, Min Yoongi | Suga/You",yoongi,{'yoongi'}
https://golemlab.eu/graph/18862933,44,Costume Suprises,"“Did you cheat on our last Transfiguration test?” Namjoon takes a sip of the alcohol in his hand, looking guilty, and quietly replies, “Yes.” “I knew it!” You yell, pointing at him. “You didn’t even study that night.” Namjoon rolls his eyes, trying not to laugh. “Yoongi, truth or dare.” The truth might lead to a confession, but dare might lead to a kiss. Namjoon isn’t the type of person to do that, though; he’s not drunk enough. Is he? In the end, though, Yoongi says, “Dare.”",2019-05-17,1322,General Audiences,F/M,Completed,Alternate Universe - Harry Potter Setting | Drinking & Talking | Drinking Games | Halloween Costumes,Min Yoongi | Suga/Reader Series: First Kisses and Magic Wands [3],yoongi,{'yoongi'}
https://golemlab.eu/graph/9894491,43,Come On Professor Min!,A one shot where you're married to music professor Min Youngi and are about to go to bed. And well... Stuff ensue!,2017-02-23,1922,Explicit,F/M,Completed,Domesticity | Established Relationship | Not today | One Shot | Professor Min Yoongi | Suga | Savage baby | Smut,Min Yoongi | Suga/You,yoongi,{'yoongi'}
https://golemlab.eu/graph/39534942,43,Play By Play,A brush of Yoongi's fingers suddenly leads to so much more.,2022-06-09,3141,Mature,F/M,Completed,Childhood Friends | Dry Humping | Finger Sucking | Friends to Lovers | Hair-pulling | Hand & Finger Kink | Idol Min Yoongi | Suga | Making Out | Min Yoongi | Suga is a Brat | Oral Fixation | Switch Min Yoongi | Suga,Min Yoongi | Suga/Reader,yoongi,{'yoongi'}
https://golemlab.eu/graph/10410630,43,Waffles,Fluffy couple-y stuff and then sex.,2017-03-22,14535,Mature,F/M,In-Progress,Bang PD mentioned | Femdom | Fluff and Smut | Insecurity | Sort Of | some cheesy cheese sorry,Min Yoongi | Suga/Reader,yoongi,{'yoongi'}
https://golemlab.eu/graph/17354921,43,sundaze,where yoongi is a synonym for warmth,2019-01-09,759,Not Rated,F/M,Completed,Alternate Universe | Boring | Cute | Cute Min Yoongi | Suga | Dating | Domestic | Domestic Fluff | Fluff | He's a good boyfriend | Long-Term Relationship(s) | Min Yoongi | Suga Is Whipped | No Plot/Plotless | No Smut | Not Beta Read | Short & Sweet | Short One Shot | This is Bad | Too much fluff | Too soft | Yoongi is a softie | boyfriend yoongi | happy relationship | im sorry | living with yoongi | not edited | there is probably errors | unbetaed,Min Yoongi | Suga/Reader,yoongi,{'yoongi'}
https://golemlab.eu/graph/11918364,43,Orange Bliss,"It all started in your dream. He would appear out of nowhere, watching and bothering you. He isn’t your regular spirit.",2017-08-27,5744,Teen And Up Audiences,F/M,Completed,Alternate Universe | Grumpy Min Yoongi | Suga | Mentioned Jung Hoseok | J-Hope | Mentioned Park Jimin,Min Yoongi | Suga/Reader,yoongi,{'yoongi'}
https://golemlab.eu/graph/13587699,43,Roadtrip Romance,"You've known BTS for three years, and you've been in love with Min Yoongi for three years. Now, they have taken a year long break and are going to start it with a roadtrip. And you're coming along.",2018-02-05,12703,Teen And Up Audiences,F/M,In-Progress,America | Cute | Fluff | Roadtrip | american sights,Min Yoongi | Suga/Reader,yoongi,{'yoongi'}
https://golemlab.eu/graph/28372146,43,Baby or Slut? How about both?,yoongi is y/n’s boyfriend :) kinky smut is coming after chapter 1 but there is good smut in chapter 1!!,2020-12-28,4754,Explicit,F/M,Completed,BDSM | Baby | Blow Jobs | Cock Slut | Cuddling & Snuggling | Daddy Kink | Dark | Dom Min Yoongi | Suga | Eventual Romance | Eventual Smut | Fluff | Hand & Finger Kink | Hand Jobs | Influencer | Instagram | J-hope and Jimin are your best friends | Kinky | Kinky smut comes later | Knife Play | Lace Panties | Min Yoongi | Suga Is Whipped | More like teasing | Name-Calling | Penis In Vagina Sex | Porn | Porn With Plot | Porn with Feelings | Public Display of Affection | Semi-Public Sex | Sex | Skirt | Slut Shaming | Soft Min Yoongi | Suga | Soft girl | Sweet | Thigh Grabbing | Thighs | Top Min Yoongi | Suga | Vaginal Sex | bottom reader | boyfriend yoongi | bts - Freeform | crawling | degrading | drool | kpop | polaroids | pussy | stuffed animals | thigh kink,Min Yoongi | Suga/Reader,yoongi,{'yoongi'}
https://golemlab.eu/graph/31567691,43,ride or die,there’s nothing in the world you wouldn’t do for Min Yoongi.,2021-05-27,1633,Explicit,F/M,Completed,Alternate Universe | Alternate Universe - Criminals | Alternate Universe - Non-Famous | Bank Robber AU | Explicit Sexual Content | Obsessive Behavior | Oral Sex | brief descriptions of crime and police | brief mentions of death and murder but no one dies | no beta we die like men | somewhat unhealthy relationship bc they're obsessed with each other lol,Min Yoongi | Suga/Reader,yoongi,{'yoongi'}
https://golemlab.eu/graph/16741627,42,Pretending It's Fine,You decide to push down your hardships to take care of your boyfriend.,2018-11-26,868,General Audiences,F/M,Completed,Comfort | Fluff,Min Yoongi | Suga/Reader,yoongi,{'yoongi'}
https://golemlab.eu/graph/26996890,42,say my name,"Summary: Jealous Yoongi eats you out while you’re on a work video call. rating- explicit / 18+ word count-  1k pairing- Yoongi x reader genre- smut Warnings: mentions of jealousy, swearing,  oral (f recieving), exhibitionism (kind of), super unprofessional meeting activities lol A/N: Hey look, I can actually write stuff under 5k. Who knew. Here’s a Yoongi drabble.",2020-10-13,1073,Not Rated,F/M,Completed,,Min Yoongi | Suga/Reader,yoongi,{'yoongi'}
https://golemlab.eu/graph/16867597,42,Lovebites,Yoongi thinks you look way too attractive during an award show and has to sneak you off somewhere private.,2018-12-05,525,Explicit,F/M,Completed,Semi-Public Sex | Smut,Min Yoongi | Suga/Reader,yoongi,{'yoongi'}
https://golemlab.eu/graph/26082607,42,THE SHADOW KING,None,2020-08-24,50899,Teen And Up Audiences,Multi,Completed,Alternate Universe - Dark | Alternate Universe - Medieval | Alternate Universe - Royalty | Alternative Universe - Kingdom | Asia | Asian Character(s) | Black Character(s) | Daechwita MV Min Yoongi | Suga | Inspired by Daechwita (Music Video) | Kidnapping | Royalty | Stockholm Syndrome,Min Yoongi | Suga/Reader,yoongi,{'yoongi'}
https://golemlab.eu/graph/38054278,42,Love is in the Studio,y/n is spending a day with Yoongi in the studio,2022-03-30,819,Not Rated,F/M,Completed,Domestic | Domestic Fluff | Married Couple | Pregnancy,Min Yoongi | Suga/Reader,yoongi,{'yoongi'}
https://golemlab.eu/graph/31225475,42,Matcha Tea Macarons,You hadn't seen your best friend since graduating from high school. Falling in love with him was not in your plans when you began working with him.,2021-05-11,1486,Mature,F/M,Completed,Falling In Love | Friends to Lovers | Implied Sexual Content | Lawyer!reader - Freeform | Mentions of Sex | lawyer!yoongi | yoongi is a sweetheart,"Min Yoongi | Suga/Reader, Min Yoongi | Suga/You",yoongi,{'yoongi'}
https://golemlab.eu/graph/15392454,42,Tempus Lovers,"Surviving a plane crash, Y/N awakens with the ability to see the time a person has left to live. Running away from her own time and the black family money, she meets Min Yoongi on the train, an ordinary man with an extraordinary ability.",2018-07-22,4192,General Audiences,F/M,In-Progress,Lovers | Rich and Poor | Soulmates | Tempus Lovers | Time - Freeform | Time seekers | friends - Freeform,Min Yoongi | Suga/Reader,yoongi,{'yoongi'}
https://golemlab.eu/graph/22274971,42,Musings 04,A messy smut drabble.,2020-01-16,475,Explicit,F/M,Completed,Drabble | Drabble Collection | Explicit Language | Explicit Sexual Content | Facials | Hand Jobs | Open Relationships | Originally Posted on Tumblr | Sex Games | cum,"Min Yoongi | Suga/Reader, namjoon - Relationship Series: Musings [4]",yoongi,{'yoongi'}
https://golemlab.eu/graph/16914780,41,affection,"After waiting six long months, I’m finally reunited with him. Never did I know I could feel this. I never realized how much I wanted this, until now. Min Yoongi wasn’t exactly the affectionate type.",2018-12-09,4039,Mature,F/M,Completed,Smut | Some Fluff | boyfriend!yoongi,Min Yoongi | Suga/Reader,yoongi,{'yoongi'}
https://golemlab.eu/graph/13723749,41,Coffee,"It was raining and you had no umbrella. Thankfully, someone else did.",2018-02-18,1846,Not Rated,F/M,Completed,Drabble | Fluff,"Min Yoongi | Suga/Reader, Min Yoongi | Suga/You Series: Song Series [9]",yoongi,{'yoongi'}
https://golemlab.eu/graph/35052193,41,Jealousy,You’re in a secret relationship with the bad boy Min Yoongi. He knew how to control his feelings and jealousy around others very well. He finally loses control when Jimin does something unexpected to you.,2021-11-10,3075,Explicit,F/M,Completed,Angry Min Yoongi | Suga | Angry Sex | Bratting | Dom Min Yoongi | Suga | Explicit Sexual Content | Fluff and Smut | Jealous Min Yoongi | Suga | Jealousy | Park Jimin Has a Crush (BTS) | Praise Kink | Rough Sex | Secret Relationship | Size Kink,Min Yoongi | Suga/Reader,yoongi,{'yoongi'}
https://golemlab.eu/graph/17258537,41,are you still with him,"some of the lyrics are written by me, but the others are from: kina - get you the moon the 1975 - fallingforyou kina - are you still with him kina - i still dream of you lauv - there’s no way",2019-01-01,1666,Not Rated,F/M,Completed,Angst | Fluff | Friends to Lovers | a drabble based on a prompt | roommate au | the ways you said 'i love you' | this is short and simple to get myself into the writing mood | this one is: through a song,Min Yoongi | Suga/Reader,yoongi,{'yoongi'}
https://golemlab.eu/graph/10850775,41,On Silent,"your phone went off again. you didn’t bother to read the text, just set the ringer to silent and placed it back down. you didn’t need the distraction. the want to talk to anyone was too much. you wouldn’t stop once you started and you knew it. better to just cut off the temptation than try to resist it.",2017-05-08,5196,Teen And Up Audiences,Other,Completed,Fluff | Light Angst | Mentioned Kim Seokjin | Jin | Min Yoongi | Suga Is a Good Friend | Napping | gender neutral again | i hope this isn't too confusing and choppy | only one night | slight sleep deprivation,Min Yoongi | Suga/Reader Series: For The Hard Times [2],yoongi,{'yoongi'}
https://golemlab.eu/graph/33008674,41,Cocktail Hour,"Before you could say a word the bartender hands you a colourful cocktail. “On the house, to celebrate our opening- a bird of paradise for each lovely lady.” You take the intricate drink and mumble 'thanks'. It looks impressive enough with layers of colour and a massive feather as decoration. You take a precarious sip... it’s sickly sweet with candy and fruit juice working together to create this horror. But it looks like a lot of trouble went into it so you smile and make the right appreciative sounds. You wish it was a whiskey. You convinced yourself to go to the opening of a ""hip"" new bar- and meet a handsome stranger (Yoongi), a music producer, who shares your love of whiskey. (originally posted on Twitter)",2021-08-03,5809,Not Rated,F/M,Completed,Eventual Smut | Fluff and Smut | Romance | a little bit of smut | ok- more than a little | one-night stand- but might be more | safe sex,Min Yoongi | Suga/Reader,yoongi,{'yoongi'}
https://golemlab.eu/graph/17667473,41,Masterpiece,"He was looking for heartbreak and inspiration, and you were just looking for a new laptop. Reader x Min Yoongi/Suga (BTS), written in Y/N format and spanning over multiple lengthy chapters. This story is set during the writing and recording period of Love Yourself: Tear. Involves angst, fluff, and smut. Enjoy!",2019-02-05,14146,Mature,F/M,In-Progress,bts - Freeform,Min Yoongi | Suga/Reader Series: Masterpiece [1],yoongi,{'yoongi'}
https://golemlab.eu/graph/32166700,41,dopegirl.com,"He opens the message and for the first time, he reads the URL. www.dopegirl.com He tilts his head; there is an odd familiarity about the name.",2021-06-25,1783,Mature,F/M,Completed,Camgirl | Masturbation | NSFW | Voyeurism,Min Yoongi | Suga/Reader,yoongi,{'yoongi'}
https://golemlab.eu/graph/8328355,41,Graduation,Yoongi decides to surprise his girl at graduation!,2016-10-20,2402,Mature,F/M,Completed,College | Graduation | High School | I suck at tagging | No Underage Sex | Shameless Smut | Smut | Yoongi is a DJ,Min Yoongi | Suga/Reader,yoongi,{'yoongi'}
https://golemlab.eu/graph/18994732,41,Equilibrium,Min Yoongi was just another target for you to eliminate for the right price but what you didn't expect was for his six year old daughter to walk in on you with a gun to her fathers head,2019-05-28,8874,Mature,F/M,In-Progress,Alternate Universe - Assassins & Hitmen | Assassination Attempt(s) | Assassins & Hitmen | Character Death | Computer Programming | Crimes & Criminals | Eventual Smut | Fluff and Angst | Gunshot Wounds | Heavy Angst | Implied/Referenced Rape/Non-con | Kidnapping | Murder,Min Yoongi | Suga/Reader,yoongi,{'yoongi'}
https://golemlab.eu/graph/11203560,41,Jinx,"""Jinx! You owe me a soda.""",2017-06-15,800,Teen And Up Audiences,F/M,Completed,???? - Freeform | Cute Min Yoongi | Suga | Dating | Domestic Fluff | Drabble | Games | I'm Bad At Tagging,Min Yoongi | Suga/Reader,yoongi,{'yoongi'}
https://golemlab.eu/graph/12603120,41,Stay II,"On a Saturday morning, her body itches to keep moving. Yoongi reminds her that it's okay to slow down, to stay. No plot. Just a scene. One of my Stay series; inspired by BTS' Hold Me Tight written by Tae.",2017-11-02,378,General Audiences,F/M,Completed,Coping | Drabble | Reader insert but in third person so | Sleepy Min Yoongi | Suga | Soft Min Yoongi | Suga,Min Yoongi | Suga/Reader Series: Stay [2],yoongi,{'yoongi'}
https://golemlab.eu/graph/26996692,40,certain things,"summary- you were in love with min yoongi, because he was a good person. You never thought he’d feel the same. rating- explicit 18+ word count- 5869 pairing- yoongi x reader genre- fluff, smut Warnings - oral (male and female receiving), penetrative sex, daddy kink, slight rough sex Title inspired by Certain Things by James Arthur. <3",2020-10-13,5875,Not Rated,F/M,Completed,,Min Yoongi | Suga/Reader,yoongi,{'yoongi'}
https://golemlab.eu/graph/19353811,40,2. Hook Shots,Prompt: Sports Week 1 Day 2: Basketball,2019-06-25,961,Teen And Up Audiences,F/M,Completed,Basketball | Cute Min Yoongi | Suga | Fluff | one shots,Min Yoongi | Suga/Reader Series: 50 Days of One Shots [2],yoongi,{'yoongi'}
https://golemlab.eu/graph/23087131,40,happy birthday,I had something else planned for Suga's birthday but unfortunately wasn't able to get out on time because of real-life situations like mental health and having to move to a new house. But learning from my mistake when it was J-Hope's birthday a wrote a little something until I finish what I was actually planning on doing. Hope you like it and that you have a wonderful day wherever you are!,2020-03-10,445,Mature,F/F,Completed,Female Min Yoongi | Suga | Oral Sex | Sex | Vaginal Fingering,"Min Yoongi | Suga/Reader, Min Yoonji/Reader",yoongi,{'yoongi'}
https://golemlab.eu/graph/21229322,40,Min Yoongi Imagines (Individual Masterlist),This is my Min Yoongi individual masterlist! Enjoy!,2019-10-29,6780,Not Rated,F/M,In-Progress,Angst | Bad Boy Min Yoongi | Suga | Dom Min Yoongi | Suga | Mafia AU | Mentions of Suicide | Min Yoongi | Suga Is Whipped | Self Harm | Smut | Soulmate AU | bts imagine | bts polyamory | bts reaction | poly!au | trigger warning,Min Yoongi | Suga/Reader Series: BTS Imagines (Individual Masterlist) [2],yoongi,{'yoongi'}
https://golemlab.eu/graph/14917800,40,Care,"Domestic life with Bangtan. - ""I don’t know y/n"", he commented softly when his eyes finally locked with yours. ""I think you should have insisted. He should never skip meals, aren’t you worried about him?""",2018-06-13,917,General Audiences,F/M,Completed,Domestic Fluff | Fluff | One Shot,Min Yoongi | Suga/Reader Series: Cadency [1],yoongi,{'yoongi'}
https://golemlab.eu/graph/17590034,40,Chef Min,Inspired by Run!BTS episode in which Yoongi is cooking pesto pasta while looking like  a full three course meal.,2019-01-29,544,General Audiences,F/M,Completed,Chef yoongi serving us with those looKS | Cuddles | Idol AU | bts chef au | fluff fluff | min yoongi fluff | soft yoongi,Min Yoongi | Suga/Reader,yoongi,{'yoongi'}
https://golemlab.eu/graph/38994876,40,Degausser,"degausser[dee-gou-ser] noun: something that removes or neutralizes a magnetic field. When suspicious deaths begin increasing at an alarming rate in Itaewon, you and seven other of the best detectives from across South Korea are dispatched to investigate. One of those seven? A former classmate at the police academy who hates your guts for some reason. [crossposted on tumblr]",2022-05-15,11756,Explicit,F/M,In-Progress,Alternate Universe - Detectives | Angst and Drama | Crimes & Criminals | Drinking | Enemies to Lovers | Hurt/Comfort | Implied Sexual Content | Loss | Murder Mystery | Rivals With Benefits | Sexual Tension | Smoking | Swearing,Min Yoongi | Suga/Reader,yoongi,{'yoongi'}
https://golemlab.eu/graph/11121129,40,Leaning On Yoongi,Meeting Yoongi was something you didn’t really want but who would know you needed him more than life itself.,2017-06-07,5373,Teen And Up Audiences,F/M,Completed,Bts army - Freeform | Drama | Romance | bangtan boys - Freeform | bts - Freeform,Min Yoongi | Suga/Reader,yoongi,{'yoongi'}
https://golemlab.eu/graph/15141140,40,save your energy for loving me,you rub your eyes and grumble as you look over a paragraph for what seems like the millionth time. this is so fucking boring.,2018-07-02,399,General Audiences,M/M,Completed,essays are so emotionally mentally and physically draining,Min Yoongi | Suga/Reader,yoongi,{'yoongi'}
https://golemlab.eu/graph/24330862,40,Crown,"The prince of Bangtan has gone missing and the palace is going down in chaos. His royal knights search the land in hopes of finding him. You were just a lowly seamstress working in your fathers shop, you never thought that you would come face to face with the prince in your life. And you never thought he would such a spoiled ungrateful brat. Inspired by August D, Daechwita MV AU Prince!Yoongi  x Lowerclass! Reader",2020-05-23,3004,Teen And Up Audiences,F/M,In-Progress,Alternate Universe | Alternate Universe - Historical | August D Yoongi | Big Brother Jin | Cocky Min Yoongi | Suga | Goryeo | HGNNGGGG | His mixtape got me like | Historical | I blame Daechwita | Knight BTS | Min Yoongi | Suga is Bad at Feelings | Palace | Prince Min Yoongi | Suga | Scared Min Yoongi | Suga | Spoiled Min Yoongi | anyone else feeling the same way? | he cant do anything by himself | his new mixtape MV got me all hot and bothered | olden days,Min Yoongi | Suga/Reader,yoongi,{'yoongi'}
https://golemlab.eu/graph/31948003,39,like flowers we bloom,in which a garden isn't the only thing you're building with min yoongi,2021-06-14,5101,Teen And Up Audiences,F/M,Completed,bad boy bts :o !!! | i try to apply some flower knowledge to fic writing | talks about gardening,Min Yoongi | Suga/Reader,yoongi,{'yoongi'}
https://golemlab.eu/graph/40505664,39,Another Take,"Min Yoongi has a crush on you, but he wants to remain professional. Too bad you don't. ~*~*~*~*~ Contains (gratuitous) gender-neutral smut",2022-07-23,3557,Explicit,F/M,Completed,Alternate Universe - Canon | Blow Jobs | Gender-Neutral Smut | Gender-neutral Reader | Hand Jobs | Idol Min Yoongi | Suga | Oral Sex | Plot What Plot/Porn Without Plot | Porn with Feelings | Practice room handjobs | Recording booth blowjobs | Semi-Public Sex | Shameless Smut | Yoongi thinks you're cute | Yoongi's adorable pony tail | You and Yoongi are colleagues,"Min Yoongi | Suga/Reader, Min Yoongi | Suga/You",yoongi,{'yoongi'}
https://golemlab.eu/graph/39386886,39,The Woman with the Black Cat on Her Shoulder,"“It’s her,” they said. Whispers in the crowd, repeating the phrase to one another, like a wave of hope rippling over their bodies, energizing their fight. It was true. She was there, and the crowd could feel her power, her anger, forged from pain. Because it was their anger too. It was familiar, it was a friend reaching over their shoulder and telling them, ‘It will be okay. I’m here now. You don’t have to fight alone. You won’t lose this time, because you have me now.’ The rumors spread far, even the law-forcers knew of her. They knew of her as a myth, a story the people would tell to ease the pain of their subjugation. An empty promise shouted at the law-forcers, that one day they’ll be sorry, that one day victory won’t be theirs to take. She was the woman with the black cat on her shoulder. Dystopian Fantasy AU. Shapeshiftercat!yoongi x reader",2022-06-02,9186,Explicit,F/M,Completed,Alternate Universe - Dystopia | Alternate Universe - Fantasy | Alternate Universe - Shapeshifters | Angst | Attempted Sexual Assault | Cat Hybrid Min Yoongi | Suga | Cat/Human Hybrids | Explicit Sexual Content | Fluff and Angst | Heavy Angst | Hybrids | Oral Sex | Police Brutality | Smut,"Min Yoongi | Suga/Reader Series: Spring Fling: Stories that Bloom - of love, of pain, of fight [1]",yoongi,{'yoongi'}
https://golemlab.eu/graph/22213819,39,Musings 02,These are literally all gonna be smut drabbles.,2020-01-11,922,Explicit,F/M,Completed,Blow Jobs | Drabble | Drabble Collection | Explicit Sexual Content | Originally Posted on Tumblr | Smut,Min Yoongi | Suga/Reader Series: Musings [2],yoongi,{'yoongi'}
https://golemlab.eu/graph/17464631,39,event horizon,"The city of Crystalfall had, just like any other small town, the good, the bad, and the ugly. You were familiar with the first one, and Min Yoongi, in all of his despondent and reckless glory, taught you about the rest.",2019-01-18,30549,Mature,F/M,Completed,Abusive Relationships | Angst | Criminal AU | Drunk Driving | Fluff | References to Drugs | Smut | Violence,Min Yoongi | Suga/Reader,yoongi,{'yoongi'}
https://golemlab.eu/graph/37648903,39,You Infire Me,"You're a senior in college, about to finish up and escape the small town of Hunsaker, West Virginia forever. You've also got intense anxiety bubbling up within you, threatening to pull you apart at the seams. Your last fall semester has come, and it's time to engage survival mode. But after you and mysterious Min Yoongi are forced to share a bench outside your small town's only café, he keeps popping up in your life—and you find you have more in common than you thought. Your senior year might just be the year you've been waiting your whole life to live.",2022-03-10,54505,Not Rated,F/M,In-Progress,Anxiety | Anxiety Disorder | College | Crush at First Sight | Cute Min Yoongi | Suga | Mental Health Issues | Min Yoongi | Suga Has Mental Health Issues | Min Yoongi | Suga Is Whipped | Music Student Min Yoongi | Suga | Soft Min Yoongi | Suga | Therapist Min Yoongi | Suga | University Student Min Yoongi | Suga,Min Yoongi | Suga/Reader,yoongi,{'yoongi'}
https://golemlab.eu/graph/37542643,39,Blush and Chocolate,"You are a chocolate shop owner who meets Min Young, a real estate developer. ""Is something wrong?” you asked, feeling uneasy under his intense gaze, face starting to blush. ""No, I am just surprised I guess. Usually, they send somebody… taller.""",2022-03-06,4930,Mature,F/M,Completed,Alternate Universe | Strangers to Lovers,Min Yoongi | Suga/Reader,yoongi,{'yoongi'}
https://golemlab.eu/graph/4011445,39,warm water,"sometimes, you have to go in search of friendship.",2015-05-26,1435,Teen And Up Audiences,Multi,In-Progress,Alternate Universe - College/University | Art | Awkwardness | Fluff | Friends to Lovers | Museums | Photography | Slice of Life | Social Media | Starbucks | Twitter | always loved the idea of museums | glossless as in lossless | i hope??? | lmaooo | remember yoongi x scarves | the apple format | yesssss,Min Yoongi | Suga/You,yoongi,{'yoongi'}
https://golemlab.eu/graph/25109776,39,Of Feathers and Foam,"“Neither the tempest nor you could scare me, warlock.”",2020-07-06,1073,Teen And Up Audiences,F/M,Completed,Angst | Shifter!Reader | Warlock!Yoongi | fantasy!au,Min Yoongi | Suga/Reader,yoongi,{'yoongi'}
https://golemlab.eu/graph/19479889,39,Yoongi drabbles,A compilation of Yoongi drabbles. They are not tied together or interconnected.,2019-07-05,2122,Teen And Up Audiences,F/M,Completed,Angst | Depressed Min Yoongi | Suga | Fluff | Sibling Bonding,Min Yoongi | Suga/Reader,yoongi,{'yoongi'}
https://golemlab.eu/graph/14397270,39,500 days of yoongi,a purely self-indulgent unedited collection of 1.2k words on my love for min yoongi,2018-04-22,1205,General Audiences,F/M,Completed,Fluff | a lil smut/suggestive stuff i guess | idk how to use tags i'm sorry,Min Yoongi | Suga/Reader,yoongi,{'yoongi'}
https://golemlab.eu/graph/9434933,39,Desert Nights and Starlight,"You met Yoongi when you were 12, when he’d first moved to Texas– into the house right next to yours. He’d come from Connecticut, and the outskirts of Conroe weren’t exactly used to northerners. In short, he didn’t fit in. But that was okay, because neither did you. Years pass, and you finally coax him into taking a road trip with you- in the end, it turns out better than you'd hoped.",2017-01-23,2352,General Audiences,F/M,Completed,Best Friends | Cuddles | Fluff | Road Trips | Stargazing | Summer | basically something that has the potential to be slow burn but i'm too lazy for that | sorta - Freeform,Min Yoongi | Suga/Reader,yoongi,{'yoongi'}
https://golemlab.eu/graph/12134355,39,#1 Min Yoongi,None,2017-09-19,621,Not Rated,F/M,Completed,Drabble | Drabble Collection | Drunkenness,Min Yoongi | Suga/Reader,yoongi,{'yoongi'}
https://golemlab.eu/graph/12636048,39,The Need of a Slow Down,He Always has to leave her behind. He just wishes their moments could last a little bit longer.,2017-11-05,1373,Not Rated,F/M,Completed,Hurt/Comfort,Min Yoongi | Suga/Reader Series: BTS- Moments to Remember [1],yoongi,{'yoongi'}
https://golemlab.eu/graph/31790725,39,Regression,"Regression; a return to a previous and less advanced or worse state, condition, or way of behaving. You and Yoongi had been friends for years before falling out. You finally decide to reach out to him again, and make up for all that lost time and yearning.",2021-06-07,4714,Explicit,F/M,Completed,Angst | Choking | Cock Warming | Creampie | Dom/sub Undertones | Friends to Lovers | Implied/Referenced Cheating | Light Dom/sub | Smut | ex-friends to Lovers | thigh riding,Min Yoongi | Suga/Reader,yoongi,{'yoongi'}
https://golemlab.eu/graph/19875013,39,Bittersweet (Yoongi x Reader),"Song Y/N is the daughter of the Korean mafia boss who has a peculiar and unique feature. Bitter things are sweet while sweet things are bitter to her. It's unknown why it is that way. Maybe it's the lack of attention from her parents. Or maybe the fact that she is forced to marry Park Jaebeom. Maybe even the lack of friends. But everything soon changed when she met Min Yoongi, son of a good friend of the Korean boss.",2019-07-19,9175,Not Rated,Multi,In-Progress,Alternate Universe - Gangsters | Cute Min Yoongi | Suga | Korean Mafia | Mafia NCT | Min Yoongi | Suga Is Whipped | bts - Freeform | japanese Yakuza,Min Yoongi | Suga/Reader,yoongi,{'yoongi'}
https://golemlab.eu/graph/13120179,39,Well Then,"You never expected that helping out a celebrity in such a cliche way would wind up as anything more than a funny story and decent laugh later. ----------------------Or----------------------------------------------- You help Yoongi escape a crazy fanfilled crowd and wind up getting more than you bargained for later... **** “G-go ahead,” I stammered. “I hope you find your group okay.” He nodded back at me, and started walking briskly away from the direction the crowd had gone. “Thanks again,” he called over his shoulder. “No problem,” I muttered to myself. Reality hit in and I sank to the ground with my back against the railing and my hands pushing down the blush on my cheeks. I’d just made out with Suga of BTS.",2017-12-24,4646,Not Rated,F/M,Completed,Anxiety | Backstage | Eventual Smut | First Meetings | First Person Reader?? | Freeform Suga | Mild Smut | One Shot | Reader Insert | Sorry if the ending feels rushed | Vanilla with a hint of Roughness | first time posting | slight dom,Min Yoongi | Suga/You,yoongi,{'yoongi'}
https://golemlab.eu/graph/20706644,39,Epiphany,"a drabble in which yoongi was never big on relationships, but he realizes that when it comes to you, he’ll sacrifice any previous aversions to having a girlfriend.",2019-09-20,1292,Not Rated,F/M,Completed,Min Yoongi - Freeform | Yoongi - Freeform | borrowed series | reader x yoongi - Freeform | yoongi x reader - Freeform,Min Yoongi | Suga/Reader Series: Borrowed Series [3],yoongi,{'yoongi'}
https://golemlab.eu/graph/17341622,38,Giving Him Something He Can Feel,"Yoongi holed himself up in his studio, yet again. Enough. He's coming out. Whether he likes it or not",2019-01-07,1517,Mature,F/M,Completed,Don't Examine This Too Closely | Oral Sex | Penis In Vagina Sex | Plot What Plot/Porn Without Plot | Producer Min Yoongi | Suga | There's A Tag For That | Vaginal Fingering,Min Yoongi | Suga/Reader,yoongi,{'yoongi'}
https://golemlab.eu/graph/6381106,38,Tomorrow?,"Type: Scenario Pairing: Yoongi, You Genre: Fluff Words: 821",2016-03-28,802,General Audiences,F/M,Completed,Fluff | One Shot | Scenario | imagine,Min Yoongi | Suga/Reader Series: Scenarios [13],yoongi,{'yoongi'}
https://golemlab.eu/graph/25838578,38,Chromatic 1,chromatic (adj)- relating to or using notes not belonging to the diatonic scale of the key in which a passage is written. Y/n wants absolutely nothing to do with the new hottie that has taken over her college...even if he does look like a sparkly anime boy,2020-08-11,4905,Teen And Up Audiences,F/M,Completed,College AU | Enemies to Friends | Swearing | Yoongi x You - Freeform | bts college au | bts crack | light banter | min yoongi x female reader | y/n is queen dumbass | yoongi college au | yoongi crack | yoongi doesn't know how to flirt | yoongi is spoiled | yoongi x reader - Freeform,Min Yoongi | Suga/Reader Series: Chromatic [1],yoongi,{'yoongi'}
https://golemlab.eu/graph/22712728,38,New Beginnings,"The beauty and bright colors in your relationship are starting to fade and fall like autumn leaves, and seeing the man you’ve loved for so long brings a bitter taste in your mouth as you both try to salvage the feeling there once was.",2020-02-14,3611,Explicit,F/M,Completed,Angst | Angst and Porn | Break Up | Choking | Dom Min Yoongi | Suga | Face Slapping | Feels | Light BDSM | Light Masochism | Light Sadism | Oral Fixation | Oral Sex | Porn | Porn With Plot | Porn with Feelings | Producer Min Yoongi | Suga | Unprotected Sex,Min Yoongi | Suga/Reader,yoongi,{'yoongi'}
https://golemlab.eu/graph/24968299,38,Moonlight,"In a plane delayed on the runway, Yoongi calls you to talk/say final goodbyes before takeoff.",2020-06-28,796,Teen And Up Audiences,F/M,Completed,Drabble | Ficlet | Fluff | Goodbyes | Min Yoongi | Suga Is a Sweetheart | Min Yoongi | Suga in Love | Romantic Fluff | Short & Sweet | Soft Min Yoongi | Suga,Min Yoongi | Suga/Reader,yoongi,{'yoongi'}
https://golemlab.eu/graph/25348204,38,Special.,"Yoongi's practically your best friend, even if it's always been through a screen. So meeting up after all this time should be a piece of cake, right?",2020-07-18,1277,Not Rated,Gen,Completed,Fluff | Min Yoongi | Suga Is Whipped | Min Yoongi | Suga is Bad at Feelings,"Min Yoongi | Suga/Reader, Min Yoongi | Suga/You, Min Yoongi/Gender Neutral Reader",yoongi,{'yoongi'}
https://golemlab.eu/graph/37795648,38,Couldn't Pin You Down,"You had finally moved on when that certain someone from your past pops back up, throwing the trajectory of your life into a tailspin. Will you forgive him for his past mistakes, or is it too little too late?",2022-03-17,14576,Explicit,F/M,Completed,Anal Play | Anal Sex | Angst | Double Penetration | Exes to Lovers | Exhibitionism | Fluff | Humiliation | Light Dom/sub | Light Masochism | Oral Sex | Play Fighting | Semi-Public Sex | Sex Toys | Smut | Spanking | Sub Min Yoongi | Suga | Throat Fucking A Sex Toy | light blood | somewhat slow burn,Min Yoongi | Suga/Reader,yoongi,{'yoongi'}
https://golemlab.eu/graph/18264506,37,Home,Yoongi was anxious and can’t wait to go home in your arms and to cradle the life you both created & wanted the most. I sucked at summaries but this is an AU where Yoongi is your overprotective husband after you gave birth and who said he’s not even more whipped?,2019-03-28,2453,General Audiences,F/M,Completed,Baby Gieun is a small bundle of joy | Domestic Fluff | Fluff | He can't help it | He is anxious | Min Yoongi | Suga Is Whipped | Min Yoongi | Suga is Overprotective | yoongi is a father,Min Yoongi | Suga/Reader Series: One Shot Series [1],yoongi,{'yoongi'}
https://golemlab.eu/graph/35989801,37,Revisited,"Revisit your past to reshape your future.  Revisit the scene to find new evidence.  Revisit every space you had shared to reclaim them as your own.  All great advice for trying to better yourself or solve cold cases or overcome a bad experience.  But if you couldn't lead Yoongi back to the scene of the crime, he would never see the final piece of evidence needed to understand what truly happened. (Or a Yoongi x Reader insert story about communicating, perspectives, the stories we tell, and the necessity of revisiting what we have said, seen, and done in order to truly understand ourselves and who we love)",2021-12-27,72366,Mature,F/M,Completed,Angst and Hurt/Comfort | Angst with a Happy Ending | Anxiety Attacks | Breaking Up & Making Up | Comfort/Angst | Emotional Hurt/Comfort | Getting Back Together | Hurt/Comfort | Lawyer Kim Namjoon | RM | Minor Jeon Jungkook/Park Jimin | Minor Jung Hoseok | J-Hope/Kim Seokjin | Jin/Kim Taehyung | V | Panic Attacks | Single Parent Kim Namjoon | RM | Teacher Park Jimin (BTS) | Will add more tags as we go | all the comfort for me,Min Yoongi | Suga/Reader,yoongi,{'yoongi'}
https://golemlab.eu/graph/36398545,37,release,Just two people who realize that between them is more than just the benefits.,2022-01-13,3110,Explicit,F/M,Completed,Eventual Romance | Fluff | Fluff and Smut | Fluffy Ending | Friends With Benefits | Friends to Lovers | Min Yoongi | Suga Is Whipped | Oral Sex | Rough Sex | Smut | Soft Min Yoongi | Suga | Vaginal Fingering | Vaginal Sex,Min Yoongi | Suga/Reader,yoongi,{'yoongi'}
https://golemlab.eu/graph/16886247,37,Loving Cage,Just a normal day for the Min Family,2018-12-06,3515,Teen And Up Audiences,F/M,Completed,Domestic Fluff | Parent Min Yoongi | Suga,Min Yoongi | Suga/Reader,yoongi,{'yoongi'}
https://golemlab.eu/graph/36637318,37,Take a Break | MYG,Where you go to his studio late at night and things (un)knowingly escalate.,2022-01-24,2296,Explicit,F/M,Completed,Cock Slut | Cock Sucking | Cum Eating | Deepthroating | Dom Min Yoongi | Suga | Min Yoongi | Suga Smut | Min Yoongi | Suga-centric | Oral Sex | Rough Oral Sex | Top Min Yoongi | Suga | blowjob | blowjob min yoongi | degradation kink | face fucking,Min Yoongi | Suga/Reader,yoongi,{'yoongi'}
https://golemlab.eu/graph/16080755,37,angel cake,this is how it was meant to be.,2018-09-26,1380,General Audiences,F/M,Completed,Alternate Universe - Angels | Baker Min Yoongi | Suga | Fluff,Min Yoongi | Suga/Reader Series: mortality with you [2],yoongi,{'yoongi'}
https://golemlab.eu/graph/9664241,37,"Ctrl c, ctrl v, ctrl me","An online message, a shared love of music, a future",2017-02-11,1204,Mature,F/M,In-Progress,Online Relationship | Producer Min Yoongi | Suga,"Min Yoongi | Suga/Reader, Min Yoongi | Suga/You",yoongi,{'yoongi'}
https://golemlab.eu/graph/26997007,37,idk you yet,"Summary- Yoongi was enamoured by the quiet girl who sat in the corner of his coffee shop every morning. word count- 1.5k pairing- yoongi x reader genre- fluff Warnings- a little angst? a/n: for my lovely @excusemin (on tumblr) ; weirdly in third person, idk what i was doing lol Based on “IDK You Yet” by Alexander23",2020-10-13,1507,Not Rated,F/M,Completed,,Min Yoongi | Suga/Reader,yoongi,{'yoongi'}
https://golemlab.eu/graph/12738291,37,I Miss You,Six months have passed since your relationship ended and you still can't move on.,2017-11-15,1079,Not Rated,F/M,Completed,Angst | Oneshot | Post-Break Up | Regret,Min Yoongi | Suga/You,yoongi,{'yoongi'}
https://golemlab.eu/graph/10917642,37,Futile Effort,You’re in a relationship with Yoongi but he doesn’t seem to have time to see you. You’re left with a decision stay or leave.,2017-05-16,1380,General Audiences,Gen,Completed,Angst,Min Yoongi | Suga/Reader,yoongi,{'yoongi'}
https://golemlab.eu/graph/15467400,37,hideaway.,"The abandoned classroom was his own secret hideout for him to face his inner demons. Until one particular day, someone else came in.",2018-07-31,950,Teen And Up Audiences,F/M,Completed,I have no idea what to tag this as tbh | Light Angst | Possible series in the future???? | Reader-Insert | Romance | high school!au,Min Yoongi | Suga/Reader Series: ddaeng. [4],yoongi,{'yoongi'}
https://golemlab.eu/graph/8130947,37,Blinky McGee,"There are few things in this world that are worse than drooling on yourself in a public place. All you wanted was some bubble tea. That wasn’t such a big ask, was it? Just one single cheap plastic cup of bubble tea.",2016-09-25,1010,Teen And Up Audiences,Other,Completed,Alternate Universe - Coffee Shops & Cafés,Min Yoongi | Suga/Reader,yoongi,{'yoongi'}
https://golemlab.eu/graph/22009300,37,The Boy In The Window,A boy next door romance - Except it's a window.,2019-12-29,1814,General Audiences,F/M,Completed,Cute Min Yoongi | Suga | Soft Min Yoongi | Suga,Min Yoongi | Suga/Reader,yoongi,{'yoongi'}
https://golemlab.eu/graph/29529993,37,Teacher's Pet|Professor!Min Yoongi x University Student!Reader,"𝘐𝘧 𝘐'𝘮 𝘴𝘰 𝘴𝘱𝘦𝘤𝘪𝘢𝘭, 𝘸𝘩𝘺 𝘢𝘮 𝘐 𝘴𝘦𝘤𝘳𝘦𝘵? 𝘐 𝘬𝘯𝘦𝘸 𝘵𝘩𝘪𝘴 𝘸𝘰𝘶𝘭𝘥𝘯'𝘵 𝘭𝘢𝘴𝘵, 𝘣𝘶𝘵 𝘧𝘶𝘤𝘬 𝘺𝘰𝘶, 𝘥𝘰𝘯'𝘵 𝘺𝘰𝘶 𝘭𝘦𝘢𝘷𝘦 𝘮𝘦 𝘩𝘦𝘳𝘦",2021-02-18,1729,Mature,F/M,In-Progress,Alternate Universe - College/University | Alternate Universe - Not K-Pop Idols | Angst | Cheating | Eventual Smut | Fluff | Fluff and Angst | Fluff and Smut | Implied/Referenced Cheating | Married Characters | Messy | Professor Min Yoongi | Suga | Song: Teachers Pet (Melanie Martinez) | Teacher-Student Relationship | University Student Jeon Jungkook | University Student Jung Hoseok | J-Hope | University Student Kim Namjoon | RM | University Student Kim Taehyung | V | University Student Park Jimin (BTS) | university student,Min Yoongi | Suga/Reader,yoongi,{'yoongi'}
https://golemlab.eu/graph/16890999,37,As Sweet As Suga®,"Your boyfriend is the sweetest thing to exist and you love him dearly - which is why you decide to give him a fitting nickname. He also loves you so he complies, but sometimes he really wonders what the hell goes on inside that head of yours.",2018-12-07,1120,Not Rated,F/M,Completed,Cute Min Yoongi | Suga | Good Boyfriend Min Yoongi | Suga | Reader-Insert | Soft Min Yoongi | Suga,Min Yoongi | Suga/Reader,yoongi,{'yoongi'}
https://golemlab.eu/graph/16898931,36,Falling in love with: Music,"You learn a new thing about Min Yoongi on the bus ride home. Drabble. Part of the ""Falling in love with... "" vignette series. Crossposted from my Tumblr blog honeyyvee.",2018-12-07,847,General Audiences,F/M,Completed,Drabble | Fluff | Slice of Life,"Min Yoongi | Suga/Reader Series: ""Falling in love with... "" vignette series [2]",yoongi,{'yoongi'}
https://golemlab.eu/graph/41441382,36,a steamy conversation,"You'd just needed to use the restroom, you didn't mean to basically end up as a peeping tom.",2022-09-02,3018,Explicit,F/M,Completed,Min Yoongi | Suga Has a Big Dick | Oral Sex | Semi-Public Sex | bratty!reader | sex in a locker room,"Min Yoongi | Suga/Reader, Min Yoongi | Suga/You",yoongi,{'yoongi'}
https://golemlab.eu/graph/39197847,36,Fireflies,"When your best friend’s wedding planner becomes much more than a fuck in the bathroom during a wedding. Posted in random order, dates make sense though.",2022-05-24,16944,Explicit,F/M,In-Progress,Aftercare | Anal Sex | Angst and Hurt/Comfort | Body Worship | Car Sex | Comfort | Comfort Sex | Comfort/Angst | Cunnilingus | Cute Min Yoongi | Suga | Daddy Kink | Domestic Bliss | Domestic Fluff | Emotional Hurt/Comfort | Eventual Fluff | Eventual Happy Ending | Eventual Romance | Eventual Sex | Eventual Smut | Explicit Consent | Face-Fucking | Face-Sitting | First Love | First Meetings | Fluff and Angst | Fluff and Humor | Fluff and Hurt/Comfort | Fluff and Smut | Grumpy Min Yoongi | Suga | Hand & Finger Kink | Hand Kink | Holding Hands | Humor | Hurt/Comfort | Implied Consent | Long-Haired Min Yoongi | Suga | Love at First Sight | Masturbation | Min Yoongi is a sweetheart | Min Yoongi | Suga Is Whipped | Min Yoongi | Suga Is a Tease | Min Yoongi | Suga is Bad at Feelings | Min Yoongi | Suga is Good at Feelings | Min Yoongi | Suga is Patient | Min Yoongi | Suga's Tongue Technology | One Shot Collection | Oral Sex | Praise Kink | Reader-Insert | Romantic Fluff | Rough Sex | Semi-Public Sex | Shower Sex | Shy Min Yoongi | Suga | Slice of Life | Smut | Soft Min Yoongi | Suga | Strangers to Lovers | Switch Min Yoongi | Suga | Tooth-Rotting Fluff | Vaginal Fingering | Warm and Fuzzy Feelings | Wedding Fluff | switch!Min Yoongi | wedding planner!min yoongi,Min Yoongi | Suga/Reader,yoongi,{'yoongi'}
https://golemlab.eu/graph/26761006,36,밤편지,"the pandemic cancels most of yoongi’s schedules — he can finally come home to see you and show you the song he’s been working on. but when he gets there, you’re not home alone. ""bampyeonji,"" ""night letter,"" ""through the night;"" stream through the night by iu",2020-10-02,1598,General Audiences,F/M,Completed,Domestic Fluff | Fluff | Tooth-Rotting Fluff | almost | fluffiest shit i've ever wrote,Min Yoongi | Suga/Reader,yoongi,{'yoongi'}
https://golemlab.eu/graph/13255629,36,Heartbreak Hotel,How do you follow your heart when everyone is telling you otherwise? How are you supposed to believe him whenever everyone is telling you it’s a lie? What are you to do when your heart and your head are at a crossroads?,2018-01-03,1415,Teen And Up Audiences,F/M,Completed,Cheating | Implied/Referenced Cheating,Min Yoongi | Suga/Reader,yoongi,{'yoongi'}
https://golemlab.eu/graph/22329259,36,Pretty.,Min Yoongi couldn’t help but admire the girl sitting next to him on the bus.,2020-01-20,1259,General Audiences,F/M,Completed,Fluff | Love at First Sight | Random & Short | Short & Sweet | Shy Min Yoongi | Suga,Min Yoongi | Suga/Reader,yoongi,{'yoongi'}
https://golemlab.eu/graph/19421383,36,Something's Missing,Your husband’s short temper is no match for your ability to tame his attitude.,2019-06-30,10370,Not Rated,F/M,Completed,Cock Rings | Dom/sub | Femdom | Riding | Teasing | male sub,Min Yoongi | Suga/Reader,yoongi,{'yoongi'}
https://golemlab.eu/graph/23121433,36,Acts of Service,Your best friend was marrying a global celebrity. You watched her go through hell vowing to never be in that situation. Yet you found yourself in exactly the same place. Would you be able to stand it? Would Yoongi be able to hold you up as you walked the road together?,2020-03-12,12736,Mature,F/M,Completed,Anxiety | Miscarriage | No Smut | Romance | Stalking,Min Yoongi | Suga/Reader,yoongi,{'yoongi'}
https://golemlab.eu/graph/39483201,36,Welcome Home [MYG],None,2022-06-07,5848,Mature,F/M,Completed,Bedroom Sex | Blow Jobs | Kissing | Sex | Unprotected Sex,Min Yoongi | Suga/Reader,yoongi,{'yoongi'}
https://golemlab.eu/graph/27205207,36,myg/qw: 1,just a soft something for my beautiful bigger readers. It’s mostly for me but also for you hope you enjoy it {cross-posted from my tumblr},2020-10-26,1124,Not Rated,F/M,Completed,Alternative Universe - Domestic | Alternative Universe - Marriage | Chubby Reader | No edit we die like men | Non-Idol Verse,Min Yoongi | Suga/Reader Series: quick writes [1],yoongi,{'yoongi'}
https://golemlab.eu/graph/26420158,36,Sleep (less) full Night | Min Yoongi x reader,The night comes alive in America and Yoongi is still not used to the time change. He goes out for a walk and finds something that helps him sleep.,2020-09-12,1458,General Audiences,F/M,Completed,Busking | Insomnia | late night walks,Min Yoongi | Suga/Reader,yoongi,{'yoongi'}
https://golemlab.eu/graph/11687967,36,Missing You,"It was an arranged marriage, one-sided love. What horrible fate lies between these two people? - Yoongi/Reader",2017-08-02,3183,Teen And Up Audiences,F/M,Completed,Angst | Angst and Romance | Arranged Marriage | Depressed Min Yoongi | Suga | Drama | One Shot | Romance,Min Yoongi | Suga/Reader,yoongi,{'yoongi'}
https://golemlab.eu/graph/22081390,36,Villainous,"Yoongi takes the hero's girl - but you used to be his, whether you can remember or not. Superpower!AU",2020-01-02,4597,Mature,F/M,Completed,Angst | Involuntary Manslaughter | Past Abuse | Past Child Abuse | Past Sexual Abuse | Superpowers | Villain!BTS | Violence | my ragtag villain boys,"Min Yoongi | Suga/Reader, Min Yoongi/Reader Series: Every Story Needs a Villain [1]",yoongi,{'yoongi'}
https://golemlab.eu/graph/16651786,36,Just one more time,He set fire to your world but he wasn't yours to keep.,2018-11-17,2802,Explicit,F/M,Completed,Consensual Infidelity | Heavy Angst | Implied/Referenced Cheating | Infidelity | Oral Sex | Poor Life Choices | Rough Kissing | Rough Sex | Smut,Min Yoongi | Suga/Reader,yoongi,{'yoongi'}
https://golemlab.eu/graph/20249956,35,41. Take My Damn Hand,Prompt: Proposal! Week 6 Day 6,2019-08-14,1497,Teen And Up Audiences,F/M,Completed,Marriage Proposal | one shots,Min Yoongi | Suga/Reader Series: 50 Days of One Shots [41],yoongi,{'yoongi'}
https://golemlab.eu/graph/29424249,35,earmuffs.,"Gift-exchanging can sometimes be awkward between you and your boyfriend, especially on February 14th when both of you want to play none-the-wiser that you have something secretly prepared for the other. Alternatively, you and Yoongi know the best ways to stay warm this Valentine’s Day.",2021-02-14,1180,Teen And Up Audiences,F/M,Completed,Domestic Fluff | Established Relationship | Fluff | Gift Giving | Min Yoongi | Suga Is Whipped | Originally Posted on Tumblr | Reader-Insert | Valentine's Day | Valentine's Day Fluff,Min Yoongi | Suga/Reader,yoongi,{'yoongi'}
https://golemlab.eu/graph/37647544,35,The Coffee Shop,"You return to the coffee shop where used to meet with Yoongi, determined to finally forget him and move on. Yet, as memories of your life in university flood your mind you start to question what your next step should be…",2022-03-10,9930,Explicit,F/M,Completed,Alternate Universe - Coffee Shops & Cafés | Angst | Fluff | Friends to Lovers | Smut | University Student Min Yoongi | Suga,"Min Yoongi | Suga/Reader, Min Yoongi | Suga/You Series: Prompt Based Short Stories [2]",yoongi,{'yoongi'}
https://golemlab.eu/graph/17178728,35,Cold Hands,"I wrote this before bed the other night, cause I was in the mood for something fluffy and happy, AND I was freezing to death in my bedroom. Enjoy! XOXO,  은지",2018-12-27,471,General Audiences,F/M,Completed,Drabble | Fluff | Romantic Fluff,Min Yoongi | Suga/Reader,yoongi,{'yoongi'}
https://golemlab.eu/graph/14724698,35,Wide Awake,Short Story | Min Yoongi,2018-05-21,8373,General Audiences,F/M,Completed,AU | Abuse | Angst | BANGTANSONYEONDAN | Danger | Fanfic | Love | Min Yoongi - Freeform | Nightmares | Romance | Save Me | Violence | Yoongi - Freeform | bangtan boys - Freeform | bts - Freeform | safe | suga - Freeform,Min Yoongi | Suga/Reader,yoongi,{'yoongi'}
https://golemlab.eu/graph/37959451,35,andante cantabile: coda,"Min Yoongi is dedicated to his craft, to the point of overworking himself. You have your own ways of ensuring he takes a break.",2022-03-25,3841,Explicit,F/M,Completed,Alternate Universe - Historical | Alternate Universe - Regency | Established Relationship | Fluff and Smut | aka me getting carried away with the historical accuracy of taking off a gown | technically a sequel but works as a stand-alone | the inherent intimacy of being undressed by your partner,Min Yoongi | Suga/Reader Series: Bangtan: the Regency Chronicles [2],yoongi,{'yoongi'}
https://golemlab.eu/graph/39998742,35,Dealer,"Your boyfriend seemed like a dream come true: always wanting to be around you, making sure you would get home safe, never taking his hands off you. These little comforts became your whole world, and then the only thing you were allowed to have left in the world. Luckily, your boyfriends drug dealer turned out to be a much nicer guy. If you are sensitive or triggered by abusive relationships or manipulation in any way, please do not read this fic, it can be very triggering. It will also be referenced that Y/n used to self harm, and has self-harm scars. This is fic is going to cover a lot of intense topics, and there will be a lot of drugs.",2022-07-01,6805,Mature,F/M,In-Progress,Abusive Relationships | Angst | Drug Dealer Jung Hoseok | J-Hope | Drug Dealer Min Yoongi | Suga | Drug Dealing | Drug Use | Emotional/Psychological Abuse | Eventual Smut | Fluff | Graphic Description of Corpses | Gun Violence | Hurt/Comfort | Jung Hoseok | J-Hope & Min Yoongi | Suga are Best Friends | Kim Seokjin is lowkey Insane | Kim Taehyung | V is a Ray of Sunshine | Mafia AU | Manipulation | Marijuana | Min Yoongi | Suga is Bad at Feelings | Min Yoongi | Suga is Trying His Best | Min Yoongi | Suga-centric | Minor Character Death | Park Jimin is a hitman | References to Drugs | Smut | y/n is in a bad relationship,"Min Yoongi | Suga/Reader, Min Yoongi | Suga/You",yoongi,{'yoongi'}
https://golemlab.eu/graph/12471464,35,Summer Camp,"There are many things found in summer camps: buzzing mosquitoes, balmy breezes, and bunches of campers, sunscreen-slicked and sent unwillingly, to name a few. Who knew that romance could be found among these things, blossoming in two hearts that met under a canopy of leaves?",2017-10-23,3137,Teen And Up Audiences,F/M,Completed,Alternate Universe - Summer Camp | Jealousy | Yoongi is in love | but it's okay bc you are too | fast burn af,Min Yoongi | Suga/Reader,yoongi,{'yoongi'}
https://golemlab.eu/graph/25877272,35,arachnid antics,"You were scared stiff of arachnids, it was true. So when the fastest spider you’ve ever seen tries to take over your space, the neighbour you’ve been crushing on for AGES is the only one you can ask for help.",2020-08-13,1243,Mature,F/M,Completed,a typical cute and fluffy peice | sue me | warning for arachnophobia sufferers,Min Yoongi | Suga/Reader,yoongi,{'yoongi'}
https://golemlab.eu/graph/12272265,35,down by the lake,"This was a part of a writing challenge set in July. → Location: Lake → Prompt: ""When the house gets too quiet I  just sit by the water and try to not think about anything at all. It doesn't really work most of the time, though.""",2017-10-05,1971,General Audiences,F/M,Completed,Angst | Reader-Insert | bad timing | this was a weird angsty thing i wrote for a challenge,"Min Yoongi | Suga/Reader, Min Yoongi | Suga/You",yoongi,{'yoongi'}
https://golemlab.eu/graph/39110334,35,UNEXPECTED LOVERS,"what happens when you meet min yoongi at the club, or well accidentally use him as your pawn to not get hit on. not knowing your cousins friend overhears and suddenly your whole family knows.",2022-05-20,19807,Mature,F/M,Completed,Angst | Fluff | Humor | Smut,Min Yoongi | Suga/Reader,yoongi,{'yoongi'}
https://golemlab.eu/graph/21067109,35,ER,Yoongi takes his accident prone best friend in to the ER and comes out with a date.,2019-10-17,565,General Audiences,F/M,Completed,Clumsy Kim Namjoon | RM | Fluff | nurse reader,Min Yoongi | Suga/Reader,yoongi,{'yoongi'}
https://golemlab.eu/graph/16444298,35,Paper Wings,"Even close friends can be hard to talk to sometimes. {F/n} and Yoongi have been best friends since high school. By the time they’ve both entered college, {F/n} has started a relationship. Later on, Yoongi finds out that her boyfriend, who he never much cared for to begin with, has been abusing her behind everyone’s backs.",2018-10-28,10855,Teen And Up Audiences,F/M,Completed,Abuse | Alternate Universe - College/University | Angst | Angst with a Happy Ending | Fluff | Fluff and Angst | Implied/Referenced Abuse | Language,Min Yoongi | Suga/Reader,yoongi,{'yoongi'}
https://golemlab.eu/graph/36382972,35,Need-to-Know,"If you need to know, you know, and Yoongi's terrified because he's starting to think you might need to know.",2022-01-12,2597,Mature,F/M,In-Progress,BTS AU | Camboy Yoongi | Dom Yoongi | Exhibitionism | Explicit Sexual Content | Masturbation | Roommates | Smut | tags will be updated with chapters,Min Yoongi | Suga/Reader,yoongi,{'yoongi'}
https://golemlab.eu/graph/39663705,34,Dress. A Yoongi One Shot,Yoongi insists on picking out your outfit for a dinner event. You should’ve known there was a reason behind it,2022-06-15,3338,Explicit,F/M,Completed,Oral Sex | Teasing | Vaginal Fingering | Vaginal Sex,Min Yoongi | Suga/Reader,yoongi,{'yoongi'}
https://golemlab.eu/graph/15150779,34,Coffee,"""And how do you expect me to do that?"" ""Over coffee…?""",2018-07-03,1137,Teen And Up Audiences,F/M,In-Progress,Coffee | Fluff | Help | How Do I Tag | Min Yoongi | Suga Is Whipped | My First AO3 Post | Soft Min Yoongi | Suga | barista | he basically wants to live at the cafe | hi | i want friends | im always soft | inspired by my previous workplace | it closed down | my ass is on FIRE | pls be my friend | reader is a barista | uwu | whoops,Min Yoongi | Suga/Reader,yoongi,{'yoongi'}
https://golemlab.eu/graph/11180514,34,"the world is cold and life's not fair, baby","As the embodiment of wrath, Min Yoongi has little interest in anything other than searching for his next fight and starting vicious rivalries among the humans within his reach. Getting caught up in the search for a woman's missing brother is nothing but an irritating distraction at most--until a plot to murder him is brought to light and a simple missing person case turns into a dangerous hunt for the truth.",2017-06-12,30040,Mature,F/M,In-Progress,Angst | BTS anniversary collab | Demon AU | Romance | seven sins,Min Yoongi | Suga/Reader,yoongi,{'yoongi'}
https://golemlab.eu/graph/14432091,34,Lost in Japan,Shawn Mendes - Lost in Japan Bangtan has just finished their world tour and Yoongi is missing you dearly.,2018-04-25,2948,Not Rated,F/M,Completed,Fluff | Fluff and Smut | Smut,Min Yoongi | Suga/Reader,yoongi,{'yoongi'}
https://golemlab.eu/graph/15257208,34,Meticulous,"Friends, love, lies, angst, confusion, distortion, Who can you trust? Who is behind this? What really happened at that party?",2018-07-23,19778,Explicit,F/M,In-Progress,((IDOL UNIVERSE)) | //will add more tags as the story advances | Angst | Drama | Fluff | Heavy Angst | Jungkook Is a Little Shit | Mentions of Sexual Assault | Mentions of Stalking | Mystery | Reader is an idol | The smut nd descriptions are gonna get pretty vivid | Trust Betrayal | alot of cursing | first fic | gonna get very confusing you'd want to pay attention to clues | idk how tags work soooo | kinda slow burn | mentions of depression | namjin - Freeform | obvious eventual smut | suspenseful,Min Yoongi | Suga/Reader,yoongi,{'yoongi'}
https://golemlab.eu/graph/37383637,34,Almost,Yoongi almost didn't meet you. Yoongi almost let you go. Yoongi almost gave up.,2022-02-26,2115,Teen And Up Audiences,F/M,Completed,Domestic Fluff | Fluff,"Min Yoongi | Suga/Reader, Min Yoongi | Suga/You Series: Domestic Yoongi [6]",yoongi,{'yoongi'}
https://golemlab.eu/graph/11529825,34,Saccharine,Your first love gave to you: a heartbreak.,2017-07-17,4134,Mature,Other,Completed,Angst | Angst and Feels | Angst and Fluff and Smut | Angst and Hurt/Comfort | Angst and Romance | Angst and Smut | But mostly angst | Mild Smut | and SMUT | basically angst | i was sad | why did I write this,"Min Yoongi | Suga/Reader, Min Yoongi | Suga/You",yoongi,{'yoongi'}
https://golemlab.eu/graph/23126542,34,{Dither},You’re an independent producer working to make your big breakthrough whilst trying to keep your creative integrity when you become acquainted with someone you never thought you could work with.,2020-03-13,3414,Mature,F/M,In-Progress,Angst | Fluff | Producer!Reader | Smut | idol!yoongi,Min Yoongi | Suga/Reader Series: {Dither} [1],yoongi,{'yoongi'}
https://golemlab.eu/graph/40827381,34,Agust Drabbles,"Collection of drabbles written to fill requests during my Hali's Happy Agust event on Tumblr. These drabbles are unconnected, but they are ALL Yoongi-centric. Mixed genre and lengths. The summary for each will be in the notes.",2022-08-05,9177,Explicit,F/M,In-Progress,Anthology Series | Drabble Series | Min Yoongi - Freeform | Min Yoongi drabble | and i didn't wanna make a bunch of separate stories | bts suga | listen these are a bunch of drabbles from my agust d event | min yoongi x you | suga bts - Freeform,Min Yoongi | Suga/Reader,yoongi,{'yoongi'}
https://golemlab.eu/graph/23087095,34,morning,I had something else planned for Suga's birthday but unfortunately wasn't able to get out on time because of real-life situations like mental health and having to move to a new house. But learning from my mistake when it was J-Hope's birthday a wrote a little something until I finish what I was actually planning on doing. Hope you like it and that you have a wonderful day wherever you are!,2020-03-10,863,Not Rated,F/M,Completed,,Min Yoongi | Suga/Reader,yoongi,{'yoongi'}
https://golemlab.eu/graph/14291895,34,Salvation || myg,"He was suffocating, looking for a way out of the darkness that surrounded him. And there she appeared as the warm glistering sunlight, his salvation. But nothing is solved yet, his mind is still in tatters as he obsesses over the sweet salvation, not knowing how much damage he's causing.",2018-04-12,4548,Not Rated,F/M,In-Progress,Addiction | Anxiety | Blood and Injury | Crimes & Criminals | Criminal! Depressed! Yandere! Min Yoongi | Suga | Cutting | Depression | Explicit Language | Forced Relationship | Gangs | Gun Violence | Heavy Angst | Housemates | Kind! Selfless! Reader | Limerence | Minor Character Death | Obsessive Behavior | One-Sided Attraction | Suicidal Thoughts | Yandere,Min Yoongi | Suga/Reader,yoongi,{'yoongi'}
https://golemlab.eu/graph/13863771,34,grounded,falling in love with risk is a dangerous thing. gymnastics and aerial silks can break your bones but love? that's a different kind of risk that you wouldn't mind falling into.,2018-03-04,1820,General Audiences,M/M,Completed,i watched a couple aerial silks videos and thought 'wOW look at those arms',Min Yoongi | Suga/Reader,yoongi,{'yoongi'}
https://golemlab.eu/graph/28257525,33,A Good Morning Indeed,Yoongi's been working hard so you decide on the best way to wake him up.,2020-12-23,598,Explicit,F/M,Completed,Morning Sex | Somnophilia,"Min Yoongi | Suga/Reader, Min Yoongi | Suga/You",yoongi,{'yoongi'}
https://golemlab.eu/graph/17251610,33,TFLN: Charley Horse,(314): Had an orgasm and got a charley horse at the same time. It was a multi-purpose scream.,2019-01-01,325,Explicit,F/M,Completed,Fluff | Fluff and Smut | Sex | Shameless Smut | Smut,Min Yoongi | Suga/Reader Series: TFLN Drabbles & Fics [12],yoongi,{'yoongi'}
https://golemlab.eu/graph/7346908,33,so perfect III,Third day of your honeymoon with your newly-wed husband Yoongi.,2016-06-30,806,General Audiences,F/M,Completed,BTS fluff | Fluff | Honeymoon | Romance | Wedding | bangtan boys - Freeform | bangtan sonyeondan - Freeform,Min Yoongi | Suga/Reader Series: so perfect [3],yoongi,{'yoongi'}
https://golemlab.eu/graph/14949810,33,"Happy Birthday, Baby Girl","It's your birthday and of course, your boyfriend has to be the first one to say that",2018-06-16,180,Not Rated,F/M,Completed,Birthday | Cuddling | Established Relationship | Fluff | Soft Min Yoongi | Suga | soft,Min Yoongi | Suga/Reader,yoongi,{'yoongi'}
https://golemlab.eu/graph/38185045,33,Lollipop,a tiny glimpse into your relationship with Yoongi.,2022-04-05,333,Explicit,F/M,Completed,Daddy Kink | Lollipops | Oral Sex,Min Yoongi | Suga/Reader,yoongi,{'yoongi'}
https://golemlab.eu/graph/36761908,33,The Email - Aftermath,"You can take this as a stand-alone pwp or as a sequel to The Email, an enemies to lovers office!AU mini-series you can find here",2022-01-30,4971,Explicit,F/M,Completed,Dirty Talk | Dorks in Love | Enemies to Friends to Lovers | Eventual Smut | Falling In Love | Fluff and Smut | Friends to Lovers | Kissing | Min Yoongi | Suga Is Whipped | Oral Sex | PWP | Protected Sex | Rough Sex | Sequel | Sex | Soft Min Yoongi | Suga,Min Yoongi | Suga/Reader,yoongi,{'yoongi'}
https://golemlab.eu/graph/10523301,33,Cursed Child,The life of an innocent child was turned upside down after upsetting incidents. But is she really innocent after all?,2017-04-02,11847,Teen And Up Audiences,F/M,Completed,clairvoyant/supernatural being AU,Min Yoongi | Suga/Reader,yoongi,{'yoongi'}
https://golemlab.eu/graph/36415810,33,Tiring day,1600 words of fluff with in the soop Yoongi. That's all I can say. [Part VI in the Euphoric State of Mind series],2022-01-14,1612,Teen And Up Audiences,F/M,Completed,Author Is Sleep Deprived | Cross-Posted on Wattpad | Cute | Fluff without Plot | How Do I Tag | Min Yoongi | Suga Is Whipped | Min Yoongi | Suga-centric,Min Yoongi | Suga/Reader Series: Euphoric State Of Mind [6],yoongi,{'yoongi'}
https://golemlab.eu/graph/20264092,33,46. Bun In The Oven,Prompt: Married! Week 7 Day 4,2019-08-16,1078,Teen And Up Audiences,F/M,Completed,Married Life | one shots,Min Yoongi | Suga/Reader Series: 50 Days of One Shots [46],yoongi,{'yoongi'}
https://golemlab.eu/graph/18028205,33,Confused,"It is written in law that on a child’s 15th birthday, they will be presented with a necklace that will guide them to another necklace, belonging to whom their heart will. These necklaces are forged in the depths of an deep sea facility, and must be requested between the birth of the child and the child’s 1st birthday in order to be fashioned correctly. One must include a small vial of the child’s blood, a lock of their hair, and also sufficient DNA from both biological and (where appropriate) adoptive, fostered or guardians of the child. Failure to comply will result in the disobedient parties being punished accordingly, and the child will need to be taken under the observation of the facility. No child is permitted to surpass their 15th birthday without receiving this gift. Should this – for any reason – happen, the child should report this to their local authorities quickly so that this may be rectified. You could swear that you know the cute pizza delivery guy. Something about that gummy smile and awkward attitude. It turns out that you do, and it gets that much worse when you realise you have the same necklace. There’s just one problem with that - he swears he isn’t gay.",2019-03-07,14115,Not Rated,M/M,Completed,Alcohol | Alternate Universe - Soulmates | Angst | Implied/Referenced Bullying | Implied/Referenced Homophobia | Internalized Homophobia | Min Yoongi | Suga is Bad at Feelings | Platonic Soulmates | Strong Language,Min Yoongi | Suga/Reader Series: The Necklace [2],yoongi,{'yoongi'}
https://golemlab.eu/graph/11814954,33,"""Call me, baby.""",in which his best friend drags him to a concert.,2017-08-15,1911,General Audiences,F/M,Completed,i don't like it | it's rushed | this is not my best,Min Yoongi | Suga/Reader Series: one shots [6],yoongi,{'yoongi'}
https://golemlab.eu/graph/7346893,33,so perfect,First day of your honeymoon with your newly-wed husband Yoongi.,2016-06-30,718,General Audiences,F/M,Completed,BTS fluff | Fluff | Honeymoon | Romance | Wedding | bangtan boys - Freeform | bangtan sonyeondan - Freeform,Min Yoongi | Suga/Reader Series: so perfect [1],yoongi,{'yoongi'}
https://golemlab.eu/graph/11866188,33,citrus and smoke,"min yoongi is the little king, the heir to the most illustrious line of purebloods. he’s prepared to fulfill his destiny—the one his older brother had thrown away—until the illusion breaks, the blood on his hands too much to bear. seven magical boys across the eras, reimagined. (inspired by namjoon's sorting the boys into different houses, but way more angsty than expected.)",2017-08-22,4581,Teen And Up Audiences,F/M,Completed,Angst | Fluff | HP AU | Hogwarts AU | blood purists | really this is gratuitously angsty | reformed purebloods | regulus black! min yoongi | yoongi's reader is gender neutral,Min Yoongi | Suga/Reader Series: thaumaturgy [1],yoongi,{'yoongi'}
https://golemlab.eu/graph/31485872,33,peace,"the steam picked up the scent of your soap and created yoongi’s favourite smell. when you finished with your shower, in about 8 minutes, the door would open and that steam would imbue the entire apartment with a sweet, clean scent and he would rush to close all the windows so it could stay as long as possible.",2021-05-23,2203,Mature,F/M,Completed,Fluff | Smut | overall softness,Min Yoongi | Suga/Reader,yoongi,{'yoongi'}
https://golemlab.eu/graph/26497114,33,Forever Yours,"This is a prequel to ""Navy Blue"" which examines what Yoongi's life was like before he met Taehyung. Down on his luck, Yoongi happens upon a person who will change everything for him, even though he knows that his heart will shatter by the time ""Goodbye"" comes around.",2020-09-16,6719,Teen And Up Audiences,F/M,Completed,Cat Hybrid Min Yoongi | Suga | Hybrids | Soft Min Yoongi | Suga,Min Yoongi | Suga/Reader,yoongi,{'yoongi'}
https://golemlab.eu/graph/30167970,32,Let’s Go on an Adventure,"Dad Yoongi and daughter going on an adventure basically. Written for @thebtswritersclub monthly project, with this month’s prompt: ‘adventure’",2021-03-21,1143,Teen And Up Audiences,F/M,Completed,Domestic Fluff | Established Relationship | Fluff,"Min Yoongi | Suga/Reader, Min Yoongi | Suga/You Series: Domestic Yoongi [2]",yoongi,{'yoongi'}
https://golemlab.eu/graph/32523445,32,I Love You,"When your ex-boyfriend shows up randomly, you set out to remind Yoongi who it is you really love.",2021-07-12,3151,Mature,F/M,Completed,Aftercare | Because There’s Seriously So Much Fluff | Cat Hybrid Min Yoongi | Suga | Cute Min Yoongi | Suga | Did I mention fluff? | Dirty Talk | Fluff and Smut | Fluffy Ending | Frottage | Hybrid Min Yoongi | Suga | Jealousy | Min Yoongi | Suga & Reader are Best Friends | Min Yoongi | Suga & Reader are Soulmates | Min Yoongi | Suga Is Whipped | Min Yoongi | Suga Needs a Hug | Needy Min Yoongi | Suga | Praise Kink | Reader is Happy to Give Him One | Shy Min Yoongi | Suga | Smut | Soft Min Yoongi | Suga | Some Humor | Tooth-Rotting Fluff | only briefly though | seriously so much fluff | soft smut,"Min Yoongi | Suga/Reader, Min Yoongi | Suga/You Series: Loving You is My Favorite Thing [2]",yoongi,{'yoongi'}
https://golemlab.eu/graph/40380555,32,Cat's Cradle,"After five years of back-breaking work under your hardass boss Min Yoongi, you can finally step back and live your life well with your son and his rowdy uncles. Opening a Cafe with your eldest brother Seokjin after so many setbacks was euphoric, but what happens when your ex-boss finds his way into your cafe? Will everything fall apart again or will your life finally piece back together? Pairings: Panther Hybrid Yoongi x Single mom Reader, Sibling Kim line Feat. Best friends Hoseok and Jikook. Warnings: Cussing (I mean who am I if I don't include cussing), mention of pervy old men, a deadbeat ex, angst between yoongles and Joon. Open but fluffy ending teehee 😈 Word Count: 4.4k",2022-07-18,4476,Not Rated,F/M,Completed,,Min Yoongi | Suga/Reader,yoongi,{'yoongi'}
https://golemlab.eu/graph/41222295,32,Don't Forget About Me,Yoongi is nothing but a tease,2022-08-23,3312,Explicit,F/M,Completed,Established Relationship,Min Yoongi | Suga/Reader,yoongi,{'yoongi'}
https://golemlab.eu/graph/36377995,32,If we Make it Through December,"You’re a pediatric oncology nurse, and you’re treating an old flame’s son. He’s very sick, and of course it’s the holidays, and you’ll do anything to make sure both of them will be okay—anything including colorful decorations and kisses you just can’t seem to get enough of.",2022-01-12,29903,Mature,F/M,Completed,Cancer | Christmas | Consensual Sex | Daddy Issues | Depressed Min Yoongi | Suga | Eventual Smut | Ex Sex | Fatherhood | Hospitals | Min Yoongi | Suga Has Daddy Issues | Min Yoongi | Suga is Bad at Feelings | Past Relationship(s) | Producer Min Yoongi | Suga | Sad | Sick Character,Min Yoongi | Suga/Reader,yoongi,{'yoongi'}
https://golemlab.eu/graph/16523366,32,I'm Here,"You're Seokjin's little sister and Yoongi has a huge crush on you but just won't confess because even if he did, Seokjin is kinda opposed to the idea of you two dating becuase of their fame and because of your abusive ex-boyfriend.",2018-11-04,2791,General Audiences,F/M,Completed,Min Yoongi | Suga Is Whipped | Min Yoongi | Suga is Bad at Feelings | Oneshot | Originally Posted on Tumblr | Reader-Insert | everyhting is a mess | overprotective big bro seokjin | reader has a crush on yoongi | reader is seokjin's little sister | yoongi has a crush on reader,Min Yoongi | Suga/Reader,yoongi,{'yoongi'}
https://golemlab.eu/graph/18504409,32,Take the Throne,you leave your safe home with the mysterious yoongi to escape the kingdom,2019-04-18,7054,Not Rated,F/M,In-Progress,Alternate Universe - Royalty | Alternate Universe - Vampire | Dystopian society | Human Genocide | References to Drugs | Trust Issues | blood mention | light Violence | vampiric drug dealer hoseok,Min Yoongi | Suga/Reader,yoongi,{'yoongi'}
https://golemlab.eu/graph/40559433,32,Tuxedo,"Yoongi is the first guy you've ever wanted to live with. While you are doing laundry, you find something that tells you this was definitely the right call.",2022-07-25,1718,Teen And Up Audiences,F/M,Completed,Cohabitation | Could also be a tickle fight... you dont know | Domestic Fluff | Established Relationship | Fluff | Implied Sexual Content | yoongi is adorable,"Min Yoongi | Suga/Reader, Min Yoongi | Suga/You Series: Messages From Satvrn [13]",yoongi,{'yoongi'}
https://golemlab.eu/graph/41023464,32,My Woman,You're the stylist with a crush and Yoongi's the idol who's a tease,2022-08-14,2562,Explicit,F/M,Completed,Fluff and Smut | Min Yoongi | Suga Is a Little Shit | Min Yoongi | Suga Is a Tease | Mutual Pining | One Shot | Smut | Stylist trope | idolverse,Min Yoongi | Suga/Reader Series: Yoongi & Reader One Shots [1],yoongi,{'yoongi'}
https://golemlab.eu/graph/25514110,32,Yoongi's Arrangement,You almost shoot Yoongi he fucks you,2020-07-25,2457,Mature,F/M,Completed,,Min Yoongi | Suga/Reader Series: The Arrangements BTS Historical [7],yoongi,{'yoongi'}
https://golemlab.eu/graph/15038192,32,colours.,min yoongi was the colour in your life. just a short fic i wrote on a bad day. also posted on quotev under the same name.,2018-06-24,895,Not Rated,F/M,Completed,Angst | Depressed Min Yoongi | Suga | Depression | Established Relationship | Fluff | Fluff and Angst | Implied Sexual Content | Implied/Referenced Suicide | References to Depression,"Min Yoongi | Suga/Reader, Min Yoongi | Suga/You",yoongi,{'yoongi'}
https://golemlab.eu/graph/24336868,32,with you on my bed,"""heaven is here in bed with you, my darling""",2020-05-23,466,General Audiences,F/M,Completed,Cute | Fanfiction | Fluff | Grumpy Min Yoongi | Suga | Lazy Mornings | Love | Min Yoongi | Suga Is Whipped | Romance | Short One Shot | Sleepy Cuddles | Soft Min Yoongi | Suga,Min Yoongi | Suga/Reader,yoongi,{'yoongi'}
https://golemlab.eu/graph/14464260,31,A Coffee Meeting,"When you decided to go try out the coffee shop, you didn't expect to meet someone Until you did",2018-04-28,612,General Audiences,F/M,Completed,Cafe AU | Flirting | Fluff | Meeting in a Coffee shop | Soft Min Yoongi | Suga | shy reader | smooth yoongi,Min Yoongi | Suga/Reader,yoongi,{'yoongi'}
https://golemlab.eu/graph/17547974,31,Bashful Nights,"""Shadows are starting to fade black. We’re falling backwards, we’re sinking so low. I just wish that I could say more. I wish I could hold you tight, I hope I can say it right."" Balancing school and work is not easy. To begin with, my job is not really that difficult. But it's harder than what it seems, especially when your boss is such a pain in the ass. You know what's the worst part? Before I tuck myself to sleep, I still have to fake a smile and say goodnight to him.",2019-01-26,15132,Explicit,F/M,Completed,Angst | Daddy Kink | Smut | Sugar Daddy,Min Yoongi | Suga/Reader,yoongi,{'yoongi'}
https://golemlab.eu/graph/13325604,31,No More Dream,"You had always wanted to learn piano, but you were starting to get sick of your teacher. A few mishaps later, you were left at home alone with Yoongi nowhere to be seen. Will he able to cheer you up and reignite your love for music and piano?",2018-01-09,3484,Not Rated,F/M,Completed,Angst | Drabble | Fluff | Fluff and Angst,"Min Yoongi | Suga/Reader, Min Yoongi | Suga/You Series: Song Series [1]",yoongi,{'yoongi'}
https://golemlab.eu/graph/15440271,31,Honey and Puppy Dog Eyes,"""It's pretty fucking rude, Yoongi."" Something that starts at a fan meet",2018-07-26,5000,Teen And Up Audiences,F/M,Completed,Brief interactions with other members | Fan sign event | Oneshot | Short Story,Min Yoongi | Suga/Reader,yoongi,{'yoongi'}
https://golemlab.eu/graph/20665430,31,Lightning,"With his deadline only a few days away, Yoongi finds himself creatively blocked. Until a blast from his past reminds him of where he found his inspiration.",2019-09-16,7258,Teen And Up Audiences,F/M,Completed,Break Up | Light Angst | Music,Min Yoongi | Suga/Reader,yoongi,{'yoongi'}
https://golemlab.eu/graph/39095199,31,Slip,A drabble featuring the couple from Nightcall.,2022-05-19,1096,Explicit,F/M,Completed,Explicit Language | Min Yoongi | Suga is Bad at Feelings,Min Yoongi | Suga/Reader Series: 50 fics drabbles [1],yoongi,{'yoongi'}
https://golemlab.eu/graph/8545927,31,Sushi,First Time : Sushi,2016-11-13,1592,Not Rated,F/M,Completed,Fluff | Sushi | Yoongi is a gentleman | it's just fluff | really that's all,Min Yoongi | Suga/Reader Series: First Time [1],yoongi,{'yoongi'}
https://golemlab.eu/graph/22034062,31,the Summer of the Purple Sky,"Ever since you were small, the forest has been there for you. The forest... and him.",2020-01-24,3947,Not Rated,Multi,Completed,Fae & Fairies | Falling In Love | First Kiss | Growing Up | Inspired by Hades and Persephone (Ancient Greek Religion & Lore) | Lost in the Woods | Moving Away | Pre-Poly | Seelie Court | Soulmates | Wakes & Funerals | the color purple is an important motif here,"Min Yoongi | Suga/Reader Series: Seven stories of love, insecurity, and Faeries [3]",yoongi,{'yoongi'}
https://golemlab.eu/graph/35694205,31,Under the Mistletoe,"Your annual Christmas party is going wonderfully as usual, but can a little mistletoe mishap ruin both a party and a friendship?",2021-12-14,1692,Teen And Up Audiences,F/M,Completed,Christmas Fluff | Christmas Party | Christmas Presents | Cute Ending | Embarrassment | Fluff | Friends to Lovers | Holidays | Mistletoe,"Min Yoongi | Suga/Reader, Min Yoongi | Suga/You Series: BTS Christmas Fics [3]",yoongi,{'yoongi'}
https://golemlab.eu/graph/15275601,31,Can We Start Again,"“Y/N, I... I slept with someone else....” He kept looking at your hand. Afraid to look at you. He what...?",2018-07-13,1442,Not Rated,F/M,Completed,Cheating,Min Yoongi | Suga/Reader,yoongi,{'yoongi'}
https://golemlab.eu/graph/30854993,31,fix you | guide you,"“I just finished watching Violet Evergarden,” Yoongi didn’t quite understand the last part of what you said. “What?” You roll your eyes. Trust Yoongi to completely forget anything you said related to dramas. “You know.. that one anime I told you about the other day."" or You attempt to seek comfort from your best friend, Yoongi, over a call at 3AM after crying your heart out from watching a certain anime.",2021-04-23,1281,Teen And Up Audiences,F/M,Completed,Attempt at Humor | Fluff | Mentions of Violet Evergarden | Min Yoongi | Suga & Reader are Best Friends | Reader is emotional | Soft Min Yoongi | Suga | Tsundere Min Yoongi | Suga | can be read with or without watching the series | yoongi comforts reader,Min Yoongi | Suga/Reader,yoongi,{'yoongi'}
https://golemlab.eu/graph/17263613,31,Dear Baby,secrets can never stay hidden for too long,2019-01-01,7679,General Audiences,F/M,Completed,Friends to Lovers | Friendship/Love | Unplanned Pregnancy,Min Yoongi | Suga/You,yoongi,{'yoongi'}
https://golemlab.eu/graph/36459148,31,Love at first sight,"Someone forgot his phone in the coffee shop you work at. When it rings, you decide to answer the call. Well, it’s Yoongi.",2022-01-16,1294,Explicit,F/M,Completed,Alternate Universe - Coffee Shops & Cafés | Crack | First Kiss | Fluff and Humor | Fluff and Smut | Love at First Sight | Resolved Sexual Tension | Rough Sex | Sexual Tension | Strangers to Lovers,Min Yoongi | Suga/Reader,yoongi,{'yoongi'}
https://golemlab.eu/graph/30285102,31,Yoongi // Suga Scenario Collection,"a collection of my written works converted specifically for yoongi. all stories written by me. 🌷 if you enjoy my writing, please check out and support the links below ♡ https://linktr.ee/gardentulips",2021-03-26,7696,Not Rated,F/M,In-Progress,Fluff and Smut,Min Yoongi | Suga/Reader,yoongi,{'yoongi'}
https://golemlab.eu/graph/17493668,31,Trapped,None,2019-01-21,3490,Teen And Up Audiences,F/M,Completed,Airports | Buff Yoongi | Destructive Sex | Dirty Talk | Domestic Fluff | Established Relationship | First Christmas Together | I repeat | Public Sex,Min Yoongi | Suga/Reader,yoongi,{'yoongi'}
https://golemlab.eu/graph/15119252,31,Destination: Spring Break,All Yoongi wanted to do was to rest. But his friends had other plans for the Spring Break,2018-07-01,16199,Teen And Up Audiences,F/M,In-Progress,Alternate Universe - College/University | Best Friends | Childhood Friendship | Comedy | Fluff | Friends to Lovers | Genius Kim Taehyung | V | Humor | Light Angst | Med Student Reader | Mentions of Use of Alcohol | Min Yoongi | Suga & Reader are Best Friends | Originally Posted on Tumblr | POV Alternating | Romance | Slow Burn | Vegetarian Reader | side namjin,Min Yoongi | Suga/Reader,yoongi,{'yoongi'}
https://golemlab.eu/graph/35479510,31,Domestic Bliss,you know yoongi loves you. you know he wants to marry you. so why won’t he have sex with you?,2021-12-03,1128,Explicit,F/M,In-Progress,Domestic Fluff | Engaged Couple AU | Eventual Smut | Fluff and Crack | Light Angst | Mild Hurt/Comfort | Therapist Park Jimin (BTS) | sex therapy au,Min Yoongi | Suga/Reader,yoongi,{'yoongi'}
https://golemlab.eu/graph/18043328,30,The Scale of My Happiness,"Our favourite girl Y/N is an internationally respected musician in her own right and, at her manager's insistence, meets Bangtan at an awards ceremony at which they are both performing. After a brief interaction, Y/N finds herself enchanted with the members and is excited about the prospect of a potential collaboration, right up until she meets Yoongi. Based on a request I received on Tumblr.",2019-03-08,2291,Mature,F/M,In-Progress,Canon Compliant | Eventual Smut | Fluff and Angst | Idols | Slow Burn,Min Yoongi | Suga/Reader,yoongi,{'yoongi'}
https://golemlab.eu/graph/10941297,30,tin soldier ✩ m.yg,"❝i am a little tin soldier that wants to jump into your fire❞ ✑ the small faces (1966) “if the mind is not clear, it is apparent in the painting.” a makeup artist dealing with Yoongi, & the feelings that go along with it. ※ previously entitled: makeup.",2017-05-19,2496,Teen And Up Audiences,F/M,Completed,"Previous entitled ""makeup"" | Reader-Insert | discontinued",Min Yoongi | Suga/Reader,yoongi,{'yoongi'}
https://golemlab.eu/graph/16006985,30,the devil wears givenchy,"You’re a therapist who one day gets a call from someone who claims to be satan asking for an appointment. On the day of the appointment you expect to see a teenager or someone in their mid twenties instead you’re met with a man in a screaming red suit whose hair and eyes are as dark as the night but with an attitude of a spoiled brat, he surely cant be satan.",2018-09-16,14548,Teen And Up Audiences,F/M,In-Progress,Action | Alternate Universe - Angels & Demons | Eventual Smut | Humor,Min Yoongi | Suga/Reader,yoongi,{'yoongi'}
https://golemlab.eu/graph/14457585,30,Fun At The Movies,None,2018-04-28,1008,Explicit,F/M,Completed,Semi-Public Sex,Min Yoongi | Suga/Reader,yoongi,{'yoongi'}
https://golemlab.eu/graph/28601463,30,save me when all hope is lost,let's be happier together.,2021-01-07,3682,Not Rated,F/M,Completed,Angst | Angst and Hurt/Comfort | Angst with a Happy Ending | Anxiety | Arguments | Drunken Confessions | Drunkenness | Fluff and Angst | Heartbreak | Lack of confidence | One Shot | Slow Burn | doubts | sad backstory for both characters,Min Yoongi | Suga/Reader,yoongi,{'yoongi'}
https://golemlab.eu/graph/24985045,30,A Different Kind Of Birthday,"Though the gesture was sweet, he would rather have something else rather than a party for his birthday.",2020-06-29,1754,Explicit,F/M,Completed,Begging | Coming Inside | Dirty Talk | First Time Blow Jobs | Guided Blow Jobs | Implied Relationships | Loud Sex | No Condoms | Semi-Public Sex | Vaginal Fingering | Vaginal Sex | lack of protection,Min Yoongi | Suga/Reader,yoongi,{'yoongi'}
https://golemlab.eu/graph/34029679,30,Little Princess,"In his defense, his trysts with you and his job at your father’s office were initially non-mutually exclusive.",2021-09-22,3945,Explicit,F/M,Completed,Age Difference | Ambiguous/Open Ending | Angst | Bondage | Dom/sub | Emotional Constipation | Friends With Benefits | Humor | Manhandling | Smut | Unrequited Love,Min Yoongi | Suga/Reader,yoongi,{'yoongi'}
https://golemlab.eu/graph/15191864,30,Heat,Yoongi plays the piano...,2018-07-06,846,Teen And Up Audiences,Gen,Completed,Alcohol | Drabble | Fluff | Gender-Neutral Pronouns | Mild Sexual Content | Mild Smut | Thirsty Min Yoongi | Suga | yoongi plays the piano,Min Yoongi | Suga/Reader Series: Thirsty Drabbles [3],yoongi,{'yoongi'}
https://golemlab.eu/graph/11384796,30,Presence.,"The street lights were flickering and it has kept you awake for the past two hours. From time to time, you toss from one side to another, occupying the cold empty space that was once warm next to you on the queen sized bed. You were longing for his presence, scent.",2017-07-03,619,Not Rated,F/M,Completed,Drabble | Fluff and Angst,Min Yoongi | Suga/Reader,yoongi,{'yoongi'}
https://golemlab.eu/graph/19452493,30,19. Backstage Pass,Prompt: Idol/Fan Week 3 Day 5,2019-07-04,1696,Teen And Up Audiences,F/M,Completed,Backstage Passes | Concerts | Fluff | Idol/Fan | one shots,Min Yoongi | Suga/Reader Series: 50 Days of One Shots [19],yoongi,{'yoongi'}
https://golemlab.eu/graph/14021547,30,Ride,"Leading a biker gang isn’t exactly easy, especially not when your ex boyfriend leads a rival gang.",2018-03-19,8183,Explicit,F/M,In-Progress,...and then back again ;) | Alternate Universe | Alternate Universe - Bikers | Alternate Universe - Gang World | Angst | Biker AU | Eventual Smut | Explicit Language | Explicit Sexual Content | Lovers To Enemies | Rival Relationship | Violence | if bts were in sons of anarchy | someone's probably gonna die at some point,Min Yoongi | Suga/Reader,yoongi,{'yoongi'}
https://golemlab.eu/graph/11478747,30,(Accidental) Happily Ever After,Who knows accidental switched luggage can change your whole life?,2017-07-12,942,General Audiences,F/M,Completed,,Min Yoongi | Suga/Reader,yoongi,{'yoongi'}
https://golemlab.eu/graph/12041214,30,Following the map on your skin,Yoongi loves to follow the trail of his boyfriend's tattoos.,2017-09-09,1191,Teen And Up Audiences,M/M,Completed,Body Worship | Boys Kissing | Gentle Kissing | Kissing | Neck Kissing | Oral Sex | Passion | Romantic Fluff | Short & Sweet | Short One Shot | Skin ship | Tattoos | very short,Min Yoongi | Suga/Reader,yoongi,{'yoongi'}
https://golemlab.eu/graph/37641952,29,Push And Pull,YoongI and Y/N kinda dance around each other. Y/N does something about it,2022-03-10,6151,Explicit,F/M,Completed,Co-workers | Multiple Orgasms | Pinning Reader is curvy,Min Yoongi | Suga/Reader,yoongi,{'yoongi'}
https://golemlab.eu/graph/17188634,29,My Everything,"Spending the day alone sucks, but being surprised when your boyfriend comes home is always nice...",2018-12-27,700,General Audiences,F/M,Completed,Domestic Fluff | Drabble | Fluff | Piano | Reader Insert | Romantic Fluff | Yoongi - Freeform | boyfriend - Freeform | bts - Freeform | idol | musician - Freeform,Min Yoongi | Suga/Reader,yoongi,{'yoongi'}
https://golemlab.eu/graph/12918861,29,Poor Choices,"Your needy boyfriend tried to seduce you all night and eventually, he succeeded… Or did he?",2017-12-05,2551,Teen And Up Audiences,F/M,Completed,Crack | Smut,Min Yoongi | Suga/Reader,yoongi,{'yoongi'}
https://golemlab.eu/graph/24036418,29,The Morning After,"Waking up in a hangover daze, you realized you found yourself in a situation you would normally try to avoid: the aftermath of a one night stand. And the man you find sleeping on your bed... well you could've picked much worse.",2020-05-06,1290,Teen And Up Audiences,F/M,Completed,Crack | One Night Stands | One Shot,Min Yoongi | Suga/Reader,yoongi,{'yoongi'}
https://golemlab.eu/graph/34213195,29,Yoongi is a Rock,That’s it. That’s the plot. Yoongi is a rock. Enjoy! :D And Happy Halloween! (Yeah I'm one of those annoying people who celebrate Halloween as soon as it's October lol) This is my treat for you!,2021-10-01,1229,General Audiences,F/M,Completed,Alternate Universe - Soulmates | Angst | Fluff | Fluff and Angst | Halloween | Inspired by The Giving Tree | Reincarnation,Min Yoongi | Suga/Reader,yoongi,{'yoongi'}
https://golemlab.eu/graph/33203389,29,the proposal | a myg drabble,"Yoongi's nervous, pacing back and forth as he tries to focus on everything else but the weight of the box that's heavy in his slacks.",2021-08-12,913,Teen And Up Audiences,F/M,Completed,Marriage Proposal,"Min Yoongi | Suga/Reader, Min Yoongi | Suga/You",yoongi,{'yoongi'}
https://golemlab.eu/graph/11003286,29,even in death;,"even in death, yoongi remains at your side.",2017-05-26,3059,General Audiences,Other,Completed,Alternate Universe - Ghosts | Character Turned Into a Ghost | Ghost Min Yoongi | Suga | Ghosts | Reader-Insert,"Min Yoongi | Suga/Reader, Min Yoongi | Suga/You",yoongi,{'yoongi'}
https://golemlab.eu/graph/23156383,29,Studio Fun,You want to surprise Yoongi while he's working.,2020-03-15,1384,Explicit,F/M,Completed,Kissing | One Shot | Oral Sex | Plot What Plot/Porn Without Plot | Sex | Smut | Vaginal Sex,Min Yoongi | Suga/Reader Series: Bangtan Short Stories [8],yoongi,{'yoongi'}
https://golemlab.eu/graph/34016635,29,Back in your bed,"Rule number one, never text your ex, especially for a booty call. You know it, everyone knows it, but you’re only in New York for one night and sat alone at the bar you used to go to together it becomes too easy to slip. You send him a text before you can overthink it. What you don’t expect is for him to reply, but more than that, for him to invite you over.",2021-09-21,7097,Explicit,F/M,Completed,Aftercare | Dom Yoongi | Explicit Sexual Content | Manhandling | Mentions of Feeling Sad | Oral | PWP | Plot What Plot/Porn Without Plot | Relationship post break up | Rough Sex | Sex With an Ex | Sir Kink | Teasing | Unprotected Sex | basically a recent break up so lots of different emotions around that | dirt talk | face fucking | light chocking | talk of missing each other | talk of the break up | tbh it's kind of depressing in places | this doesn't have the happiest of endings | yoongi is still soft though,Min Yoongi | Suga/Reader,yoongi,{'yoongi'}
https://golemlab.eu/graph/33709375,29,THINK AGAIN,Yoongi always thought you would make a better pet then a wife but he never really had the excuse to make you into one...well until you cheated on him.,2021-09-06,2670,Explicit,F/M,Completed,Face Slapping | Fear Play | Hair-pulling | Implied Murder | Master/Pet | Mention of bone breaking | Threats of Violence | Yandere Min Yoongi | Suga | mention of skin carving | noncon | yoongi is insane | yoongis manic laugh,Min Yoongi | Suga/Reader,yoongi,{'yoongi'}
https://golemlab.eu/graph/30399123,29,You belong to me,"Things turn sour when you catch the kings attention,",2021-04-01,1743,Not Rated,F/M,Completed,Alternate Universe - Daechwita (Agust D Music Video) | Daechwita MV Min Yoongi | Suga | Inspired by Daechwita (Agust D) | Rape | Smut | Song: Daechwita (Agust D) | Yandere | Yandere Min Yoongi | Suga | minor smut,Min Yoongi | Suga/Reader Series: Yandere BTS royalty x reader [2],yoongi,{'yoongi'}
https://golemlab.eu/graph/36703507,29,Slow motion// Yoongi// EV,"He bends down and leaves pecks on your cheeks, then he runs down your jaw licking and sucking on your exposed skin. You know he’s fascinated by your neck. ""Yoongi…"" You moan when he goes down to your collarbones. ""I want to eat you out,” he says hoarsely, brushing his teeth lightly over your skin. “Do it."" Yoongi just wants to take care of you.",2022-01-27,2888,Explicit,F/M,Completed,Kinda fluff? | Min Yoongi | Suga's Tongue Technology | NSFW | Oral Sex | Secret Relationship | Smut | coming undone | female pleasure | yoongi's hands,Min Yoongi | Suga/Reader,yoongi,{'yoongi'}
https://golemlab.eu/graph/26680474,28,Promises,"Drunken encounters in the dark might release pent up feelings, but what happens when you come together sober with the lights on?",2020-09-27,1951,Mature,F/M,Completed,Foreplay | Friends to Lovers | handicap reader | kinda smut if you squint | tied up yoongi,Min Yoongi | Suga/Reader,yoongi,{'yoongi'}
https://golemlab.eu/graph/33053368,28,Frequent Flyer (MYG 18+),"""What do you think we can do in six hours?"" he asks the question that doesn't need an answer... Your flight from LA to New York just got a bit more interesting when the man you flirted with in the lounge takes a seat right next to you. Yoongi x Reader No ships, all smut. 18+ part of the Yoongi 3 part smut series. Part two...""The Layover""...coming soon",2021-08-06,6293,Mature,F/M,Completed,Adult Content | Airplane Sex | Bathroom Sex | Cross-Posted on Wattpad | Flirting | Flirty Min Yoongi | Suga | Fluff and Smut | Min Yoongi | Suga Is Whipped | Min Yoongi | Suga-centric | Multiple Orgasms | Mutual Masturbation | No Angst | Semi-Public Sex | Smut | Stranger Sex | Strangers to Lovers | To Be Continued | Travel,"Min Yoongi | Suga/Reader Series: BTS MYG smuts, 3 part and one shots [4]",yoongi,{'yoongi'}
https://golemlab.eu/graph/41098476,28,a soft touch,Yoongi always knows exactly what you need.,2022-08-17,1156,General Audiences,F/M,Completed,Comfort | Domestic Fluff | Drabble | Established Relationship | Gender-neutral Reader | Slice of Life | technically,"Min Yoongi | Suga/Reader, Min Yoongi | Suga/You",yoongi,{'yoongi'}
https://golemlab.eu/graph/17050433,28,Red Snow,"He stumble upon her way, she didn't say anything. Apparently I suck at summaries",2018-12-18,4744,Mature,F/M,Completed,Blood | Childhood Trauma | Fluff | Muteness | Vampires | may add more tags later idk bruh..,Min Yoongi | Suga/Reader,yoongi,{'yoongi'}
https://golemlab.eu/graph/37612555,28,Brightly Wound,"for Yoongi, handling your body feels as easy as playing the tender notes on his piano",2022-03-09,3129,Mature,F/M,Completed,Doggy Style | Groping | Oral Sex | Porn with Feelings | Rough Oral Sex | Unprotected Sex | Vaginal Fingering,Min Yoongi | Suga/Reader,yoongi,{'yoongi'}
https://golemlab.eu/graph/14696118,28,Anchor,"“Is this a fucking gun?” you frowned as you stared at the rather heavy object that you were currently holding, confused yet a part of you still wished to ignore whatever you were holding and continue what was started. However, you knew it would be wrong if you ignored and gave in – simply against your morals to ignore the fact that you were currently standing in front of him with a gun in your hand. Let alone, a gun that did not belong to you.",2018-05-18,9316,Explicit,F/M,Completed,Alternate Universe | Blackjack | Explicit Language | Female Reader | Gambling | Romance | Small alcohol mention | casino - Freeform,Min Yoongi | Suga/Reader,yoongi,{'yoongi'}
https://golemlab.eu/graph/39887076,28,"My Heart, Your Hands",You didn't know you were in love with your best friend until he got a girlfriend.,2022-06-25,3380,Explicit,F/M,Completed,Friends to Lovers | Friendship | Love | Smut,Min Yoongi | Suga/Reader,yoongi,{'yoongi'}
https://golemlab.eu/graph/34606744,28,Before You Go,Being Yoongi's secret becomes too much #iVy,2021-10-20,1329,Explicit,F/M,Completed,Declarations Of Love | Emotional Hurt | Fights | Love Confessions | Sex | Vaginal Sex,Min Yoongi | Suga/Reader,yoongi,{'yoongi'}
https://golemlab.eu/graph/24889471,28,soulmates.,au where you can see every color except the color of your soulmate’s eyes.,2020-06-24,516,Not Rated,F/M,Completed,Eye Color AU | soulmate!AU,"Min Yoongi | Suga/Reader, Min Yoongi/Reader",yoongi,{'yoongi'}
https://golemlab.eu/graph/11418423,28,"But I'm Bereft, You See","In which Min Yoongi decideds to end things abruptly, two days after he comes back from tour, and three days after your anniversary. Or for lack of a better word – this is the aftermath of his first real break up.",2017-07-06,2613,Teen And Up Audiences,F/M,Completed,Angst | Angst and Feels,Min Yoongi | Suga/Reader,yoongi,{'yoongi'}
https://golemlab.eu/graph/39144543,28,The Dinner Party 18+ (MYG x reader),"What would it be like if Min Yoongi was YOUR fan? The Dinner Party - in 3 parts You are invited to a dinner party to meet someone who, you were told, will ‘change your life.’ You came hoping to land a great part in a new drama, but all you can focus on, is the gorgeous man seated beside you who won't stop flirting. A continued thought stemming from my first ever Yoongi X reader, “Just a Taste”",2022-06-12,8175,Explicit,F/M,Completed,Adult Content | Dinner | Flirting | Kissing | Min Yoongi | Suga Is Whipped | Min Yoongi | Suga-centric | Oral Sex | Party | Public Sex | Secret Admirer | Secret Crush | Secrets | Semi-Public Sex | Sex | Vaginal Fingering | Vaginal Sex | bts - Freeform | mature content,"Min Yoongi | Suga/Reader Series: BTS MYG smuts, 3 part and one shots [5]",yoongi,{'yoongi'}
https://golemlab.eu/graph/10141367,27,Kiel,You meet Yoongi at a club. Things happen.,2017-03-06,3673,Teen And Up Audiences,F/M,Completed,Fluff | Greek! Reader | Kissing | clubs | cuteness | they talk about sex,"Min Yoongi | Suga/Reader, Min Yoongi | Suga/You Series: You said you don't really like clubs yet I seem to always find you in one [1]",yoongi,{'yoongi'}
https://golemlab.eu/graph/15653301,27,H.E.R.,She loves him but he belongs to her best friend. One Shot.,2018-08-11,2437,Mature,F/M,Completed,College | Love | Love Confessions | Original Character(s),Min Yoongi | Suga/Reader,yoongi,{'yoongi'}
https://golemlab.eu/graph/33318073,27,taking care,"""no days off"" is not a flex.",2021-08-17,823,General Audiences,Gen,Completed,Established Relationship | Hurt/Comfort | Songfic,Min Yoongi | Suga/Reader,yoongi,{'yoongi'}
https://golemlab.eu/graph/33651022,27,to see you (to meet you),"After 6 months away, you're eager to fly home to visit your best friend who you definitely don't have more than platonic feelings for. Who? That couldn't be /you/ there. After all, you've been hiding your feelings for almost half your friendship. *Sigh* It's just going to be another normal visit. Right? or The one where you and your ultra famous best friend finally sit down and have a talk about /feelings/. your typical f2l fic ;)",2021-09-03,4478,Mature,F/M,In-Progress,Eventual Smut | Fluff | Friends to Lovers | Inspired by Spring Day (BTS) | Mutual Pining | Oral Sex | Sex in a Bangtan Boys | BTS Studio | Spelling Jeon Jungkook as Jeon Jeongguk | Unrequited Love | smexy times ;),Min Yoongi | Suga/Reader,yoongi,{'yoongi'}
https://golemlab.eu/graph/38985891,27,allusion to charm,"Your Yoongi is a peculiar entity, coming and going as he pleases, bending the rules of the physical world a few times a day with little but a shrug and a wave of his hand. Your good luck charm, so he said. Does he have anything better to do with his infinite time than will you good sleep, hover over your shoulder and materialize through your walls? Apparently, no.",2022-05-14,3240,General Audiences,F/M,In-Progress,Developing Relationship | Domestic Fluff | Light Angst | Mental Health Issues | Min Yoongi | Suga is Good at Feelings | Mutual Pining | Slice of Life | Slow Build | Soft Min Yoongi | Suga | Supernatural Elements | Yoongi is a rock | as in: he’s your rock [heart eyes] | good luck charm yoongi | similar to a guardian angel,Min Yoongi | Suga/Reader,yoongi,{'yoongi'}
https://golemlab.eu/graph/35181022,26,I still win,Yoongi makes a bet you make him regret,2021-11-17,6627,Explicit,F/M,Completed,69 (Sex Position) | Aftercare | Anal Sex | Attempted Seduction | Beggining | Betting | Blow Jobs | Come Sharing | Come Swallowing | Come play | Consensual Kink | Cowgirl Position | Dirty Talk | Filthy | Fluff and Crack | Fluff and Smut | Fluffy Ending | Lingerie | Married Couple | Married Life | Married Sex | Mentions of Sex Toys | Min Yoongi | Suga Has a Big Dick | Min Yoongi | Suga Is Whipped | Nipple Play | No nut november | Nudes | OT7 | Oral Sex | Pegging | Pet Names | Plot What Plot/Porn Without Plot | Reader is whipped | Seduction | Sex | Sex Toys | Slut Shaming | Some Plot | Switch Min Yoongi | Suga | Switch Reader | Teasing | Vaginal Fingering | Vaginal Sex | Whiny Min Yoongi | Suga | hints that yoongi is pan in this fic | mentions of anal | mentions of explicit photos | mentions of pegging | mentions of switching | not a big plot | sending nude to groupchat | you call yoongi kitten,"Min Yoongi | Suga/Reader, Min Yoongi | Suga/You",yoongi,{'yoongi'}
https://golemlab.eu/graph/30886550,26,The Wedding Painter,"you were close to finishing your current clients painting when you get interrupted by the best man, who has a certain idea for you",2021-04-24,493,General Audiences,F/M,Completed,Alternate Universe | Best Man Min Yoongi | Suga | Cute | Fluff | Wedding Painter | Weddings | gender neutral reader,"Min Yoongi | Suga/Reader, Min Yoongi | Suga/You Series: BTS Ghostie Drabble Marathon [8]",yoongi,{'yoongi'}
https://golemlab.eu/graph/27664049,26,MY LIFE,Just Min Yoongi appreciating his woman inside his studio.,2020-11-22,498,Not Rated,F/M,Completed,Domestic Fluff | Fluff | Tooth-Rotting Fluff,Min Yoongi | Suga/Reader,yoongi,{'yoongi'}
https://golemlab.eu/graph/30294408,26,Teach Me,You're a choreographer for BigHit entertainment and really can't seem to get any luck with men. Yoongi makes you a bet that he can teach you a thing or two about love and men. You quickly find out why his charm is so hard to resist.,2021-03-27,6459,Explicit,F/M,Completed,Fluff and Smut | Friends to Lovers | Sexual Tension | Smut,Min Yoongi | Suga/Reader,yoongi,{'yoongi'}
https://golemlab.eu/graph/39725490,26,The Defectors,"After experiencing a violent crashlanding, you wake up in a foreign elite-force ship. You don’t remember what happened… You’re injured and lost. But the new crew onboard treats your wounds and helps you heal… in more ways than simply applying ointment to the area. The crew is equally lost after a mishap of their own and are on a search for the leaders of The Defectors in order to get help… Yoongi is the leader of the crew and captain and as a captain yourself you find yourself having a lot in common with him and chemistry sparks… more than you initially expected it to. It turns out, the help the crew needed all along… was you.",2022-06-18,17647,Explicit,F/M,Completed,Alternate Universe - Space | Bottom Min Yoongi | Suga | Captain Min Yoongi | Suga | Dom Min Yoongi | Suga | Outer Space | Power Bottom Min Yoongi | Suga | Power Dynamics | Smut | Tattooed Min Yoongi | Suga | Top Min Yoongi | Suga,Min Yoongi | Suga/Reader,yoongi,{'yoongi'}
https://golemlab.eu/graph/27721636,26,Candle,"You met him at the lowest point in your life. Then he became your candle, a guide on your way up.",2020-11-26,4332,Teen And Up Audiences,Gen,Completed,Angst | Depression | Suicidal Thoughts | subtle depictions of self harm | triggering content | uplifting ending,Min Yoongi | Suga/Reader,yoongi,{'yoongi'}
https://golemlab.eu/graph/16454609,26,Sink or Swim,"""Promise me you will not spend so much time treading water and trying to keep your head above the waves that you forget, truly forget, how much you have always loved to swim."" - Tyler Knott Gregson",2018-10-29,24129,Not Rated,F/M,In-Progress,Eventual Romance | Fluff | Implied Sexual Content | Reader-Insert | References to Depression | Starting Over,Min Yoongi | Suga/Reader,yoongi,{'yoongi'}
https://golemlab.eu/graph/11490246,26,"Please, Don't Do This","For a moment everything just seemed right, the night sky had cleared so you could see the stars one last time and the cool breeze that brushed over your cheeks was refreshing. “Please, I don’t know you, but I promise… It’s not worth it,” ~ A chapter in a drabble series I have been working on for a while.",2017-07-13,512,Teen And Up Audiences,F/M,Completed,Alternate Universe - Canon | Depression | Emotional Hurt | Hurt/Comfort | Mental Health Issues | Suicide Attempt,"Min Yoongi | Suga/Reader, Min Yoongi | Suga/You Series: You and I, If We'reTogether, We Can Smile - 너와 나 함께라면 웃을 수 있으니까 [1]",yoongi,{'yoongi'}
https://golemlab.eu/graph/39856536,26,Mafia Meet Cute Yoongi,"Working at the library might not pay much but it had always been your dream.  When you meet a man who who seems afraid of tech but desperate to learn, you have to decide if being brought back from the brink is worth waking up in a place even more dangerous than you dreamed.",2022-06-24,13365,Explicit,F/M,Completed,Angst | Blackmail | Cuckolding | Drugs | Mafia AU | Rape/Non-con Elements | Sexual Harassment | Violence,"Min Yoongi | Suga/Reader, Min Yoongi | Suga/You Series: Mafia Meet Cute [7]",yoongi,{'yoongi'}
https://golemlab.eu/graph/35123164,26,Lunch Break,You were not super social and hid away to rest during your lunch break. But this time you got an unexpected visitor.,2021-11-14,4618,Teen And Up Audiences,F/M,Completed,A kiss :o | I don't know this is it | It is soft and that's it ahaha | It's lunch break but no one eats.. it's a horrible world if you ask me.. | There's no relationship but I still leave that as a warning haha | Yoongi's naked belly :o | a belly to be precise | insecurities maybe? | it is kinda canon compliant in some ways | maybe two | naked skin.. :o | or was it three? haha | overthinking yea yea because I'm good at writing that | soft | specific pictures of yoongi that made me write this in the first place,Min Yoongi | Suga/Reader,yoongi,{'yoongi'}
https://golemlab.eu/graph/19153630,26,After Hours,Yoongi is an asshole and you’re stuck as his assistant.,2019-06-09,2453,Mature,F/M,Completed,I swear | bts - Freeform | bts fanfic | bts fanfiction | bts fic | bts scenario | bts scenarios | bts smut | idol | there’s a plot,Min Yoongi | Suga/Reader Series: One-Shots [2],yoongi,{'yoongi'}
https://golemlab.eu/graph/13809795,26,Sweet as Suga (Save Me),It's a rainy day in the lead up to Christmas. You're working an extra shift at Marcelle's Coffee House. Getting shouted at by your boss wasn't in your plans for that day— but neither was running out into the rain and bumping into a very lost and very cold pink haired stranger named Yoongi. Setting you off on a rollercoaster ride of romance and new friendships… ^^^^^^^^^^^^^^^^^^^^^ THIS IS NOT AN ALTERNATE UNIVERSE (AU) THIS IS STILL THE NORMAL UNIVERSE WHERE BTS EXISTS Enjoy guys…..Its my first fic here so no mean comments!,2018-02-27,4916,Not Rated,F/M,In-Progress,Author Is Sleep Deprived | Cute Min Yoongi | Suga | Domestic Fluff | Fluff | Grumpy Min Yoongi | Suga | I suck at tags | Light Angst | Min Yoongi | Suga Is Whipped | Min Yoongi | Suga Is a Good Hyung | Min Yoongi | Suga Is a Sweetheart | Min Yoongi | Suga is overworked and exhausted | Min Yoongi | Suga x Reader - Freeform | Producer Min Yoongi | Suga | SOMUCHFLUFF | The Author Regrets Nothing | bangtang boys | bts - Freeform | pure fluff,Min Yoongi | Suga/Reader,yoongi,{'yoongi'}
https://golemlab.eu/graph/20406928,26,Date Day,"You finally get a day off to spend with your boyfriend, Yoongi. So you decide to have a date day",2019-08-26,1086,General Audiences,F/M,Completed,Adorable | Fluff | One Shot | Short & Sweet | Tooth-Rotting Fluff,Min Yoongi | Suga/Reader,yoongi,{'yoongi'}
https://golemlab.eu/graph/14776431,26,Never Be The Same,"""Just hold my hand if you're scared. I won't let it go. I promise""",2018-05-28,1881,Not Rated,F/M,Completed,Air Balloon | Amusement Park | Camera | GCF | Giant Drop | Long Term Relationship | Roller Coaster | Sweet,Min Yoongi | Suga/Reader Series: BTS One Shot (BTSxReader) [2],yoongi,{'yoongi'}
https://golemlab.eu/graph/17760794,25,Road Trip,"A roadtrip with your boyfriend sounds like the perfect getaway, but what happens when you get a little needy along the way?",2019-02-13,866,Mature,F/M,Completed,,Min Yoongi | Suga/Reader,yoongi,{'yoongi'}
https://golemlab.eu/graph/36410197,25,Duplicity,"Yoongi lies as easily as he tells the truth, until he meets someone he doesn’t want to lie to.",2022-01-14,6130,Explicit,F/M,Completed,Alternate Universe - Non-Famous | Alternate Universe - Police | Angst | Smut,Min Yoongi | Suga/Reader Series: Rage [2],yoongi,{'yoongi'}
https://golemlab.eu/graph/28022106,25,Have a Merry Christmas :) - Yoongi,It's december! Happy holidays guys!,2020-12-12,3945,General Audiences,F/M,Completed,Fluff | Musician Yoongi x Author Reader,Min Yoongi | Suga/Reader,yoongi,{'yoongi'}
https://golemlab.eu/graph/27107467,25,Argument with Yoongi Part 2,None,2020-10-19,1942,Teen And Up Audiences,F/M,Completed,,Min Yoongi | Suga/Reader Series: BTS reacts [7],yoongi,{'yoongi'}
https://golemlab.eu/graph/15158243,25,Memories,Seven months have passed in a haze for Yoongi now that he no longer has you there and his friends are tired of seeing him waste away.,2018-07-04,1849,General Audiences,F/M,Completed,Angst | Angst and Hurt/Comfort | Comfort/Angst | Fluff | Fluff and Angst | Heavy Angst,Min Yoongi | Suga/Reader,yoongi,{'yoongi'}
https://golemlab.eu/graph/34515766,25,"Aidoneus, My Love","Yoongi believes the mortal, Adonis, has stolen your heart, but he will never share his love with anyone else for as long as he is king of the underworld. “We belong to each other, my love, for all of eternity.”",2021-10-15,4673,Explicit,F/M,Completed,Creampie | Dirty Talk | Dry Humping | Exhibitionism | Jealousy | Oral Sex | Orgasm Delay/Denial | Unprotected Sex | Vaginal Fingering | adonis has a slight appearance bc this aint about him | slight edging,"Min Yoongi | Suga/Reader, Min Yoongi | Suga/You Series: hades!yoongi [3]",yoongi,{'yoongi'}
https://golemlab.eu/graph/11470002,25,When Past & Present Collides,"He had written a book that had changed you in a way that no other author has ever did. This was ruination. The past and present has its ways of colliding — for you, it was Min Yoongi.",2017-07-11,4109,Teen And Up Audiences,F/M,Completed,Angst | Angst and Feels | Angst and Fluff and Smut | Fluff and Angst | Heavy Angst,Min Yoongi | Suga/Reader,yoongi,{'yoongi'}
https://golemlab.eu/graph/36079795,25,As things fall apart (they come together),"Married to one of the most famous celebrities in the world, SUGA of BTS, and working as a producer for one of the biggest labels in the world... as if things couldn't get any more chaotic, one of your favorite artists, DEAN, asks to work with you. As things fall apart, they come together.",2021-12-30,22237,Teen And Up Audiences,F/M,Completed,Alternate Universe - Celebrity | Jealous Min Yoongi | Suga | Light Angst | Min Yoongi | Suga is Bad at Feelings | No Smut | Romantic Fluff | Slice of Life,Min Yoongi | Suga/Reader,yoongi,{'yoongi'}
https://golemlab.eu/graph/11043795,24,winter comes and goes,Yoongi could only watch helplessly as you slowly fade away.,2017-05-30,444,Not Rated,F/M,Completed,Angst | Character Death | Goblin!AU | Heavy Angst | Inspired by Goblin (K-Drama) | goblin! yoongi | grim reaper! taehyung | in case youre feeling emo,Min Yoongi | Suga/Reader,yoongi,{'yoongi'}
https://golemlab.eu/graph/16961487,24,Dangerous Is His Love,Your life changes drastically when on a fateful day you are somewhat rescued by the notorious Min Yoongi you’ve been hearing about for months.,2018-12-12,15423,Mature,F/M,In-Progress,Angst | Ass Slapping | Dirty Talk | Dom/sub | Fluff | Oral Sex | Rough Sex | Smut | Vaginal Fingering,Min Yoongi | Suga/Reader,yoongi,{'yoongi'}
https://golemlab.eu/graph/34566031,24,That Dress,"You're wearing your favorite dress, which triggers a memory for Yoongi and yourself from the last time you wore it. Work events can be so boring cant they?",2021-10-18,1493,Mature,F/M,Completed,Established Relationship | Smut | Workplace,Min Yoongi | Suga/Reader,yoongi,{'yoongi'}
https://golemlab.eu/graph/39396174,24,Lullaby,"If Yoongi had his way, and he often did, he would stay up every night to take care of his little girl.",2022-06-02,676,General Audiences,F/M,Completed,Dad!Tan | Idol Yoongi if you squint | Parents AU | musician au,Min Yoongi | Suga/Reader Series: Messages From Satvrn [9],yoongi,{'yoongi'}
https://golemlab.eu/graph/19478512,24,Small Bump,"They didn't know how it happened, or how it started, but it's already done.",2019-07-04,1990,Teen And Up Audiences,F/M,Completed,Alternate Universe - High School | Implied/Referenced Character Death | Teen Pregnancy,Min Yoongi | Suga/Reader,yoongi,{'yoongi'}
https://golemlab.eu/graph/13200033,24,Lure,You’re alone on that island but at least there’s Min Yoonji there to keep you company.,2017-12-30,1899,Teen And Up Audiences,F/F,Completed,Angst | Sirens,Min Yoongi | Suga/Reader Series: rbuns [1],yoongi,{'yoongi'}
https://golemlab.eu/graph/27305266,24,"Forget me, forget me not","pairing: guitarist!yoongi x college student!reader summary: Since you first saw the guitarist play at a bar downtown, you’ve always hoped he would see you more than just his friend. But never have you thought it would actually happen— two days before you leave Seoul. cross-posted from mintseesaw",2020-10-31,1364,Not Rated,F/M,Completed,Domestic Fluff | Fluff | Fluff and Angst,"Min Yoongi | Suga/Reader, Min Yoongi | Suga/You",yoongi,{'yoongi'}
https://golemlab.eu/graph/13236201,24,tell me you love me.,"hello there! This is my first bts fic, so i do apologize in advance if yoongster seems ooc >~< this is just pure angst. i'm still not sorry leave a kudo if you enjoyed!",2018-01-01,1352,Not Rated,F/M,Completed,Angst | Heavy Angst | Infidelity | One Shot | This is just pure angst | Who even knows | and a lot of it | drabble? | im not sorry,Min Yoongi | Suga/Reader,yoongi,{'yoongi'}
https://golemlab.eu/graph/23145382,24,i don't love you... right?,"“i don’t love you anymore. just accept it.” and with that, he was gone. like a leaf in the wind, he disappeared from your view. and your life.",2020-03-14,1968,General Audiences,F/M,Completed,Angst | Angst with a Happy Ending | Emotional Hurt/Comfort | I Tried | I'm not sorry | Min Yoongi | Suga is Bad at Feelings | Not Canon Compliant | The Author Regrets Nothing | There will be a sequel | Well - Freeform | at all | eventually | maybe a little,Min Yoongi | Suga/Reader Series: it's just us in this tiny place [2],yoongi,{'yoongi'}
https://golemlab.eu/graph/20448722,24,"Shy Kitty, Lewd Kitty","This is what happens when Yoongi is in a mood to tease. And also what happens when you try to stop him from teasing you. Well, the title gives it all away. (Actually this story is the continuation from my previous one, Piano Lesson , but you can skip it)",2019-08-30,2024,Explicit,F/M,In-Progress,Dom Min Yoongi | Suga | If you squint REAL hard lol | Mild Smut | Oppa Kink | Plot What Plot/Porn Without Plot | Vaginal Fingering | and | i hope i wont disappoint in the second chapter | im adding tags later | im sorry | only | there is not much in the first chapter | well a bit of feels at the end | yet again,"Min Yoongi | Suga/Reader, Min Yoongi | Suga/You",yoongi,{'yoongi'}
https://golemlab.eu/graph/30167475,24,Little Black Book: The One You Trust,"There are a few names in your Little Black Book, and these seven hold a special place in your heart.  Now that you are closing that chapter in your life, you reminisce the time and experience you have had with your seven favourite men, especially with Min Yoongi, the one you trust.",2021-03-20,5112,Explicit,F/M,Completed,Friends With Benefits | Oral Sex | Smut,"Min Yoongi | Suga/Reader, Min Yoongi | Suga/You Series: Little Black Book [1]",yoongi,{'yoongi'}
https://golemlab.eu/graph/27707258,24,Love & War,"All is fair in love and war, and Min Yoongi, your older brother’s best friend, happens to use one as an excuse for the other. (Requested on my tumblr, squizzybeanexe.tumblr.com)",2020-11-25,6538,Mature,F/M,Completed,Alcohol | Alternate Universe - College/University | Angst | Fluff | Jung!Reader | Mentions of underage drinking | Slight vmin | Smut | Tsundere Min Yoongi | Suga | jinah and seokjin are a ship but that doesn't represent my irl ships | wheein and jinah are side characters bc i'm a simp,Min Yoongi | Suga/Reader,yoongi,{'yoongi'}
https://golemlab.eu/graph/24781189,24,Spray City,Working late nights at a tanning salon can be a hassle when clients come in last minute. But when Min Yoongi comes in wanting a tan you realize that working closing shift might not be such a drag.,2020-06-18,1283,Explicit,F/M,Completed,,Min Yoongi | Suga/Reader,yoongi,{'yoongi'}
https://golemlab.eu/graph/19389709,24,Prisoner ~ Yoongi x Reader,"When they meet, they only have ten days to live. When conversations turn into feelings, how will they say their goodbyes?",2019-06-28,12530,Mature,F/M,Completed,Alternate Universe | Alternate Universe - Gangsters | Alternate Universe - Prison | Angst | Brother-Sister Relationships | Brotherly Love | Crime Scenes | Crimes & Criminals | Cute Min Yoongi | Suga | Cute Park Jimin (BTS) | Depressed Min Yoongi | Suga | Depressing | Eventual Romance | Falling In Love | Fluff | Gangs | Gangsters | Heroes to Villains | Humor | Min Yoongi | Suga Is a Little Shit | Min Yoongi | Suga is Bad at Feelings | Min Yoongi | Suga is So Done | Min Yoongi | Suga-centric | Mind Manipulation | Organized Crime | Partners in Crime | Prison | Realistic | Romance | Sad | Sarcasm | Short | Slow Burn | True Love | Villains,Min Yoongi | Suga/Reader,yoongi,{'yoongi'}
https://golemlab.eu/graph/16473407,23,The Infamous Halloween Couple's Costume Party,"You bustled into the apartment you shared with Yoongi, plastic bags hanging from your arms. “We’re going to that couple’s costume party,” you announced. Yoongi looked up from his laptop. “What?” You dumped your plastic shopping bags on the kitchen table, opening the refrigerator and putting a jug of milk inside. “We’re going to the couple’s costume party tonight.” He looked back down at the screen. “That’s nice,” he said, scrolling down the page. Then his head jerked up. “Wait, did you just say couple’s costume party?” In which Yoongi reluctantly goes to the party wearing a ridiculous costume and gets embarrassed and cute stuff like that",2018-10-31,2673,General Audiences,F/M,Completed,Cute Min Yoongi | Suga | Fluff | Grumpy Min Yoongi | Suga | Halloween Costumes | halloween fic,Min Yoongi | Suga/Reader,yoongi,{'yoongi'}
https://golemlab.eu/graph/12245157,23,The Denny's Parking Lot,"We all know that the Denny's parking lot is where all the serious stuff goes down. Luckily, your town has two and you're really about to get all the style points - and maybe a new more-than-friend out of it, perhaps, maybe, who knows? It's Denny's.",2017-10-02,2081,Teen And Up Audiences,Other,Completed,Alternate Universe - College/University | Gender-Neutral Pronouns | Reader-Insert | The Denny's Parking Lot | boomboxes | don't be careless | most romantic place ever amiright,Min Yoongi | Suga/Reader,yoongi,{'yoongi'}
https://golemlab.eu/graph/40543917,23,stand by me,yoongi becomes your knight in black leather.,2022-07-24,1591,General Audiences,F/M,Completed,Alternate Universe - Bikers | Biker Min Yoongi | Suga | Childhood Friends | Fluff | Fluff and Angst | Song: stand by me (Bene E. King) | Songfic | Warning: cat calling | childhood friends to strangers to friends again,Min Yoongi | Suga/Reader Series: drabble requests [4],yoongi,{'yoongi'}
https://golemlab.eu/graph/10394739,23,Stranger,How was it possible to fall in love with a complete stranger-- before you've met them or even talked to them? Yoongi never thought it was possible but here he was; with a stranger as his muse and a stranger invading his mind space.,2017-03-21,2905,General Audiences,F/M,Completed,,Min Yoongi | Suga/Reader,yoongi,{'yoongi'}
https://golemlab.eu/graph/22696171,23,Mistletoe,In which you show Yoongi that he doesn’t have to spend Christmas alone.,2020-02-13,1309,General Audiences,F/M,Completed,Angst | Fluff | Fluff and Angst,Min Yoongi | Suga/Reader,yoongi,{'yoongi'}
https://golemlab.eu/graph/24233800,23,Crossed Bare,"Genre: Smut with Yoongi x Female Reader (Y/N) Warnings: Restraints, Sensory Play, Choking kink, Hand kink, Harsh Pet Name. Summary: You’re his bound plaything, and now it’s playtime. Reference: No Church in the Wild by Jay-Z, Kayne West, Frank Ocean, The-Dream All rights reserved ©Gotmetalkinginmysleep",2020-05-17,830,Explicit,F/M,Completed,Choking | Hand & Finger Kink | Handcuffs | Light Bondage | Pet Names | Restraints | Sensation Play | Swearing | Wax Play,Min Yoongi | Suga/Reader,yoongi,{'yoongi'}
https://golemlab.eu/graph/18070760,23,Iced,"It's hot, and going to Yoongi's place is the worst idea for several reasons.",2019-03-11,910,General Audiences,F/M,Completed,Drabble | Hot Weather | Ice | Slice of Life | Water,Min Yoongi | Suga/Reader,yoongi,{'yoongi'}
https://golemlab.eu/graph/28511235,23,Forever (The Immortals),"""I'm a monster!"" He shouted in my face, his veins popping out on his neck. I tried to hold my tears but failed, all these months of patience and anger caused my body to shake, my heart was pounding so loud in my chest, making my blood boil in my veins. ""No Yoongi! You're not a monster!"" I cried out loud, my chest rising and falling from my heavy breathing. He clenched his jaw and fisted his palms and in seconds, he punched the wall that was behind me right next to my face, making me gasp for air. All the anger that built inside me was now replaced with fear as his piercing black eyes turned even darker. ""How can you say that after what I did to you?"" He hissed, his hot breath hitting my swollen lips, his nostrils flaring. I took a deep shaky breath before parting my lips to answer him. ""Because I can see through you, Yoongi. I can see your innocence."" © 2018 by illegurlseagurr. All Rights Reserved.",2021-01-02,26464,Explicit,F/M,In-Progress,Alternate Universe - Bangtan Boys | BTS A/B/O | Alternate Universe - Supernatural Elements | Drama | Romance | Violence,Min Yoongi | Suga/Reader,yoongi,{'yoongi'}
https://golemlab.eu/graph/19809715,23,Pisces,"Rather than be to chained to a man, you would rather be tied to the sea. Yet, as the King’s only daughter, you may never get that choice. For now, you can only dream that fate has other plans.",2019-07-14,8388,Teen And Up Audiences,F/M,In-Progress,Alternate Universe - Royalty | Fluff and Angst | Little Mermaid Elements | Mermaid Yoongi | Prince Min Yoongi | Suga,Min Yoongi | Suga/Reader,yoongi,{'yoongi'}
https://golemlab.eu/graph/20006491,23,90 Minutes,"All you needed was 90 minutes to make sure you ruined this deal, and you would do whatever it took, even if it meant kidnapping Min Yoongi and tying him to a chair in a moving vehicle.",2019-07-28,4988,Mature,F/M,In-Progress,Cunnilingus | Drug Use | Kidnapping | Oral Sex | Plot What Plot/Porn Without Plot | Smut | Vaginal Sex | criminal | not really kidnapping,Min Yoongi | Suga/Reader,yoongi,{'yoongi'}
https://golemlab.eu/graph/16514264,23,Morning,He's there with you.,2018-11-04,234,General Audiences,F/M,Completed,Drabble | Fluff | Mornings | One-Shots | Oneshot | Slice of Life | actual pure fluff,Min Yoongi | Suga/Reader Series: fluffy one-shots [1],yoongi,{'yoongi'}
https://golemlab.eu/graph/20339386,23,A Night with Yoongi,Yoongi is tense after a day of interviews and needs to release the tension,2019-08-21,1069,Explicit,F/M,Completed,Explicit Language | Explicit Sexual Content | Oral Sex | Vaginal Sex,Min Yoongi | Suga/Reader,yoongi,{'yoongi'}
https://golemlab.eu/graph/35314828,23,What You Want,"You’re curious as to what your quiet, busy boyfriend, Min Yoongi wants sexually and willing to learn for his pleasure. You finally get the chance to and it’s not what you expected.",2021-11-24,4441,Explicit,F/M,Completed,Bondage | Creampie | Dom Min Yoongi | Suga | Edgeplay | Edging | Explicit Language | Explicit Sexual Content | Kink Exploration | Rope Bondage | Rough Sex,Min Yoongi | Suga/Reader,yoongi,{'yoongi'}
https://golemlab.eu/graph/18924436,23,The Emperor's Twin,"2095. The assassination of a warmongering, lecherous Emperor in his arctic palace falls into your reluctant hands. Little do you know that his tender-natured twin brother in prison knows the crucial detail to avert the war. You are bound to get into trouble given how either sibling has taken interest in you.",2019-06-03,16296,Explicit,F/M,In-Progress,Action/Adventure | Alternate Universe - Assassins & Hitmen | Alternate Universe - Dystopia | Alternate Universe - Future | Alternate Universe - Twins | Drama & Romance | Eventual Smut | OC!Reader - Freeform | Past Character Death | Reader-Insert | Romantic Fluff | Secret Agent!Reader | Secret!Agent Namjoon | Slow Burn | Twin!Yoongi | Twins,Min Yoongi | Suga/Reader Series: Submissive BTS | Dystopian AUs [5],yoongi,{'yoongi'}
https://golemlab.eu/graph/24985123,23,Professional Pussy Eater,He was desperate to taste you.,2020-06-29,316,Explicit,F/M,Completed,Cunnilingus | Dirty Talk | First Time Eating Pussy | Vaginal Fingering,Min Yoongi | Suga/Reader,yoongi,{'yoongi'}
https://golemlab.eu/graph/18102794,23,Dick and Mortified,"Your friend-with-benefits is dragged into a crack-like adventure to get Mars Argo, on a planet you’re wanted on.",2019-03-13,6824,Explicit,F/M,Completed,Alternate Universe - Rick and Morty | Cumplay | Dirty Talk | Friends With Benefits | Masturbation | The humor is inappropriate/slightly offensive/really random/really stupid. Lots of dick jokes | blowjob | intercourse | it’s basically a crack oneshot. But enjoy it anyways. Handjob | like way too many. I’m not saying this is good | trust me - Freeform,Min Yoongi | Suga/Reader,yoongi,{'yoongi'}
https://golemlab.eu/graph/20142583,22,you put your arms around me (and I'm home),"""You met him when you were 16, in high school. In fact, you were neither close nor friends until, for some greater reason, you met in college again. Him? Music major. You? Psychology. It was extremely hard to see him around the campus but all it took was one party to change it all."" or: you and yoongi fall for each other and these are the steps of your never-ending love.",2019-08-06,768,General Audiences,F/M,Completed,Best Friends | Declarations Of Love | Developing Relationship | Domestic Fluff | Drabble | Fluff | Friends to Lovers | Happy Ending | Love Confessions | Marriage Proposal,Min Yoongi | Suga/Reader,yoongi,{'yoongi'}
https://golemlab.eu/graph/19734469,22,22. Beauty and the Beast,Prompt: Disney Princess Crossovers Week 4 Day 1,2019-07-09,1828,Teen And Up Audiences,F/M,Completed,Angst | Beauty and the Beast | Disney Princess Crossovers | Fairytale Violence | one shots,Min Yoongi | Suga/Reader Series: 50 Days of One Shots [22],yoongi,{'yoongi'}
https://golemlab.eu/graph/18443303,22,hot,You're glad Yoongi agrees to do almost anything with you,2019-04-12,1061,Teen And Up Audiences,F/M,Completed,Slice of Life | Yoga | exercise,Min Yoongi | Suga/Reader,yoongi,{'yoongi'}
https://golemlab.eu/graph/24657061,22,When They Ask Him About You | m.yg,When They Ask Him About You | m.yg ONESHOT Found elsewhere on Instagram & AO3 @solar_lunix STARTED: 08 June 2020 COMPLETED: 10 June 2020,2020-06-11,941,Not Rated,F/M,Completed,Angst | Army | Brain Cancer | Cancer | D-2 | Depressed Min Yoongi | Suga | Inspired by Agust D Mixtape | Interview | K-Pop - Freeform | K-Pop Oneshots | Love | Mates | Min Yoongi | Suga Is Whipped | Min Yoongi | Suga is Bad at Feelings | Oneshot | Producer Min Yoongi | Suga | Romance | Sacrifice | Sad | Self-Sacrifice | Soft Min Yoongi | Suga | Song: Daechwita (Agust D) | Soul Bond | Soulmates | South Korea - Freeform | True Love | True Mates | agust d | bts oneshot,Min Yoongi | Suga/Reader,yoongi,{'yoongi'}
https://golemlab.eu/graph/21515620,22,Just Nod,You and Yoongi grow closer towards each other after having to work together in hosting a Halloween Party for children.,2019-11-21,851,General Audiences,F/M,Completed,Alternate Universe - College/University | Fluff and Humor | Getting Together | Halloween Costumes | Halloween Party For Children | Slow Dancing | volunteering,Min Yoongi | Suga/Reader Series: #BTSCampfireStories [2],yoongi,{'yoongi'}
https://golemlab.eu/graph/39477702,22,in-flight entertainment,Maybe the fourth mini-bottle of tequila was a little bit too much. Good thing this stranger's got a very enticing and comfortable shoulder to sleep on for the rest of the flight.,2022-06-06,935,Teen And Up Audiences,F/M,Completed,Drinking | Drinking to Cope | Fluff | Meet-Ugly | Vomiting | Weddings | cuter than the tags imply,Min Yoongi | Suga/Reader,yoongi,{'yoongi'}
https://golemlab.eu/graph/7346899,22,so perfect II,Second day of your honeymoon with your newly-wed husband Yoongi.,2016-06-30,582,General Audiences,F/M,Completed,BTS fluff | Fluff | Honeymoon | Romance | Wedding | bangtan boys - Freeform | bangtan sonyeondan - Freeform,Min Yoongi | Suga/Reader Series: so perfect [2],yoongi,{'yoongi'}
https://golemlab.eu/graph/20485289,22,After Hours,What happens at work is not to be carried over into After hours.,2019-09-02,4779,Explicit,F/M,Completed,Mild Smut | Punishment,"Min Yoongi | Suga/Reader, Min Yoongi | Suga/You",yoongi,{'yoongi'}
https://golemlab.eu/graph/17828276,22,Lunch Date,Your usual lunch date at your husbands office gets interrupted after one of his workers and good friend Park Jimin bursts through the door.,2019-02-17,1317,General Audiences,F/M,Completed,CEO Min Yoongi | Suga | Cute Min Yoongi | Suga | Domestic Fluff | Marriage,Min Yoongi | Suga/Reader,yoongi,{'yoongi'}
https://golemlab.eu/graph/13168740,22,Mint Chocolate Chip,I wrote this a few months ago. a cute fluff with Yoongi.,2017-12-27,332,Teen And Up Audiences,F/M,Completed,,Min Yoongi | Suga/Reader Series: Short and cute (like chim and GI) [3],yoongi,{'yoongi'}
https://golemlab.eu/graph/16209368,22,Count Down,"(Y/n) inherited her father's weapon shop and couldn't care less about gangs except for those who were her shop's customers. Unfortunately, she's forced to once she's caught in the middle of a gang war and discovered as a person of interest by the notorious gang Bulletproof then she can throw her hopes of living an unbothered life out of the window. Surviving in a gang was hard enough as it is without her having to especially involve herself with Min Yoongi to catch a trio of traitors before they get to blow the entirety of Korea to high heaven.",2018-10-07,4147,Teen And Up Audiences,F/M,In-Progress,Alliances | Betrayal | Bombs | Comedy | Fluff | GOTBang moments | Jungkook is clueless about women | Kidnapping | Language | Lies | MafiaAU | Rescue | Romantic Comedy | Searches | Secret Missions | Secrets | Slow Burn | Violence | Weapons | Yoongi can be kinda sexist | a really fearless savage | after the slow burn romance | crackheads in a mafia | nofilter | not that slow tho | plenty of people get beat up | protective bangtan | reader is a Savage | serious topics with light hearted moments | someone please teach them how to chill | typical mafia stuff,Min Yoongi | Suga/Reader,yoongi,{'yoongi'}
https://golemlab.eu/graph/30464700,22,Noona,Your little brother is a member of BTS. He wants you to come stay at the dorm while transitioning to your new place in Seoul. You weren't expecting the visit to bring about major life changes.,2021-04-04,19419,General Audiences,Multi,Completed,Angst | noona,Min Yoongi | Suga/Reader,yoongi,{'yoongi'}
https://golemlab.eu/graph/24436105,22,Just a Feeling,"You meet him at the bar and something about him seems different. Regardless, you get to know him...",2020-05-29,5633,Explicit,F/M,Completed,Choking | Cigarettes | Cunnilingus | Dirty Talk | Drinking | Drunk Min Yoongi | Suga | Edgeplay | Eventual Smut | Explicit Sexual Content | Fingering | Fluff | Gentleman | MeetCute | Poorly written | Sex | Smut | blowjob | celebrity encounter | club | kind of,Min Yoongi | Suga/Reader,yoongi,{'yoongi'}
https://golemlab.eu/graph/40307172,22,Bury Me,"""Someone who loves you wouldn't do this."" - Conan Gray (Family Line)",2022-07-14,9835,Teen And Up Audiences,F/M,In-Progress,Angst | Arranged Marriage | Fluff | Mafia AU | Swearing | Violence,Min Yoongi | Suga/Reader,yoongi,{'yoongi'}
https://golemlab.eu/graph/11489484,22,Amnesia || discontinued,"""Yoongi! I'm so gald you're awake! I thought I'd never get you back, I love you."" I looked up at my boyfriend and saw that instead of a soft smile there was an air of confusion plastered on his face. ""I'm sorry but who the hell are you?"" ••• A life changing car crash and a sickening consequence are things that you never thought you would have to face as you risk loosing the man you love.",2017-07-13,4101,Mature,F/M,In-Progress,Angst with a Happy Ending | Bittersweet | Car Accidents | Coma | Flashbacks | Hospitals | Im sorry in doing this to you | Koreans | Memory Loss | Sad | Temporary Amnesia | Triggers | kpop,Min Yoongi | Suga/Reader,yoongi,{'yoongi'}
https://golemlab.eu/graph/26542909,22,Hanging Upsidedown,Y/F/N finally got a job as a song producer at a small company in Seoul. She’ll be leaving her safe zone. Her family. Her life in Gwanju behind for a part time job with a small company in a large city with loud people. How will she continue? Especially while working with her autism to make her new life work for her instead of work her.,2020-09-19,20718,Teen And Up Audiences,F/M,Completed,Angst with a Happy Ending | Autism Spectrum | Emotional Hurt/Comfort | Fluff and Angst | Personal Growth,Min Yoongi | Suga/Reader,yoongi,{'yoongi'}
https://golemlab.eu/graph/11715750,22,Liar,They say expect the unexpected and boy was that seriously unexpected or You wanted to surprise yoongi by attending music bank in singapore and both of you were caught in another surprise,2017-08-05,1763,Teen And Up Audiences,F/M,Completed,And titles | Fluff | Hugs | I'm Bad At Summaries | Slight Cursing | crappy ending | gender neutral reader,"Min Yoongi | Suga/Reader, Min Yoongi | Suga/You",yoongi,{'yoongi'}
https://golemlab.eu/graph/38780766,22,Father and Son | 'A Serendipitous Life' Dad Series,"Yoongi and his young son, Dae, take a fishing trip with the members and their sons. Please read beginning notes.",2022-05-04,1739,General Audiences,F/M,Completed,BTS dad AU | BTS fluff | Dad!Yoongi | Original Series:A Serendipitous Life | Yoongi dad AU | Yoongi fanfiction | Yoongi fluff | bts family au | bts fanfiction | dad!BTS,Min Yoongi | Suga/Reader Series: Dad BTS AU | A Serendipitous Life | Original [1],yoongi,{'yoongi'}
https://golemlab.eu/graph/20038597,22,Ripped at the seams,"The new bartender at the bar you’re working is very handsome but also very mysterious, one might say. You have to open up a touchy subject to get the truth out of him.",2019-08-11,5046,Explicit,F/M,Completed,Angst | Creampie | Oral Sex | Penetrative Sex | Unprotected Sex | a lot of decision making | and ew feelings | mentions of scarring | yoongi is a little too forward yikes,Min Yoongi | Suga/Reader Series: The Devil's Works [2],yoongi,{'yoongi'}
https://golemlab.eu/graph/40640001,22,Dominance & Domesticity,Just a fun little drabble request fulfillment from a tumblr follower who wanted to see a degrading scene end in domestic fluff.,2022-07-29,1134,Explicit,F/M,Completed,Degrading Language | Domestic Fluff | Established Relationship | Mirror Sex | PWP without Porn | Rough Sex | Shameless Smut | Verbal Humiliation | cum on face,Min Yoongi | Suga/Reader,yoongi,{'yoongi'}
https://golemlab.eu/graph/17781857,22,Roses,In which Yoongi surprises you with a pre-Valentine's Day romantic time at his house before dinner.,2019-02-14,1523,Teen And Up Audiences,F/M,Completed,Cute Min Yoongi | Suga | Kissing | Romance | Roses | Valentine's Day | Valentine's Day Fluff,Min Yoongi | Suga/Reader,yoongi,{'yoongi'}
https://golemlab.eu/graph/33624844,22,Caught,"As a part of one of the most skilled assassin clans in the country, you thought it would be easy to infiltrate the king’s castle; and, oh boy, were you wrong (not gonna lie, this summary doesn’t really do this fic justice, there’s just a lot going on in this)",2021-09-01,12337,Mature,F/M,Completed,Assassin AU | Cock Warming | Hand Jobs | Oral Sex | Overstimulation | Restraints | Royalty AU | Sex Toys | Slight Impregnation Kink | Soft sex,Min Yoongi | Suga/Reader,yoongi,{'yoongi'}
https://golemlab.eu/graph/29124831,22,Coffee,Fun at breakfast,2021-02-01,265,Mature,F/M,In-Progress,foodplay | noncon | step dad au,Min Yoongi | Suga/Reader,yoongi,{'yoongi'}
https://golemlab.eu/graph/33561973,22,VEXED,"Vexed; to be annoyed, frustrated or worried about something. Or by your definition, the feeling you have towards the industry you work in and the media who are seemingly out to get you. Nothing inspires you anymore, nothing makes you want to continue to stay in the spotlight, and on top of that, the media’s negativity is spreading into your personal life so that you feel lost and lonely all the time. But at your lowest moment, there’s a spark of light in the form of a man. A man who you keep bumping into and who helps to drag you out of the dark. It’s a love story, about a boy who meets a girl and teaches her to love herself again, to not worry about what people say about her, to make her realise what she wants in life, and about what’s really important.",2021-09-03,34487,Mature,F/M,Completed,Angst | Anxiety | Dom Yoongi | Explicit Sex Content | Female oral | Fluff | Heavy Emotions | Low Self-Esteem | Misogynistic Themes | Oral | Slow Burn | Smut | Worried Thoughts | bad mental health | male oral | safe sex | soft,Min Yoongi | Suga/Reader,yoongi,{'yoongi'}
https://golemlab.eu/graph/41133555,22,I'm Not Yours,"""Let me take care of you,"" you felt his hot breath on your skin, his lips biting your earlobe ""no one has to know.""",2022-08-19,14892,Mature,F/M,In-Progress,Angst | Blow Jobs | Fluff | Fluff and Angst | Friends With Benefits | Idol Min Yoongi | Suga | Idols | Jealousy | Shameless Smut | Smut | Top Min Yoongi | Suga,Min Yoongi | Suga/Reader,yoongi,{'yoongi'}
https://golemlab.eu/graph/41389146,22,Gummy smiles and messy bed head,"Yoongi has been working late in the studio lately, this morning you find he is home and some kitchen softness ensues.",2022-08-31,323,General Audiences,F/M,Completed,Constructive Criticism Welcome | How Do I Tag | Morning Kisses | My First Fanfic | Short One Shot | Soft Min Yoongi | Suga,Min Yoongi | Suga/Reader,yoongi,{'yoongi'}
https://golemlab.eu/graph/11376081,22,give it to me,follow our tumblr here if ya want<3,2017-07-02,547,Mature,F/M,Completed,Bathroom Sex | Blow Jobs | Face-Fucking | Quickies,Min Yoongi | Suga/Reader,yoongi,{'yoongi'}
https://golemlab.eu/graph/37958230,21,Red Lights,“Mmm you have a wicked tongue and mouth shall we see how well you can use it?”,2022-03-25,1917,Explicit,F/M,Completed,Oral Sex | Pole Dancing | Rough Sex | Roughness | Sex Club | Shameless Smut,Min Yoongi | Suga/Reader,yoongi,{'yoongi'}
https://golemlab.eu/graph/10622439,21,Minute to Four,"[ Min Yoongi / Suga x Reader ] Some would say that time passes by quickly - almost too quickly, in fact, that _____ didn't even notice the ungodly hour she was awake at. What was supposed to help her sleep had kept her up past proper sleeping times and early morning ( or late night in their case ) talks with Yoongi.",2017-04-14,1361,General Audiences,F/M,Completed,,"Min Yoongi | Suga/Reader, Min Yoongi | Suga/You",yoongi,{'yoongi'}
https://golemlab.eu/graph/25601185,21,eternal you,"With you gone, the ground under Yoongi’s feet seems to be crumbling, the color in his life fading as the days without you go by. The only thing left to keep him going are the memories he made with you, sunday mornings, exchanged smiles, fingers skimming over soft skin, lazy kisses, nights spent by Han River. To these moments, he travels to see you again - to exist in the utopia that was you once more.",2020-07-30,5935,General Audiences,F/M,Completed,Angst | Fluff | Implied/Referenced Character Death | Lucid Dreaming | Tags Are Hard | dead!reader - Freeform | husband!Yoongi | yoongi is sad :(,Min Yoongi | Suga/Reader,yoongi,{'yoongi'}
https://golemlab.eu/graph/40832748,21,troparion for a summer's evening,You wake to find yourself alone in bed when there should be someone next to you.,2022-08-06,493,Teen And Up Audiences,F/M,Completed,Angst | Cigarettes | Drabble | Military Backstory | Trauma | late summer nights | lots of feelings | this is really just kind of a vignette,Min Yoongi | Suga/Reader,yoongi,{'yoongi'}
https://golemlab.eu/graph/10717863,21,Frame & Focus,"Everything about her presence was so beautifully captured by the lens of his camera. No matter the situation nor her placement, every element of the shot focused back onto her. Everything about her screamed that she belonged on camera and in his life. In the mess of moments that made up Yoongi’s life, she was the frame and focus that made sense of everything.",2017-04-24,7636,General Audiences,F/M,Completed,Alternate Universe - Photographer | Fluff and Angst | Heavy Angst,Min Yoongi | Suga/Reader,yoongi,{'yoongi'}
https://golemlab.eu/graph/28499163,21,what did I get myself into,"“Min Yoongi, underestimate me again and I will ride you like a damn stallion. Keep talking and we’ll see if you can back it up.” Yoongi was left speechless as they pulled into his apartment complex, and he could only think of one thing. “What did I get myself into?”",2021-01-02,385,Teen And Up Audiences,Gen,Completed,Alpha/Beta/Omega Dynamics | Dirty Talk | Gender nuetral | Mating Cycles/In Heat,Min Yoongi | Suga/Reader,yoongi,{'yoongi'}
https://golemlab.eu/graph/38424943,21,Patience is a Virtue,"“This isn’t fair.” Yoongi whined. You glanced over at the man who was sprawled across your bed. “What part of this isn’t fair?” He glared at you. “You said if I was good and waited 30 minutes, you’d touch me!” “That was because you broke the only rule I gave you. I told you that you weren’t allowed to touch yourself, but you did.” “Then, you shouldn’t have been teasing me!” “When did I tease you? I’ve just been talking to you.” “About having sex with me! How is that not teasing?!” You raised an eyebrow. “Don’t forget how you ended up here. You shouldn’t have messed with me while we were at that party.” Yoongi looked away sullenly. “..I didn’t even touch you that much..” “You literally tried to shove your hand up my shirt.” You deadpanned. Yoongi blushed. “You shouldn’t look so good then.” You shook your head amusedly. It’s like talking to a brick wall.",2022-04-16,4368,Mature,F/M,Completed,Anal Fingering | Banter | Begging | Dirty Jokes | Dirty Talk | Enjoy the show | Established Min Yoongi | Suga/Reader | Flirting | Fluff and Smut | Hand Jobs | Headspace | Humor | Light Dom/sub | Min Yoongi | Suga Is Whipped | Multiple Orgasms | Orgasm Delay/Denial | Praise Kink | Reader is whipped | Shameless Smut | Smut | Soft Dom Reader | Sub Min Yoongi | Suga | Subspace | Teasing,Min Yoongi | Suga/Reader,yoongi,{'yoongi'}
https://golemlab.eu/graph/36420961,21,Innovative Cooking Lesson,"You could not cook, and Yoongi was ready to teach you. Maybe his methods are unorthodox, but they get the job done with a steamy encounter in the kitchen.",2022-01-14,2144,Explicit,F/M,Completed,,"Min Yoongi | Suga/Reader, Min Yoongi | Suga/You",yoongi,{'yoongi'}
https://golemlab.eu/graph/33611746,21,First time with yoongi,None,2021-08-31,1667,Mature,F/M,Completed,Aftercare | Female Reader | First Time | Fluff | Fluff and Smut | Slight Overstimulation | Smut | Soft Min Yoongi | Suga | Unprotected Sex | slight Corruption kink | soft smut,Min Yoongi | Suga/Reader Series: BTS/reader smuts from tumblr [11],yoongi,{'yoongi'}
https://golemlab.eu/graph/40514709,21,Daechwita,"You get the chance to meet the cruelest emperor of the century, Min Yoongi.",2022-07-23,3410,Mature,F/M,Completed,,Min Yoongi | Suga/Reader,yoongi,{'yoongi'}
https://golemlab.eu/graph/29662884,21,The working Pup( Havanese Dog Hybrid! Male x Min Yoongi),"""Hyung, if it is something that will help you get better, do it. No matter what it is, as long it is healthy and not destructive. We don't discriminate hybrid or not. They are still welcome.""",2021-02-23,2444,Mature,M/M,In-Progress,Anxiety Disorder | Depression | Emotional Hurt/Comfort | I am really bad at writing | I love Yoongi sorry | It's Hard and Nobody Understands | Overdosing | References to Depression | Service Dogs | Suicidal Thoughts | Suicide Attempt | bts member are scared | hard working | hybrid reader | male hybrid | pill overdosing | service hybrid in these case | stress disorder | yoongi being very sad,"Min Yoongi | Suga/Reader, bts as band mates Series: Hybrids (Male insert) BTS [5]",yoongi,{'yoongi'}
https://golemlab.eu/graph/23692813,21,Psychotic,A joyride full of sin and stupid decisions.,2020-04-17,23533,Not Rated,F/M,In-Progress,Gang Violence | Italian Mafia | Mafia Min Yoongi | Min Yoongi | Suga is Bad at Feelings | Mobster Min Yoongi | Suga | Other Additional Tags to Be Added | mafia,Min Yoongi | Suga/Reader,yoongi,{'yoongi'}
https://golemlab.eu/graph/19482859,21,debauched dealings.,None,2019-07-05,578,Mature,F/M,Completed,Suggestive Themes | slight d/s themes,Min Yoongi | Suga/Reader,yoongi,{'yoongi'}
https://golemlab.eu/graph/14822331,21,"It's Useless, Anyways","'You questioned God, whatever god that was out there watching you, what you should do.'",2018-06-01,839,Teen And Up Audiences,F/M,Completed,Ambiguous/Open Ending | Angst | Heartbreak | My heart hurts writing this | Reader-Insert | Sad Ending | Slow Burn | i actually did my homework for once | i love yoongi really | sorry about that,Min Yoongi | Suga/Reader,yoongi,{'yoongi'}
https://golemlab.eu/graph/14864730,21,Agust’s Racer,"by day a high school student by night a street racer thats what you were, nothing special on the outside; it seemed",2018-06-06,1260,Teen And Up Audiences,F/M,In-Progress,Cars | Dom Min Yoongi | I want him to rip me to pieces | Implied Dom Min Yoongi | Mafia Boss | Mafia boss!yoongi | Racing | Sexy Min yoongi | Street Racing | agust d | but all i read is sub min yoongi | drag racing | mafia | mafia!yoongi,Min Yoongi | Suga/Reader,yoongi,{'yoongi'}
https://golemlab.eu/graph/13685037,21,Take A Break,“‘All you want to do today is sit on the couch anyway…. You might as well be comfortable.’”,2018-02-15,1309,General Audiences,F/M,Completed,Cuddling & Snuggling | Those 4th Muster onesies | Valentine's Day Fluff | ungendered reader,Min Yoongi | Suga/Reader Series: AWW Valentine's Aesthetic Week [3],yoongi,{'yoongi'}
https://golemlab.eu/graph/40581120,21,"Wherever, Whenever",Riling up bf!yoongi at a work event,2022-07-26,1342,Mature,F/M,Completed,Creampie | Degradation | Hair-pulling | Mentions of Face Sitting | Public Sex | Rough Sex,Min Yoongi | Suga/Reader,yoongi,{'yoongi'}
https://golemlab.eu/graph/40012173,21,Five chances till you lose me,five chances that's all i'll give him.maybe just maybe he will realise that its me whom he loves not her?,2022-07-01,2554,Teen And Up Audiences,F/M,Completed,Angst | Cheating | Depressing | Fanfiction | Idol Min Yoongi | Suga | Idols | Implied/Referenced Cheating | Min Yoongi | Suga Is a Little Shit | One Shot | One of My Favorites | Read at Your Own Risk | Sad Ending | Sad oneshot | Second Chances | after this i feel like standing in a rain and crying | burn - Freeform,Min Yoongi | Suga/Reader,yoongi,{'yoongi'}
https://golemlab.eu/graph/39010641,21,You're mine,"YOONGI X READER - SOULMATE AU ♡♡♡ ""Ladies and gentlemen, thank you for your patience, as you can see, we now have a new musician who will play for us twice a week. His name is Min Yoongi and he's an ace of the guitar, I hope you can welcome him warmly!""",2022-05-15,12169,Mature,F/M,In-Progress,Alternate Universe | Bullying | Dom Min Yoongi | Suga | Guitarist Min Yoongi | Suga | Jin and Namjoon are your best friends | Shy Min Yoongi | Suga | Soft Dom Min Yoongi | Suga | Soft Min Yoongi | Suga | Soulmates | Switch Min Yoongi | Suga | they work at a bar,Min Yoongi | Suga/Reader,yoongi,{'yoongi'}
https://golemlab.eu/graph/19808116,21,The Last,"When the world’s gone to shit and you’ve taught yourself to stay alive while danger lurks around every corner, the last thing you need is another mouth to feed and extra “dead” weight. Yet you can’t bring yourself to leave another human being behind, and it might as well have been your worst decision ever… or was it the best?",2019-07-14,6092,Teen And Up Audiences,F/M,In-Progress,Alternate Universe - Zombie Apocalypse | Dystopian | Post-Zombie Apocalypse | Wilderness Survival | Zombie Apocalypse,Min Yoongi | Suga/Reader Series: The Last [1],yoongi,{'yoongi'}
https://golemlab.eu/graph/41450385,21,when at dinner...,just Yoongi being good to you when you kind of least expect it ;),2022-09-02,950,Explicit,F/M,Completed,Fingerfucking | Soft Dom Min Yoongi | Suga | Vaginal Fingering | public fingering,Min Yoongi | Suga/Reader,yoongi,{'yoongi'}
https://golemlab.eu/graph/34792396,20,50 Shades of Yoongi,"When literature student Kim Y/N goes to interview young entrepreneur Min Yoongi, she encounters a man who is beautiful, brilliant, and intimidating. The unworldly, innocent Y/N is startled to realize she wants this man and, despite his enigmatic reserve, finds she is desperate to get close to him. Unable to resist Y/N’s quiet beauty, wit, and independent spirit, Yoongi admits he wants her, too—but on his own terms. Shocked yet thrilled by Yoongi’s singular erotic tastes, Y/N hesitates.",2021-10-29,52515,Mature,F/M,In-Progress,Anal Sex | Angst | Angst and Fluff and Smut | Explicit Sexual Content | Fluff and Smut | Inspired by Fifty Shades of Grey | Oral Sex | Romance | Rough Sex | Sex | Sex Toys | Smut | Vaginal Sex,Min Yoongi | Suga/Reader,yoongi,{'yoongi'}
https://golemlab.eu/graph/14635008,20,Violets,"Min Yoongi coughs up blue petals one day, and decides he'll bear it for you.",2018-05-13,5672,Teen And Up Audiences,M/M,Completed,Angst | Mentions of Blood | Mentions of Substance Abuse | Unrequited Love | hanahaki | mentions of bullying,Min Yoongi | Suga/Reader Series: Untimely Blooms [2],yoongi,{'yoongi'}
https://golemlab.eu/graph/40075128,20,So Far Away,"When Namjoon finds out that his father cheated on his mother years ago and had a child he makes it his mission to fulfill his fathers dying wish and meet his long lost sister and form a relationship, he doesn’t however expect for her to fall in love with one of his best friends along the way.",2022-08-15,7326,General Audiences,F/M,In-Progress,,Min Yoongi | Suga/Reader,yoongi,{'yoongi'}
https://golemlab.eu/graph/32810545,20,Secrets of the Sea,"A summer vacation you had planned with you and your friends turns into the unexpected when you happen to discover an otherworldly creature in your own backyard. Is that… is that a merman? What starts off as a clash between species, turns into an unforeseen research project when you both become curious about your two completely different cultures. Land and water, two different worlds on the same planet. Maybe they can come together…?",2021-07-25,49618,Mature,F/M,In-Progress,Angst | Eventual Smut | Fluff | Fun Lore | Monster - Freeform | Other Additional Tags to Be Added | The boys are cute | mermaid au,Min Yoongi | Suga/Reader,yoongi,{'yoongi'}
https://golemlab.eu/graph/30566465,20,Otterly Time,Synopsis: You recently move away with you big brother Yoongi but you have been to scared to asked for cuddle at night because you were too shy to ask.,2021-04-09,1204,General Audiences,M/M,Completed,Brotherly Bonding | Coffee Shop Owner Kim Seokjin | Jin | Producer Min Yoongi | Suga | otter hybrid male reader | otter hybrid min yoongi,Min Yoongi | Suga/Reader Series: Hybrids (Male insert) BTS [8],yoongi,{'yoongi'}
https://golemlab.eu/graph/36940009,20,A Toy Named August D,Yoongi has caught you playing with your new toy. You needed to be punished.,2022-02-06,892,Explicit,F/M,Completed,,"Min Yoongi | Suga/Reader, Min Yoongi | Suga/You",yoongi,{'yoongi'}
https://golemlab.eu/graph/18746545,20,"i can see the starry night in your eyes, or is it just the vodka?",party night went a little overboard after both of you saw your crushes kissing someone else,2019-05-07,1628,Mature,F/M,Completed,Bisexual Min Yoongi | Suga | Drunk Kissing | Friends to Lovers | but not really | reader and yoongi are best friends | reader has a crush on jin | yoongi has a crush on jungkook,Min Yoongi | Suga/Reader,yoongi,{'yoongi'}
https://golemlab.eu/graph/40122714,20,Just Between Us,"You've always been your brother's younger sibling, but when you go to college, you become more.",2022-07-06,2873,Teen And Up Audiences,F/M,Completed,Alternate Universe - College/University | First Kiss | Fluff | Gender-Neutral Pronouns | Underage Drinking | brothers best friend | gender neutral reader,"Min Yoongi | Suga/Reader, Min Yoongi | Suga/You Series: Messages From Satvrn [11]",yoongi,{'yoongi'}
https://golemlab.eu/graph/19072978,20,A Whole New World,"A retelling of Aladdin, where Yoongi is the prince locked away and yearning for more, and you're the street rat who just wants to live a proper life outside of thieving. Yoongi as Jasmine, you as Aladdin, Hoseok as Genie, with references to the other members and other Kpop idols. -- As of right now, this work is on hold until further notice. I just don't have the motivation to keep up with a multi-chapter work. I'm sorry. :(",2019-06-03,5332,General Audiences,F/M,In-Progress,Disney | Hobi is Genie | Inspired by Aladdin | Jaebum is Jafar | Jungkook is Abu | Please be gentle with me | Tae is Raja | Yoongi is Jasmine | You are Aladdin | references other members | the 2019 version,Min Yoongi | Suga/Reader Series: BTS as Disney Princes(ses) [1],yoongi,{'yoongi'}
https://golemlab.eu/graph/14480229,20,Blood ∔ Perfume,"The mission was simple; Earn the trust of the youngest through whatever means neccesary, gain the needed intel, report back to your group within a week, and complete! It was so painfully simple, just another walk in the park mission that you could execute in your sleep as far as you were concerned- Circumstances had already took a turn for the worst..Why did that damn Min Yoongi need to get in your way!?",2018-04-29,10167,Mature,F/M,In-Progress,Alternate Universe - Assassins & Hitmen | Assassin Jeon Jungkook | Assassin Jung Hoseok | J-Hope | Assassin Kim Namjoon | RM | Assassin Kim Seokjin | Jin | Assassin Kim Taehyung | V | Assassin Min Yoongi | Suga | Assassin Park Jimin | Assassination | Assassins & Hitmen | Character Death | Eventual Smut | Fluff and Smut | Gangs | Min Yoongi | Suga is Bad at Feelings | Minor Character Death | Murder | Top Min Yoongi | Suga,Min Yoongi | Suga/Reader,yoongi,{'yoongi'}
https://golemlab.eu/graph/39050679,20,Girl On The Train,"Yoongi is a fashion designer, you are just a random girl he sees on the train everyday- you are also yoongi’s greatest muse.",2022-05-17,1011,General Audiences,F/M,Completed,Fashion Designer Yoongi | Strangers to Lovers | pining kind of,Min Yoongi | Suga/Reader Series: Yoongi Stories [2],yoongi,{'yoongi'}
https://golemlab.eu/graph/37979077,20,Little matchmaker,She just wanted to see her daddy happy.,2022-03-26,1121,General Audiences,F/M,Completed,Alternate Universe - Bangtan Universe | Children of Characters | Romance | alternative universe,Min Yoongi | Suga/Reader,yoongi,{'yoongi'}
https://golemlab.eu/graph/13504320,20,Isn't Life Strange?,* discontinued * You wake up in class after a far too realistic dream and discover you can now rewind time.,2018-01-28,13805,Mature,F/M,In-Progress,Alternate Universe | Based on the wonderful game Life Is Strange | Childhood Friends | Friends to Lovers | Jeon Jungkook & Min Yoongi | Suga are Best Friends | Life is Strange Spoilers | Mentioned Yoonkook - Freeform | Minor Jeon Jungkook/Kim Taehyung | V | Minor Jeon Jungkook/Min Yoongi | Suga | Rewind powers | Time Travel,Min Yoongi | Suga/Reader,yoongi,{'yoongi'}
https://golemlab.eu/graph/14820996,20,Underground,"Your best friend has planned a surprise outing for your birthday, one that you absolutely don't want to go to. What happens when she drags you out anyway? Yoongi x Reader One-Shot ~Written for Yoongi's Birthday~",2018-03-09,2053,Teen And Up Audiences,F/M,Completed,Alternate Universe | Best Friends | Birthday | HAPPY BIRTHDAY YOONGI | Jungkook Underground Rapper | One Shot | Underground Rapper Min Yoongi | Suga | yoongi x reader - Freeform,Min Yoongi | Suga/Reader,yoongi,{'yoongi'}
https://golemlab.eu/graph/33882841,20,Unlikely,"At your most vulnerable moment, you met a man that would completely change the course of your life.",2021-09-14,9785,Mature,F/M,Completed,Big Brother | Kim Namjoon | Enemies to Lovers | Eventual Romance | Fluff and Angst | Implied/Referenced Self-Harm | Suicide Attempt,"Min Yoongi | Suga/Reader, Min Yoongi | Suga/You",yoongi,{'yoongi'}
https://golemlab.eu/graph/34361569,20,Rain,A soft slice of life on a rainy day off.,2021-10-08,899,General Audiences,F/M,Completed,Domestic Fluff | I apologize again for my poor use of tags | Soft Min Yoongi | Suga | rainy day,Min Yoongi | Suga/Reader,yoongi,{'yoongi'}
https://golemlab.eu/graph/30547902,20,sweetness,"Enjoy, very short but i hope u like it",2021-04-08,1533,Teen And Up Audiences,F/M,Completed,Hybrid AU,Min Yoongi | Suga/Reader,yoongi,{'yoongi'}
https://golemlab.eu/graph/19025677,20,So Far So Good~,Falling in love was natural for Kihyun. He fell in love with both Yoongi's sugary smile and her gentle teasing. It was only natural that the two mixed together somehow.,2019-05-30,9304,General Audiences,F/M,Completed,Cross-Posted on Tumblr | Drinking | Implied JohnTen | Its tame tbh | Kihyun being stupid | Lesbian Character | Polyamory | agust d | clubs,"Min Yoongi | Suga/Reader, Min Yoongi | Suga/Reader/Yoo Kihyun, Min Yoongi | Suga/Yoo Kihyun, Yoo Kihyun/Reader",yoongi,{'yoongi'}
https://golemlab.eu/graph/25079962,19,Makes Me Weak,"Min Yoongi seems to be the only thing that occupies your mind. While the thought of him fills you with immense joy, it also throws you into an internal panic...",2020-07-05,1573,Teen And Up Audiences,F/M,Completed,Alternate Universe - College/University | Angst | BTS fluff | College AU | Fluff | Fluff and Angst | Possible Relationship | bts angst,Min Yoongi | Suga/Reader,yoongi,{'yoongi'}
https://golemlab.eu/graph/16726233,19,Ways to Break-up,"They just clicked together, like two magnets gravitating to each other; only they weren’t polar opposites, defying the theory that unlike things attract. They were very much the same that it was scary but at the same time fascinating. However, like any other cliché stories, one was bound to fall for the other.",2018-11-24,1440,Not Rated,F/M,Completed,Angst | Break Up | Friendship,Min Yoongi | Suga/Reader Series: Ways to Break-up [2],yoongi,{'yoongi'}
https://golemlab.eu/graph/35676262,19,It's a Learning Curve,"Some things don’t turn out the way you want them to, but some things turn out better than you ever expected once the wounds have healed.",2021-12-13,6135,General Audiences,F/M,Completed,Angst | Angst with a Happy Ending | Eventual Happy Ending | Fluff | Heartbreak | Idiots in Love | Idol! Reader | Jeon Jungkook & Reader are Best Friends | Mutual Pining | Not Actually Unrequited Love | Self-Worth Issues | The Maknae Line Are Sweethearts | Unrequited Love | Yoongi Thinks He Isn't Good Enough For You,Min Yoongi | Suga/Reader,yoongi,{'yoongi'}
https://golemlab.eu/graph/36623488,19,Silver and Gold,"Is redemption possible? One year after the Battle of Hogwarts, the wizarding world has begun to rebuild. Slowly, things begin to happen, and people are beginning to move on. Not all is as it seems, and there are still those who want to carry on with Voldemort's mission. Rumblings of Death Eater activity breed uneasiness amongst everyone who is trying to regain a semblance of normalcy. Whatever that means.",2022-01-24,11681,Mature,F/M,In-Progress,Alternate Universe - Harry Potter Setting | Angst | Angst with a Happy Ending | Enemies to Friends to Lovers | Enemies to Lovers | Gryffindor Kim Taehyung | V | Hogwarts Inter-House Rivalries | Hufflepuff Jung Hoseok | J-Hope | Hufflepuff Kim Seokjin | Jin | Jeon Jungkook & Kim Taehyung | V are Best Friends | Min Yoongi | Suga is Bad at Feelings | Mutual Pining | Post-Battle of Hogwarts | Post-Hogwarts | Post-War | Ravenclaw Jeon Jungkook | Ravenclaw Park Jimin (BTS) | Ravenclaw Reader | Slow Build | Slow Burn | Slow Romance | Slytherin Min Yoongi | Suga | Soft Min Yoongi | Suga | War,Min Yoongi | Suga/Reader,yoongi,{'yoongi'}
https://golemlab.eu/graph/18296831,19,Happy Birthday,"Let's be clear, Yoongi doesn't do birthdays. So why he is in wondering a mall with Jin and Hoseok to find you a gift is beyond him, but whatever the reason, your birthday has to be perfect and that includes getting you the perfect gift.",2019-03-31,1459,General Audiences,F/M,Completed,Shy Yoongi | and helpful sidekicks jin and hoseok,Min Yoongi | Suga/Reader Series: BTS Drabbles [12],yoongi,{'yoongi'}
https://golemlab.eu/graph/27125071,19,Big love in small dose (Little!reader),"This is going to be a collection of angsty drabbles around little! Y/N and Yoongi. I'm not good with happy endings and fluff but I'll try, no promises though. Just as a fair warning.",2020-10-21,3132,Explicit,Multi,In-Progress,ABDL | Age Play | Age Play Caregiver Min Yoongi | Suga | Age Regression/De-Aging | Angst | Anxiety | Bullying | Emotional Hurt/Comfort | Hurt/Comfort | Implied/Referenced Suicide | Little Reader | Min Yoongi | Suga-centric | Non-Sexual Age Play | Nonbinary Character | Obsessive-Compulsive Disorder | Post-Traumatic Stress Disorder - PTSD | Reader-Insert | Slice of Life | Social Media | Trans Character | Trauma,Min Yoongi | Suga/Reader,yoongi,{'yoongi'}
https://golemlab.eu/graph/16920009,19,Morning with the Mins,None,2018-12-09,1192,Teen And Up Audiences,F/M,Completed,Fluff | boyfriend yoongi | vlogger yoongi,Min Yoongi | Suga/Reader Series: Vlogger series [2],yoongi,{'yoongi'}
https://golemlab.eu/graph/6285628,19,Stay,"You needed to leave America when you find out that your visa has come to end and reluctant to leave, will you stay when Yoongi offers to help?",2016-03-18,952,Teen And Up Audiences,F/M,Completed,Light Angst,Min Yoongi | Suga/Reader,yoongi,{'yoongi'}
https://golemlab.eu/graph/8481016,19,Sleep Deprived | Yoongi,It’s finals week and Yoongi is tired.,2016-11-06,713,Teen And Up Audiences,F/M,Completed,Fluff,Min Yoongi | Suga/You,yoongi,{'yoongi'}
https://golemlab.eu/graph/12397809,19,the little black notebook,"in which you're min yoongi's muse, sad days come but there can still be positivity.. a one shot",2017-10-18,916,Teen And Up Audiences,Other,Completed,Depressed Min Yoongi | Suga | If you only read one work by me | Implied/Referenced Suicide | K-pop References | Min Yoongi | Suga is Bad at Feelings | Music | My First AO3 Post | Producer Min Yoongi | Suga | Sad Ending | Sad with a Happy Ending | Underground Rapper Min Yoongi | Suga | With A Twist,Min Yoongi | Suga/Reader,yoongi,{'yoongi'}
https://golemlab.eu/graph/35239693,19,Demon Ruler,"He awoke in hell and met the queen of the demons, to then be told that he is to rule beside her. Will he accept it? Can he become the greatest king of the damned?",2021-11-20,6548,Teen And Up Audiences,F/M,Completed,Alternate Universe - Demons | Demons | Fluff and Angst | Historical | Romance,Min Yoongi | Suga/Reader,yoongi,{'yoongi'}
https://golemlab.eu/graph/9596588,19,'Til the Storm Blows Away,He'd come as soon as the first raindrop hit the ground and leave as soon as the last one fell.,2017-02-06,1122,Teen And Up Audiences,F/M,Completed,A Bit of Fluff | Angst | Death | Domestic | It's angst | Mental Illnesses | Storms | but ANGST,Min Yoongi | Suga/Reader,yoongi,{'yoongi'}
https://golemlab.eu/graph/14789933,19,dusk,"Long relationships never end easily, but perhaps a bittersweet ending is the best you can hope for.",2018-05-29,926,General Audiences,F/M,Completed,Angst | Break Up,"Min Yoongi | Suga/Reader, Min Yoongi | Suga/You",yoongi,{'yoongi'}
https://golemlab.eu/graph/14830925,18,Yoongi - drafts/oneshots/drabbles,A selection of bxebxee's yoongi drafts from tumblr. Not everything will be posted because some of them aren't really stories. Other members are tagged per mentions/appearance.,2018-06-02,2961,Explicit,F/M,In-Progress,Drafts | bxebxee,Min Yoongi | Suga/Reader Series: bxebxee's tumblr drafts [2],yoongi,{'yoongi'}
https://golemlab.eu/graph/16490678,18,I missed you,"BTS's world tour is something that the entire world wants to see, but you're not patient enough to wait for your boyfriend to come home. That's why you decide to go to him...",2018-11-01,881,Mature,F/M,Completed,,Min Yoongi | Suga/Reader,yoongi,{'yoongi'}
https://golemlab.eu/graph/23529715,18,Foreign Relations,"No, it couldn’t be. They refused to believe it. This round-faced, brown-skinned, random foreigner couldn’t possibly be his— “Girlfriend?” he mused nonchalantly. “Yes. I have girlfriend.” And the entire world broke .",2020-04-07,758,Not Rated,F/M,In-Progress,BTS in America | Background Dancer!Reader | Comedy | Crack | Foreign!Reader,Min Yoongi | Suga/Reader,yoongi,{'yoongi'}
https://golemlab.eu/graph/33019156,18,indigo.,"Quality time for you and your boyfriend doesn’t have to be anything high-cost or overly elaborate; sometimes, all it takes is taking the easels and canvases out from the closet and setting them up in your living room. Alternatively, painting with Yoongi happens to be messier than you had anticipated beforehand.",2021-08-04,879,Teen And Up Audiences,F/M,Completed,Domestic Fluff | Established Relationship | Fluff | Originally Posted on Tumblr | Painting | Painting with Yoongi | Reader-Insert | Soft Min Yoongi | Suga | Warm and Fuzzy Feelings,Min Yoongi | Suga/Reader,yoongi,{'yoongi'}
https://golemlab.eu/graph/27040816,18,Midnight Trist,None,2020-10-16,660,Mature,F/M,Completed,No Aftercare | Praise Kink | Smut | slight degradation,Min Yoongi | Suga/Reader,yoongi,{'yoongi'}
https://golemlab.eu/graph/40911336,18,Hands,Your new coworker has nice hands and that makes it kind of difficult to concentrate on your tasks. or Min Yoongi hand appreciation post.,2022-08-09,769,Teen And Up Audiences,F/M,Completed,Do I have to say more? | Hand & Finger Kink | Masturbation | Pining | min yoongi's hands,Min Yoongi | Suga/Reader,yoongi,{'yoongi'}
https://golemlab.eu/graph/36603946,18,How could she?,"Recently sulking over her cheating ex boyfriend, Y/N decided to leave him a voice message of how she got over him. (A short fluff)",2022-01-23,1198,Mature,F/M,Completed,,Min Yoongi | Suga/Reader,yoongi,{'yoongi'}
https://golemlab.eu/graph/16090361,18,First Love,''Even when I pushed you away Even when I resented meeting you You were firmly by my side You didn’t have to say anything So don’t ever let go of my hand I won’t let you go ever again either.'',2018-09-25,858,Mature,F/M,In-Progress,,Min Yoongi | Suga/Reader Series: Wings Theme Series [2],yoongi,{'yoongi'}
https://golemlab.eu/graph/24374758,18,Tongue Tied,Sometimes Yoongi needs you to do something for him.,2020-05-25,1969,Explicit,F/M,Completed,Light BDSM | Oral Sex,Min Yoongi | Suga/Reader,yoongi,{'yoongi'}
https://golemlab.eu/graph/28068051,18,Han,"When yangban member Oh Jook Hee is found dead, Min Yoon Gi, an officer of the Royal Bureau of Investigation is sent to Hangseon to solve it. In order to do so, he needs the help of Oh's former mistress, an outcast prostitute living in a hanok in the outskirts of the city. However, it might not be easy to get her to help, and Yoon Gi will need to find other means while he tries to fight an odd urge.",2020-12-14,7891,Explicit,F/M,Completed,Blood Kink | Masturbation | Murder Kink? | NSFW | Riding | Sub Min Yoongi | Suga | dom reader | idk these bitches are horny for murder thats for sure | slowburn | tw murder and blow btw,Min Yoongi | Suga/Reader,yoongi,{'yoongi'}
https://golemlab.eu/graph/8517568,18,First Love,"After over a year, Yoongi's feelings and thoughts finally get revealed.",2016-11-10,669,Mature,F/M,In-Progress,Fluff and Smut | Min Yoongi - Freeform | Porn With Plot | Sex | Smut | bangtan boys - Freeform | bts - Freeform | straight - Freeform | suga - Freeform | yay straight lol,Min Yoongi | Suga/Reader,yoongi,{'yoongi'}
https://golemlab.eu/graph/28504380,18,Fill you with love,Yoongi is disgruntled after an unfortunate incident during practice. Y/N is a cordi noona. She is understanding but is finding it increasingly difficult to subdue her thoughts.,2021-01-02,5850,Mature,F/M,In-Progress,Angst | Dom/sub Undertones | Fluff | Fluff and Smut | Noona Kink | Smut | Teasing,"Min Yoongi | Suga/Reader, yoongi reader",yoongi,{'yoongi'}
https://golemlab.eu/graph/18400196,18,New Rules,"People get together. And people break up. Something like that happened to Min Yoongi and Y/N, when he broke the things off with her. But can you let go of your ex completely?",2019-04-08,3796,Mature,F/M,Completed,Dancer | Song Lyrics | break-up,Min Yoongi | Suga/Reader,yoongi,{'yoongi'}
https://golemlab.eu/graph/14315343,18,"bus rides, heavy hearts","Drabble Series —  fragmented and weekly recallings of two best friends slowly turning into lovers. Oddly so, it happens throughout the two-hour bus rides they share once a week.",2018-04-14,1205,Teen And Up Audiences,F/M,In-Progress,Alternate Universe - College/University | Angst | College AU | Drabble | Drabble Collection | Drabble Sequence | Fluff | Friends to Lovers,Min Yoongi | Suga/Reader,yoongi,{'yoongi'}
https://golemlab.eu/graph/25439977,18,420 Celebration,"In recognition of 420 followers on TWT I have decided to create this one shot. Imagine smoking a doobie on the park bench, your usual quiet place, when you are interrupted by the cutest guy ever!",2020-07-22,1414,Explicit,F/M,Completed,Cute Min Yoongi | Suga | French Kissing | Lust | Moaning | Multiple Orgasms | Multiple Sex Positions | Neck Kissing | Nipple Licking | Nipple Play | Oral Sex | Outdoor Sex | Peer Pressure | Praise Kink | Rough Kissing | Smoking | Stranger Sex | Vaginal Fingering,Min Yoongi | Suga/Reader,yoongi,{'yoongi'}
https://golemlab.eu/graph/26248174,17,I Only Ever Want You,Y/n wants to give Yoongi what he deserves. So she plans out a whole feast for him. She didn't account for how shitty the next day was going to be when she made the schedule.,2020-09-02,1250,Teen And Up Audiences,F/M,Completed,Angst | Bad Cooking | Fluff | Fluff and Angst | Good Boyfriend Min Yoongi | Suga | Hurt/Comfort | Implied Sexual Content | Kisses | Min Yoongi | Suga Is Whipped | Min Yoongi | Suga Is a Good Boyfriend | Min Yoongi | Suga Is a Sweetheart | Reader is trying | Shes just stressed | Shes normally a rlly good cook | Soft Min Yoongi | Suga | Yn almost burns the house down | lets avoid the cliche that yn is perfect pls | reassurance | yn is bad at feelings | yn is whipped too,Min Yoongi | Suga/Reader,yoongi,{'yoongi'}
https://golemlab.eu/graph/25946125,17,set me free,"You are a reluctant assassin carrying out a series of assignments on behalf of a time-travel corporation, often flouting strict company rules even though noncompliance has potentially devastating repercussions. Each assignment gets harder as you becomes increasingly unable to keep yourself from getting entangled with your target, who, in spite of being a different person each time, always wears the same face.",2020-08-17,22001,Explicit,F/F,Completed,Biting | Car Sex | Character Death | Drunk Driving | Gaslighting | Hand Jobs | Human Trafficking | I really can't overstate the major character death. | Lots of Major Character Death. | Minor Character Death | More Major Character Death. | Oral Sex | Recreational Drug Use | Restraints | Rough Sex | Scratching | Sex Toys | Slapping | Smoking | Subspace | Swearing | Unexplained Magic | Vaginal Sex | domestic terrorism | fuck capitalism | narrowly avoided dubcon | tasteless Jim Jones reference,Min Yoongi | Suga/Reader,yoongi,{'yoongi'}
https://golemlab.eu/graph/23098333,17,light as feathers - a soft nsfw one shot,light as feathers yoongi x reader nsfw one shot by @satansfairy__,2020-03-10,3222,Explicit,F/M,Completed,Fluff and Smut | NSFW | Sex | Soft Min Yoongi | Suga | Top Min Yoongi | Suga,Min Yoongi | Suga/Reader,yoongi,{'yoongi'}
https://golemlab.eu/graph/15288525,17,Min Yoongi is my new boss?,You are hired as Yoongi's assistant as an intern. You seemingly innocently run into him at a local bar you frequent. He explains what your new duties are.,2018-07-14,1554,Explicit,F/M,Completed,Boss/Employee Relationship | Breasts | Explicit Language | Hair-pulling | In Public | Interns & Internships | Kissing | Light Dom/sub | Neck Kissing | Public Display of Affection | Rough Sex | Semi-Public Sex | Sex | Simultaneous Orgasm | Vaginal Sex,Min Yoongi | Suga/Reader,yoongi,{'yoongi'}
https://golemlab.eu/graph/20752298,17,"Tender Hearts, Broken Souls","After an accident which kills off your twin sister and leaves her boyfriend blind, you are left in a dilemma. The car accident had put Yoongi under a tremendous amount of trauma. Medicines, therapy, surgeries- his treatment for recovery costed more than your entire student debt plus the added credit. Moreover, he was always cold and cruel to you, despite Hye-mi’s countless pleas. Why should you help him? Why do anything for him at all? But then, the doctor had recommended to not put Yoongi under any stress or to shock him by giving him any unexpected ‘news’, or it might hinder his progress. Besides, you might be mean sometimes, but not petty enough to stoop that low. Yet it doesn’t feel right to keep your sister’s death a secret from him- especially when he touched you, kissed you and called you by her name.",2019-09-23,2632,Mature,F/M,In-Progress,Alternate Universe | Angst | Blind Character | Blindness | Character Death | Domestic | Emotional Hurt/Comfort | Hospitalization | Hurt/Comfort | Mental Anguish | Mental Health Issues | Original Character Death(s) | Physical Therapy | Therapy,"Min Yoongi | Suga/Reader, Min Yoongi/Original Character(s), Min Yoonji & Reader",yoongi,{'yoongi'}
https://golemlab.eu/graph/15170057,17,the world after,"“We are too young for this, some people are too old. Truth is: no one is ever ready to know that they’ll be gone very, very soon, and there is nothing they can possibly do about it. We just wait. Wait for the forsaken wave, or wait for our own insane minds to get the best of us, and we trace the line of death ourselves. Flat.""",2018-07-04,3475,Mature,F/M,Completed,Angst | Animal Death | Death | Diary/Journal | Nuclear Warfare | POV First Person | Post-Nuclear War | gruesome radiation poisoning,Min Yoongi | Suga/Reader,yoongi,{'yoongi'}
https://golemlab.eu/graph/36564748,17,Burnout (one shot),"You were born with the power to understand every spoken language on the planet. It landed you your dream job at HYBE where you became friends with your idols–and something more with one of them. But your gift takes a toll on your body and leads to a burnout, which worries your boyfriend Min Yoongi.",2022-01-21,8555,General Audiences,F/M,Completed,Superpowers | Tiny bit of Angst | basically just a big ball of fluff | established Y/N x Yoongi new relationship | lots of fluff | no smut (sorry I'm not that confident yet) | you can understand every language,Min Yoongi | Suga/Reader,yoongi,{'yoongi'}
https://golemlab.eu/graph/16934910,17,Blush,"Just a little something, not really much to say about it.",2018-12-19,589,General Audiences,F/M,Completed,Fluff,Min Yoongi | Suga/Reader,yoongi,{'yoongi'}
https://golemlab.eu/graph/41314530,17,His Wilted Flowers,"Yoongi has an array of 'flowers', women whose virginity he'd stolen. He likes being first, and when he comes across you, he can't wait to add another flower to his bouquet.",2022-08-27,11208,Explicit,F/M,Completed,Cunnilingus | Face-Sitting | Female Reader | Hand Jobs | Loss of Virginity | Oral Sex | Public Sex | Teasing | Vaginal Fingering | Virginity Kink | first timesex | not a nice one either | sorry - Freeform | toxic guy talk too | yoongi being a fuckboy,"Min Yoongi | Suga/Reader, Min Yoongi | Suga/You Series: Boys Will Be Boys [2]",yoongi,{'yoongi'}
https://golemlab.eu/graph/25186867,17,Idiot,"Male!Reader x Min Yoongi one shot. Drama and misunderstandings, manipulative exes and fighting ensues. Any more and I'll spoil the entire thing. Reposted from my other account to test the waters in ao3.",2020-07-10,1990,Teen And Up Audiences,M/M,Completed,Angst | Angst with a Happy Ending | Drama | Drama & Romance | Homophobia | Homophobic Language | I just gave you a girlfriend called Amy for plot purposes | Internalized Homophobia | Kinda messed up | Manipulation | Misunderstandings | Rants | Rejection | Romance | Swearing | Violence | mild violence,"Min Yoongi | Suga/Reader, min yoongi | suga/male reader",yoongi,{'yoongi'}
https://golemlab.eu/graph/22006633,17,A Special New Year,Yoongi plans a special New Year’s holiday for himself and Y/N.,2019-12-28,2318,General Audiences,F/M,Completed,Fluff,Min Yoongi | Suga/Reader,yoongi,{'yoongi'}
https://golemlab.eu/graph/13006290,17,Cinnamon Spice,Christmas Eve with Min Yoongi includes two main things: Napping and actually doing stuff because you have both been too busy being lazy to do anything,2017-12-13,5265,Not Rated,F/M,Completed,Drabble | Fluff,Min Yoongi | Suga/You Series: Christmas Saga {2017} [5],yoongi,{'yoongi'}
https://golemlab.eu/graph/10997022,17,I love you,[ Min Yoongi/Suga x Reader ] Funny how she always managed to find him when he was trying to hide. Funny how she could read him through and through as if he was transparent paper. Funny how she had the same feelings as he did for her. Funny how the world seemed to work around two pair of unconscious lovers.,2017-05-25,1432,General Audiences,F/M,Completed,,"Min Yoongi | Suga/Reader, Min Yoongi | Suga/You",yoongi,{'yoongi'}
https://golemlab.eu/graph/26963248,17,The Death of Eden (Bite Me),"Post-apocalyptic scavengers in search of wealth attempt to raid a nest of vampires. After a struggle, one is left behind in the hands of those she fears the most.",2019-10-01,25077,Teen And Up Audiences,F/M,Completed,Alternate Universe - Vampire | Drama | Human/Vampire Relationship | Prejudice | Unique vampire mechanics | Vampire!Taehyung | Vampire!Yoongi | mild graphic descriptions | mild violence,"Min Yoongi | Suga/Reader, Min Yoongi | Suga/You",yoongi,{'yoongi'}
https://golemlab.eu/graph/23076958,17,crazy in love (yandere!yoongi x reader),yoongi's crazy. but he's crazy in love with you.,2020-03-09,563,Teen And Up Audiences,F/M,In-Progress,Angst with a Happy Ending | Doctor Kim Seokjin | Jin | Eventual Smut | Kim Seokjin | Jin is a Good Hyung | Stockholm Syndrome | Yandere Min Yoongi | Suga,Min Yoongi | Suga/Reader,yoongi,{'yoongi'}
https://golemlab.eu/graph/24519517,17,Lemon Boy,"Long time no see... how ya been? Cool. Yeah, I haven't written in about.. 2 years. Huh? No, I didn't abandon my old, unfinished stuff, just working out some of the kinks before I jump back into my series. Yupp, gonna finish those. Okay. Enough fake conversation that probably won't make any sense. I wrote this mini series.. hope you guys like it. Listened to Lemon Boy by Cavetown for all three parts.",2020-06-03,2224,Explicit,F/M,Completed,Alternate Universe - High School | Angst | First Time | Fluff | Smut,Min Yoongi | Suga/Reader,yoongi,{'yoongi'}
https://golemlab.eu/graph/18791014,17,Don't.,"Anonymous asked: 3,3,5,6 3.Angst 3.Yoongi 5.Campus 6.Streetlights",2019-05-11,802,Teen And Up Audiences,F/M,Completed,Alternate Universe - College/University | Angst,Min Yoongi | Suga/Reader Series: BTS Drabble Game [5],yoongi,{'yoongi'}
https://golemlab.eu/graph/8179162,17,Hiraeth,"There are moments in life that shape us, moments that define our life and force us to live the consequences. Some actions are reversible. Others are not. Fate is such a fickle thing, tying us together and breaking us apart, creating bonds and destroying them, ultimately erasing the past and all that you once knew in favor of the here, the now, and the future. This, perhaps, is what creates a longing for home, a homesickness. But how can you go back to a home that never was and never will be?",2016-10-01,9070,General Audiences,F/M,Completed,Angst | Fluff | Oops,Min Yoongi | Suga/Reader,yoongi,{'yoongi'}
https://golemlab.eu/graph/36652312,17,In Search of Higher Returns,"When rapper Yoongi Min walks into a brokerage firm and Y/N is the broker-on-duty, sparks fly. But is Y/N a lowkey fame whore and gold digger? Is Yoongi just a rich asshole trying to get it in? Is this fic just an excuse to cram in as much financial and legal jargon as possible to amuse the writer and perhaps one other person? WHO KNOWS.",2022-01-25,13626,Explicit,F/M,Completed,Aged-Up Character(s) | Alcohol | Fluff | Oral Sex | Slice of Life | Swearing | Vaginal Sex,Min Yoongi | Suga/Reader,yoongi,{'yoongi'}
https://golemlab.eu/graph/24090265,16,Phantom,"""It's your papa and mama's song."" Inspired by SEKAI NO OWARI’s 幻の命 (Maboroshi no Inochi/Life of Phantom)",2020-05-09,3977,Teen And Up Audiences,F/M,Completed,Alternate Universe | Alternate Universe - Canon Divergence | Angst | Blood and Injury | Car Accidents | Dreams | Dreams and Nightmares | Emotional Hurt/Comfort | Grief/Mourning | Heavy Angst | Hopeful Ending | Hospitals | Inspired by Music | Married Couple | Music | Musicians | Non-Linear Narrative | Parenthood | Trauma,Min Yoongi | Suga/Reader Series: SEKAOWA Collection [2],yoongi,{'yoongi'}
https://golemlab.eu/graph/12893724,16,angel,the tittle is ironic hehe a cute one-shot with your favorite couple yoonji and reader !,2017-12-02,938,Not Rated,F/F,Completed,I really like this one | he can be such a dick sometimes. but i love him. | i wrote this pissed at my boyfriend unrelated but still | this was gonna be a series but i decided against it.,"Min Yoongi | Suga/Reader, Min Yoonji/Reader Series: à mon chéri |to my darling| [3]",yoongi,{'yoongi'}
https://golemlab.eu/graph/10772472,16,A Melody of Tears,"“Stop thinking about that. It doesn’t matter now, what matters is that I’m here with you and that you are going to do brilliantly” he kissed your cheek but you pulled away, turning around to face him. “But you won’t be there. Next to me. Playing with me. I’ve never done this alone before.” “Baby, I’ll be in the wings you know that,” he replied his eyes softening. You bit your lip, trying not to cry, “it won’t be the same.”",2017-04-30,1217,Teen And Up Audiences,F/M,Completed,Angst | Implied/Referenced Suicide | Lots of it | i can't think of any more tags | oh i know,Min Yoongi | Suga/Reader,yoongi,{'yoongi'}
https://golemlab.eu/graph/25437709,16,Brat,This started out as a quick blurb for my wonderful friend Kara and it's now evolved into so much more with even more to come! People have always pitied you because you were stuck to the confines of your chair most of the time... but not Yoongi. He never treated you any differently than any of this other friends. Will your smart mouth bite off more than you can chew with him?,2020-07-22,2476,Explicit,F/M,In-Progress,AU | Aftercare | Consensual Sex | Daddy Kink | Double Penetration in One Hole | Drinking | Min Yoongi - Freeform | Oral Sex | Reader-Insert | Sex | Shameless Smut | handicap reader,Min Yoongi | Suga/Reader Series: Rosé Champagne AU [1],yoongi,{'yoongi'}
https://golemlab.eu/graph/15035486,16,The Dark Side of the Moon,"You’re destined to be with one particular man for the rest of your life, but what happens when your trust in fate crumbles, when the doubts slowly float to the surface of your mind and when your heart starts longing for another man? You can try to ignore all of that, but it’s still there, just like the dark side of the moon.",2018-06-24,7964,Teen And Up Audiences,F/M,In-Progress,Angst | Fluff | Romance | Soulmate AU | best friend!yoongi,Min Yoongi | Suga/Reader,yoongi,{'yoongi'}
https://golemlab.eu/graph/26550670,16,"Baby, are you home?",The peace you gave each other is what you both had been asking for.,2020-09-19,411,Teen And Up Audiences,F/M,Completed,Long-Term Relationship(s),Min Yoongi | Suga/Reader,yoongi,{'yoongi'}
https://golemlab.eu/graph/18900400,16,Comfort in you,"You love Min Yoongi, obviously. He's the closest person to you and even though you might not spend much time together, everytime you see him you fall in love again and again.",2019-05-20,536,General Audiences,F/M,Completed,Established Relationship | Fluff | Forehead Kisses | Hugs | Love | Love Confessions | Sleepy Kisses | Warm and Fuzzy Feelings,Min Yoongi | Suga/Reader,yoongi,{'yoongi'}
https://golemlab.eu/graph/10542987,16,You Never Walk Alone,"When 2 of the most broken people meet and fix and help  each other grow. This is not your  typical love story, it’s a story of dreams, hardwork and youth. This is my first time writing a fanfic. Please leave a comment and constructive criticism is most welcome",2017-04-04,1381,General Audiences,F/M,Completed,,"Min Yoongi | Suga/Reader, Min Yoongi | Suga/You",yoongi,{'yoongi'}
https://golemlab.eu/graph/15136910,16,Temptation from Passion,How could he endure such temptation when it is a part of his job?,2018-07-02,1756,Teen And Up Audiences,F/M,Completed,Unresolved Sexual Tension,Min Yoongi | Suga/Reader,yoongi,{'yoongi'}
https://golemlab.eu/graph/11245299,16,Friday,Yoongi has been working hard and you offer a suggestion as a break.,2017-06-19,452,General Audiences,Other,Completed,Fluff | IU Friday | Lee Jieun | IU - Freeform,Min Yoongi | Suga/Reader,yoongi,{'yoongi'}
https://golemlab.eu/graph/19384645,16,Only Fools,"You had fallen in love with Min Yoongi, a man you could never have",2019-06-27,1802,General Audiences,F/M,In-Progress,Affairs | Angst | Cheating | Fluff | Fluff and Angst | Forbidden Love | Min Yoongi | Suga is Bad at Feelings,Min Yoongi | Suga/Reader,yoongi,{'yoongi'}
https://golemlab.eu/graph/40177242,16,Bad at expression,Yoongi is a little dense and Y/N is bad at feelings,2022-07-09,2029,General Audiences,F/M,Completed,Namjoon’s a good brother | Soft Min Yoongi | Suga | Y/N Is Bad At Feelings,Min Yoongi | Suga/Reader,yoongi,{'yoongi'}
https://golemlab.eu/graph/11050005,16,Last Love,If he was given a chance to go back in time will he still choose me? I already know the answer to that even before our story started.,2017-05-31,1159,Not Rated,F/M,Completed,Angst | First Love | Last Love | Love at First Sight | Min Yoongi | Suga is Bad at Feelings | Tell Me | i don't know what else to tag because it is really short | not a happy ending?,Min Yoongi | Suga/Reader,yoongi,{'yoongi'}
https://golemlab.eu/graph/21502522,16,Girl You're Amazing,"When Yoongi meets Y/N for the first time, he senses there is something special about her.  Little does he know how amazing she really is.",2019-11-20,1389,Not Rated,F/M,Completed,,Min Yoongi | Suga/Reader,yoongi,{'yoongi'}
https://golemlab.eu/graph/14245557,16,London,Y/n goes to London. Things happen.,2018-04-07,9000,Teen And Up Audiences,F/M,Completed,Fluff | Greek! Reader | Kissing,"Min Yoongi | Suga/Reader, Min Yoongi | Suga/You Series: You said you don't really like clubs yet I seem to always find you in one [3]",yoongi,{'yoongi'}
https://golemlab.eu/graph/27953177,15,modern warfare,"you're an assassin hired and trained by time traveller Agust to kill the King, a tyrant that has ruled with an iron fist. you're almost to the finish line... but it's not as easy as you thought it would be. You find that the King is much more charming than you expected, and that Agust is hiding something. Will you be able to finish the job?",2020-12-15,3232,Mature,F/M,Completed,Alternate Universe - Daechwita (Agust D Music Video) | Choose Your Own Ending | Inspired by Daechwita (Agust D) | Song: Daechwita (Agust D) | gender neutral reader,Min Yoongi | Suga/Reader,yoongi,{'yoongi'}
https://golemlab.eu/graph/28803462,15,Geography Project (Pt.1),"everyone has that one class that they hated the most and there was nothing in the world that could make that person like it. it was like a pain in the ass that just wouldn't go away. geography was that pain in the ass for y/n as it was a requirement for the junior to graduate the next academic year. with the help of her crush min yoongi and countless of youtube videos, maybe geography wasn't so bad after all.",2021-01-17,3751,Teen And Up Audiences,F/M,Completed,Drabble | Love | Min Yoongi | Suga is Bad at Feelings | One-Sided Attraction | Romance | Unrequited Crush | Unrequited Love,Min Yoongi | Suga/Reader Series: Geography Project [1],yoongi,{'yoongi'}
https://golemlab.eu/graph/16707706,15,MY SAMURAI,He came out of nowhere. He was covered in blood. He had a sword..... .....and your heart.,2018-11-22,1737,Not Rated,F/M,Completed,Historical AU | Love | Samurai | Smut | bts imagines | bts smut | samurai Yoongi | yoongi x reader - Freeform,Min Yoongi | Suga/Reader,yoongi,{'yoongi'}
https://golemlab.eu/graph/20994272,15,Betrayed,"The love died down between you and Yoongi, but you stayed with him. The last thing you wanted was for him to find out the truth.",2019-10-12,1976,General Audiences,F/M,Completed,Anger | Angst | Anniversary | Break Up | Dating | Hobi - Freeform | Hurt | Min Yoongi - Freeform | Yoongi - Freeform | agust d | bangtan boys - Freeform | bts - Freeform | hoseok - Freeform | j-hope - Freeform | jung hoseok - Freeform | suga - Freeform,Min Yoongi | Suga/Reader,yoongi,{'yoongi'}
https://golemlab.eu/graph/14149215,15,Fools,None,2018-03-30,6875,Mature,F/M,Completed,Angst | Fluff | yoongi is just really accepting,Min Yoongi | Suga/Reader Series: Bangtan series [9],yoongi,{'yoongi'}
https://golemlab.eu/graph/14865014,15,Ignored,"""I'll take you home,"" One simple phrase Yoongi says to help a poor kitty, but he didn't know it would bring him so much trouble. a servamp bts au",2018-06-06,223,General Audiences,F/M,In-Progress,Hybrid - Freeform | Kitty - Freeform | Servamps - Freeform | i don’t know what else to put,Min Yoongi | Suga/Reader,yoongi,{'yoongi'}
https://golemlab.eu/graph/11469306,15,"So Far Away, My First Love","“Dream, I will be here to see your creation and be with you in the future. Keep dreaming. Don’t give up on me, Yoongi. I’ll fight this, and you’ll fight too. I believe in you.”",2017-07-11,1190,General Audiences,F/M,Completed,Angst,Min Yoongi | Suga/Reader,yoongi,{'yoongi'}
https://golemlab.eu/graph/41586654,15,Lullaby: Mikrokosmos,"Only one person can interrupt Yoongi while he works, and he will drop everything for her.",2022-09-09,661,General Audiences,F/M,Completed,Dad!Tan | Idol Min Yoongi | Suga | Parent AU | Parenthood,Min Yoongi | Suga/Reader Series: Messages From Satvrn [14],yoongi,{'yoongi'}
https://golemlab.eu/graph/26799025,15,red devil,the beast from another realm loves a mortal meta human {coss-posted from tumblr},2020-10-03,1345,Mature,F/M,Completed,Alternate Universe - Hellboy | Fluff | No edit we die like men | brief angst | meta human MC,Min Yoongi | Suga/Reader Series: the monster mash [2],yoongi,{'yoongi'}
https://golemlab.eu/graph/12107772,15,Wigs Off!,friday night turns into sexy night.,2017-09-16,497,General Audiences,Gen,Completed,Crack | I'm really sorry | Marking | Smut | Wigs | agust d | baldness | gloss - Freeform | head sucking | suga - Freeform | yoongi gets mad,Min Yoongi | Suga/Reader,yoongi,{'yoongi'}
https://golemlab.eu/graph/15785412,15,En Pointe,request: hello :) since yoongi likes photography i was wondering if you could write a scenarios where yoongis girlfriend is a dancer and he ask her to poser for some photos and do tricks and stuff like that and can you make it very fluffy please summary: your photography student boyfriend wants to take some pictures of you,2018-08-24,1203,General Audiences,F/F,Completed,Ballerina | Ballet | Dancing | dance,Min Yoongi | Suga/Reader Series: tumblr requests [12],yoongi,{'yoongi'}
https://golemlab.eu/graph/39915354,15,Royal at Heart,"Min Yoongi is the youngest prince of North Gyeongsang, and soon to be betrothed to Moon Byulyi, as it was set since infancy. However, your presence helps him to eventually reconsider and change his perspective. Of you especially. However, you have a secret. A secret you've sacrificed blood, sweat and tears to keep. Does the prince manage to break your walls or do you continue to live a lie?",2022-06-27,23661,General Audiences,F/M,In-Progress,Royalty,Min Yoongi | Suga/Reader,yoongi,{'yoongi'}
https://golemlab.eu/graph/11496579,14,Tell Me A Secret,You find yourself sitting in an old coffee shop with the brightly coloured haired man across from you. How had you even gotten here? “Tell me a secret.” ~ A chapter in a drabble series I have been working on for a while.,2017-07-14,494,Teen And Up Audiences,F/M,Completed,Emotional Hurt/Comfort | Friendship | Hurt/Comfort | Implied/Referenced Suicide | Mental Health Issues,"Min Yoongi | Suga/You Series: You and I, If We'reTogether, We Can Smile - 너와 나 함께라면 웃을 수 있으니까 [2]",yoongi,{'yoongi'}
https://golemlab.eu/graph/19785262,14,Yoongi: Hong Kong,Yoongi wants to send you to Hong Kong.,2019-07-13,459,Explicit,Other,Completed,"August D's ""Sending listeners to Hong Kong with [...] my tongue technology"" | Cypher pt. 3 (Killer) ""My flexible tongue movements will send them to Hong Kong [...]"" | Hong Kong only in the title | No Plot | Title inspired from Yoongi's raps: | extremely short",Min Yoongi | Suga/Reader Series: Happenings and Miscellaneous [2],yoongi,{'yoongi'}
https://golemlab.eu/graph/15364098,14,Pretty when you cry,"You meet Yoon-Gi in your sophomore year of high school. Your love towards Yoon-Gi is something you couldn't have ever imagined. To you Yoon-Gi is everything, he is your whole world. That's the beginning of your unhealthy relationship. I got inspiration from a song, Pretty when you cry by Lana Del Rey. English isn't my first language so please forgive me for any grammar mistakes.",2018-07-20,943,Explicit,F/M,Completed,Blood | Obsession | Other Additional Tags to Be Added | Smut | Unhealthy Relationships | Violence | trigger warning,Min Yoongi | Suga/Reader,yoongi,{'yoongi'}
https://golemlab.eu/graph/27190459,14,infatuation | m.yg,"“You ran away from your home but you never went back. I`ll never too.” In which, your home was Yoongi but his wasn`t.",2020-10-25,1630,General Audiences,F/M,Completed,very angsty | yoongi & reader in an unrequited love | yoongi is kind of douche here but :/,Min Yoongi | Suga/Reader,yoongi,{'yoongi'}
https://golemlab.eu/graph/35513707,14,better man,"maybe if he had been a better man, then you’d still be together.",2021-12-05,900,General Audiences,F/M,Completed,Breakup AU | based off taylor's song | def not based on personal experiences hahahahaha what | i needed the album a whole month earlier ms swift but its oki | its just a lil something,Min Yoongi | Suga/Reader,yoongi,{'yoongi'}
https://golemlab.eu/graph/23385457,14,🏖 Beach House 🏖,You & your boyfriend Yoongi spend the weekend at a rented beach house,2020-03-29,1558,Explicit,F/M,Completed,Alternate Universe | Creampie | Cunnilingus | Fluff | Long Term Relationship | Oral Sex | Smut | Sweet Yoongi | Unprotected Sex | Vaginal Sex | yoongi has a good dick | yoongi is a sweetheart,Min Yoongi | Suga/Reader,yoongi,{'yoongi'}
https://golemlab.eu/graph/33571423,14,Out of Focus,"He was tempting in all the ways you tried to ignore. Skillful and risky. One brief moment repeated in your mind. You knew, there was nothing that would stop your body from giving in. Not this time.",2021-08-30,1981,Mature,F/M,Completed,Alcohol | Masturbation Interruptus | Mutual Pining | Photography | Sex in a Bangtan Boys | BTS Studio | Vaginal Fingering,Min Yoongi | Suga/Reader,yoongi,{'yoongi'}
https://golemlab.eu/graph/19169773,14,A Midnight Drive,Yoongi gives in to your request for a midnight drive.,2019-06-10,1009,Teen And Up Audiences,Gen,Completed,Fluff | Fluff without Plot,"Min Yoongi | Suga/Reader, Min Yoongi | Suga/You",yoongi,{'yoongi'}
https://golemlab.eu/graph/24037048,14,A Phone Call Away,"You had a bad day today, but Min Yoongi was always a phone call away.",2020-05-06,521,Not Rated,Gen,Completed,,Min Yoongi | Suga/Reader,yoongi,{'yoongi'}
https://golemlab.eu/graph/23338285,14,Visit - myg,You bring a lunch for your darling boyfriend and some hopeful sexy time,2020-03-27,1085,Mature,Other,Completed,Cute Min yoongi | Domestic Fluff | Eventual Smut | Fluff | Grinding | Making Out | Producer Min Yoongi | Suga | Smut | studio,Min Yoongi | Suga/Reader,yoongi,{'yoongi'}
https://golemlab.eu/graph/25454689,14,Music Magic,"While hanging out with Yoongi in his studio, he steps away for a meeting and you decide to have a little fun.",2020-06-12,514,Teen And Up Audiences,F/M,Completed,Mixtape | Music | Music Studio | Producer Min Yoongi | Suga | Production: Any | Recording | Singing | bangtan - Freeform | bts - Freeform,Min Yoongi | Suga/Reader,yoongi,{'yoongi'}
https://golemlab.eu/graph/25469941,14,Shadow | SUGA,"“Are you a doctor?” he asked you as soon as your done with the check-up. “I’d like to think so.” More like, am I still a doctor?",2020-07-23,2220,Not Rated,F/M,Completed,BTS as Assassins | Brief Interaction | Bts freeform | Min Yoongi | Suga-centric | PDnim Mentioned | bad at tags | slight AU,Min Yoongi | Suga/Reader,yoongi,{'yoongi'}
https://golemlab.eu/graph/36884827,14,Frosting,A nice twist to the end of a shitty day,2022-02-04,1542,Mature,F/M,Completed,Domestic | Established Relationship | Explicit Language | Fluff and Smut | Kitchen Sex,Min Yoongi | Suga/Reader,yoongi,{'yoongi'}
https://golemlab.eu/graph/15081296,14,Thank you. Min Yoongi short visual novel.,"The tip of the knife pressed into his jacket, and that’s when he realized it, jolting and running straight into the trash cans. He turned to face her as he tried more and more to push backwards, but there was no space. “Oppa, what do you think? Which part of your body do you think I could have that you don’t need?”",2018-06-28,2647,Teen And Up Audiences,F/M,Completed,Achievements | Alternate Universe - Vampire | Anger | Bad Ending | Blood Drinking | Blood and Injury | Blood and Violence | Choices | Choose Carefully | Concerts | Crazy fan | Crying | Fear of Death | Fluff and Angst | Friendship | Good End | His mental state depends on you | Honey Butter Chips | Horror | Hugs | Late at Night | Min Yoongi | Suga is terrified | Nightmares | Normal Ending | Post-Traumatic Stress Disorder - PTSD | Rejection | Short | Thriller | Visual Novel | agust d | dark alleyways | knife fight | mentioned bangtan | shaking,Min Yoongi | Suga/Reader,yoongi,{'yoongi'}
https://golemlab.eu/graph/13776219,14,Constellation of Words,A collection of idol/reader or idol/idol imagines These are just things I have fun writing in my free time!,2018-02-23,1788,Teen And Up Audiences,F/M,In-Progress,,"Min Yoongi | Suga/Reader, Park Chanyeol/Reader, Park Jisung/Zhong Chen Le",yoongi,{'yoongi'}
https://golemlab.eu/graph/18296756,14,Alien,"Yoongi hates that Hoseok always drags him into the craziest stuff just because of his inhuman super strength, especially when it involves being in places where no one is exactly like him.",2019-03-31,783,General Audiences,F/M,Completed,College AU | alien reader | fictional beings | human yoongi,Min Yoongi | Suga/Reader Series: BTS Drabbles [11],yoongi,{'yoongi'}
https://golemlab.eu/graph/11783103,13,Don't Come Close To Me,"Don’t come close to me, you’ll become unhappy. He gave you one rule in exchange for learning everything his musical mind had to offer...but how long can you write music together before you become close? Drabble 3 of 7 based on the captions from the new Love Yourself posters",2017-08-12,764,General Audiences,F/M,Completed,Angst | Composer Min Yoongi | Suga | Drabble | Drabble Collection | Hurt | Love Yourself prompt | One-Sided Relationship | Pianist Min Yoongi | Suga | Short One Shot | musical genius Min Yoongi,"Min Yoongi | Suga/Reader, Min Yoongi | Suga/You Series: Love Yourself Drabbles [3]",yoongi,{'yoongi'}
https://golemlab.eu/graph/26822254,13,Rescue Me,Yoongi and Y/N had been friends since they were teenagers.  How had they changed over the years?,2020-10-04,1860,General Audiences,F/M,Completed,,Min Yoongi | Suga/Reader,yoongi,{'yoongi'}
https://golemlab.eu/graph/22380235,13,Gone [BTS Oneshot],"This is barely a drabble as it's so small, but I hope you enjoy anyways! ^^"" Y/N = Your/Name",2020-01-23,578,General Audiences,F/M,Completed,One Shot | Sad Ending | Sad Min Yoongi | Suga | Short One Shot,Min Yoongi | Suga/Reader,yoongi,{'yoongi'}
https://golemlab.eu/graph/37643899,13,Cardiac Affairs,"When a new doctor is introduced to the team, Yoongi sees his plans to become Chief Of Cardio shattering. Nothing is going to come between him and his dreams, no matter how pretty you are.",2022-03-10,623,Teen And Up Audiences,F/M,In-Progress,Alternate Universe - Hospital | Angst | Co-workers | Enemies to Lovers | Fluff | Idiots in Love | Surgeon Min Yoongi | Suga | Surgeon Reader,Min Yoongi | Suga/Reader,yoongi,{'yoongi'}
https://golemlab.eu/graph/24192427,13,psycho,"you’re a normal college student who transferred to Seoul University, “ Hi I’m y/n” everyone stayed away from the weird guy named min yoongi “ y/n don’t stay to close to him or he will get very attached the other girl went missing since she got too attached” “ don’t worry it won’t happen, it’s not like he is a psycho or anything”",2020-05-15,8620,Not Rated,F/M,Completed,Manipulation | Obsession | Possessive Behavior | Stalking | Yandere,Min Yoongi | Suga/Reader,yoongi,{'yoongi'}
https://golemlab.eu/graph/31840954,13,Yoongi is my boyfriend,Yoongi is my boyfriend. The story of how we met in 2018. Yoongi x reader 18+ one shot. I may do the other 6 if people like this one. Enjoy :-),2021-06-09,4060,Explicit,F/M,Completed,First Meetings | Happy | Happy Ending | Romance | Sex | Smut | Waffles,Min Yoongi | Suga/Reader,yoongi,{'yoongi'}
https://golemlab.eu/graph/12648780,13,Pusher love,Before meeting Min Yoongi? Before meeting Yoongi life was repetitive and boring. Meeting Min Yoongi? Meeting Yoongi was a rush. Being with Min Yoongi? Being with Min yoongi was a blur. After Min Yoongi left? After Min Yoongi left your world crashed down.,2017-11-06,4743,Mature,F/M,Completed,Drug Use | Explicit Language,Min Yoongi | Suga/Reader,yoongi,{'yoongi'}
https://golemlab.eu/graph/15349326,13,faded,"yoongi’s voicemail, and your reminiscing of your relationship.",2018-07-19,744,Teen And Up Audiences,F/M,Completed,Angst | Angst and Feels,Min Yoongi | Suga/Reader,yoongi,{'yoongi'}
https://golemlab.eu/graph/18707056,13,JUST ONE STAR IN YOUR SKY,"you’re tired, he’s tired. driving, but tonight, you’re stuck. tonight, neither of you are getting anywhere.",2019-05-04,2524,Not Rated,F/M,Completed,Angst | Bittersweet | Late at Night | Slice of Life,Min Yoongi | Suga/Reader,yoongi,{'yoongi'}
https://golemlab.eu/graph/13187118,13,I Need You,"Min Yoongi and Lee Jaerin finally found each other again after five years apart, but when the paparazzi catches them, will they last?",2017-12-29,4897,Teen And Up Audiences,F/M,In-Progress,Childhood Friends | Childhood Memories | Gangs | Mental Health Issues | Suicide Attempt | another crappy story by me?? | or what tags are | still no idea what I'm doing,Min Yoongi | Suga/Reader Series: First Love [2],yoongi,{'yoongi'}
https://golemlab.eu/graph/40351155,13,in the midst of a heatwave,just fluffy yoongi teasing his partner when they decide to do that first.,2022-07-16,758,General Audiences,F/M,Completed,Domestic Fluff | Fluff | Teasing,Min Yoongi | Suga/Reader,yoongi,{'yoongi'}
https://golemlab.eu/graph/23346478,13,Adult Section,A shared passion for literature brought a stable friendship. But this friendship is shared with Min Yoongi self-acclaimed genius in everything- even in writing an explicit novella worthy of the adult section.,2020-03-27,1524,Teen And Up Audiences,F/M,Completed,An explicit book | Min Yoongi | Suga Is a Tease | Yoongi writes a book,Min Yoongi | Suga/Reader,yoongi,{'yoongi'}
https://golemlab.eu/graph/24961951,13,Chilling with Yoongi,Chilling with Yoongi went a bit further than expected,2020-06-28,626,Mature,Other,Completed,Come Swallowing | Daddy Kink | Pet Names | Riding | Sex in a Bangtan Boys | BTS Studio | Yoongi - Freeform | blowjob | i don’t know how to tag but yeah | reader - Freeform | studio,Min Yoongi | Suga/Reader,yoongi,{'yoongi'}
https://golemlab.eu/graph/39810924,13,What about love?,Min Yoongi was notoriously known for his talent as a producer and songwriter and so you quickly jumped at the opportunity to meet him and the members of BTS. Little did you know would come to follow that one moment. Idol!Yoongi x Singer!Reader.,2022-06-22,5362,Explicit,F/M,Completed,Angst and Fluff and Smut | Developing Relationship | Heartbreak | Idol Min Yoongi | Suga | Inspired by Music | Long-Distance Relationship | One Shot | Producer Min Yoongi | Suga | Secret Relationship | it gets kinda sad | reader is a singer,Min Yoongi | Suga/Reader,yoongi,{'yoongi'}
https://golemlab.eu/graph/39854583,13,The Rapper,"you found a pretty brown dog near your house , so of course being a good person its your responsibility to give him back to his owner too.But then why are you having sex with his owner was it your reposiblity too ;)",2022-06-24,2053,Mature,F/M,Completed,BTS x Reader | One Shot | Orgasm | Rapper Min Yoongi | Suga | Sex | Smut | a little fluff in the end,"Min Yoongi | Suga/Reader, Min Yoongi | Suga/You",yoongi,{'yoongi'}
https://golemlab.eu/graph/28532286,13,birthday kisses & more,"you're struggling to give your boyfriend the perfect gift on his birthday. turns out, he's more than satisfied with what you least expected, being empty-handed.",2021-01-03,1902,Mature,F/M,Completed,69 (Sex Position) | Birthday | Birthday Presents | Birthday Sex | Domestic Fluff | Established Relationship | Fluff | Fluff and Smut | Idol Min Yoongi | Suga | Oneshot | Oral Sex | bts - Freeform | bts smut,Min Yoongi | Suga/Reader,yoongi,{'yoongi'}
https://golemlab.eu/graph/23764528,13,demon king,"warnings: mentions of miscarriage, infidelity, angst  jennie from BP cameos because she’d be a bad bitch {crossposted from my tumblr}",2020-04-21,1757,Explicit,F/M,Completed,Alternative Perspective,Min Yoongi | Suga/Reader Series: all the realms of yoongi [5],yoongi,{'yoongi'}
https://golemlab.eu/graph/25744063,13,Uncrustables,"Thunder storms, uncrustables in bed, and a friend returning home. The days events weren't what she thought they'd be, but she fell asleep that night completely content.",2020-08-06,1276,Not Rated,F/M,Completed,Fluff | Friends to Lovers | Kissing | Love | Thunder - Freeform | just lots of fluff for my love,Min Yoongi | Suga/Reader,yoongi,{'yoongi'}
https://golemlab.eu/graph/15467691,13,Away,"Yoongi had been away on a trip with his friends, leaving you at home. He comes back home and wakes up first to drag you out of bed.",2018-07-28,1983,General Audiences,F/M,Completed,Alternate Universe | Fluff,"Min Yoongi | Suga/Reader, Min Yoongi | Suga/You",yoongi,{'yoongi'}
https://golemlab.eu/graph/30038661,13,Second First Love,Yoongi one-shot full of pure wholesomeness First Love gets me bawling and I miss WINGS era even though I didn't experience it first hand. You and Yoongi spend time together soaking in each other's feelings while Yoongi shows respecc to his princess cuz lil meow meow is a respectful man istg protect him please,2021-03-14,1156,General Audiences,F/M,Completed,Fluff | Min Yoongi | Suga Is Whipped | Soft Min Yoongi | Suga | Song: First Love (BTS) | Supportive Min Yoongi | Suga | WINGS Era (BTS),Min Yoongi | Suga/Reader,yoongi,{'yoongi'}
https://golemlab.eu/graph/36458779,13,Make me forget,"So you are in that place again, aren't you? You nod silently, swallowing uprising tears. He closes the door behind you, pulling you towards him, kissing you without further ado. So gently though.",2022-01-16,653,Mature,F/M,Completed,Angst | Angst and Hurt/Comfort | Angst and Romance | Eventual Romance | Hurt/Comfort | Min Yoongi | Suga-centric | Smut | Soft Min Yoongi | Suga | Strangers to Lovers | angsty fluff,Min Yoongi | Suga/Reader,yoongi,{'yoongi'}
https://golemlab.eu/graph/20057338,12,35. Fire Burns,Prompt: Fantasy AU with Dragons Week 5 Day 7,2019-07-31,1404,Teen And Up Audiences,F/M,Completed,Dragons | Fantasy AU with Dragons | one shots,Min Yoongi | Suga/Reader Series: 50 Days of One Shots [35],yoongi,{'yoongi'}
https://golemlab.eu/graph/41326599,12,Lost in Translation,"Y/N is a translator for BTS while they are on tour. During an interview, the interviewer asks Y/N a few questions, including who their bias is. Y/N reveals their bias is Yoongi, but both Yoongi and Y/N are too shy to admit they have a crush on each other.",2022-08-28,2935,Teen And Up Audiences,F/M,Completed,,Min Yoongi | Suga/Reader,yoongi,{'yoongi'}
https://golemlab.eu/graph/25895743,12,Last Dance,"A bad past can make the simplest things difficult in the future. But what is a man to do when time runs out, and all he is left with is regrets? {This is my submission for @hisunshiine's Twitter August Angst writing event.} [This one was quite heavy for me. Writing it has been hard because I may have cried (myself to sleep). If you have watched ""Ghost"", a 1990 film starring Demi Moore and Patrick Swayze, this fic is based on it.]",2020-08-15,3831,Mature,F/M,In-Progress,Angst | Angst and Tragedy | Anxiety | Death of major character | Heavy Angst | Implied/Referenced Child Abuse | Mental Anguish | Past Abuse | References to Depression,Min Yoongi | Suga/Reader,yoongi,{'yoongi'}
https://golemlab.eu/graph/37268746,12,Again [MYG],"History with a vampire, you think you’d be over it by now. Yoongi comes and goes as he pleases. But why does he keep coming back?",2022-02-20,3622,Explicit,F/M,Completed,Adult Content | Alternate Universe - Vampire | Bed Sex | Biting | Blood | Blood Play | Creampie | Foreplay | Language | Unprotected Sex | Vampires,Min Yoongi | Suga/Reader,yoongi,{'yoongi'}
https://golemlab.eu/graph/31958596,12,tiny fragmented pieces,It’s been a while I hope you enjoyed? I’ll be posting some other stuff soon!,2021-06-15,1324,Teen And Up Audiences,F/M,Completed,A whole lot of angst | Cross-Posted on Tumblr | No edit we die like men,Min Yoongi | Suga/Reader,yoongi,{'yoongi'}
https://golemlab.eu/graph/16269014,12,Satin Sins | demon! min yoongi,"| Min Yoongi x Fem! Reader | For a demon to obtain complete immortality and the power to rule over Hell, they must take the innocence away from the “Chosen One”; a virgin human who holds immense strength within them and is entirely pure. With one of the special mortals being born every two centuries, they are seen as rare and a delicacy. If this power is captured by a demon, they can become powerful enough to take the throne away from the demon king. What happens when Satan himself finds the new Chosen One and decides they need to be “dealt with”? | No set update schedule | | Originally posted on Quotev |",2018-10-11,5861,Teen And Up Audiences,F/M,In-Progress,Alternate Universe | Alternate Universe - Demons | Alternate Universe - Fantasy | Angst | Angst with a Happy Ending | Demon BTS | Demon/Human Relationships | Demons | Eventual Relationships | Eventual Romance | Eventual Smut | NSFW | Original Character(s) | Other Additional Tags to Be Added | POV Female Character | POV Second Person | Rape/Non-con Elements | Rating will change | Reader-Insert | Slow Build | bts - Freeform | reader - Freeform,"Min Yoongi | Suga/Reader, Min Yoongi | Suga/You",yoongi,{'yoongi'}
https://golemlab.eu/graph/17335883,12,My Soldier,"The boy you’ve always loved goes into the army to fulfill his mandatory years. You have little contact and you feel destroyed whenever you see something about the soldiers’ fight. One day, after school, someone knocks on your door and you take a surprise.",2019-01-07,4074,Mature,F/M,Completed,Oral Sex | bad words,Min Yoongi | Suga/Reader,yoongi,{'yoongi'}
https://golemlab.eu/graph/10747608,12,Wrocław,You meet Yoongi at a different club. Things happen.,2017-04-27,1457,Teen And Up Audiences,F/M,Completed,Fluff | Greek! Reader | Kissing | clubs | they talk about sex,"Min Yoongi | Suga/Reader, Min Yoongi | Suga/You Series: You said you don't really like clubs yet I seem to always find you in one [2]",yoongi,{'yoongi'}
https://golemlab.eu/graph/39975858,12,Half-light,"When two musical geniuses get together, magic happens. YN moves around the world to create music with a world famous producer. But heartbreak threatens the partnership. Resolving to avoid romance at all costs, YN soldiers on, content with the friendships already made. Until a special friend wants more.",2022-06-30,8539,General Audiences,Other,Completed,Bigotry & Prejudice | Drinking | Fluff | Fluff and Angst | Friends to Lovers | No Smut | bad breakup | music is life,Min Yoongi | Suga/Reader,yoongi,{'yoongi'}
https://golemlab.eu/graph/35634871,11,After Dinner Delights,None,2021-12-11,1173,Mature,F/M,Completed,,"Min Yoongi | Suga/Reader, Min Yoongi | Suga/You Series: Caught [3]",yoongi,{'yoongi'}
https://golemlab.eu/graph/16830667,11,do me a favor,"it takes them long enough, but one of them eventually asks the other out",2018-12-03,1535,General Audiences,Other,Completed,Oneshot | long oneshot | once again its for a friend,Min Yoongi | Suga/Reader,yoongi,{'yoongi'}
https://golemlab.eu/graph/17932853,11,Under Wraps,"Life was already quite suffering and full of struggles for you, an underground boxer. But more troubles were about to penetrate your life when you got recruited, well kind of forced, as an undercover agent in order to get a mafia lord, Min Yoongi, behind the bars. What you didn't know was that the job to be done was going to require more than mere physical strength and strong mind. It was also going to need a strong heart and a determined soul, which was not craving for love and care. They said it wasn't going to be easy but they never told it was going to be impossible.",2019-02-26,13940,Mature,F/M,Completed,Explicit Sexual Content | Gangs | Oral Sex | Undercover Missions | Violence,Min Yoongi | Suga/Reader,yoongi,{'yoongi'}
https://golemlab.eu/graph/29351940,11,Dangerous Games,"Jimin’s best friend is totally hung up on her ex Minjae, who belongs to a different group. When Jimin invites Yoongi along to a company event one evening, he inadvertently gets tangled in a dark web of lies and dangerous games in order to make Minjae jealous. However, what started out as an innocent favor for Jimin’s best friend, shifts unexpectedly when feelings get involved and things get a little too real.",2021-02-11,4535,Explicit,F/M,In-Progress,Angst | BTS One shot | Explicit Language | Explicit Sexual Content | Fluff | Grumpy Min Yoongi | Suga | Jealous Min Yoongi | Suga | Jimin is a Sweetheart | Min Yoongi | Suga is Bad at Feelings | One Shot | Romance | Soft Min Yoongi | Suga,"Min Yoongi | Suga/Reader, Spoiler Character/Reader",yoongi,{'yoongi'}
https://golemlab.eu/graph/12380118,11,Save Me,You like Yoongi. You stalk him. He knows and he likes you back.,2017-10-16,585,General Audiences,F/M,Completed,Crush | Min Suga | Minyoongi | Oneshot | Stalking | Yoongi - Freeform | min yoongi x reader - Freeform | suga - Freeform,Min Yoongi | Suga/Reader,yoongi,{'yoongi'}
https://golemlab.eu/graph/26777089,11,Waste it On Me,Fresh from a broken relationship you meet Yoongi in your favourite spot by the river and you both find comfort in one another.,2020-10-02,2531,Teen And Up Audiences,Other,Completed,Emotional Baggage | Emotional Hurt | Emotional Hurt/Comfort | Falling In Love | Gender-Neutral Pronouns | Gender-neutral Reader | Hurt/Comfort | Love | Short & Sweet | Yoongi and Hoseok are best friends,"Min Yoongi | Suga/Reader, Min Yoongi | Suga/You",yoongi,{'yoongi'}
https://golemlab.eu/graph/32644756,11,myg/sc: i.i,this is the same couple from myg/sc: i and the same jk from on bad days,2021-07-17,1482,Explicit,F/M,Completed,Degradation | Fingering | I might’ve missed some things please let know if I did! | Light Brat Taming | Light breath play | Smut | Thigh Slapping | exhibitionist yoongi | i spent way too long on this lmao i also might be broken | i’m not the greatest with smut so i hope you enjoy it | not edited sorry | pussy/clit slapping | soft/hard dom yoongi,Min Yoongi | Suga/Reader Series: on bad days [4],yoongi,{'yoongi'}
https://golemlab.eu/graph/24958681,11,Wedding Blues,"You loved him, but everyone around you was moving forward without you, getting married, starting their lives... You wanted that to. You deserved that. But, if he wasn't willing to give it to you, should you stay?",2020-06-28,3320,Mature,F/M,In-Progress,Angst | Angst with a Happy Ending | Arguing | Communication Failure | Daddy Kink | Depression | Dom/sub Undertones | Emotional Hurt/Comfort | Established Relationship | Eventual Happy Ending | Lack of Communication | Light Dom/sub | Mildly Dubious Consent | Unhealthy Relationships | Weddings,Min Yoongi | Suga/Reader,yoongi,{'yoongi'}
https://golemlab.eu/graph/20525705,11,Headphones | myg,“I knew I was in love when all those stupid love songs started making sense.” ; A story about a girl and a boy who happen to ride the same train everyday.,2019-09-05,3077,General Audiences,F/M,In-Progress,2013 bts - Freeform | Eventual Romance | Fluff | Friends to Lovers | Medium Burn | NO era | Not Quite a Slow Burn | Strangers to Friends to Lovers | first book of two | they meet on a train,Min Yoongi | Suga/Reader,yoongi,{'yoongi'}
https://golemlab.eu/graph/24082330,11,Sega Sunset,You’ve just moved back into town for school but can’t afford the rent alone. To your dismay the only roommate request you receive is from a man around the same age and caliber. The apartment is small and cramped and temps for a more complicated relationship that neither of you particularly want.,2020-05-08,1536,Mature,F/M,Completed,Angst | Heartbreaking | One Shot | Romance | Sad Ending | Smut | roommate au,Min Yoongi | Suga/Reader,yoongi,{'yoongi'}
https://golemlab.eu/graph/18062975,11,Seesaw,"A series of one shots based around the Love Yourself solo songs - you and Yoongi have been together for as long as either of you can remember, and that’s the problem.",2019-03-10,4457,Not Rated,F/M,Completed,Angst | Min Yoongi | Suga is Bad at Feelings | Min Yoongi | Suga is So Done | emotionally abusive relationship | no happy ending,Min Yoongi | Suga/Reader Series: Love Yourself [2],yoongi,{'yoongi'}
https://golemlab.eu/graph/19389700,11,l'appel du vide,i have a little bit of an idea to expand this with so let me know if you would want that!,2019-06-28,646,Not Rated,F/M,Completed,Angst | Demons | kinda creepy ngl | stalking-ish,Min Yoongi | Suga/Reader,yoongi,{'yoongi'}
https://golemlab.eu/graph/31429862,11,then there's you,Prompt: Don’t walk away from me. @challengingwords #12 (from tumblr),2021-05-21,323,General Audiences,Gen,Completed,Angst | Established Relationship | Hurt/Comfort | Mental Health Issues | New Year's Eve,Min Yoongi | Suga/Reader,yoongi,{'yoongi'}
https://golemlab.eu/graph/40658028,11,Recollections,"perfect doesn’t last forever, that much you’ve learned. Your ‘perfect’ marriage has turned into the hardest and most frustrating thing in your life. You’ve both lost who you are. There’s a lot that needs to be worked out.",2022-07-29,7251,General Audiences,F/M,Completed,Arguing | Crying | Dad Yoongi | Hopeful | Mom Reader | Rocky Marriage | Swearing. | depictions of panic attacks and stress | domestic AU | first scene is flashback and there’s at least three of them. Not all at beginning. angst | married au,Min Yoongi | Suga/Reader Series: Yoongi Stories [3],yoongi,{'yoongi'}
https://golemlab.eu/graph/39036528,11,Happier,Pairing: Yoongi x Reader Word Count: 845 (drabble) Genre: angst AU: lovers to exes?,2022-05-16,861,Teen And Up Audiences,F/M,Completed,Angst | Breakup | Divorce | Grief | Hurt | Hurt No Comfort | Lovers to exes - Freeform | Min Yoongi - Freeform | Separation | Yoongi - Freeform | mentions of couples counseling | vague allusions to something bad happening,Min Yoongi | Suga/Reader,yoongi,{'yoongi'}
https://golemlab.eu/graph/41483661,11,Sanguine in the Moonlight,"You awaken to find Yoongi gone on a hunt, and you hold vigil till he returns.",2022-09-04,787,General Audiences,F/M,Completed,Alternate Universe - Magic | Alternate Universe - Vampire | Castles | Gender-Neutral Pronouns | Gothic | Kissing | Late Night Conversations | Late at Night | Love | Magic | Romantic Fluff | True Love | Vampires | Wishes,Min Yoongi | Suga/Reader,yoongi,{'yoongi'}
https://golemlab.eu/graph/31729099,11,Magic,Sometimes magic can be found in the quietest of moments. Like having a lie-in with your busy boyfriend every once in a while. Part of the BGW Drabble Marathon posted originally on my tumblr,2021-06-04,716,General Audiences,F/M,Completed,Established Relationship | Fluff | Romance,Min Yoongi | Suga/Reader Series: BGW drabble marathon [24],yoongi,{'yoongi'}
https://golemlab.eu/graph/22134649,11,Custom Love,"This letter of notice is being issued to Y/L/N Y/N in order to inform her that due to her lack of notified partnership as of December 9th, 2066 we at the Human Assistance and Care Agency have submitted an application to instate her in our Advanced Lifeform pairing plan. ANGEL law states that any human, male or female, who is not “mated” before the age of twenty-one be entered into this program until a suitable match can be made. Failure to abide by this law can result in fines, incarceration, and/or death. Ms. Y/L/N must present herself at HACA headquarters at 6 am on January 1st, 2067 to perform the HEA examination. We ask that appropriate attire is worn and that proof of person and legal documentation is presented upon arrival. We wish you the best and good luck.",2020-01-05,8765,Mature,F/M,In-Progress,,Min Yoongi | Suga/Reader Series: AI BTS [1],yoongi,{'yoongi'}
https://golemlab.eu/graph/18544606,11,Little Things | Open Writing Prompt,The first time Min Yoongi realized he loved you was also the first time he realized just how many things could go wrong.,2019-04-21,109,General Audiences,F/M,Completed,Age Gaps | Cliche | Humor | Romance,Min Yoongi | Suga/Reader,yoongi,{'yoongi'}
https://golemlab.eu/graph/17388686,11,I'm sorry.,None,2019-01-12,63,General Audiences,F/M,Completed,Angst | Break Up | Sadism | Short Story,Min Yoongi | Suga/Reader,yoongi,{'yoongi'}
https://golemlab.eu/graph/11191152,11,FUGUE,"Your profession isn’t the ideal breeding ground for romantic relationships, however when your husband is the legendary G.Host of the mercenary industry, things tend to be smoother. That is till the day you both receive assignments that threaten to tear your carefully crafted world apart.",2017-06-13,1933,General Audiences,F/M,In-Progress,Assassins & Hitmen | Mercenaries,Min Yoongi | Suga/You,yoongi,{'yoongi'}
https://golemlab.eu/graph/36998776,11,Jazz Nights,"You are an aspiring jazz singer, preparing for your saturday night performance in ""The Bulletproof"" Gents Club, when Min Yoongi, member of the exclusive club, requests a minute of your time.",2022-02-09,1484,Mature,F/M,Completed,Lot's of teasing... | Non Idol AU | Yoongi is a menace in this,Min Yoongi | Suga/Reader Series: Daydreaming Drabbles [Yoongi Edition] [2],yoongi,{'yoongi'}
https://golemlab.eu/graph/40792338,10,Front and Centre,"Getting front row seats at your favorite bands concert is an amazing opportunity . But getting the chance to be front and centre and then being picked out of the audience by your bias is a once in a lifetime. What's happens next is what dreams and Wattpad stories are made of!! A collection of one shots that tell the story of what we really only need to hear, the sex!",2022-08-04,6395,Mature,F/M,In-Progress,Ass Play | Bangtan Boys | BTS Concert(s) | Explicit Language | Fluff and Smut | Min Yoongi | Suga's Tongue Technology | Mutual Masturbation | Oral Sex | Sex | Strangers | Strangers to Lovers | Vaginal Fingering | Vaginal Sex,Min Yoongi | Suga/Reader,yoongi,{'yoongi'}
https://golemlab.eu/graph/11495022,10,"""so you're the new neighbor?"" [min yoongi | suga oneshot]",{honestly i made this cause i was bored during my milestones and decided to write smut about bts so don't hate me if this is terrible} + enjoy! +,2017-07-14,2046,Mature,F/M,Completed,And Wrote This Garbarge | Oneshot | Smut | got bored,Min Yoongi | Suga/Reader Series: ~oneshots~ [1],yoongi,{'yoongi'}
https://golemlab.eu/graph/20706713,10,Dahlia,"he’s learning to live with an admittedly back-fired, flower-obsessed experiment.",2019-09-20,8460,Not Rated,F/M,Completed,Dahlia - Freeform | Min Yoongi - Freeform | Yoongi - Freeform | bouquet series | reader x yoongi - Freeform | yoongi x reader - Freeform,Min Yoongi | Suga/Reader Series: Bouquet [1],yoongi,{'yoongi'}
https://golemlab.eu/graph/18632335,10,Anytime,"You arrive in New York to reach your dream of becoming an author. While you're there one of the most dangerous natural disasters occur; a winter tornado. You would've died from the cold if it wasn't for some special guys and they are known as, Bts.",2019-04-28,8009,General Audiences,F/M,In-Progress,,Min Yoongi | Suga/Reader,yoongi,{'yoongi'}
https://golemlab.eu/graph/26965156,10,The Sound of Rain,None,2020-06-23,15206,General Audiences,F/M,Completed,Alternate Universe | Fantasy | Faun-like creatures | Mythology - Freeform | Rebirth | Romance,"Min Yoongi | Suga/Reader, Min Yoongi | Suga/You",yoongi,{'yoongi'}
https://golemlab.eu/graph/35649136,10,Broken Ornament,None,2021-12-11,439,General Audiences,F/M,Completed,,"Min Yoongi | Suga/Reader, Min Yoongi | Suga/You Series: Happy Holidays [3]",yoongi,{'yoongi'}
https://golemlab.eu/graph/39350466,10,New Neighbor,"You finally work up the courage to bring your cute new neighbor home after some liquid courage, you get what you’ve been pinning for since you saw him in the mail room.",2022-05-31,3757,Explicit,F/M,Completed,Alternate Universe - Modern Setting | Alternate Universe - Neighbors | Drunk Sex | Explicit Language | Explicit Sexual Content | Fluff | Fluff and Smut | Min Yoongi | Suga Smut | Oral Sex | bts - Freeform,Min Yoongi | Suga/You,yoongi,{'yoongi'}
https://golemlab.eu/graph/39061734,10,Baby Boy,"“How long?” You ask trying to remain calm. “How long what?” “How long have you known?” The anger bubbling to the surface. “I don’t understand what you’re asking?” Concern creeps into his voice “The mark, how long have you known? It’s black that means you have yours, How long have you known?” Silence. A friendship built on food and waiting for the bus. It seemed so strong but years and thousands of miles can erode even the strongest of bonds. What will it take to rebuild trust and friendship when things seem so different? When is the right time to tell someone you haven't seen in years they are your soulmate?",2022-05-18,583,Mature,F/M,In-Progress,Alternate Universe - Soulmates | Background Relationships | Fluff and Angst | Friends to Lovers | Hurt/Comfort | Implied/Referenced Abuse | Past Abuse | Psychological Trauma | Romantic Soulmates | Sarcasm | Slow Burn | Soulmates | Strangers to Lovers | Trauma,"Min Yoongi | Suga/Reader, Min Yoongi/Reader Series: Bangtan Soulmates [1]",yoongi,{'yoongi'}
https://golemlab.eu/graph/35729338,10,I Saw Mommy Kissing Santa Claus,"Your daughter attempts to catch Santa on Christmas Eve, aided by her two friends.",2021-12-15,1371,General Audiences,Gen,Completed,Alternate Universe - Idols | Domestic Fluff | Established Relationship,Min Yoongi | Suga/Reader Series: Domestic Yoongi [5],yoongi,{'yoongi'}
https://golemlab.eu/graph/24958573,10,Jealousy,Jealousy was a strange beast...,2020-06-28,489,Mature,F/M,Completed,Arguing | Established Relationship | False Accusations | Implied Sexual Content | Lack of Communication | Nipple Play | Unhealthy Relationships,Min Yoongi | Suga/Reader,yoongi,{'yoongi'}
https://golemlab.eu/graph/41045676,10,Are you thinking about me? (Are you?),Yoongi pines for his ex-girlfriend after spotting her on his Instagram feed.,2022-08-15,458,General Audiences,F/M,Completed,Angst | Break Up | College AU | Heartbreak | Pining | Sad Yoongi,Min Yoongi | Suga/Reader Series: One Shots Based on BTS Songs [2],yoongi,{'yoongi'}
https://golemlab.eu/graph/25491412,10,Yoongi One Shots,"Yoongi spent most of his time at college in the library. He was the assistant to an older gentleman who basically sat and read books to write reviews about while Yoongi was the one who did all the work. He didn’t mind though. The library was busy but quiet, with a calm atmosphere and the sound of papers turning.",2020-07-24,1104,General Audiences,Gen,Completed,Librarian Min Yoongi | Suga | One Shot | Short One Shot | Soft Min Yoongi | Suga,Min Yoongi | Suga/Reader Series: BTS One Shots [2],yoongi,{'yoongi'}
https://golemlab.eu/graph/30371532,10,Aboard the Epiphany,"Jeon Jungkook was supposed to be your trainee. He was supposed to work with you at the cruise's buffet as an attendant. He wasn’t supposed to get involved with your friends, get adopted by Min Yoongi, and steal the hearts of everyone on the ship. But sometimes things don’t go according to plan. Or the one where the members of BTS work on a Cruise Ship called the Epiphany, where Namjoon is Cruise Director, Hoseok is Assistant Cruise Director, Taehyung is the Guest Photographer, Seokjin is a chef, Jimin is a performer, and Yoongi is a DJ and pianist. And you. Well. You’re just a buffet attendant along for the ride.",2021-03-31,7049,Teen And Up Audiences,F/M,In-Progress,Alternate Universe - Cruise Ship | Assistant Cruise Director Jung Hoseok | J-Hope | Chef Kim Seokjin | Jin | Cruise Director Kim Namjoon | RM | Cruise Performer Park Jimin | Cruise Ships | DJ Min Yoongi | Suga | Dancer Park Jimin (BTS) | Fluff | Fluff and Humor | Photographer Kim Taehyung | V | Pianist Min Yoongi | Suga | Slow Burn,Min Yoongi | Suga/Reader,yoongi,{'yoongi'}
https://golemlab.eu/graph/36000622,10,fly to my room,they said yoongi would be a good pole dancer and i just couldn’t get the image out of my mind. also that ass thoooooo.,2021-12-27,895,Explicit,F/M,Completed,Aftercare | Crying | Dancer Min Yoongi | Suga | Dom/sub | Drabble Collection | Edging | Fishnets | Overstimulation | Plot What Plot/Porn Without Plot | Reader-Insert | Smut | Stripping | Sub Min Yoongi | Suga | Unprotected Sex | cockring | handjobs | oral sex (m receiving),Min Yoongi | Suga/Reader Series: I Got You [3],yoongi,{'yoongi'}
https://golemlab.eu/graph/28775955,10,bluebell,"Yoongi crossed his arms in thought. “You can’t find someone else for fun. It’s just me . Always just me, bluebell.” “What can you do that other men can’t?”",2021-01-15,1186,Mature,F/M,Completed,Alternate Universe - Bar/Pub | Drunken Flirting | Explicit Language | Flirting | Fuckbuddies | Past Relationship(s),Min Yoongi | Suga/Reader,yoongi,{'yoongi'}
https://golemlab.eu/graph/23841259,10,Don't Loose Your Head (Min Yoongi/SugaxF!Reader),"This oneshot has the reader as a member of the fictional Korean cast of ""SIX"", in the role of ""Anne Boleyn"". Being friends with Yoongi and harboring feelings for him, reader is teased by her castmates, while the poor guy gets the same treatment from the other members. The song featured in this shot originates from the musical ""SIX"", that tells the stories of Henry VIII's six wives.",2020-04-25,2055,Teen And Up Audiences,F/M,Completed,Fluff | Friends to Lovers | Kim Taehyung | V is a Little Shit | Soft Min Yoongi | Suga | Sweet Min Yoongi | Suga,Min Yoongi | Suga/Reader Series: SIX-Series [2],yoongi,{'yoongi'}
https://golemlab.eu/graph/16955223,10,"Magic is Dangerous, Just ask the Elders","They snuck around a corner, grabbing food and supplies they might need as they went.  They lived in a post-apocalyptic society, so food was always scarce, and growing it was hard.   A bomb had gone off over a hundred years ago, and the resulting humans had to live with treacherous living conditions, and the occasional mutated creature, society called grunts.  During the time that it took the earth to clear radiation, and be cleared for most of humanity, some were affected in a special way, and created magical powers.  Many of these younger generation were taken by the elders, tested on and used to find out how they got them, sense they wanted them for themselves.  However many, like Lyon, didn’t want it to himself.  In fact he had made it his duty to create a safe haven for as many as he could find and save. DISCONTINUED",2018-12-11,10913,Mature,F/M,In-Progress,Minor GOT7 (Ensemble) | Mutant Powers | Mutants | Post-Apocalypse,Min Yoongi | Suga/Reader,yoongi,{'yoongi'}
https://golemlab.eu/graph/14314869,10,Kismet,Who would have though that someone who buried her dreams inside will finally meet someone willing to make it come to life? Not just the dreams but the idea and thought of being in love...,2018-04-14,7651,General Audiences,F/M,In-Progress,,Min Yoongi | Suga/Reader,yoongi,{'yoongi'}
https://golemlab.eu/graph/9703292,10,Fallen,None,2017-02-14,2991,Mature,F/M,Completed,Smut,Min Yoongi | Suga/You,yoongi,{'yoongi'}
https://golemlab.eu/graph/39775395,9,Good Fortune & A New Beginning,"Your neighbor is a handsome, grumpy, young man. Eventually a surprising connection is made.",2022-06-20,2091,Mature,F/M,Completed,Alternate Universe - Neighbors | Fluff | Strangers to Lovers,Min Yoongi | Suga/Reader,yoongi,{'yoongi'}
https://golemlab.eu/graph/24639835,9,Blood Instinct,"Warnings | Blood, kidnapping, mentions of cannibalism, no smut on this first part! ❝ “Aren’t you quite a morbid little thing.” “...Well, I am starving to death, I’m pretty sure I’m heavily dehydrated, talking to myself, going insane, and have no realistic prospects of getting out of this,” you croaked out. ❞",2020-06-10,6597,Mature,F/M,In-Progress,"Blood | Death | Eventual Romance | I had a short idea inspired by by dear friend saying the word ""soulmates"" as an AU she wanted | Naruto/kakashi AU if you squint/catch it | Sesshoumaru (InuYasha) vibes all over | Soulmates AU | and next thing I know here I am with a multishot | devil au | for her birthday gift | rating will apply more as chapters come out | violent/bloody scenes",Min Yoongi | Suga/Reader,yoongi,{'yoongi'}
https://golemlab.eu/graph/37370347,9,"YES, SIR","Summary:  yoongi a man in his early 40's has wondering eye's on the young new project manager, with lewd thoughts and an excuse he fucks you the same room of his ruined marriage. WARNINGS: infidelity, adultery, smut, slight manipulation, PWP, Sir kink, fingering, oral, riding, fingering, stripping, face riding, 69, oral, dirty talk, power bottom Yoongi, verbal Yoongi, kissing, cum down throat, orgasm denial, afair, flirtation, spanking, age kink and dynamic,",2022-02-25,2038,General Audiences,F/M,Completed,,Min Yoongi | Suga/Reader,yoongi,{'yoongi'}
https://golemlab.eu/graph/39990216,9,What Are You Doing New Year's Eve?,"Upon his return back home, things don't go as planned for Yoongi.  However, an unexpected surprise helps salvage what would otherwise have been a cold and lonely holiday evening.",2022-06-30,2291,General Audiences,F/M,Completed,Fluff,Min Yoongi | Suga/Reader,yoongi,{'yoongi'}
https://golemlab.eu/graph/21563017,9,Taste of Eternity,"The Plague is back in the 17th century. It's merciless and kills every human it touches. An English girl is smitten by the disease and her destiny of dying by its hands like her family is certain. Or maybe God has other plans for her. That is at least what she believes when she wakes up with no traces of the plague on her. Min Yoongi is the name of the man that cured Anastasia, and in turn of coming with him, he promises immortality and wealth. But what good is a promise from a dead man?",2019-11-25,7109,Teen And Up Audiences,F/M,In-Progress,Alternate Universe - Historical | Alternate Universe - Renaissance | Vampires,Min Yoongi | Suga/Reader,yoongi,{'yoongi'}
https://golemlab.eu/graph/10432188,9,Min Yoongi Shorts,"Drabbles about Yoongi and his girlfriend's life from a third point of view. Or something like that. I'll take requests if you have any. 1- Home: He felt like home, making it hard to leave. He was home.",2017-03-25,394,Teen And Up Audiences,F/M,In-Progress,I'll accept promts | I'll tag as I go | Idk anymore just bye | It's something | Random & Short | asian born characters | but idk what | caribbean born and raised characters | drabbles?? | european born characters | idek what this is to be honest | idk what this is | may contain 18+ | prompts | runaway this instant | this is solely for a change of pace and to get rid of writers block,Min Yoongi | Suga/Reader,yoongi,{'yoongi'}
https://golemlab.eu/graph/18256370,9,Accepting Despondency,"One simple miscalculation, changed Yoongi's life forever in ways he never imagined it would turn out to be",2019-03-27,2517,General Audiences,Gen,Completed,,Min Yoongi | Suga/Reader,yoongi,{'yoongi'}
https://golemlab.eu/graph/34906051,9,August,"""He is your best friend, how can you say you love him without ruining anything?"" This whole "" I love Yoongi more than friends"" situation is suffocating. Now you are back home, all you want to do is scream how much you like him, but you're too afraid of losing your friend. If you're brave enough you can do it this summer. Hopefully, he'll say he loves you too.",2021-11-03,5107,Teen And Up Audiences,F/M,In-Progress,Beach House | Friends to Lovers | Strangers to Lovers | Summer Vacation,"Min Yoongi | Suga/Reader, min yoongi reader",yoongi,{'yoongi'}
https://golemlab.eu/graph/22136647,9,Purgatorio,"Min Yoongi didn’t know much about the world and he enjoyed living in his own personal bubble of self-loathing and cynicism which kept him away from those he loved and kept him tied to his demons. In one of his rare outings, he comes across a peculiar woman who claims to see his future and promises one that is not so bleak. One where he can experience happiness, love, and what it means to finally live; all he must do is pay the price and everything he’s ever needed but never knew he wanted would be granted. Upon paying the price, Yoongi awakens in a hospital room not quite himself and latches onto the first person he sees. His savior, his guardian, the one who can silence all his demons, the one willing to sacrifice everything to help a man she believes to be helpless - never figuring out it was part of his plan all along. “You and I, it was prophesized. Now sacrifice yourself for me and give me all I need.”",2020-01-05,8153,Mature,F/M,In-Progress,,Min Yoongi | Suga/Reader Series: The Divine Commedia Trilogy [3],yoongi,{'yoongi'}
https://golemlab.eu/graph/29349606,9,Letting Go|Min Yoongi x Reader,Yoongi letting go was the hardest point in your life and you swore that you would never let him go once you got him back,2021-02-11,2046,General Audiences,F/M,Completed,Angst | Fluff and Angst | Min Yoongi | Suga is Bad at Feelings | References to Depression | Sad with a Happy Ending | Yandere | light fluff,Min Yoongi | Suga/Reader,yoongi,{'yoongi'}
https://golemlab.eu/graph/24985393,9,Miss You,There was no way in hell you were working now that he was home.,2020-06-29,646,Not Rated,F/M,Completed,Begging | Cunnilingus | Daddy Kink | Dirty Talk | Dom/sub Undertones | Safe Sane and Consensual | Safewords | Teasing | Vaginal Fingering,Min Yoongi | Suga/Reader,yoongi,{'yoongi'}
https://golemlab.eu/graph/26076688,9,Hanahaki Disease Min Yoongi x Reader,"you always felt that people who caught hanahaki disease were stupid, that was until you caught it. Now you’ll do anything to get him to like you back.",2020-08-24,228,Not Rated,F/M,In-Progress,Fluff | Hanahaki Disease | hanahaki,"Min Yoongi | Suga/Reader, Suga x Reader - Relationship, Yoongi x Reader",yoongi,{'yoongi'}
https://golemlab.eu/graph/25822276,9,The park bench,"A/N: just a quick 5 min blurb for an idea that was swirling in my head also I was super depressed had to vent. Thanks for the read guys, I really appreciate every single one of you guys.",2020-08-10,637,General Audiences,F/M,Completed,Angst | Fluff | One Shot | Reader Insert,Min Yoongi | Suga/Reader,yoongi,{'yoongi'}
https://golemlab.eu/graph/22197520,8,Coffee brought me to you.,A cute fluffy story about you meeting a cute barista falling in love for him at first sight. . . . . Okay that's a bit of a stretch. The story goes like this. You like him. Got his number. Text him. Be friends. Then both of you fall for one another. The end! Capiche!! Period!!,2020-01-10,1024,General Audiences,F/M,Completed,Alternate Universe - Coffee Shops & Cafés | Barista Min Yoongi | Suga | Borahae BTS | Cute Min Yoongi | Suga | Fluff and Humor | I LOVE COFFEE!! | coffee are life!,Min Yoongi | Suga/Reader,yoongi,{'yoongi'}
https://golemlab.eu/graph/36458608,8,Burn it,What would have happened if you had told him about your feelings? Would she have had a chance? Would he have returned them?,2022-01-16,480,Mature,F/M,Completed,Angst | Angst and Feels | Dark | Hurt No Comfort | Implied Sexual Content | Implied/Referenced Cheating | Unresolved Emotional Tension | strangers to lovers to strangers,Min Yoongi | Suga/Reader,yoongi,{'yoongi'}
https://golemlab.eu/graph/38870940,8,The music that unite us,Reader is a Tiktoker that expresses her love for music through her account. Jungkook recommends her TikTok to Yoongi.,2022-05-08,3349,Mature,F/M,In-Progress,Eventual Romance | Eventual Smut | Extreme love for music | Grammy Awards | Happy Ending | Min Yoongi | Suga Is Whipped | Min Yoongi | Suga is Bad at Feelings | Reader too | Thank god for the existence of best friends,Min Yoongi | Suga/Reader,yoongi,{'yoongi'}
https://golemlab.eu/graph/10866624,8,A Full-Written Diary's Empty Page,"""You probably don't understand, no one does in the end. They are wrecking my mind, the only safe spot I once had left. But why am I adressing this to you at all, it's not like you will read it anyway."" What if yoongi gets to fight his inner demons only to become more posessed by them? What if the only chance left to save him is somewhere hidden inside of you? You, who did not get to see him in years, who could not help him through his hardships. He will write about it, about you, write everything down just as he does with his lyrics. The pages are filled with texts about as well as dedicated to you.",2017-05-09,2711,Teen And Up Audiences,F/M,In-Progress,Angst | Death | Depressed Min Yoongi | Suga | Depression | I will mention trigger warnings in the notes | Min Yoongi | Suga is Bad at Feelings | Min Yoongi | Suga is So Done | Romance | Sad | Sad Min Yoongi | Suga | Soulmates | Violence | angsty | but not the whole time tho | this is going to be angsty as hell | you may already noticed,"Min Yoongi | Suga/Reader, Min Yoongi | Suga/You",yoongi,{'yoongi'}
https://golemlab.eu/graph/12062553,8,Air de Piano.,"Yoongi aimait vraiment jouer du piano. Mais ce qu'il aimait encore plus, c'est lorsque tu l'écoutais jouer.",2017-09-12,1480,Not Rated,F/M,Completed,Cute Min Yoongi | Suga | Piano | Romantic Fluff,Min Yoongi | Suga/Reader,yoongi,{'yoongi'}
https://golemlab.eu/graph/27442795,8,Forte,"Min Yoongi is a world-renowned musician. Loved by millions, his shows are always sold out, and he’s usually busy getting ready to leave for another country during his many, many world tours. You are also a musician, matching his level of fame perfectly, and on top of that, you happen to be dating him. There’s only one issue- you’re from rivaling companies, forcing you to be full of hate towards each other for the sake of your careers whenever the cameras were rolling. Thankfully for your career, everyone, your manager included, thought it was real. Sadly for you, though, everyone thought it was real.",2020-11-13,3084,Mature,F/M,In-Progress,Alternate Universe - Music | Alternate Universe - Not K-Pop Idols | Angst | Angst and Romance | Declarations Of Love | Established Relationship | Eventual Smut | Fame | Famous Min Yoongi | Suga | Famous Reader | Fluff and Angst | Forbidden Love | Interviews | Min Yoongi | Suga Is Whipped | Musicians | Other Additional Tags to Be Added | Porn With Plot | Porn with Feelings | Producer Min Yoongi | Suga | Secret Relationship | Slow Dancing | Slow To Update | Tags May Change | True Love | Wet Dream | secret dates,Min Yoongi | Suga/Reader Series: Facing the music [1],yoongi,{'yoongi'}
https://golemlab.eu/graph/31813372,8,Yoongi+19,19. Red carpet dick just roll it out.,2021-06-08,657,Mature,F/M,Completed,,Min Yoongi | Suga/Reader Series: What's your fantasy [6],yoongi,{'yoongi'}
https://golemlab.eu/graph/17825114,8,The Idol Rappers Guardian Angel,(Y/n) dies on the way to a BTS concert only to wake up and find out they are now the guardian angel of their ultimate bias Min Yoongi.,2019-02-17,1206,General Audiences,Gen,In-Progress,,Min Yoongi | Suga/Reader,yoongi,{'yoongi'}
https://golemlab.eu/graph/24646084,8,Evermore,"Beauty and The Beast AU - Yoongi x Reader You don't know where in life you had gone wrong, but life was shit and you didn't know anything else. So when your friend decides to guide you into her world, you just went along with it. You were not expecting to come across the human grinch, let alone falling in love with him...",2020-06-10,3628,Explicit,F/M,In-Progress,Beauty and the Beast AU | Disney | I'm Bangtan Boys | BTS Trash | Jung Hoseok | J-Hope & Min Yoongi | Suga are Best Friends | Jung Hoseok | J-Hope is a Sweetheart | Min Yoongi fanfic | Min Yoongi fanfiction | Min Yoongi | Suga Is Whipped | Min Yoongi | Suga is Bad at Feelings | Smut Au | Top Min Yoongi | Suga | alternative universe | bts fanfic | bts fanfiction | bts fic | bts scenario | bts scenarios | bts smut | disney scenario | min yoongi scenario | min yoongi smut,Min Yoongi | Suga/Reader Series: Fairytales [3],yoongi,{'yoongi'}
https://golemlab.eu/graph/33330694,8,"I’m the QUEEN, I’m the BOSS",None,2021-08-18,733,Not Rated,F/M,In-Progress,Alternate Universe - Daechwita (Agust D Music Video) | Daechwita MV Min Yoongi | Suga | Inspired by Daechwita (Agust D) | Rape | Rape/Non-con Elements | Song: Daechwita (Agust D),Min Yoongi | Suga/Reader,yoongi,{'yoongi'}
https://golemlab.eu/graph/38426812,8,Take me to Prison baby,You end getting to sent to prison over a crime to some old lady. You have to deal with prison for someka short years unless you know how to behave. Or You go to prison and meet warden Min who shows you how to act right for the next few years.,2022-04-17,3242,Mature,F/M,Completed,Alternate Universe - Prison | Desk Sex | Explicit Language | Explicit Sexual Content | Flirting | Min Yoongi | Suga Has a Big Dick | Piercings | Porn With Plot | Prison Sex | Small fluff | Spanking | Vaginal Fingering | Vaginal Sex | ambw,Min Yoongi | Suga/Reader,yoongi,{'yoongi'}
https://golemlab.eu/graph/23763412,8,the assistant,the one where yoongi works for a super bitchy boss and he knows how to deal with her {crossposted from my tumblr},2020-04-21,282,General Audiences,F/M,Completed,,Min Yoongi | Suga/Reader Series: all the realms of yoongi [3],yoongi,{'yoongi'}
https://golemlab.eu/graph/16735935,8,The Magician and I,Suga is a wish-granting magician. He grants wishes—for the price of your most prized possession. Your parents and brother died tragically in a plane crash and you visit Suga to grant your wish to bring them back to life...but instead you become his assistant. Now you’re thrust into a world of magic and the mysterious being known as Suga. *Updates every Tuesday*,2018-12-18,7107,Teen And Up Audiences,F/M,In-Progress,Alternate Universe - Fantasy | Alternate Universe - Magic | Angst | Angst with a Happy Ending | Eventual Romance | Mentions of Death | Wishes | based on manga,Min Yoongi | Suga/Reader,yoongi,{'yoongi'}
https://golemlab.eu/graph/25451830,8,Blue Eyes,"A cute story dedicated to my beautiful @k_hale94. You'd been admiring Yoongi from afar, and one day he shows up at your table at the library.",2020-05-06,500,Teen And Up Audiences,F/M,Completed,Disabled Character | Fluffy Ending | Love | Love Confessions | Short & Sweet | Sweet | Sweet Min Yoongi | Suga,Min Yoongi | Suga/Reader,yoongi,{'yoongi'}
https://golemlab.eu/graph/12203547,8,Location,None,2017-09-27,563,Mature,F/M,Completed,,Min Yoongi | Suga/Reader Series: Bangtan series [3],yoongi,{'yoongi'}
https://golemlab.eu/graph/23763259,8,the harlot au,inspired by Harlots on HULU {crossposted from my tumblr},2020-04-21,1050,Mature,F/M,Completed,Alternate Universe - Historical,Min Yoongi | Suga/Reader Series: all the realms of yoongi [2],yoongi,{'yoongi'}
https://golemlab.eu/graph/24042241,8,good girls like bad boys,i had this thought while watching the latest episode of GoodGirls on NBC. {crossposted from my tumblr},2020-05-06,1611,Teen And Up Audiences,F/M,Completed,,Min Yoongi | Suga/Reader Series: all the realms of yoongi [6],yoongi,{'yoongi'}
https://golemlab.eu/graph/36998554,8,Brick Wall,"All you want is some peace and quiet, but then again there is Min Yoongi,...",2022-02-09,436,Not Rated,F/M,Completed,Alternate Universe - College/University | Mutual Pining,Min Yoongi | Suga/Reader Series: Daydreaming Drabbles [Yoongi Edition] [1],yoongi,{'yoongi'}
https://golemlab.eu/graph/40166970,7,Lion’s prey,When Y/N is interrupted by her ex visiting it ends in chaos…….. for her kitchen anyway 😉,2022-07-08,2380,Mature,F/M,Completed,,Min Yoongi | Suga/Reader,yoongi,{'yoongi'}
https://golemlab.eu/graph/29874912,7,Ruler of Hell,"He was a one night stand, but that didn't stop her from falling for the ruler of Hell, Satan. ----------- Just a short thing that I wrote because I was bored. Demon!Yoongi x Female!Reader Warming: a wee bit of implicated sex I guess, but not really. Also was posted on my Tumblr @/the-creators-spot (Might have to search for it though)",2021-03-06,360,Teen And Up Audiences,F/M,Completed,Demon Min Yoongi | Suga,Min Yoongi | Suga/Reader,yoongi,{'yoongi'}
https://golemlab.eu/graph/12327462,7,Excerpts of A Wraith,"A piano session, just quiet acceptance of loving each other ft. confusing figures of speech tumblr - qlmondmilk",2017-10-10,910,Not Rated,F/M,Completed,im not sure how you categorize this under | soooo give it a read lmao,Min Yoongi | Suga/Reader Series: Completed Works [2],yoongi,{'yoongi'}
https://golemlab.eu/graph/21626134,7,Chasing Your Dreams,The story of how you help Yoongi in acheiving his dreams of becoming the best version of himself and a rapper and producer,2019-12-01,12345,General Audiences,Gen,Completed,Depressed Min Yoongi | Suga | Does not get better | Idol Min Yoongi | Suga | It Gets Worse | Sad Min Yoongi | Suga | Soft Min Yoongi | Suga | its angst | might make you cry | non idol reader | right person at the wrong time,Min Yoongi | Suga/Reader,yoongi,{'yoongi'}
https://golemlab.eu/graph/23603875,7,Busted,"You had one job. Remain true - some betrayals don't seem like betrayals until its too late, but he'll forgive you... Right? He's has to...",2020-04-12,7383,Explicit,F/M,In-Progress,Anal Fingering | Anal Sex | Angst | Angst and Hurt/Comfort | Blow Jobs | Oral Sex,Min Yoongi | Suga/Reader,yoongi,{'yoongi'}
https://golemlab.eu/graph/13676316,7,Note,You went to the store to get some snacks but bumped into someone.,2018-02-15,547,Not Rated,F/M,Completed,AwkwardWritingBearWithMePlease | Fluff,Min Yoongi | Suga/Reader Series: BTS one shot collections [1],yoongi,{'yoongi'}
https://golemlab.eu/graph/39050583,7,Stereotypes,"Sports. God you hated sports, you thought they were boring and everyone who played them was full of themselves. You had the unfortunate task of working with an athlete on a group project; you are livid. However, the longer you spend with him, the more appealing he seems. Maybe he’s not all that bad.",2022-05-17,2055,General Audiences,F/M,Completed,College | Enemies to Lovers | Fluff | Strangers to Lovers | Swearing | Texting | basketball pro yoongi | shush I know how to spell ive just been up all night | the sentance sleeping with women,Min Yoongi | Suga/Reader Series: Yoongi Stories [1],yoongi,{'yoongi'}
https://golemlab.eu/graph/16644809,7,Pole Dancing,None,2018-11-17,600,Not Rated,F/M,Completed,,"Min Yoongi | Suga/Reader, Minor or Background Relationship(s)",yoongi,{'yoongi'}
https://golemlab.eu/graph/22134661,7,Ivory,None,2020-01-05,356,Teen And Up Audiences,F/M,Completed,,Min Yoongi | Suga/Reader,yoongi,{'yoongi'}
https://golemlab.eu/graph/16595381,7,Late Night Meetings. Min Yoongi,When the work place become a bit more exciting.,2018-11-12,2149,Mature,F/M,Completed,Workplace Relationship,Min Yoongi | Suga/Reader,yoongi,{'yoongi'}
https://golemlab.eu/graph/37783237,7,YoonSy,"You rarely get to see your boyfriend Yoongi due to his busy schedule, so when he shows up unexpectedly for the holidays, it takes you by surprise.",2022-03-17,2707,Explicit,F/M,Completed,Established Relationship,"Min Yoongi | Suga/Reader, Min Yoongi | Suga/You",yoongi,{'yoongi'}
https://golemlab.eu/graph/28899672,7,In Awe - Min Yoongi x Reader,"""Hello everyone, I am Min Yoongi of BTS. And I-"" ........ Life had started to feel draining to one, Yoongi Min. Until one day, the CEO of his agency stirs up a new girl group. A girl group which consisted of one, Y/N. What happens when you mix two people desperately falling in love, secrets, drama, fans, jealousy, happiness, and a dying heart? Will love prevail? Or will the cruel world of fame take another one of it's victims? As a fan, will you let, love?",2021-01-21,650,Mature,F/M,In-Progress,,Min Yoongi | Suga/Reader,yoongi,{'yoongi'}
https://golemlab.eu/graph/23571316,7,Aurora,"(was mafia au) Yoongi had no business falling in love, least of all with a rival mafia boss, a series told in non-chronological order {crossposted from my tumblr}",2020-04-10,4051,Mature,F/M,In-Progress,Alcohol | Childbirth | Gun Violence | Mentions of Blood | Minor Character Death | Recreational Drug Use | Sex | Violence | cursing | its a mafia | mentions of torture,Min Yoongi | Suga/Reader,yoongi,{'yoongi'}
https://golemlab.eu/graph/31728805,6,Partners,Hoseok never got around to telling his family that he broke up with his partner. Good thing you have the same name as his ex. Part of the BGW Drabble Marathon posted originally on my tumblr,2021-06-04,441,General Audiences,F/M,Completed,Established Relationship | Fluff | Romance,Min Yoongi | Suga/Reader Series: BGW drabble marathon [26],yoongi,{'yoongi'}
https://golemlab.eu/graph/27116938,6,dilemma,To be or not to be? that is the question.,2020-10-20,325,General Audiences,F/M,Completed,Angst | Apocalypse | Character Death | Drabble,"Min Yoongi | Suga/Reader, Min Yoongi | Suga/You",yoongi,{'yoongi'}
https://golemlab.eu/graph/20784716,6,road trip,"With graduation approaching, your friends are starting to grow apart. Will a cross country road trip be your final adventure or does it have the potential to save your friendships? Join the guys from BTS on a summer trip and see what awaits you on the open road. Tourist attractions, bonding, new experiences, and romance await you.",2019-09-26,6778,Teen And Up Audiences,F/M,In-Progress,Alcohol | Alternate Universe - High School | Alternate Universe - Road Trip | Angst | Anxiety | Clubbing | Drama | Drugs | Eventual Happy Ending | Eventual Relationships | Fluff | Fluff and Angst | Friends to Lovers | Friendship | Hurt/Comfort | Other Additional Tags to Be Added | Panic Attacks | Post-Graduation | Road Trips | Romance | Slow Burn | Summer Vacation | Work In Progress | i need friends please say hi | rich kids,Min Yoongi | Suga/Reader,yoongi,{'yoongi'}
https://golemlab.eu/graph/23766214,6,No. 0330,a lost umbrella and the no. 0330 - the key leading to yoongi finding you.,2020-04-22,3389,Not Rated,F/M,Completed,Fluff | Jin - Freeform | Kim Namjoon - Freeform | Kim Seokjin - Freeform | Min Yoongi - Freeform | Rm | SUGA FIC | bts fic | bts oneshot | jeon jungkook - Freeform | jhope - Freeform | jimin - Freeform | jung hoseok - Freeform | jungkook - Freeform | kim taehyung - Freeform | park jimin - Freeform | suga - Freeform | v - Freeform,Min Yoongi | Suga/Reader,yoongi,{'yoongi'}
https://golemlab.eu/graph/35857366,6,Caged (18+ MYG continuing story),"You meet Min Yoongi at a UFC match in Las Vegas on just the night you could use an naughty adventure with a stranger. Continuing story, suggested by moot on twt, and fueled by Min Yoongi on Instagram!  🔥🔥🔥 Warning, there will be smut. 18+",2021-12-21,2483,Explicit,F/M,In-Progress,Adult Content | Chance Meetings | Cross-Posted on Wattpad | Inspired by Bangtan Boys | BTS | Lust at First Sight | Min Yoongi | Suga-centric | Secrets | Sexual Content | Strangers to Lovers | To Be Continued | Work In Progress,"Min Yoongi | Suga/Reader, Min Yoongi | Suga/You",yoongi,{'yoongi'}
https://golemlab.eu/graph/10700646,6,curiosity killed the cat,this was reality.,2017-04-22,549,Teen And Up Audiences,Gen,Completed,Alternate Universe - Gang World | Angst | Bad Boy Min Yoongi | Suga | kpop | mentions of guns | mentions of smoking,Min Yoongi | Suga/Reader,yoongi,{'yoongi'}
https://golemlab.eu/graph/29845863,6,Belladonna,"Your life has finally settled into a routine; keeping you far away from your home, friends, family and the man who broke your heart. Coming back home means facing him again and maybe you’re not as over him as you’d like to believe.",2021-03-08,3068,Mature,F/M,In-Progress,Heavy Angst | Past Relationship(s) | Small Towns | Smut | Toxic Relationships,Min Yoongi | Suga/Reader,yoongi,{'yoongi'}
https://golemlab.eu/graph/24319156,6,400 LUX,"We deconstruct the conventions, pick apart every bit of our rationality, and keep our head out of windows until we learn to lay and stay in each other's arms. We'll form a world of our own. Just the two of  us–you and me.",2020-05-22,2512,Teen And Up Audiences,F/M,Completed,Friends with benefits yoongi | Underground boxer!yoongi | Yoongi fluff | fwb yoongi | suga angst | yoongi angst,Min Yoongi | Suga/You Series: Songs To Read Playlist [1],yoongi,{'yoongi'}
https://golemlab.eu/graph/15718977,6,Remembering You,"Yoongi woke up one day on a beach.  He was covered in bruises, cuts, and blood.  The worst injury being a large cut on his head that was causing him to have a splitting headache.  He couldn’t remember what happened.  He couldn’t remember where he was, or what he was doing there.  The only thing he knew was that his name is Min Yoongi, and if he didn’t get help soon, he would bleed out.",2018-08-18,209,Not Rated,F/M,In-Progress,Amnesia,Min Yoongi | Suga/Reader,yoongi,{'yoongi'}
https://golemlab.eu/graph/30702056,6,Moral Of The Story,"Of all the things in the world, you would never have said that you and Min Yoongi weren’t meant to last. But, in the end, maybe it was for the best that you had made a mistake.",2021-04-15,900,General Audiences,F/M,Completed,Angst | Divorce | Implied/Referenced Cheating,Min Yoongi | Suga/Reader,yoongi,{'yoongi'}
https://golemlab.eu/graph/10049870,6,Mint Chocolate Chip,cross posted on tumblr and wattpad.,2017-03-02,332,General Audiences,F/M,Completed,,Min Yoongi | Suga/You,yoongi,{'yoongi'}
https://golemlab.eu/graph/36380647,6,The Unexpected Piano Lesson,You wanted to get some extra piano practice in and it seemed like the perfect time to do so as no one was around. Little did you know that you will be getting a private piano lesson from the expert himself!,2022-01-12,1259,Explicit,F/M,Completed,,"Min Yoongi | Suga/Reader, Min Yoongi | Suga/You",yoongi,{'yoongi'}
https://golemlab.eu/graph/16899789,6,BTS Suga One Shots,I am by no means a writer but I am trying to become one so any useful feedback would be appreciated. Hope you enjoy what I have so far!,2018-12-08,2157,Teen And Up Audiences,F/M,In-Progress,Cute | Cute Min Yoongi | Suga | Fluff | Happy Ending | True Love | one shots,Min Yoongi | Suga/You,yoongi,{'yoongi'}
https://golemlab.eu/graph/26183482,6,Since You Left,"The look on your face told him he would not receive the same excitement from you as he walked your way to take his spot next to you on the leather couch you occupied. Usually, he would try to come up with things he could say or do to appease you as even if he had trouble keeping up with your relationship he did - in fact - love you very much, but sometimes it’s just not enough. He knows this.",2019-06-23,1562,General Audiences,F/M,Completed,Angst | Idol AU | Mornings | Post Break-up | like day after | yoongs has trouble showing his feelings,Min Yoongi | Suga/Reader Series: Mornings: BTS [2],yoongi,{'yoongi'}
https://golemlab.eu/graph/40127283,6,No Masters of Kings,"the high prince of lun was an enigma to you, consistenly making a fool of himself in society, earning the nickname ‘the foolish prince.’ as his personal valet, you knew he was anything but. you questioned him time and time again, asking him why he behaved so. yoongi would respond plainly, but you failed to see the true answer hidden behind his eyes",2022-07-13,8604,Teen And Up Audiences,M/M,Completed,Alternate Universe - Royalty | Angst | Fluff | Gay | Gay Min Yoongi | Suga | Grief/Mourning | Historical Inaccuracy | Implied Sexual Content | Implied/Referenced Homophobia | Kissing | Minor Character Death | Oblivious Reader | Prince Min Yoongi | Suga | history would say they were very good friends | male reader - Freeform,"Min Yoongi | Suga/Reader, Min Yoongi | Suga/You",yoongi,{'yoongi'}
https://golemlab.eu/graph/40958874,5,Hues of Her,"I had hit 200+ followers on tumblr and I got a request to write this based on a song. After a few days I got a request to write pt 2 for this, and so here we are!",2022-08-11,2538,Teen And Up Audiences,F/M,Completed,Angst | Angst and Feels | Angst and Romance | Angst and Tragedy | Double Drabble | Fluff and Angst | Heavy Angst | Painter Min Yoongi | Suga | Sad Ending | Sad Min Yoongi | Suga | other woman,"Min Yoongi | Suga/Reader, Min Yoongi | Suga/You",yoongi,{'yoongi'}
https://golemlab.eu/graph/38336440,5,"""Call me Yoongi, please""","""My Prince"" you bowed. Yoongi got a staff member to call you to his chambers late at night. Not wanting to keep him waiting, you rushed to his room waiting for further instructions. It's not the night you first thought it would be, but one you would never forget.",2022-04-12,1232,Mature,F/M,In-Progress,Alternate Universe - Fantasy | Alternative Universe - Kingdom | Candlenights | Dom Min Yoongi | Suga | Dom/sub | Kings & Queens | Prince Min Yoongi | Suga | Princes & Princesses | Sex | Smut,Min Yoongi | Suga/Reader,yoongi,{'yoongi'}
https://golemlab.eu/graph/30997421,5,The Ripper,"This story is basically a jack the ripper knock off where yoongi is a crazed serial killer. He tries to make himself a better man for her sake, he really does. This has been sitting in my to do list of works for over a year now and still isn't finished. I've decided to accept it how it is, unfinished with probably too many plot holes. I may actually finish writing this someday.",2021-04-30,2092,Not Rated,F/M,Completed,Angst | Blood and Injury | Blood and Violence | Dissections | Guilt | Hurt No Comfort | Jack the Ripper AU | Literally just yoongi cutting someone open because he's literally insane | Mental Instability | Murder | Remorse | Romance | Unfinished,Min Yoongi | Suga/Reader,yoongi,{'yoongi'}
https://golemlab.eu/graph/40195536,5,Forgotten,"Y/n purposefully wears no underwear to bed while waiting for Yoongi to finally get off of work, and ends up getting needy thinking about him. When Yoongi finally gets home, he is very pleased in what he's seeing. ;)",2022-07-10,1173,Explicit,F/M,Completed,Masturbation | Oral Sex | Vaginal Fingering | Vaginal Sex,Min Yoongi | Suga/You,yoongi,{'yoongi'}
https://golemlab.eu/graph/35334127,5,sweet,ion even feel like writing summary just enjoy this,2021-11-26,15,Not Rated,F/M,In-Progress,Femdom | Male Solo | Smut | Yandere | Yandere Bangtan Boys | BTS | Yandere Min Yoongi | Suga | dom reader,Min Yoongi | Suga/Reader,yoongi,{'yoongi'}
https://golemlab.eu/graph/16960086,5,REVENGE,"Taehyung liked to think that with every waking moment he was going more and more insane and he blamed it on his father. If he weren't such a horrible father figure maybe he wouldn't have ended up like this. But it didn't matter, because now he was here. In an abandoned store at ten at night in Busan, his best friend’s hometown, waiting for the notorious Min Yoongi to show his stupid face and waiting to put a bullet in his heart for taking his best friend, the only person he had left. And he’d make sure not to miss.",2018-12-12,1919,Mature,F/M,In-Progress,Alternate Universe - Assassins & Hitmen | Angst | Grief/Mourning | Implied/Referenced Child Abuse | Lots of it | Minor Character Death | there's a lot going on be warned,Min Yoongi | Suga/Reader Series: WANTED [2],yoongi,{'yoongi'}
https://golemlab.eu/graph/12924942,5,Our Eclipsed Lives,Yoongi taking you to see the sunrise with a surprise in mind,2017-12-05,1346,Not Rated,Other,Completed,Fluff | soft,Min Yoongi | Suga/You,yoongi,{'yoongi'}
https://golemlab.eu/graph/28774488,5,Can I Be The One You Could Lean On,"01/12/2020, before Yoongi leaves to visit BigHit.",2021-01-15,1554,Teen And Up Audiences,Gen,Completed,,Min Yoongi | Suga/You,yoongi,{'yoongi'}
https://golemlab.eu/graph/27237982,5,Punishment,"Your boyfriend, Yoongi, is always later coming home from work than he says he will be. Maybe it’s time to punish him.",2020-10-28,2394,Explicit,F/M,Completed,Light BDSM,Min Yoongi | Suga/You,yoongi,{'yoongi'}
https://golemlab.eu/graph/23590735,5,Hidden Feelings,"In which Y/N is still in love with Yoongi until he does something that pushes her past her limit. There has to be a happy ending, right?",2020-04-11,3888,Mature,F/M,Completed,Angst | Christmas Fluff | Mentions of Suicide,Min Yoongi | Suga/Reader,yoongi,{'yoongi'}
https://golemlab.eu/graph/18477289,5,ANNOYANCE,"Se Ni Ni is a 20 year old girl new to the k-pop industry as a member of the group called 'Bullets', recently formed by Bighit Entertainment. Se Nini Min Yoongi Park Chanyeol Cameo appearance by other idols. Date of Beginning- 15th April 2019",2019-04-15,10885,Mature,F/M,In-Progress,Spring,"Min Yoongi | Suga/Reader, Park Chanyeol/Reader",yoongi,{'yoongi'}
https://golemlab.eu/graph/37268911,5,Get Jinxed [MYG],"A rouge ex officer of the law - Yoongi - has twisted his ways into causing mayhem across towns. You are the high and mighty officer who seeks revenge on Yoongi’s ways; considering that he not only turned against the city in which he grew up in, striping all chances of reforming himself, he also stole your heart.",2022-02-20,4757,Explicit,F/M,Completed,Alternate Universe - Criminals | Alternate Universe - Cyberpunk | Cocky Min Yoongi | Suga | Creampie | Crimes & Criminals | Cyberpunk | Enemies to Friends | Enemies to Lovers | Multiple Orgasms | Overstimulation | Public Sex | Rough Sex | Semi-Public Sex | Unprotected Sex,Min Yoongi | Suga/Reader,yoongi,{'yoongi'}
https://golemlab.eu/graph/39739479,5,Young Love,Down time and a getaway that leads to a promise for the future.,2022-06-19,942,Mature,F/M,Completed,Cute Min Yoongi | Suga | Min Yoongi | Suga Is Whipped | Sex,Min Yoongi | Suga/Reader,yoongi,{'yoongi'}
https://golemlab.eu/graph/39776430,5,PUNISHMENT!,"His entire mouth engulfed my vagina sucking and slurping in any ways he could. The simple pattern of sucking,slurping, licking,spitting, and finger fucking on my over stimulated hole was a GODLY combo, that left me a mess. An incoherent mess that he was happy to drive even more wild, as the intensity of his assault increased. “Ahh!” I let out an ear piercing scream as I released my cum onto Yoongi’s tongue. He continued lapping up my juices as he looked me into the eyes as if taunting me. His eyes were mocking me, he knew what made me tick and he loved that. “Daddy loves how his Princess never forgets to give him dessert.” He spoke with such vulgar and my panties dampened at the way he seemed to enjoy giving me pleasure.",2022-06-20,2515,Mature,F/M,Completed,Dom Min Yoongi | Suga | Producer Min Yoongi | Suga | Reader-Insert | Top Min Yoongi | Suga,Min Yoongi | Suga/Reader Series: Hyung Line [3],yoongi,{'yoongi'}
https://golemlab.eu/graph/24984895,5,Love Letters To Her,Shy Yoongi just wants to be loved.,2020-06-29,534,General Audiences,F/M,Completed,Possibly Unrequited Love | Romantic Fluff | Secret Crush | Shy Min Yoongi | Suga,Min Yoongi | Suga/Reader,yoongi,{'yoongi'}
https://golemlab.eu/graph/18555088,5,CAUGHT BY A STAR,"I tried to back away but he grabbed my hand and pulled me closer to him his eyes had a stern look. “Stay where you are or I will make you,” he said in a stern voice. I stood still in place, he stared at me for a couple of minutes before he breathed out and calmly asked “Were you there in my concert yesterday” I looked away “NNNOO, I don’t know what you are talking about.”",2019-04-22,3974,Mature,F/M,Completed,Happy Ending | Light Angst | Smut,Min Yoongi | Suga/Reader,yoongi,{'yoongi'}
https://golemlab.eu/graph/40537860,5,Harmony,"In a society where rap music is considered an act of activism, which is punishable by death to both the artists and concert goers, there is one activist who you want to see one more time after the death of your best friend - Min Yoongi, your ex boyfriend.",2022-07-24,1221,Teen And Up Audiences,F/M,Completed,,Min Yoongi | Suga/Reader,yoongi,{'yoongi'}
https://golemlab.eu/graph/12230250,5,Should I stay?,"This story is about you, an ordinary girl studying at one of the best artists school in Korea. Your origin isn't Korean, but you've always wanted to study in Korea since you knew that they are more severe with the teaching than the schools in America. But, what happens when one of the old best students of the school has to watch over you most of the time? What happens when you get attached to an idol? Will you be able to support the consequences?",2017-09-30,416,Mature,M/M,Completed,,Min Yoongi | Suga/Reader,yoongi,{'yoongi'}
https://golemlab.eu/graph/21683257,5,i want you ( to ruin my life ),"pizza crusts, ice drips and stems of fries scattered around yoongi's work station. the unusual sight made the girl narrow her eyes as a whisper of ""what the hell"" fell from her lips. her grip on the towel tightened as she marched her way to the desk full of trash with a garbage bag in tow. ""haha, cute."" his words were ghosted and ignored by the girl as she began to take a handful of the trash on his desk, tossing everything into the garbage bag exasperatedly. nose scrunching and eyebrows furrowed, she sighed, continuing to scrub the surface of yoongi's keyboard and desk. she sprayed a minimal amount of freshener on where she cleaned before turning to the man who was uncharacteristically splayed out on his couch with barbecue sauce smudged at the corner of his lips. she gave him an incredulous look, lips pursing before voicing out, ""seriously?', with the same incredulity. yoongi hummed and smiled cutely before pulling a bag of crisps out of nowhere, popping the whole bag, causing explosions of crisps and crumbs to litter everywhere. ""seriously."" ------- y/n is a charwoman whose life is min yoongi's source of entertainment.",2019-12-05,1789,General Audiences,F/M,In-Progress,Angst | Fluff | also its in third person so | flustered kim seokjin on peak | just reader being weird and cleaning the boys shit | not exactly my first story here but its meh | okay untidy | park jimin is a flirt but he cute so its okay | reader is a charwoman SKJDSHFSKHFKS | what even are these tags | yoongi is a cutie just as he is a piece of shit in this au | yoongi is unusually dirty (not in a sexual way) | yoongi whipped,Min Yoongi | Suga/Reader,yoongi,{'yoongi'}
https://golemlab.eu/graph/24985285,5,Night's Like This,It were night's like these that you enjoyed the most.,2020-06-29,1135,Mature,F/M,In-Progress,Cardiophilia | Established Relationship | Grinding | Workaholic Min Yoongi | Suga,Min Yoongi | Suga/Reader,yoongi,{'yoongi'}
https://golemlab.eu/graph/41550516,5,ship happens! a nauti-cal tale of (light) betrayal & romance,"You pick up a new entertainment job on a cruise ship, hoping that performing will get you the big break you’ve always wanted. You didn’t expect to meet Yoongi, who you mesh well with for performances, but after a betrayal of nauti-cal proportions, trouble arises in paradise.",2022-09-07,8193,Mature,F/M,In-Progress,18+ | Condom | Cruise Ship | Cunnilingus | Decades | France - Freeform | Light Angst | Min Yoongi - Freeform | Min Yoongi | Suga-centric | Multiple Orgasms | Oral Sex | Penis In Vagina Sex | Performance | Piano | Protected Sex | Singing | Slight Blow Job | Soft Min Yoongi | Suga | Soft sex | Spain | St Tropez | Vaginal Fingering | Vaginal Sex | barcelona | coworkers2lovers | cruise ship au | cursing | explicit smut fingering | mentions of cheating | oral (M&F) | post-sex cuddling | smluff,"Min Yoongi | Suga/Reader, Min Yoongi | Suga/You",yoongi,{'yoongi'}
https://golemlab.eu/graph/40537989,4,Request: Yandere Yoongi x stockholm syndrome reader,"Request: i was thinking about yandere Yoongi and y/n, and she suffers stockholm syndrome. Then she's kidnapped and Yoongi saves her. I WOULD LOVE if you can add hints of ddlg (or just petnames.) Maybe you can write this beginning with y/n already saved by Yoongi and they are going home. IDK just do it how u please!!! Thank you so much!",2022-07-24,451,Not Rated,F/M,Completed,,Min Yoongi | Suga/Reader,yoongi,{'yoongi'}
https://golemlab.eu/graph/18918217,4,THSJKNJMYG (is not a keyboard smash!),"Predictions are indeed authentic. After seventy years of languid anticipating, humans finally learned the significance of micro-chip technologies, yielding beaucoup forums and inklings that usher onto an implicit goal of thriving a life not lower than facile. This is what THSJKNJMYG did for everyone—breeding the rearmost, flairly outstretched technology-based chips everyone can employ, which are used to project human-friendly robots, or rather, chip-bots, and even lifetime's instinctual appliances as well as transportation services. Yet, living an indulgent life for everybody is not just THSJKNJMYG's main goal. They did this phenomenal, almost triumphant project in search of someone. Someone who flawlessly taught them how to program robots. Someone who taught them to intrepidly tussle the formidable slivers of life. Someone who indoctrinated them the lovely, yet sweet tang of fathomless friendship. And most of all; Someone who taught Min Yoongi to love.",2019-06-13,5041,Explicit,F/M,In-Progress,Action/Adventure | Alternate Universe - Robots & Androids | Alternate Universe - Science Fiction | Battle Scenes | Blood and Gore | Brotherhood | CEO Jeon Jungkook | CEO Jung Hoseok | J-Hope | CEO Kim Namjoon | RM | CEO Kim Seokjin | Jin | CEO Kim Taehyung | V | CEO Min Yoongi | Suga | CEO Park Jimin | Computer Programming | Computer Viruses | Enemies to Lovers | First Time | Fluff | Friendship | Hate to Love | Humor | Lmao i got too many tags we must blast | Mild Smut | Minor Character Death | Romance | Squad | a blabby chatty author | a bookful of plot | grumpy min yoongi | i'll add more tags just wait | prepare your dictionaries | we'll never know what mild smut means,Min Yoongi | Suga/Reader,yoongi,{'yoongi'}
https://golemlab.eu/graph/27612245,4,XX,"When you work your whole life to reach your dreams of owning a bar you hope that having that dream ripped from under you without notice isn’t a part of life’s plan. And you definitely don’t imagine that it comes with suddenly being business partners with your ex-best friend. But life doesn’t work in the way we want it. At the end of the day you try to focus on the things that make life better, until the two men in your life who hold your heart (something you didn’t think possible) meet and hit if off so well that you’re sure your life is moments from collapsing completely. A story styled after the K-Drama/Web Drama XX starring Hani of EXID.",2020-11-19,16150,Teen And Up Audiences,F/M,Completed,Ain't Shit Ex | Angst | Coworkers to lovers | Enemies to Friends | Friends to Enemies to Friends | Friends to Lovers | Implied Sexual Content | Inspired by K-Drama | Korean Drama | Past Infidelity | Poly | Yoongi and Johnny are Idiots | almost smut at the end,"Min Yoongi | Suga/Reader, Min Yoongi | Suga/Suh Youngho | Johnny, Suh Youngho | Johnny/Reader, Suh Youngho | Johnny/Reader/Min Yoongi | SUGA",yoongi,{'yoongi'}
https://golemlab.eu/graph/23763037,4,Lucifer Yoongi,the one where his wife Lilith wants her ex husband Adam to stay in their home {crossposted from my tumblr},2020-04-21,459,Teen And Up Audiences,F/M,Completed,Alternate Universe,Min Yoongi | Suga/Reader Series: all the realms of yoongi [1],yoongi,{'yoongi'}
https://golemlab.eu/graph/23663242,4,Love in C Major,A girl whose trauma revolves around the piano. A boy who sees the piano as his sanctuary. What happens when these two piano lovers get together?,2020-04-15,991,Teen And Up Audiences,F/M,Completed,Angst | Drama & Romance | POV First Person | Piano | Soft Min Yoongi | Suga,Min Yoongi | Suga/Reader Series: Flickers [1],yoongi,{'yoongi'}
https://golemlab.eu/graph/23992885,4,where the east meets the west,"You should have known that a road trip with your two best friends would be anything but ordinary. Yet, there was nothing to prepare you for the magical world you find yourself stuck in after one too many wrong turns.",2020-05-04,6031,General Audiences,F/M,In-Progress,Action/Adventure | Alternate Universe - Fantasy | Eventual Romance | Inspired by Studio Ghibli,Min Yoongi | Suga/Reader,yoongi,{'yoongi'}
https://golemlab.eu/graph/11426655,4,Sweet vitaMin ♡ - M.Yoongi,None,2017-07-07,1499,Teen And Up Audiences,F/M,Completed,,Min Yoongi | Suga/Reader,yoongi,{'yoongi'}
https://golemlab.eu/graph/16947453,4,Teardrop,"So small, yet so intense in change.",2018-12-11,400,General Audiences,F/M,Completed,Drabble | Short One Shot,Min Yoongi | Suga/You,yoongi,{'yoongi'}
https://golemlab.eu/graph/35634571,4,Basketball,None,2021-12-11,627,General Audiences,F/M,Completed,,"Min Yoongi | Suga/Reader, Min Yoongi | Suga/You Series: Quality Time [3]",yoongi,{'yoongi'}
https://golemlab.eu/graph/26908837,4,The World Through the Window,"Your house is a hospital. A padded, secure place to keep you safe. Every night he passes by, his shadowed figure the one ground in your life. He barges in one night, unknowingly upsetting your carefully crafted world. The night is so much more beautiful after that.",2018-06-06,19077,General Audiences,F/M,Completed,Angst | Comforting | Fluff | Fluff and Angst | Romance | alternate endings | soft,"Min Yoongi | Suga/Reader, Min Yoongi | Suga/You",yoongi,{'yoongi'}
https://golemlab.eu/graph/29036211,4,scary love; chapter one.,"Falling love with a girl who would never love you back was never a good idea, but yoongi couldn’t help itwhen it comes to you.",2021-01-28,4411,Explicit,F/M,In-Progress,Choking | Cunnilingus | Dirty Talk | Dom/sub Undertones | Multiple Orgasms | Oral Sex | Swearing | Teasing | Vaginal Fingering | unprotectrd sex,Min Yoongi | Suga/Reader Series: Scary Love [1],yoongi,{'yoongi'}
https://golemlab.eu/graph/23930887,3,Dark Knight,Yoongi was a regular 28 year old guy but he had a truly dark path. He’s a professional criminal. He can smooth talk anyone out of anything. Most the time he didn’t even have to try. He comes off cold and dark even has the voice to match.,2020-04-30,1133,Mature,F/M,Completed,,Min Yoongi | Suga/Reader,yoongi,{'yoongi'}
https://golemlab.eu/graph/12210465,3,Somethin real,None,2017-09-28,455,Mature,Other,Completed,,Min Yoongi | Suga/Reader Series: Bangtan series [2],yoongi,{'yoongi'}
https://golemlab.eu/graph/22594975,3,A Bane.,"Well, I started writing this in a dark time. It might be inspired by some irl incidents that I've been told of and that I happened to combine together because- why not? It has imagination working its magic here and there too, so not everything is really real-life based. No offense to the Idols or celebrity references.",2020-02-07,1442,Teen And Up Audiences,F/M,In-Progress,Brother-Sister Relationships,Min Yoongi | Suga/Reader,yoongi,{'yoongi'}
https://golemlab.eu/graph/14118744,3,Gucci Sweaters And Bland Chicken,"Basically you wake up with a hangover with no idea how you got to your apartment. You go to a cafe and get some food and Yoongi is there, your crush. Fluff ensues. Give this story a chance if you'd like, it(hopefully)makes more sense when you read it, I just cant make a decent summary.",2018-03-27,2423,Not Rated,F/M,Completed,Alternate Universe | Cute | Fluff | emphasisontried | theauthortriedtowritefluff | thisisapoorexcuseforfluff | trash,Min Yoongi | Suga/Reader,yoongi,{'yoongi'}
https://golemlab.eu/graph/14695329,3,Mix Up,Min Yoongi had passed out on a dirty Seoul pavement.,2016-05-26,10186,Teen And Up Audiences,M/M,Completed,Reapers | reaper au | wow really,Min Yoongi | Suga/Reader Series: Bangtan and Male readers [2],yoongi,{'yoongi'}
https://golemlab.eu/graph/36687109,3,BTS Yoongi FF | When You Dream About Him Getting Injured,"This is my first Y/N story. I know the format wasn't built well, I'm not used to writing in this style, so I apologize.",2022-01-27,8493,Teen And Up Audiences,F/M,Completed,,Min Yoongi | Suga/Reader,yoongi,{'yoongi'}
https://golemlab.eu/graph/14628189,3,Wow,You and Yoongi are musicians in college and you guys go to a party and things get heated afterward. Will your relationship change? Find out.,2018-05-12,1026,Not Rated,F/M,In-Progress,Fluff and Smut | Smut | You'll love this fic | first fanfic | literally the fluffiest thing,Min Yoongi | Suga/Reader,yoongi,{'yoongi'}
https://golemlab.eu/graph/39973290,3,Of Home-Cooked Meals and Assurances,None,2022-06-29,3889,Not Rated,F/M,Completed,,Min Yoongi | Suga/Reader,yoongi,{'yoongi'}
https://golemlab.eu/graph/35727892,3,Blood Rose,"“Welcome my esteemed guest, Today we gather to connect two kingdoms through marriage. My daughter Lee Y/n has reached the age of marriage. I am pleased by the match that was made.” I didnt even look at my father. I just looked straight ahead. “Today let's make a toast to the new couple.” I sighed and slowly stood up and raised my glass. “Let's make a toast to Prince Yoongi from Arsania and my daughter Lee Y/n""",2021-12-15,5003,Not Rated,F/M,In-Progress,Alternate Universe | Drama | Princes & Princesses | Romance,Min Yoongi | Suga/Reader,yoongi,{'yoongi'}
https://golemlab.eu/graph/20635757,3,A Letter,Another unexpected thing he did that makes me stay and believe in him.,2019-09-14,1850,Not Rated,F/M,Completed,Long-Distance Relationship,Min Yoongi | Suga/Reader,yoongi,{'yoongi'}
https://golemlab.eu/graph/28981728,3,Love of Yoongi,some friendship doesn’t always last long....until,2021-01-25,4386,General Audiences,F/M,Completed,,Min Yoongi | Suga/Reader,yoongi,{'yoongi'}
https://golemlab.eu/graph/16123442,3,Suga Sweet,"Kazu gets dragged by her best friend Jimin to a party. She meets a certain swag master there, and it's all Jimin's fault.                *Cross-posted on my Quotev account*",2018-09-28,2023,Not Rated,F/M,Completed,Flirty Min Yoongi | Suga | Jimin is too | Kim Seokjin | Jin is a Little Shit | Min Yoongi | Suga Is a Tease | oc takes her revenge on them,Min Yoongi | Suga/Reader,yoongi,{'yoongi'}
https://golemlab.eu/graph/37615156,3,Seesaw,"yoongi has always been the constant in your life. He comes and goes without any relevance at all until one day, he stayed just a little longer than usual. You’ve never identified the nature of your relationship with him—never felt the need to—and you are determined to not fall for him",2022-03-09,1396,Not Rated,F/M,In-Progress,,Min Yoongi | Suga/Reader Series: Seven Times in Love (STiL) [1],yoongi,{'yoongi'}
https://golemlab.eu/graph/23263159,2,a date in the woods,"unisex•reader × yoongi he rested his head back against the tree and closed his eyes. he looked peaceful, and happy, and so amazingly beautiful. everything was perfect. yoongi made it perfect.",2020-03-22,369,General Audiences,F/M,Completed,Fluff | Unisex Reader - Freeform | aesthetic,Min Yoongi | Suga/Reader Series: aesthetic bts fics [1],yoongi,{'yoongi'}
https://golemlab.eu/graph/38225029,2,What comes of a Wish,"(I'm going to change this later but for now) You have your dreams and your wishes, but sometimes you get more than you wished for, and sometimes you find what you wish for isn't really what you needed.",2022-04-07,6705,General Audiences,F/M,In-Progress,Alternate Universe - Fantasy | Alternate Universe - Historical | Studio Ghibli References,Min Yoongi | Suga/Reader,yoongi,{'yoongi'}
https://golemlab.eu/graph/13552758,2,stripper boi + yoongi min,None,2018-02-02,379,Mature,F/M,Completed,Angst and Fluff and Smut,Min Yoongi | Suga/Reader,yoongi,{'yoongi'}
https://golemlab.eu/graph/40025154,2,MOD (Suga x Reader),"Nezumi, who recently obtained this name, is preparing to become a mod - a human transferred into a droid's shell. Everything seems to be going to plan until she's hunted down by Yoongi, a mercenary that is commissioned to track down mods.",2022-07-02,2662,Teen And Up Audiences,F/M,In-Progress,Action/Adventure | Artificial Intelligence | Fanfiction | Future | Philosophy | Romance,Min Yoongi | Suga/Reader,yoongi,{'yoongi'}
https://golemlab.eu/graph/28065825,2,Who Knew,"Yoongi x Reader Fanfiction So you are just a simple girl living a simple life struggling to achive your dreams and suddenly life takes a turn, unexpected things happen and your life changes completely. (Sounds cliche af! But trust me you'll be surprised!💜)",2020-12-14,3515,General Audiences,F/M,In-Progress,Bangtan Boys | BTS Concert(s) | Friendship | Idols | Love | Music | Secret Relationship,Min Yoongi | Suga/Reader Series: Who Knew [1],yoongi,{'yoongi'}
https://golemlab.eu/graph/39575334,2,Idol Normalcy,"Seung and Yoongi were inseparable and shared the same dream: to be an idol. However, Seung's chance comes sooner than they expected, and she leaves everything they had together behind. Years later, they meet again. Can they get back what they once had? Or is it too late?",2022-06-11,1165,Teen And Up Audiences,F/M,Completed,Happy Ending | Light Angst,Min Yoongi | Suga/Reader,yoongi,{'yoongi'}
https://golemlab.eu/graph/32226637,2,My soul for his love,The thoughts that come into my head but on my worst day a thought that leads to my own joy instead of others The chance to taste true happiness....the price? My soul. My soul for his love,2021-06-27,5670,Not Rated,Multi,In-Progress,Alternate Universe - Soulmates | Awkwardness | Dark Magic | Demons | First Kiss | First Time | Heartbreak | Idol Min Yoongi | Suga | Once in a lifetime | POV Original Female Character | Second lead syndrome/park jimin | Soul Selling | Soulmates | Time Travel | True Love | bts - Freeform,Min Yoongi | Suga/Reader,yoongi,{'yoongi'}
https://golemlab.eu/graph/17646842,2,BTS Fan Fiction,Sorry here is another FF. It is still a work in progress. You are Sooky Once again.,2019-02-03,6173,Teen And Up Audiences,F/M,Completed,,Min Yoongi | Suga/You,yoongi,{'yoongi'}
https://golemlab.eu/graph/17735051,1,A Much Needed Escape,"When home life becomes too hectic, what else do you do? Escape to your happy place. You were surprised to have your best friends show up at the beach house that held so many memories. The things they wouldn't do to make you smile.",2019-02-11,3979,Teen And Up Audiences,F/M,Completed,Best Friends | Cute Min Yoongi | Suga | Fluff and Angst | Friendship/Love,Min Yoongi | Suga/You,yoongi,{'yoongi'}
https://golemlab.eu/graph/17199809,1,"I need my Samurai ( Yoongi, continuation to ´my samurai´- oneshot)",After agreeing to follow Yoongi Y/N´s life changes. What new adventures and hardships will these to get? Will their love to each other survive this? Read to find out. Continuation to the Oneshot `My Samurai`,2018-12-28,869,Not Rated,F/M,In-Progress,,Min Yoongi | Suga/Reader,yoongi,{'yoongi'}
https://golemlab.eu/graph/35013322,1,BTS Oneshots,"My collection of oneshots I want to write. I do take requests, but updates will be slow.",2021-11-08,277,Not Rated,F/M,Completed,Angst | Established Relationship | Fights | Hurt No Comfort | Other Additional Tags to Be Added,Min Yoongi | Suga/Reader,yoongi,{'yoongi'}
https://golemlab.eu/graph/23609509,1,Enamoured: Prologue,None,2020-04-12,709,Teen And Up Audiences,F/M,Completed,,"Min Yoongi | Suga/Reader, Min Yoongi | Suga/You",yoongi,{'yoongi'}
https://golemlab.eu/graph/12980739,1,Nerf Guns Don't Count,"When you move into your new apartment you find out that a group of mysterious and sketchy guys live next door to you. You can’t help but be curious about them so when you start trying to get to know them better their evasive behavior confuses you and draws you in more, especially to one particular guy.",2017-12-11,2295,Teen And Up Audiences,F/M,In-Progress,Fluff | Light Angst,Min Yoongi | Suga/Reader,yoongi,{'yoongi'}
https://golemlab.eu/graph/13500074,1,Chimi Chimi Chimi,"A tipsy mess, you meet Yoongi, a young man who works in a chimi truck.",2018-01-28,70,Not Rated,Other,Completed,LMFAOOOOOO | groupchat antics coming to life,Min Yoongi | Suga/Reader,yoongi,{'yoongi'}
